Glacier,Date,Predicted_SSP1_2.6,Predicted_SSP2_4.5,Predicted_SSP5_8.5
Alfotbreen,2015-01-01,-0.15956022526510288,0.7699001210391662,0.456612851537731
Alfotbreen,2015-02-01,-0.6046066169152255,0.6132135532775944,-0.23577980505023355
Alfotbreen,2015-03-01,-0.18205253530682544,0.3570726881586028,-0.6432379189320551
Alfotbreen,2015-04-01,-0.1333705747632339,-0.3791096784246722,0.10556376158890046
Alfotbreen,2015-05-01,-0.39946636426797716,-0.04658270722496427,-0.32773385234662
Alfotbreen,2015-06-01,0.3315525566485755,0.14914000561695795,0.4128173283227479
Alfotbreen,2015-07-01,0.23987414469347335,0.3912613300363807,0.2206836748584969
Alfotbreen,2015-08-01,-0.09389194641194502,0.43479584639295704,-0.8610970361145206
Alfotbreen,2015-09-01,-0.4198827599576261,0.7250319708521583,0.4379614732074802
Alfotbreen,2015-10-01,-0.9092236999578698,0.16371888429235734,-0.7148531342991674
Alfotbreen,2015-11-01,0.7460580643346999,0.23607980987136915,-0.2889909039079895
Alfotbreen,2015-12-01,-0.4199884871867689,0.2912354507337789,0.3908655424371032
Alfotbreen,2016-01-01,0.3440175804845225,0.5607641511973541,-0.07682994500468805
Alfotbreen,2016-02-01,0.8899873278386689,0.1785664690764349,-0.0021643216186177975
Alfotbreen,2016-03-01,0.21112030207572538,0.28630928961598495,-0.2248100262185235
Alfotbreen,2016-04-01,0.4481461833715446,0.08818412779825997,0.07572361402437634
Alfotbreen,2016-05-01,0.08335493782639741,1.571706316210333,0.35676629486129324
Alfotbreen,2016-06-01,-0.2448982319023323,-0.4622659587112081,0.22683828766637262
Alfotbreen,2016-07-01,-0.6634780724907071,-0.01336384569169719,0.3330045933597083
Alfotbreen,2016-08-01,-0.2559434192851609,0.6125006372012108,-0.5992243073770965
Alfotbreen,2016-09-01,-0.7127695889029569,-0.4586552829264505,-0.7882954704871863
Alfotbreen,2016-10-01,0.1483856503515897,-0.38960240474774627,0.7433003267100707
Alfotbreen,2016-11-01,-0.10050172478582307,0.27707254763594336,-0.4788952655411958
Alfotbreen,2016-12-01,0.03833259273060324,0.20476136880792964,-0.4704780520311826
Alfotbreen,2017-01-01,0.2636673962338096,1.2981050850297553,-0.1343946257232882
Alfotbreen,2017-02-01,-0.3955427502751428,1.1239813088647101,0.5859678620711622
Alfotbreen,2017-03-01,-0.6870425618365924,1.4589323609984035,-0.3182506679085945
Alfotbreen,2017-04-01,-0.30593170872641706,0.05016418114271178,-0.15364658721713068
Alfotbreen,2017-05-01,0.0914048858629279,0.5928644835096968,-0.15523490818272503
Alfotbreen,2017-06-01,-0.36757731503368835,-0.014286545315215046,0.9581399259821227
Alfotbreen,2017-07-01,-0.46373040410738026,-0.23246107815601214,0.05464691524907044
Alfotbreen,2017-08-01,0.1642423089357463,-0.2370300261284833,0.02050994498418366
Alfotbreen,2017-09-01,0.5066529476010885,0.5661719751081103,0.3502107709001479
Alfotbreen,2017-10-01,0.2259970398282555,-0.8887986354173368,0.1798537659514777
Alfotbreen,2017-11-01,-0.290638212700792,0.3063407684468891,0.21399796532507484
Alfotbreen,2017-12-01,-0.8155856398483191,-0.7692257338678857,-0.08858426888485522
Alfotbreen,2018-01-01,-0.627385826521098,-0.5006907475217119,0.8909022395284542
Alfotbreen,2018-02-01,-0.24426671216237858,-0.2396611344788074,0.5718576439761701
Alfotbreen,2018-03-01,-0.5251445782945958,0.14946330644541525,0.6989971568775967
Alfotbreen,2018-04-01,-0.09908366465331923,0.3882016331901989,-0.05888091166078769
Alfotbreen,2018-05-01,-0.5055529886626711,-0.3411680418145477,0.009845076919644903
Alfotbreen,2018-06-01,0.5527139943116235,-0.013844664573475357,0.026975038841166005
Alfotbreen,2018-07-01,0.29582195257371585,0.37555739709350483,-0.43836314114971264
Alfotbreen,2018-08-01,0.022525962185424696,0.7013822490648484,-0.5508355888293508
Alfotbreen,2018-09-01,-0.5943418176888091,-0.9055755189185968,-0.7666491666883607
Alfotbreen,2018-10-01,-0.41889616738404123,0.3689336597224199,-0.028974649080707755
Alfotbreen,2018-11-01,-0.14696489384610192,-0.165529862546319,0.2672850754222276
Alfotbreen,2018-12-01,0.4975082123081422,-0.9591385557645814,0.5885157123293534
Alfotbreen,2019-01-01,-0.06654645565633803,-0.8946139683918043,-0.5691302202651247
Alfotbreen,2019-02-01,0.08919027444337234,-0.5565972827382114,0.7874530351541692
Alfotbreen,2019-03-01,0.30924195042905195,0.03474880800075477,-0.5187573239547719
Alfotbreen,2019-04-01,-0.06581919439339369,0.21893889181201417,0.4796869765765576
Alfotbreen,2019-05-01,-0.038190126449885696,-0.8502143591602573,0.9169625835156688
Alfotbreen,2019-06-01,-0.10119909434788844,0.4022166806957732,1.0211663217731106
Alfotbreen,2019-07-01,-0.35254245438990156,0.2876505184691062,-0.2649922466523291
Alfotbreen,2019-08-01,-0.599410774555644,-0.10743534735088274,-0.05191011896528269
Alfotbreen,2019-09-01,0.3297786276842206,0.05576367716040682,-0.1181294329268409
Alfotbreen,2019-10-01,-0.10980840589759687,0.4257567131033086,0.48673118796925174
Alfotbreen,2019-11-01,-0.18228955898794005,1.0584471186399251,-0.29356584485783044
Alfotbreen,2019-12-01,-0.19821057953497423,-0.43265128192305097,-0.005608631462247038
Alfotbreen,2020-01-01,0.3833367834446238,0.9036145940554405,-0.4062635387917282
Alfotbreen,2020-02-01,0.12046873546738601,1.6287958761272925,0.22181106672066817
Alfotbreen,2020-03-01,-1.1143017862030609,0.29126546747071946,0.10119815528840385
Alfotbreen,2020-04-01,-0.4614934984510904,0.06382711273540202,-0.13717976344646676
Alfotbreen,2020-05-01,0.2746272805923513,0.4009670372039218,-0.40957839702286486
Alfotbreen,2020-06-01,-0.30569959683586395,0.07636842989865168,0.30171337071009824
Alfotbreen,2020-07-01,0.2780788579214095,-0.26987494112936833,-0.42653902037896363
Alfotbreen,2020-08-01,-0.12498400297861001,0.017418290625634842,-0.03442524287426477
Alfotbreen,2020-09-01,0.5334562774171167,-0.4342893905657596,0.8567551741146643
Alfotbreen,2020-10-01,-1.2322078474996123,0.6115691721439481,0.4274490966901978
Alfotbreen,2020-11-01,-0.39918857375150446,0.22516284394141958,0.07528208810312498
Alfotbreen,2020-12-01,-0.2101698109012763,0.48689501884912056,-0.6483200817258505
Alfotbreen,2021-01-01,0.23854477980180652,-0.0458801281848854,0.9501714484063006
Alfotbreen,2021-02-01,-0.321603578459763,1.1102471203073452,0.7127781936461179
Alfotbreen,2021-03-01,0.9614082925657915,1.0022192882943086,0.0906617442309332
Alfotbreen,2021-04-01,-0.5368036746872512,-0.1663149350814576,0.7480730298902886
Alfotbreen,2021-05-01,0.30207941196252364,0.22575295120763594,0.3644231042777218
Alfotbreen,2021-06-01,-0.17909761209275588,0.1592670280782147,-0.08264019838718031
Alfotbreen,2021-07-01,-0.02194392623545205,-0.6252009710891736,0.3591294965393275
Alfotbreen,2021-08-01,0.09276950839380933,-0.7445339988469072,0.1089541104692412
Alfotbreen,2021-09-01,0.4135901714421732,-0.5299152779206937,-0.039575191066243166
Alfotbreen,2021-10-01,0.7425619242057371,-0.3440165082319276,-0.5721713088695078
Alfotbreen,2021-11-01,-0.07581227974304632,-0.12509708173219433,-0.0216971091490387
Alfotbreen,2021-12-01,0.8626488091762274,-0.550651474057322,0.33560767965973765
Alfotbreen,2022-01-01,-0.19734100933242008,-0.5836202047629916,-0.2728528642411691
Alfotbreen,2022-02-01,0.37147447874515604,-1.019641334717395,-0.2331685597778054
Alfotbreen,2022-03-01,-0.5880032065535733,-0.4061111062617074,-1.2487544076761097
Alfotbreen,2022-04-01,-0.18222512399029048,-0.7083379905104525,0.8721400437797963
Alfotbreen,2022-05-01,0.05218656241605731,-0.2721847096230045,-0.3383347761289346
Alfotbreen,2022-06-01,0.39553627017722287,-0.3160558773248683,-0.2512104098530632
Alfotbreen,2022-07-01,0.5442618295477996,-0.1892551305870215,-0.030829047123895278
Alfotbreen,2022-08-01,0.15348861171132908,0.11032090674373389,-0.7835516125444207
Alfotbreen,2022-09-01,-0.14182999736976432,-0.4770375628579889,0.00016456543331114237
Alfotbreen,2022-10-01,0.9372623246202633,-0.6036274063561308,0.5684897229008169
Alfotbreen,2022-11-01,-0.1051246714932592,-1.2193547307518733,0.28637296102348403
Alfotbreen,2022-12-01,0.6020493308709879,0.19592621881677297,0.9708584905690691
Alfotbreen,2023-01-01,0.5865833183526936,0.420097019306521,0.9103985772168782
Alfotbreen,2023-02-01,0.19196281528287185,-0.05435722380455318,0.3660266478647005
Alfotbreen,2023-03-01,0.6833786748359728,-1.3704206601245064,0.1811969272087601
Alfotbreen,2023-04-01,-0.6783115592910162,0.039841849268826224,0.22113365756884032
Alfotbreen,2023-05-01,0.48937290412792206,0.27521856337403455,-0.278994627904941
Alfotbreen,2023-06-01,-0.18101887879678658,-0.019862080977724652,-0.6370501198153166
Alfotbreen,2023-07-01,-0.6976013762070213,-0.16066788831406123,0.3016720817124326
Alfotbreen,2023-08-01,0.23363356552141115,-0.21762658514927327,-0.6767129632162542
Alfotbreen,2023-09-01,0.837270719221578,0.567023439717808,0.5619921780335946
Alfotbreen,2023-10-01,0.9944075716842802,1.1941894832596318,-0.21834967094607113
Alfotbreen,2023-11-01,0.16763742345880414,-0.355896249763229,-0.007656117209951033
Alfotbreen,2023-12-01,0.12951276943248427,0.057802711489601234,0.4136353368757353
Alfotbreen,2024-01-01,0.005908587253449847,1.9583055444229818,-1.2116491670113982
Alfotbreen,2024-02-01,0.3529716120426478,-0.860803548515754,-0.20163885888951238
Alfotbreen,2024-03-01,0.0508243796261309,-0.04570136902768027,-0.13934521937009392
Alfotbreen,2024-04-01,-0.34040145563510316,0.8320173241546193,-0.07996756795732142
Alfotbreen,2024-05-01,0.5388181093876695,1.0320721942048727,-0.3766606369440797
Alfotbreen,2024-06-01,0.06120428264377842,0.24533477688345925,-0.5250100252146673
Alfotbreen,2024-07-01,0.12005831023243296,0.26332752065364856,0.1897699766868033
Alfotbreen,2024-08-01,-0.1828161681261414,0.34155780197928126,-0.1970571774001726
Alfotbreen,2024-09-01,0.8887717071675786,0.5256109907485428,-0.0008892224097563732
Alfotbreen,2024-10-01,-0.293730483858964,0.3849622145747234,-0.33560998246885027
Alfotbreen,2024-11-01,0.3431051985748865,0.09302835025276263,-0.02613318283587553
Alfotbreen,2024-12-01,-0.1391812257571903,-0.016864700930446296,-0.7720157463668279
Alfotbreen,2025-01-01,0.06223023168344077,-0.13528450240247866,0.022605142291365236
Alfotbreen,2025-02-01,0.1368816602306274,-0.07375220130734061,0.7679870885823522
Alfotbreen,2025-03-01,0.5410474366281028,-0.059538982371941995,0.18895032031000847
Alfotbreen,2025-04-01,-0.4125717287850133,-0.9777510732671778,0.9970524612270749
Alfotbreen,2025-05-01,-0.3739872639711934,-0.3790590119370172,0.15390870919188956
Alfotbreen,2025-06-01,0.6270053180129233,0.15414298668043203,0.4155403442310734
Alfotbreen,2025-07-01,-0.3600905172985951,-0.20363023848926787,-0.022951102788634565
Alfotbreen,2025-08-01,0.19174214091998334,-0.3955282774380844,0.5381395136707648
Alfotbreen,2025-09-01,0.6016114427121863,-0.46910034265395567,0.7924360392444757
Alfotbreen,2025-10-01,-0.2243892680668413,-0.00990648515769318,0.2138911384352257
Alfotbreen,2025-11-01,-0.01985000793039467,0.2758192989944054,-0.1394048481515078
Alfotbreen,2025-12-01,-0.7325388825443669,0.3262473532020964,0.7083750335550162
Alfotbreen,2026-01-01,-0.9795478629971678,-0.4909701806444189,1.29649606784009
Alfotbreen,2026-02-01,-0.5514959378158522,-0.11442689975907662,-0.8259020769966133
Alfotbreen,2026-03-01,-1.1638016483548208,0.014988248499827078,-0.3019647704541039
Alfotbreen,2026-04-01,-0.7941183756741425,0.055435089471676656,-0.2543065129167333
Alfotbreen,2026-05-01,0.17418820757594755,-0.03977613594276475,-0.3065771681175477
Alfotbreen,2026-06-01,-0.013521698941926319,0.01636492640713909,-0.7211251315777734
Alfotbreen,2026-07-01,0.328312310437507,-0.33199888792513166,-0.02241528791036106
Alfotbreen,2026-08-01,-0.8930418383509284,0.2720468887913129,0.2058424331069492
Alfotbreen,2026-09-01,0.05529174136919241,0.3109888184178644,0.37120154042242604
Alfotbreen,2026-10-01,-0.5966472925231605,-0.6546723328428706,-0.35158150693629114
Alfotbreen,2026-11-01,-0.41298122554802424,0.47543500143051043,-0.2591626211046007
Alfotbreen,2026-12-01,0.41536744453908697,-0.8734985415741344,1.074314294111347
Alfotbreen,2027-01-01,0.5334060127690193,-1.5011307735650223,-0.05878819410093128
Alfotbreen,2027-02-01,0.25472253526695837,0.7645351198402084,0.5714312119322956
Alfotbreen,2027-03-01,-0.09073815196200073,0.7522660571755856,-0.3850394947330556
Alfotbreen,2027-04-01,-0.4600748771447609,-0.4722345006861537,0.7976579388721942
Alfotbreen,2027-05-01,0.2272893018223537,0.5880640854323472,0.16203575825125674
Alfotbreen,2027-06-01,-0.3951564059496131,-0.40434274636457096,-0.01729401776461995
Alfotbreen,2027-07-01,-0.02993490380598962,-0.19353138510927326,-0.02235107888105009
Alfotbreen,2027-08-01,-0.22247920132065577,-0.19102609049151542,0.1853124151274054
Alfotbreen,2027-09-01,0.5080983417831597,-0.6874101276809412,-0.12859146846267933
Alfotbreen,2027-10-01,-0.6494421016465152,-0.15378999946754057,-0.1712087280463279
Alfotbreen,2027-11-01,0.3173829980504909,-0.44762373326374866,0.3907915050169632
Alfotbreen,2027-12-01,-0.07206037238849917,0.3951563212106238,0.8922357961558189
Alfotbreen,2028-01-01,0.5938866453552183,0.7799154391399331,1.6932138598387763
Alfotbreen,2028-02-01,-0.036521377039449444,1.4921498968148061,0.6081714181313355
Alfotbreen,2028-03-01,-0.24533842482028678,-0.6150273520851558,1.1087245503909904
Alfotbreen,2028-04-01,0.5917996973631553,-0.21662591070994708,-0.03260696209936633
Alfotbreen,2028-05-01,-0.04914960240707659,-0.2628728861322059,0.2742385566652021
Alfotbreen,2028-06-01,0.05766297814749791,0.0641983087381756,0.24557076750257842
Alfotbreen,2028-07-01,0.48169784754653344,-0.20888708970960423,-0.37035230934802893
Alfotbreen,2028-08-01,0.1257369111151435,-0.9079569673899539,0.3722058220456426
Alfotbreen,2028-09-01,0.08951161328797536,-0.30957345964878474,0.2764926354008544
Alfotbreen,2028-10-01,0.07647785034358368,0.31960986432335087,0.6319724194262473
Alfotbreen,2028-11-01,-0.14279714729275614,0.007722098024163612,0.37269319771787596
Alfotbreen,2028-12-01,-0.2699605416536179,0.5398556136019667,1.285754009934945
Alfotbreen,2029-01-01,-0.20878491864464555,-0.5231512735293982,-0.7345048676669569
Alfotbreen,2029-02-01,-0.21281188671617432,-0.5273950062209999,0.6725469029112555
Alfotbreen,2029-03-01,0.5075054136613635,-0.17430573712007139,1.0753958445258325
Alfotbreen,2029-04-01,-0.31519515736902554,0.23787485342135353,0.68756380151155
Alfotbreen,2029-05-01,0.40475733086462745,-0.23603483490678426,0.3524464672770861
Alfotbreen,2029-06-01,-0.07046622322753315,0.18354867606658365,0.10198373441325782
Alfotbreen,2029-07-01,-0.16104648411269762,0.24442276787125206,-0.08356797992465127
Alfotbreen,2029-08-01,-0.05956585878365794,0.03031998768126239,0.28964629219882637
Alfotbreen,2029-09-01,0.3314093641904578,-0.36091801394266027,0.36580279434853114
Alfotbreen,2029-10-01,-0.5113746198389514,-1.1162917180902632,-0.1927798358251446
Alfotbreen,2029-11-01,-1.4085138932492025,0.1850461999102785,0.6615351292301127
Alfotbreen,2029-12-01,-0.6696194463909307,0.013393032347968362,0.8615820892687216
Alfotbreen,2030-01-01,0.7064810678402454,0.6934027756590274,-0.16010556264549283
Alfotbreen,2030-02-01,-0.22491509055893263,-0.790928690191182,-0.010831546358629434
Alfotbreen,2030-03-01,-0.3314067395341785,-0.603759620745766,0.9371188473490774
Alfotbreen,2030-04-01,-1.1804096521150342,-1.2327758732707463,0.2819332360760613
Alfotbreen,2030-05-01,0.42531067096262953,0.29516309819300957,0.41430065560684876
Alfotbreen,2030-06-01,0.11750188890742382,-0.3985245413671595,0.10713700473197736
Alfotbreen,2030-07-01,-0.4529986144357503,0.2336972831227689,-0.2639939352742262
Alfotbreen,2030-08-01,-0.15899964186174428,-0.15404763030216,0.296821828310945
Alfotbreen,2030-09-01,-0.09829889512786401,-0.6148182611786038,0.3214503006649266
Alfotbreen,2030-10-01,-0.7288959535526317,-0.826938917801114,0.0025993423685742186
Alfotbreen,2030-11-01,-0.4887673182327443,0.02897078343202053,1.206055449052956
Alfotbreen,2030-12-01,0.6682113961564485,0.7075203325434338,-0.04275115435015019
Alfotbreen,2031-01-01,-0.8223105124684951,0.03836751035191337,0.31055379843967074
Alfotbreen,2031-02-01,-0.1351154222386686,0.3144666091093206,-0.6384002309423874
Alfotbreen,2031-03-01,0.5749878872267452,0.7258312625686744,-0.21829265626896102
Alfotbreen,2031-04-01,-0.3325024874969682,-0.29512870015835074,0.43962503090373106
Alfotbreen,2031-05-01,0.19804993910377097,0.13337507728100742,0.06817351614460594
Alfotbreen,2031-06-01,0.0241349964756343,0.15602974100937295,-0.1089635629435733
Alfotbreen,2031-07-01,0.4029635897323369,0.31996312419445644,-0.2661972710049672
Alfotbreen,2031-08-01,0.009451004049203928,-0.43658376217209854,0.09920406396071811
Alfotbreen,2031-09-01,0.23947094126611831,0.4150955438372843,-0.4684714427815501
Alfotbreen,2031-10-01,-0.5290663181223758,-0.21364586314989942,-0.12890488080111037
Alfotbreen,2031-11-01,-0.5362673557161868,0.002349561171019778,0.156930891206145
Alfotbreen,2031-12-01,-0.16828185024008646,-0.86470140844945,-0.5289721513026807
Alfotbreen,2032-01-01,-0.14958016426923212,0.35314743404752935,0.5209685605505362
Alfotbreen,2032-02-01,1.0462828187194326,0.049122298314798994,1.3009206668918305
Alfotbreen,2032-03-01,1.1689121806055105,0.3773336244256332,-0.27906709375498456
Alfotbreen,2032-04-01,0.14134360784760816,-0.29691476924999893,-0.7501358102259124
Alfotbreen,2032-05-01,0.32986399179506326,-0.13450673051396272,0.31594061132403417
Alfotbreen,2032-06-01,0.30535553841492574,0.3254713999973872,0.19411462203407
Alfotbreen,2032-07-01,-0.26736911248510153,-0.18886540258747075,-0.006875027485652332
Alfotbreen,2032-08-01,-0.056550472083204795,0.4096359217582812,0.05382866873208361
Alfotbreen,2032-09-01,0.517571332304585,-0.45206207564560685,-0.06530224778959694
Alfotbreen,2032-10-01,-0.09030821505998336,-1.012807381930273,0.03270966515838599
Alfotbreen,2032-11-01,-0.5607408352977982,0.30776844710562695,-0.1384206704029228
Alfotbreen,2032-12-01,-0.16355841630549986,0.738904336980435,0.4694192098702031
Alfotbreen,2033-01-01,-0.4724112940908538,0.11612718186723818,0.045040908611169356
Alfotbreen,2033-02-01,-0.02838738244241031,-0.4178953932218393,-0.9925139517315277
Alfotbreen,2033-03-01,-0.7900287547129651,1.1636982097985589,-0.6908408836277754
Alfotbreen,2033-04-01,0.3109671218247276,0.23949490452516745,-0.16051174118298453
Alfotbreen,2033-05-01,0.09540576141485639,-0.5047267808960963,-0.5259940733135775
Alfotbreen,2033-06-01,0.38283160358401463,-0.6582973804055627,0.06729356184447101
Alfotbreen,2033-07-01,-0.11170226503491217,0.5087411155266127,0.05049668114294809
Alfotbreen,2033-08-01,-0.3778390570732347,-0.43147767583356167,0.030686165131178948
Alfotbreen,2033-09-01,0.03046938311388242,0.17094304831878773,-0.38150141847212554
Alfotbreen,2033-10-01,0.08268187820464089,-0.44446922347819373,-0.009364467188884703
Alfotbreen,2033-11-01,-0.13540864226874058,0.14806304500131676,-0.5992972681881832
Alfotbreen,2033-12-01,1.2017510730186005,-0.26857176702459196,0.26252357220897143
Alfotbreen,2034-01-01,0.6590330557841548,-0.496619753341267,-0.28361801977578355
Alfotbreen,2034-02-01,-0.30500331038571904,-0.7616892597231248,0.5573341737018372
Alfotbreen,2034-03-01,0.5433079718194582,-0.5431629740653238,-1.2890051731363144
Alfotbreen,2034-04-01,-0.07861415581070956,0.8242387616628398,-0.07620394804321569
Alfotbreen,2034-05-01,-0.6421723673380128,-0.1803142869709442,0.32241659500966496
Alfotbreen,2034-06-01,0.5678194413111131,-0.07213838494988041,0.8499939959069768
Alfotbreen,2034-07-01,-0.5976289579290709,0.7515015866298494,0.12413559008314223
Alfotbreen,2034-08-01,-0.7935773140540975,-0.1914689451706709,0.19244195621086332
Alfotbreen,2034-09-01,0.0071633158191175455,-0.9133821882074243,0.37232002485336047
Alfotbreen,2034-10-01,-0.3762831334491028,-0.38723341283216167,0.0402977013111638
Alfotbreen,2034-11-01,0.012523001675492905,0.022058969251359046,-0.6583149155300849
Alfotbreen,2034-12-01,-0.43793652276878875,-0.23317013215604357,0.19714437203131374
Alfotbreen,2035-01-01,0.44377059822789633,-0.19799202894100754,0.6279690431135224
Alfotbreen,2035-02-01,-0.1797187853576455,-0.635796413252037,0.3216654965856573
Alfotbreen,2035-03-01,-0.07158177681561671,-0.07020411409041459,1.0146291230915223
Alfotbreen,2035-04-01,0.46040015381491495,-0.1958046083632068,0.17053821853919415
Alfotbreen,2035-05-01,-0.632391816003124,-0.5616644845729185,-0.2912148527245623
Alfotbreen,2035-06-01,-0.07186284306063426,0.1079516585999506,0.7162573724466794
Alfotbreen,2035-07-01,-0.5952860701408867,-0.18856784133145502,-0.10968314809856311
Alfotbreen,2035-08-01,0.3606750213270932,0.18933062382876406,0.5871052896491616
Alfotbreen,2035-09-01,-0.25282115810388855,-0.16594730439905472,0.4328623932003672
Alfotbreen,2035-10-01,-0.09229646889610536,0.3295143245809346,0.013075117536214315
Alfotbreen,2035-11-01,0.5813550816890438,0.6133009570966084,0.42612721355102057
Alfotbreen,2035-12-01,0.09226261610918134,-0.6261014542767996,-0.6647659169119612
Alfotbreen,2036-01-01,-0.47120343094858325,-0.1591182134883851,-0.1210863894319837
Alfotbreen,2036-02-01,-0.7575696392857595,0.09807708213032122,-0.47831225988870574
Alfotbreen,2036-03-01,0.24267522280576412,-0.05983830223929582,0.795146683549592
Alfotbreen,2036-04-01,0.8056946319309516,0.35819371294051744,-0.5868677558868767
Alfotbreen,2036-05-01,-0.3215695359089067,-0.20793948187229705,-0.28279653483217043
Alfotbreen,2036-06-01,-0.06092863716547204,0.2801357605501379,-0.3743797466667628
Alfotbreen,2036-07-01,0.1232706064152207,0.7368099463043073,0.32005744905916433
Alfotbreen,2036-08-01,-0.2028793655471526,-0.026998668087141717,-0.1344876062614093
Alfotbreen,2036-09-01,-0.20695519610037227,0.6921812421145302,-0.6688994715473829
Alfotbreen,2036-10-01,-0.029019895206530023,0.7394371016651632,-0.00489344073929769
Alfotbreen,2036-11-01,-0.2906450029827725,0.2999758291859614,-0.1861115952390244
Alfotbreen,2036-12-01,-0.41971981280749215,0.5676504768312461,0.07172779147063614
Alfotbreen,2037-01-01,0.08353823228285757,0.5480881147972873,0.9747239062015906
Alfotbreen,2037-02-01,0.434456182821386,0.8851010923436554,-0.040196641849624896
Alfotbreen,2037-03-01,1.5268851556955045,-0.04026138094501422,0.2792759739827564
Alfotbreen,2037-04-01,0.12860371528470863,0.8348077295820583,-0.19944009419944542
Alfotbreen,2037-05-01,0.15941710733783362,-0.4212883492074591,0.43820505978400864
Alfotbreen,2037-06-01,0.4988909494614118,-0.2616371965889133,-0.11340064585569958
Alfotbreen,2037-07-01,0.6842374755135316,-0.006800418688699541,-0.14759523248671771
Alfotbreen,2037-08-01,-0.39324647839663657,0.1965133583851024,-0.10000014734820868
Alfotbreen,2037-09-01,-0.955453230133969,0.3338105089397474,0.16647579995952677
Alfotbreen,2037-10-01,0.3709353323752098,1.554297118989906,0.15150100038075723
Alfotbreen,2037-11-01,0.24369807988492884,0.06753343625390557,-0.7196519873668987
Alfotbreen,2037-12-01,-0.050402414176726446,-0.027616875642141474,0.1526877525928744
Alfotbreen,2038-01-01,-0.5924581624218618,0.7060079554756536,-0.22879158392953527
Alfotbreen,2038-02-01,0.08054653929993581,-0.07371252577697525,-0.04887615445530901
Alfotbreen,2038-03-01,0.8858217802624447,0.4084383329158581,-0.2076600586232944
Alfotbreen,2038-04-01,-0.2343748858961617,-0.8586870787624136,1.2013669894117402
Alfotbreen,2038-05-01,0.09930400374360608,-0.07261549722163928,-0.5417166356365701
Alfotbreen,2038-06-01,0.2808153087969219,0.18934892111335952,-0.027971545103668283
Alfotbreen,2038-07-01,-0.14812688350712044,0.15922442280441226,-0.07931125802320158
Alfotbreen,2038-08-01,0.3513856512550322,0.8374107070781521,-0.3143417470500538
Alfotbreen,2038-09-01,0.7109058071043838,0.009624328802981865,0.49701427755605215
Alfotbreen,2038-10-01,0.027617160316460988,-0.05873653452450923,0.6606991602607377
Alfotbreen,2038-11-01,0.8449303189978945,0.1133553536711898,0.8081146572038681
Alfotbreen,2038-12-01,-1.036010665905009,0.9899465952210802,0.7083361857982898
Alfotbreen,2039-01-01,-0.2686347918071417,0.7364636725681312,0.06746560349530754
Alfotbreen,2039-02-01,-0.1367899261612371,-0.6794213100910337,0.0988341153429657
Alfotbreen,2039-03-01,-0.09442377257719131,-0.8354146813074799,-0.6016472459845333
Alfotbreen,2039-04-01,0.37127199193614596,-0.7813759250191629,-0.8548315960559427
Alfotbreen,2039-05-01,0.3825371226534228,-0.6528717583189521,-0.30435722831121526
Alfotbreen,2039-06-01,-0.08248078634970249,0.32020200958249223,-0.6174285314863744
Alfotbreen,2039-07-01,-0.09454022736123839,-0.0976357834259004,0.015154301620705428
Alfotbreen,2039-08-01,-0.22291927357877075,0.21866551106787002,-0.29752529903510716
Alfotbreen,2039-09-01,-0.713840326540751,0.21380028507338325,-0.05653663209430689
Alfotbreen,2039-10-01,-0.5305519087172569,0.25315531928899043,0.3218232771840916
Alfotbreen,2039-11-01,-0.14605278168730013,-0.2094627407609894,0.6814339141141063
Alfotbreen,2039-12-01,-0.10494828980900485,0.4908468561541404,0.15308603636395093
Alfotbreen,2040-01-01,-0.7445022714294174,0.3866575524623099,1.8169230608172242
Alfotbreen,2040-02-01,-0.9845415444123459,-0.03412735219769234,0.9394674770282739
Alfotbreen,2040-03-01,-0.2609389148470803,0.5356583238574302,0.9440023649812105
Alfotbreen,2040-04-01,0.5951987691371085,0.3607143966977336,-0.21297690465136154
Alfotbreen,2040-05-01,-0.2854099829386878,-0.09771920548172996,-0.053023894591607945
Alfotbreen,2040-06-01,-0.13811903372304538,0.14181666166225745,-0.14484156113869076
Alfotbreen,2040-07-01,-0.006698075624148655,-0.4726574186676397,0.16954368476139167
Alfotbreen,2040-08-01,0.6690298231076041,-0.3165839367613284,0.024804085101495194
Alfotbreen,2040-09-01,-0.06657798026363206,0.1259897579331839,0.16699228902147392
Alfotbreen,2040-10-01,-0.08452332087167025,0.6113938422063608,0.11456611759841717
Alfotbreen,2040-11-01,0.32017477157695967,0.8397225081597224,0.31116814957236
Alfotbreen,2040-12-01,0.6709504110478556,-0.5425522969990819,0.6095372742804744
Alfotbreen,2041-01-01,0.13549290558616905,0.117457258977518,-0.02706567538114756
Alfotbreen,2041-02-01,0.119897036790378,0.17280856985645884,-0.621617981507023
Alfotbreen,2041-03-01,-0.007524332768211386,-0.11986506635806489,0.2531594635089611
Alfotbreen,2041-04-01,0.006284284319662656,0.10505007462789762,-0.2550775304773771
Alfotbreen,2041-05-01,-0.2114271395542968,-0.13970517759244522,0.07926213777380128
Alfotbreen,2041-06-01,-0.7081124710145069,-0.004967166323075349,-0.3974650050865891
Alfotbreen,2041-07-01,0.09144735907275155,-0.2574269526670774,0.23933455791636127
Alfotbreen,2041-08-01,-0.10761035864046996,-0.19358913919412923,-0.3571342310065036
Alfotbreen,2041-09-01,-1.316754326596383,0.07271620788750936,0.27602165044515586
Alfotbreen,2041-10-01,-0.23683145121519622,-0.11216549115419239,0.5477525252211964
Alfotbreen,2041-11-01,0.15743847200720526,0.6037724990482761,0.11216211211319216
Alfotbreen,2041-12-01,-0.0769479697270329,-0.7178539116262853,0.4387090054334915
Alfotbreen,2042-01-01,0.3906027946297517,0.7013475415670388,0.42001982039508023
Alfotbreen,2042-02-01,-0.1713008061612702,1.2372193743648072,-1.1614755596043362
Alfotbreen,2042-03-01,-0.2525122807601034,0.3130295805859002,-0.1300256107297689
Alfotbreen,2042-04-01,0.008120972451230238,0.04601785474169314,-0.8318576452009291
Alfotbreen,2042-05-01,-0.5464536615030009,0.003780165747707812,-0.44521780540986206
Alfotbreen,2042-06-01,-0.1823190367334128,-0.19718611088504404,0.16223512173581575
Alfotbreen,2042-07-01,0.8076866467265372,0.11201244174711256,-0.018058838782201114
Alfotbreen,2042-08-01,-0.309118652655506,-0.3023629791567682,0.22568633035303617
Alfotbreen,2042-09-01,-0.6701664492690482,0.5753889011101816,-0.4433111378928654
Alfotbreen,2042-10-01,0.7934171225028143,0.5715028212370493,0.13918317617171674
Alfotbreen,2042-11-01,-0.5736878738132059,-0.8865686797919329,-0.1696565158379022
Alfotbreen,2042-12-01,1.0279831866439118,-0.07370098700336308,-0.08867797370635226
Alfotbreen,2043-01-01,0.320674051548971,0.5175339472990482,-0.1410190413935162
Alfotbreen,2043-02-01,1.058268275746691,0.1648438258364683,0.7104941583761826
Alfotbreen,2043-03-01,0.05351853018614932,0.49924295287086573,1.1696944268544485
Alfotbreen,2043-04-01,-0.11720366209384565,-0.022228654785344266,-0.5351309232403435
Alfotbreen,2043-05-01,-0.5996704441674043,0.3880127310935291,0.10199785358797982
Alfotbreen,2043-06-01,-0.6610946049303621,0.14188210686090405,-0.23194711346363783
Alfotbreen,2043-07-01,0.47498242031134436,0.08951170411513754,-0.05407226284447175
Alfotbreen,2043-08-01,0.1552083933825246,-0.36465535145185995,0.13273979319829135
Alfotbreen,2043-09-01,0.04340334273986133,-0.10303727486740215,-0.1374082308996081
Alfotbreen,2043-10-01,0.31349073120033083,0.9004086328438777,1.060176645209982
Alfotbreen,2043-11-01,0.09886111112448641,0.3911676167396996,0.2946667891037189
Alfotbreen,2043-12-01,0.9632640736942246,0.4603915187632464,0.5863243824251091
Alfotbreen,2044-01-01,0.36408169862844036,-1.1735109184433619,0.6705873658367817
Alfotbreen,2044-02-01,0.9775978122538166,0.20668471661188428,0.7599122305435998
Alfotbreen,2044-03-01,-0.150534678771841,0.18907922630261145,-0.9314277672455636
Alfotbreen,2044-04-01,0.17888124702991784,-0.17716710782568637,-0.46872485065318054
Alfotbreen,2044-05-01,-0.03175157622056812,-0.5297235421440135,-0.4547594810747804
Alfotbreen,2044-06-01,-0.0701873264590844,-0.5095992694617644,-0.4978260683247197
Alfotbreen,2044-07-01,0.4714200946575167,0.04738158219820513,0.3274192714372592
Alfotbreen,2044-08-01,0.26648571603087157,-0.08173588335303451,0.01061078271839517
Alfotbreen,2044-09-01,-0.6866201614758726,0.4904833410089102,-0.1958697652226704
Alfotbreen,2044-10-01,-0.4773570182904669,-0.3367137653326862,-0.043169795696676116
Alfotbreen,2044-11-01,0.24587047389809757,-0.20853520119008082,-0.6016829219739656
Alfotbreen,2044-12-01,0.6772638313159739,-0.8046706745043295,0.07416923317754928
Alfotbreen,2045-01-01,0.3328735719539865,-0.5940702198849559,-0.3326517304031526
Alfotbreen,2045-02-01,0.9094886830809786,-1.5778870208777167,0.10485311987475661
Alfotbreen,2045-03-01,0.237674313128555,-0.1198276135688015,-0.08086786110233234
Alfotbreen,2045-04-01,0.18070661882205397,0.23782516035986245,-0.08549882035516747
Alfotbreen,2045-05-01,0.48176573339295103,-0.2098600416780223,-0.2984067278091959
Alfotbreen,2045-06-01,-0.015688543896622293,-0.08686857230336686,0.2572596499120367
Alfotbreen,2045-07-01,-0.5848068951473951,0.7899245912872225,0.34415725164055083
Alfotbreen,2045-08-01,0.22461303834887594,0.6203433584601558,0.5055342607297031
Alfotbreen,2045-09-01,0.3331490837257353,0.6332006659433405,-0.026639444570876764
Alfotbreen,2045-10-01,-0.11307109019976196,1.4450971527515903,0.4745774705635657
Alfotbreen,2045-11-01,0.02466661364076061,-0.8324161410761581,0.42927069776205556
Alfotbreen,2045-12-01,-0.772288023502544,0.6088219365366169,-0.5780271987020357
Alfotbreen,2046-01-01,0.043839608692659356,-0.1693565932646206,0.20571875874419962
Alfotbreen,2046-02-01,-0.7281774151411969,-0.9701327831389926,0.7899869588167777
Alfotbreen,2046-03-01,-1.1069710627428535,-0.10827964217065494,-0.26403122468537815
Alfotbreen,2046-04-01,-0.014224638094122765,1.4210340897105807,0.24437285693849187
Alfotbreen,2046-05-01,0.3933371073228246,0.7504540248051784,-0.030443208423676524
Alfotbreen,2046-06-01,-0.051559812835315744,0.05064609698727621,0.2593758054385285
Alfotbreen,2046-07-01,0.17749086539177109,0.08810327388031713,-0.6764996693281345
Alfotbreen,2046-08-01,0.2630028590903842,0.8485976682492721,0.661299655970016
Alfotbreen,2046-09-01,-0.4897892476435226,0.008680993161509736,-0.2503584162815988
Alfotbreen,2046-10-01,0.6558599913482411,0.31825896953192256,-0.43279278644165203
Alfotbreen,2046-11-01,-0.3494949478679989,0.699425012596314,0.15717003939576946
Alfotbreen,2046-12-01,-0.03547530618243003,0.26816626925007064,-0.023845687040957284
Alfotbreen,2047-01-01,0.0943794134013227,-0.4060673745552193,1.1205063598374438
Alfotbreen,2047-02-01,-0.87066207493289,0.9876189922551762,0.8354507313050833
Alfotbreen,2047-03-01,0.4418939702060128,-0.20269679579137292,0.6405378624942045
Alfotbreen,2047-04-01,-0.41837900737090417,-0.0690042236236091,0.46559764112561935
Alfotbreen,2047-05-01,0.02044963910718892,-0.4770637492110446,-0.01269791892523473
Alfotbreen,2047-06-01,-0.11824063042324588,0.12023816001659217,-0.5691018291858777
Alfotbreen,2047-07-01,0.5878921985603801,-0.10760671194287642,0.020535668359852533
Alfotbreen,2047-08-01,-0.09444829658585518,-0.5108727142927575,-0.4598018986075339
Alfotbreen,2047-09-01,0.3106250372365953,-0.8211130166923312,0.8354513890528151
Alfotbreen,2047-10-01,-0.049229017570693444,-0.04651576130375187,0.3326399799100927
Alfotbreen,2047-11-01,-0.0752314370723266,0.9034547011104047,-0.4030339288671454
Alfotbreen,2047-12-01,0.050655447669585206,0.24438227220861033,-0.5798588981220307
Alfotbreen,2048-01-01,-0.07075208694081514,-0.12318145456887679,0.875975671727946
Alfotbreen,2048-02-01,-0.2891043753085468,0.825206502406132,1.7141160327682459
Alfotbreen,2048-03-01,0.1491742962178825,0.5151744792359643,0.018484402976858275
Alfotbreen,2048-04-01,-0.03977684253707104,1.0415831644008557,0.03652693539153018
Alfotbreen,2048-05-01,-0.5959361173429988,-0.3409518225131131,0.11937862342344241
Alfotbreen,2048-06-01,-0.010260746394113887,-0.6155349636742334,-0.23913171230927865
Alfotbreen,2048-07-01,-0.1000766526054752,-0.3990293710981761,-0.254915584599636
Alfotbreen,2048-08-01,0.2968486471201455,0.046508341099966675,-0.18534191825495028
Alfotbreen,2048-09-01,-0.186611336763576,0.26151602483250896,-0.1425401454174521
Alfotbreen,2048-10-01,0.7242831937079256,-0.869201065356085,0.17599961954363608
Alfotbreen,2048-11-01,0.16991843681549504,0.20376108020770403,-0.10114078493669316
Alfotbreen,2048-12-01,0.6792214884114806,0.5827342152984252,-0.04195751096758223
Alfotbreen,2049-01-01,0.489140040988658,0.1268006996161877,-0.4496120988058318
Alfotbreen,2049-02-01,0.9871090602052588,-0.8615173342396378,-0.18772663461435238
Alfotbreen,2049-03-01,0.8662241992888887,0.32447030888474426,0.15030013485147725
Alfotbreen,2049-04-01,0.6357518023785973,-0.16188424203408322,0.1234998536783025
Alfotbreen,2049-05-01,-0.39941166796151134,-0.43802760876880975,-0.15443680814318372
Alfotbreen,2049-06-01,0.970911641127886,-0.18998980485288167,-0.3538200294409612
Alfotbreen,2049-07-01,-0.2866373603658735,-0.06757469339459406,0.3408970144559888
Alfotbreen,2049-08-01,0.19781009854628295,-0.4925490356486435,0.6198201842240249
Alfotbreen,2049-09-01,0.4222967237152781,-1.0402253745756742,-0.38906287889177027
Alfotbreen,2049-10-01,0.17425610275394612,0.4348407387788152,-0.33858778780456894
Alfotbreen,2049-11-01,0.0030707478141981845,-0.1935660944613795,-0.5708409181729583
Alfotbreen,2049-12-01,-0.23714128545281402,0.0008834722783570328,-0.31010898019453137
Alfotbreen,2050-01-01,-0.16782040891804276,0.8415414903520485,0.5974117265862291
Alfotbreen,2050-02-01,-0.10930760213897368,-0.22014593202628174,0.4469108552528418
Alfotbreen,2050-03-01,-0.5650374974031621,0.3427980312785634,-0.056284011674316604
Alfotbreen,2050-04-01,-0.8355174216031037,-0.1152078230533813,0.32649496912323045
Alfotbreen,2050-05-01,0.46009334122135165,-0.25422882346118897,0.7816165687593696
Alfotbreen,2050-06-01,0.300180281156232,0.06461944537342121,-0.3935985131171467
Alfotbreen,2050-07-01,0.1400186102060151,0.02785200448454228,-0.2002821389785795
Alfotbreen,2050-08-01,-0.32345955321628456,-0.16709405994982976,0.2827690980575121
Alfotbreen,2050-09-01,0.27040355881245887,0.2921534735091264,-0.6786190322906315
Alfotbreen,2050-10-01,0.5004217114226832,-0.8276078412852949,-0.33095640164434686
Alfotbreen,2050-11-01,-0.3056867628092916,-0.27143896054107075,0.24694609569334922
Alfotbreen,2050-12-01,0.6086224315336295,0.6879556424320746,0.3850364838806912
Alfotbreen,2051-01-01,1.231094867231967,-1.0507077334310668,-0.029266977971566327
Alfotbreen,2051-02-01,-0.6533519136188608,-0.9493018523061835,-0.6285870775875773
Alfotbreen,2051-03-01,0.41918930214666195,0.24307214451117687,0.4472368402611761
Alfotbreen,2051-04-01,-0.36823941568871205,0.13138174751700568,-0.16056765607805037
Alfotbreen,2051-05-01,0.7849716579015906,0.4213420273880573,-1.092086606732921
Alfotbreen,2051-06-01,0.1467894233087761,-0.4091041529848765,0.4470754481655846
Alfotbreen,2051-07-01,-0.14751691656671445,0.1693946198817172,-0.2987877519439144
Alfotbreen,2051-08-01,0.30993839180706634,0.051166156705390514,0.0053062711587740265
Alfotbreen,2051-09-01,0.5828424258462676,0.0632299773096928,-0.26132416243375806
Alfotbreen,2051-10-01,0.43018474797533823,-0.03652269181117809,-0.5145171208544869
Alfotbreen,2051-11-01,-0.11547940064887752,-0.9112940392797437,0.10748055928944421
Alfotbreen,2051-12-01,-0.10728268556655025,-0.5959152610748414,0.6251202655476685
Alfotbreen,2052-01-01,-0.3822181931716025,1.6608166381436253,-0.21698867737178618
Alfotbreen,2052-02-01,-0.5845032624991832,0.7882387721162822,-0.17359871350508546
Alfotbreen,2052-03-01,0.4779252599243448,-0.34966543884739026,-0.2494445088361296
Alfotbreen,2052-04-01,0.6927369701508516,0.41770414954039653,-0.09535740648012307
Alfotbreen,2052-05-01,-0.4561767527727804,-0.5791391036182375,0.06338513092848731
Alfotbreen,2052-06-01,0.07401694598497936,-0.17005817403788584,-0.3444333837019122
Alfotbreen,2052-07-01,0.6305990721053707,-0.35103907777318083,0.17082135908790583
Alfotbreen,2052-08-01,0.7605090739567989,-0.14752897076789784,-0.3313293987576073
Alfotbreen,2052-09-01,0.02235407370663252,-0.0916362049009068,-0.25277447061725145
Alfotbreen,2052-10-01,-0.18621330129354516,-0.35484820203315914,0.6387708394915984
Alfotbreen,2052-11-01,-0.5690115384080082,-0.16133703336973199,0.6022075168599726
Alfotbreen,2052-12-01,0.08769260168308624,-0.3065575571187899,-0.12891589045709143
Alfotbreen,2053-01-01,0.0489539812035947,-1.1272624606425623,0.21304659984423113
Alfotbreen,2053-02-01,-0.08450954057946597,-1.3857634374241867,0.925961425904212
Alfotbreen,2053-03-01,-0.6001448847660128,-0.5991826028966918,0.5490513474463653
Alfotbreen,2053-04-01,0.02563139520543663,-0.04897165384896259,-0.15514441451689417
Alfotbreen,2053-05-01,0.029854580741752974,0.04548899447842102,-0.15855588526263267
Alfotbreen,2053-06-01,0.44835737559594985,-0.41549022697785154,-0.6023167738445808
Alfotbreen,2053-07-01,0.00678439865923185,0.37677373608224735,-0.020941039679471765
Alfotbreen,2053-08-01,0.705006809902985,0.5411505002367593,-0.5055443386981142
Alfotbreen,2053-09-01,-0.068397330944994,-0.29822876880872523,-0.13083385873134576
Alfotbreen,2053-10-01,-0.05925904942538889,-0.2631362374332686,0.358878526591699
Alfotbreen,2053-11-01,-0.12834224831242808,0.6970560423417765,-0.9103462978910105
Alfotbreen,2053-12-01,-0.334788547704675,1.0671953460939252,-0.27514091700167986
Alfotbreen,2054-01-01,0.03634331748453733,0.1534812707440294,-0.020468408299962788
Alfotbreen,2054-02-01,-0.11972655450372084,-0.6688872426327994,-0.45927792033609927
Alfotbreen,2054-03-01,-0.2595181977438689,-0.6403769419685547,0.1907848544960545
Alfotbreen,2054-04-01,0.28551587305596193,0.6845692616784289,-0.19733584901781787
Alfotbreen,2054-05-01,-0.11119585165273177,0.5176218136180908,0.24772335771045687
Alfotbreen,2054-06-01,0.3370261113107697,-0.46932823113332695,0.06115344675876918
Alfotbreen,2054-07-01,-0.1321832985016026,0.09514504645544448,-0.3018222427316875
Alfotbreen,2054-08-01,0.08437959644744535,0.027838413215229545,0.3846097403973623
Alfotbreen,2054-09-01,-0.03319813155213757,0.1607240308992777,1.0067998187900258
Alfotbreen,2054-10-01,0.20116059860287894,-0.5138279296405553,0.45861108411989554
Alfotbreen,2054-11-01,0.49272227392488394,0.03358439317525579,0.42502819921294027
Alfotbreen,2054-12-01,-0.0059126023292459225,-0.08683841039088212,-0.39011985273307664
Alfotbreen,2055-01-01,0.6985943697969024,0.8811442818257262,0.3340218545798286
Alfotbreen,2055-02-01,1.2143941565441967,0.8442069623845363,0.7642390128886062
Alfotbreen,2055-03-01,0.3801720672893623,0.5972614292605433,0.35087873296489464
Alfotbreen,2055-04-01,0.330324333521614,0.3935623345742678,-0.05369009286327922
Alfotbreen,2055-05-01,0.11375630772994978,-0.11091936550291659,0.1455745978613551
Alfotbreen,2055-06-01,-0.02010231564336271,0.18092012441026425,0.2568145431683303
Alfotbreen,2055-07-01,0.14439549947608762,-0.23872429058081548,-0.24148117809932376
Alfotbreen,2055-08-01,0.1843088566578034,0.09580762545408035,-0.2268745228105966
Alfotbreen,2055-09-01,0.0886743475464488,1.213542759908526,0.8251819373406847
Alfotbreen,2055-10-01,-0.05915711875267393,-0.8229285644822921,-0.07077123611541278
Alfotbreen,2055-11-01,0.7033273315788913,0.2251747137825646,-0.14969141862995852
Alfotbreen,2055-12-01,0.18886262791896258,0.05554538135340072,0.4939373246433723
Alfotbreen,2056-01-01,0.29112059002584356,-1.0010201983329854,-0.4026916291482005
Alfotbreen,2056-02-01,0.33214734441392,-0.776712188560888,0.4351428540578927
Alfotbreen,2056-03-01,-0.1386126290650381,-0.21974316922869241,-0.47377123154489537
Alfotbreen,2056-04-01,-0.8750824717880071,0.14412567444015403,-0.0481551316798163
Alfotbreen,2056-05-01,-0.3719512710794312,0.6846564494679721,-0.11200762347124626
Alfotbreen,2056-06-01,0.18958679987933957,0.243785142609747,0.16619690943598828
Alfotbreen,2056-07-01,0.9025419931293953,0.49975747140107624,-0.601040142712058
Alfotbreen,2056-08-01,0.23141299681090835,-0.031381029333358616,-0.4099638836878589
Alfotbreen,2056-09-01,0.2853114321935506,0.6681205633705668,0.3169494621695079
Alfotbreen,2056-10-01,0.41447461885135534,0.11186876292485652,1.0647589067660546
Alfotbreen,2056-11-01,-0.09421402958090301,0.620507877047909,0.9036802501240505
Alfotbreen,2056-12-01,-0.8466380275744338,1.134582381939852,0.21926457559532694
Alfotbreen,2057-01-01,-0.2994447011552815,0.6275263740736795,-0.22372922220258662
Alfotbreen,2057-02-01,-1.4458834483558043,-0.15152901411952713,0.05899791455326631
Alfotbreen,2057-03-01,-1.101016277825227,-0.6011881499555755,-0.3623631966006505
Alfotbreen,2057-04-01,-0.5137920274884309,0.2900898338957489,-0.1559616764435269
Alfotbreen,2057-05-01,-0.06840872132430224,-0.11496615391891025,-0.44771401798497285
Alfotbreen,2057-06-01,-0.3072145481173764,0.4733188287719933,0.35232737046968393
Alfotbreen,2057-07-01,-0.7059152603497697,-0.12665663087193915,-0.07889632573667164
Alfotbreen,2057-08-01,0.2899173721305425,0.04275875560403212,-0.46051826796378714
Alfotbreen,2057-09-01,-0.2716475300888915,0.7942137991935178,0.26677884159746945
Alfotbreen,2057-10-01,-0.23278109560595292,0.45675070113969407,0.6394747508865781
Alfotbreen,2057-11-01,-0.2966119000649945,0.37202677669264217,0.6357652810963036
Alfotbreen,2057-12-01,-0.7501778808459122,0.8072247350872949,0.032423766424337995
Alfotbreen,2058-01-01,-0.6310780217541806,0.3634758704220682,-0.9139838745751021
Alfotbreen,2058-02-01,-0.40173334880676265,-0.9567620750432458,-1.0867732600597064
Alfotbreen,2058-03-01,-0.9548348822861318,0.25758815908590643,-0.7894934250083386
Alfotbreen,2058-04-01,0.40182885622315706,0.2767666936677244,0.22609723295674078
Alfotbreen,2058-05-01,-0.013095211670899257,0.2795452882783569,-0.19569630724324824
Alfotbreen,2058-06-01,-0.13976055595897527,-0.25765713370929,-0.23662971384717194
Alfotbreen,2058-07-01,0.3099287227969375,-0.8986476351704459,-0.02112857494041197
Alfotbreen,2058-08-01,0.6666726985641445,-0.1189702896954472,-0.10652403723128519
Alfotbreen,2058-09-01,0.2155149523287617,0.364770815725358,-0.29028101872700524
Alfotbreen,2058-10-01,0.44201669354060663,0.6788250041686554,1.1469479181907019
Alfotbreen,2058-11-01,0.05545368098434424,-0.49709071586764414,0.616389617142888
Alfotbreen,2058-12-01,0.5916290368690988,-0.07702983935174748,0.202435074762109
Alfotbreen,2059-01-01,0.41832130367208525,-1.005833916506656,0.15966965561131222
Alfotbreen,2059-02-01,0.3722560813549997,-0.35196230193396855,-0.3922318994992422
Alfotbreen,2059-03-01,-1.2101985561972908,-0.2819747308570269,0.2535727735244209
Alfotbreen,2059-04-01,0.4904065176283843,0.1605191209802543,-0.4528470281026849
Alfotbreen,2059-05-01,0.8337841827153188,0.1639582683725089,0.35648415066455036
Alfotbreen,2059-06-01,-0.10775991257582411,0.4052205108146683,0.04987847786367244
Alfotbreen,2059-07-01,-0.4683591975043892,-0.18498703557697557,-0.12571610409222964
Alfotbreen,2059-08-01,-0.0195701563307927,-0.037278299849992286,-0.036798753364540526
Alfotbreen,2059-09-01,0.49308400810924957,-0.6332695845003274,0.5531155482151027
Alfotbreen,2059-10-01,0.3165380653733067,-0.40630601892044077,0.22134047733701823
Alfotbreen,2059-11-01,0.004665156670619133,0.12811145553840178,-0.19176588631617175
Alfotbreen,2059-12-01,0.2727496408433243,0.15429787925934166,0.22163190764876153
Alfotbreen,2060-01-01,0.942401363270605,-0.0015857277204372698,1.1489101153175465
Alfotbreen,2060-02-01,0.9889850609820527,0.38177360932269694,1.1077638699508767
Alfotbreen,2060-03-01,0.13949981102293565,-0.5204496934173318,0.47736980299366943
Alfotbreen,2060-04-01,0.11495456729596305,-0.2714884973966083,-0.45572323819475336
Alfotbreen,2060-05-01,-0.19550823013918728,0.035315554871310946,0.6350071183316427
Alfotbreen,2060-06-01,0.43877600803626354,0.07555073692088325,0.12425613372323936
Alfotbreen,2060-07-01,0.5315319430041159,0.211714882378371,-0.02130164681596834
Alfotbreen,2060-08-01,0.32314969952576184,0.029404229854886197,0.5036443923809316
Alfotbreen,2060-09-01,0.4494748683189486,0.37864295110290613,0.17596938036616913
Alfotbreen,2060-10-01,-0.5937706579394638,-0.06794494365639848,-0.4801618398886817
Alfotbreen,2060-11-01,-0.25584461462593083,0.004457701465916068,0.2389016555543564
Alfotbreen,2060-12-01,0.5129394311257008,-0.10838313203985805,-0.40076682535909747
Alfotbreen,2061-01-01,-0.013638013316665587,-0.5695275229785738,-0.24437251012330308
Alfotbreen,2061-02-01,-0.4645482146427664,-0.3248588776618626,-0.03552834166723937
Alfotbreen,2061-03-01,-0.6139646520336984,-0.11953593029163512,0.7332729789609379
Alfotbreen,2061-04-01,-0.4733282440462969,-0.4030700848809727,0.13716085677373183
Alfotbreen,2061-05-01,0.26082349886584355,0.022651431914934735,-0.22063117756768866
Alfotbreen,2061-06-01,0.2945277466421529,0.7335296968811086,-0.348297713864935
Alfotbreen,2061-07-01,0.01627586298369379,0.3146664630269372,-0.06659019046516006
Alfotbreen,2061-08-01,0.19187090483875704,-0.21522221165268393,0.2467797956481239
Alfotbreen,2061-09-01,0.35026983920397825,-0.29832058074458895,-0.27533391459113626
Alfotbreen,2061-10-01,0.8653700948160011,0.3372622823406893,-0.7378461122999549
Alfotbreen,2061-11-01,-0.16475441977931304,-0.10419830478340937,-0.03935030553051293
Alfotbreen,2061-12-01,-0.7312292400547942,-0.34493980851584743,-0.2760560053951705
Alfotbreen,2062-01-01,-0.0007221109907549159,-0.8578705177975161,0.2019194305333757
Alfotbreen,2062-02-01,-0.73468425177184,-0.16467322552201888,1.0867657893872682
Alfotbreen,2062-03-01,-0.12533195521334572,0.47935071481648506,0.08037826911867571
Alfotbreen,2062-04-01,0.0016892854265233616,0.2374731198956294,0.410052207329138
Alfotbreen,2062-05-01,0.5618954176430425,-0.3687312170092896,0.4679041010583839
Alfotbreen,2062-06-01,0.03499057332542146,-0.5549567769226119,-0.10184607514197001
Alfotbreen,2062-07-01,0.6865146442641127,-0.18858227516951528,0.026522890043693598
Alfotbreen,2062-08-01,-0.16990078591703642,-0.7750705698390555,-0.10813733234674917
Alfotbreen,2062-09-01,0.06061690554344975,0.1084802125178247,0.0836857592988401
Alfotbreen,2062-10-01,-0.08593594599218878,0.24037942274443372,-0.38132075014789174
Alfotbreen,2062-11-01,-1.0658096108127342,0.3380391222631973,0.03240157279673911
Alfotbreen,2062-12-01,-0.40328320133686457,0.6921234397547127,-0.4345847295003155
Alfotbreen,2063-01-01,1.9306826563568578,-0.5889950219279738,0.08212418687721604
Alfotbreen,2063-02-01,-0.8674470032241821,0.6601669235403081,-0.5964544474373773
Alfotbreen,2063-03-01,-0.5782803718828416,0.18022017967343362,0.15987384874880053
Alfotbreen,2063-04-01,0.838478366733271,0.12766926349898008,-0.2810990752994286
Alfotbreen,2063-05-01,-0.5551509036129476,-0.3715351945197543,0.23004037496633342
Alfotbreen,2063-06-01,-0.42297304354190385,-0.03228090451665886,0.43262903531635294
Alfotbreen,2063-07-01,-0.7585505683421573,-0.6460295343755423,0.16996353361987218
Alfotbreen,2063-08-01,0.5108485534222718,-0.1795844835629429,-0.21676286512160103
Alfotbreen,2063-09-01,-0.13276815485237467,-0.3629338549449525,0.1595346373840554
Alfotbreen,2063-10-01,0.016011128938134205,-1.4416459039320024,0.05378571896688159
Alfotbreen,2063-11-01,0.10666891967984882,0.10170192077213103,-0.12274826366267773
Alfotbreen,2063-12-01,0.3374157758393168,-0.8769208378439378,-0.3809732449803996
Alfotbreen,2064-01-01,-0.08139673868676382,0.0653303168189112,-0.46407337771804386
Alfotbreen,2064-02-01,0.4469317212178268,0.07803304475078895,-0.8367514097470727
Alfotbreen,2064-03-01,0.9042177988343053,0.3093518543758887,0.7949780316242752
Alfotbreen,2064-04-01,0.6518656281949234,-0.3862460091805073,1.1812188933178058
Alfotbreen,2064-05-01,-0.10509384425372781,-0.18777032663835327,0.16768560236962612
Alfotbreen,2064-06-01,-0.05527633441267798,-0.46515514345334646,0.4228956637710455
Alfotbreen,2064-07-01,-0.2222341016572713,-0.7223501124848325,0.33648952534647564
Alfotbreen,2064-08-01,0.38051700719909665,0.05602638789247379,-0.24825056451518887
Alfotbreen,2064-09-01,-0.8867165805759921,-0.0029119173081422396,-0.49121451239426767
Alfotbreen,2064-10-01,-0.6211676894633252,0.716439656950156,0.49604963078617675
Alfotbreen,2064-11-01,-0.3167044438499283,0.648251375967661,-0.6701207638540317
Alfotbreen,2064-12-01,-0.221832844049051,-0.09011718230313732,-0.6680716686119977
Alfotbreen,2065-01-01,-0.647518242173129,-0.12482559070683129,-1.361187310462028
Alfotbreen,2065-02-01,0.35705023458305174,0.474851797058256,-0.8258301829747762
Alfotbreen,2065-03-01,-0.5015041494605397,-1.5921918593168076,0.6916050606720364
Alfotbreen,2065-04-01,0.238847093902362,0.1119637476493552,-0.08777017018438209
Alfotbreen,2065-05-01,-0.0008157124227635275,-0.38463121998013317,0.22884018307863987
Alfotbreen,2065-06-01,-0.6969783873479719,-0.4326915432915895,-0.07672742259381617
Alfotbreen,2065-07-01,-0.09050459497183294,-0.4123074918054357,-0.5270047934702035
Alfotbreen,2065-08-01,-0.19452295255686183,0.1274621365164346,-0.5684967707045687
Alfotbreen,2065-09-01,0.1744256157104687,-0.7496743150417102,-0.14381837146283818
Alfotbreen,2065-10-01,0.04020257674620783,-0.026403276419160866,-0.04525436139618485
Alfotbreen,2065-11-01,-0.25771000114732406,-0.8929267741279757,-0.09937757719414753
Alfotbreen,2065-12-01,0.008743166824803033,0.12610770043673689,-0.7376887892123917
Alfotbreen,2066-01-01,-0.5713172710466022,-0.33637846612678013,0.5662893253818764
Alfotbreen,2066-02-01,-0.42183765868245704,-1.1955331831378284,-0.07759613684156326
Alfotbreen,2066-03-01,0.03499805780530995,0.766562894537491,-0.8401892784539494
Alfotbreen,2066-04-01,0.15735822883793582,-0.4135344977468023,-0.20815221547033871
Alfotbreen,2066-05-01,0.33729164652804017,0.19990584058659633,0.7778974597000085
Alfotbreen,2066-06-01,0.3001504897558449,0.023259300418611076,0.33607259908412274
Alfotbreen,2066-07-01,0.1536980629141154,-0.30034747672592843,0.46129612281156557
Alfotbreen,2066-08-01,0.04126355905497031,-0.38357309717442595,0.3697368338857881
Alfotbreen,2066-09-01,-0.5578328951635295,0.7814779846984307,0.09188344149971468
Alfotbreen,2066-10-01,0.37433745152901365,0.038157540085225324,-0.6784302677306249
Alfotbreen,2066-11-01,0.7741153011795062,0.04175075891913944,-0.20115921300630457
Alfotbreen,2066-12-01,-0.10864489058869,0.007214789438129504,-0.2635572555302334
Alfotbreen,2067-01-01,0.014939291169157742,0.42700511820288894,-1.2102258076124253
Alfotbreen,2067-02-01,0.6249866961227127,0.5743022299131914,-0.1101454143938932
Alfotbreen,2067-03-01,0.1338097961684358,0.20191798954814763,0.09414164075708113
Alfotbreen,2067-04-01,-0.16970510736844388,0.03471956399113125,-0.7173146453497999
Alfotbreen,2067-05-01,-0.09642916320306678,-0.4293968572255917,-0.2139719496835946
Alfotbreen,2067-06-01,-0.5423808686973597,0.9004730625096843,-0.693127328451796
Alfotbreen,2067-07-01,0.1127578076522513,-0.3287673024407643,-0.2714179413871531
Alfotbreen,2067-08-01,-0.39797570479434463,0.24083779495099558,-0.8207269990705282
Alfotbreen,2067-09-01,-0.40316659472763455,0.23971125469115329,-0.34333019059197684
Alfotbreen,2067-10-01,-0.21757932974487046,1.2750038249228872,1.0596965071200635
Alfotbreen,2067-11-01,-0.6239357577721282,0.1437427523898709,-0.6850706484168945
Alfotbreen,2067-12-01,-0.005162891060966633,0.013341820015118673,0.18786909483074252
Alfotbreen,2068-01-01,-0.14389816744444592,0.8212902080385623,0.5726762979321869
Alfotbreen,2068-02-01,0.17210711011458465,0.28858148622879437,-0.6950729592227448
Alfotbreen,2068-03-01,-0.2384089625805784,-0.47540853239745173,-0.3743850669588524
Alfotbreen,2068-04-01,-0.12393579681354198,-0.6007987224532978,-0.14493651123814347
Alfotbreen,2068-05-01,0.07327014016808786,-0.5054110444656709,0.47522532564740705
Alfotbreen,2068-06-01,0.21701945726393776,-0.14577270112198767,-0.22918235367341666
Alfotbreen,2068-07-01,-0.07797232761308216,-0.04228845085227009,-0.6531784825715615
Alfotbreen,2068-08-01,0.08749648692391969,0.033661483795801646,0.28691983343310984
Alfotbreen,2068-09-01,0.02859311644037793,-0.1808709082937677,0.1305719548065359
Alfotbreen,2068-10-01,0.8150389680549736,0.2535058547535716,-0.4269201987924356
Alfotbreen,2068-11-01,0.19535916288128066,-0.1338336499427544,0.1913913362207447
Alfotbreen,2068-12-01,-0.48864525642512385,-0.006728750791943401,-0.44749136871968725
Alfotbreen,2069-01-01,0.3838729496833675,-0.6887628430200771,-0.6807239425636166
Alfotbreen,2069-02-01,1.182310016780938,-0.9276152930821956,-0.8478603845168339
Alfotbreen,2069-03-01,-0.1775696112792121,-0.10840725765411553,0.959033876750022
Alfotbreen,2069-04-01,-0.326234483335818,-0.2577250290346064,-0.8393074115679987
Alfotbreen,2069-05-01,-0.07788837012203496,-0.23718397059526275,0.47986727297307835
Alfotbreen,2069-06-01,0.6079677617622358,-0.782068870968696,-0.7017074827487925
Alfotbreen,2069-07-01,0.06411992819356192,0.18458026476002534,0.0017897008031687162
Alfotbreen,2069-08-01,-0.2545173850624636,0.11608852842800378,0.1313913099823771
Alfotbreen,2069-09-01,0.03293319086486534,-0.16429015073233585,-0.6488256207061633
Alfotbreen,2069-10-01,0.380879311070659,-0.6874929190696916,-0.6707394417609264
Alfotbreen,2069-11-01,0.09995301148989862,-0.5806730409399465,-0.4268093124059731
Alfotbreen,2069-12-01,0.4576979691123893,-1.1564204492996277,-0.7614209167013392
Alfotbreen,2070-01-01,-0.1632906665282647,-0.4442965387399889,0.1869541186879662
Alfotbreen,2070-02-01,0.5434471808286501,-0.28739659076645646,0.7854255220879235
Alfotbreen,2070-03-01,-0.11078663579803803,0.7216371486767871,1.177431366980613
Alfotbreen,2070-04-01,0.5530644639496182,-0.9745047932002183,0.14459758298551229
Alfotbreen,2070-05-01,-0.25492181363204436,-0.45655644813842655,-0.2201321608444465
Alfotbreen,2070-06-01,0.08680592346028031,-0.11513189043537969,-0.5571417865013248
Alfotbreen,2070-07-01,0.4012251703126289,-0.20970285296834956,-0.22590292053135874
Alfotbreen,2070-08-01,0.5935046353430095,-0.02155993391439046,-0.38311073142964175
Alfotbreen,2070-09-01,0.5632309286247389,-0.19350814300995997,-0.6055321968774424
Alfotbreen,2070-10-01,0.1862477478758373,-0.03760421192400071,0.4848805039349881
Alfotbreen,2070-11-01,0.9652748575475608,-0.673720520911437,0.46766514020530153
Alfotbreen,2070-12-01,0.2767719958183717,0.45889661617876937,0.3065114746358492
Alfotbreen,2071-01-01,-0.7020950599030912,0.4993868011705757,0.41018056360868466
Alfotbreen,2071-02-01,-0.6876344854391374,0.0008611112297961786,-0.27531768033877024
Alfotbreen,2071-03-01,-0.6671714457331186,0.3384519837288915,0.002548942247012654
Alfotbreen,2071-04-01,0.5084591628559149,-0.49544045054316727,0.045166112353805944
Alfotbreen,2071-05-01,-0.5517179656937664,-0.20148184994892315,0.13855719357096377
Alfotbreen,2071-06-01,-0.5763442865052824,0.3603929447521554,-0.2764490399124501
Alfotbreen,2071-07-01,-0.3456594702909303,-0.24839481196780064,-0.04130122226223642
Alfotbreen,2071-08-01,-0.09707611228611807,-0.7196880764670263,-0.024201818089773428
Alfotbreen,2071-09-01,-0.27970467484965145,-0.1797356971324501,0.1758695519138543
Alfotbreen,2071-10-01,-0.2606705934836026,-1.1271486311217764,-0.3162939643083231
Alfotbreen,2071-11-01,-1.212133210309143,0.15801126348430858,-0.20808398258113017
Alfotbreen,2071-12-01,0.1835352406928696,1.0888233471591564,-0.38988337905915627
Alfotbreen,2072-01-01,0.20189914745224433,-0.04150750348677851,-0.03279512143751312
Alfotbreen,2072-02-01,1.1764942574469908,0.5703607428704229,-0.7973266329384083
Alfotbreen,2072-03-01,0.7821016848210416,0.3446654260564886,-0.7837212894931497
Alfotbreen,2072-04-01,-0.39242889268914727,-1.076584758167473,0.4307382872036128
Alfotbreen,2072-05-01,-0.19184661785313048,0.5758482954137925,-0.005665437821645199
Alfotbreen,2072-06-01,-0.6541271243177494,-0.39019894311480713,0.8177059347145562
Alfotbreen,2072-07-01,0.49749600828136015,-0.3748713388600711,0.5179110033574371
Alfotbreen,2072-08-01,-0.3652419397541545,-0.123969916138027,0.13222203077357142
Alfotbreen,2072-09-01,-0.21833401920546325,0.00454661560519969,0.6298779972609956
Alfotbreen,2072-10-01,-0.9447035466194286,-0.3945253906936847,0.9639501769775908
Alfotbreen,2072-11-01,-0.404787364963938,0.028776255234901082,-0.5562332162849403
Alfotbreen,2072-12-01,-0.10746349839390822,0.2777717826589098,0.38254551715106766
Alfotbreen,2073-01-01,-0.7691805001050395,-1.2070030671848921,0.28452382465114195
Alfotbreen,2073-02-01,-0.2602096592006354,-0.40285545072782797,-1.1101387518224233
Alfotbreen,2073-03-01,-0.5933692170341254,-0.05491701662984936,-0.6575155920665589
Alfotbreen,2073-04-01,1.048328780679295,-0.1044714763494925,-0.0004347248593004072
Alfotbreen,2073-05-01,0.12432099681000204,-0.38291738726417174,-0.007855455620466
Alfotbreen,2073-06-01,-0.32718464081360993,0.12312491067129357,0.10326619225402574
Alfotbreen,2073-07-01,0.2699982285451839,0.046123328870813,-0.14050389452762133
Alfotbreen,2073-08-01,0.015990872471632587,0.3670682809830974,-0.22500682414725962
Alfotbreen,2073-09-01,-0.07018821060170434,-0.00856110543663677,0.5554271022026668
Alfotbreen,2073-10-01,-0.18167850823568463,0.0898862067689765,-0.32439979486590126
Alfotbreen,2073-11-01,0.3914874614007202,0.3310203083643903,-0.39121869568740514
Alfotbreen,2073-12-01,-0.01608425829559183,-0.43961775068608494,-0.11972713022597277
Alfotbreen,2074-01-01,-0.5302299559530314,0.05138501845907755,0.3730313852215052
Alfotbreen,2074-02-01,0.22914593907413672,-0.4515847239370013,-0.6745788727558727
Alfotbreen,2074-03-01,-0.40412736575927094,-0.8262384315386458,-0.24647416646514161
Alfotbreen,2074-04-01,-0.8942131806121812,0.5187339311755156,-0.1226462933026321
Alfotbreen,2074-05-01,-0.39215423096620095,-0.14462935205407781,-0.813953137215357
Alfotbreen,2074-06-01,-0.6944317298422192,-0.801631810862172,0.2329079054544114
Alfotbreen,2074-07-01,0.06008282793049045,-0.07301842137941504,0.2213299065270654
Alfotbreen,2074-08-01,0.30260137183022856,-0.15147838300979763,0.07853121632715068
Alfotbreen,2074-09-01,0.1675887712056794,0.2776932913681787,-0.9691413827816252
Alfotbreen,2074-10-01,-0.0764070751278917,-0.41044706594148833,0.9325448903657798
Alfotbreen,2074-11-01,0.35174531554229543,0.19772221154336797,0.7011411912835764
Alfotbreen,2074-12-01,0.03802844551838987,-0.4142970138393527,0.28366494176597223
Alfotbreen,2075-01-01,0.001273272714853409,0.4649255659314231,-0.22811064334045006
Alfotbreen,2075-02-01,0.32650879778248054,0.1404054900567326,-0.5769920804262788
Alfotbreen,2075-03-01,-0.018581777771152667,-0.7280613233821165,-0.5209301804363583
Alfotbreen,2075-04-01,0.10659207791561266,-0.17240664291733587,0.5311031192108754
Alfotbreen,2075-05-01,-0.4587539305065171,-0.30171749172316137,0.1629045795507732
Alfotbreen,2075-06-01,0.6388107286207046,0.6255736952807514,-0.45411363460701654
Alfotbreen,2075-07-01,0.6915119228985561,0.0027890414912706634,-0.14600200425372864
Alfotbreen,2075-08-01,-0.026485379817704966,-0.0862329063325425,0.40518783810205045
Alfotbreen,2075-09-01,0.6192165312374026,0.15744684426121425,-0.1892098165143232
Alfotbreen,2075-10-01,-0.08796285152832943,-1.012602056932461,-1.3425788796154128
Alfotbreen,2075-11-01,-0.6678226408207518,-0.23835536405482138,-1.2363251913825843
Alfotbreen,2075-12-01,-0.008211653794671044,0.4899720473750803,-1.0930571797292332
Alfotbreen,2076-01-01,-1.1352311662640127,0.6106376439008468,-1.0961593768510702
Alfotbreen,2076-02-01,-0.13279562765377612,0.12293543387696144,-0.5214956531525408
Alfotbreen,2076-03-01,-0.5135124511979812,-0.8407833642061139,-0.07365236277020695
Alfotbreen,2076-04-01,0.24886412229354246,-0.6384473277622243,-0.3924607084819309
Alfotbreen,2076-05-01,0.05431980826008286,-0.12317264513589189,-0.15392567872679155
Alfotbreen,2076-06-01,-0.2588058293816751,0.02134558477306901,0.27740546759409646
Alfotbreen,2076-07-01,0.2109204234762867,0.3980852883089387,-0.32709971588491854
Alfotbreen,2076-08-01,-0.6675614623591438,0.7576567617000195,-0.19497781788947197
Alfotbreen,2076-09-01,-0.5400225647788801,0.24758999403746493,-0.3872627205252234
Alfotbreen,2076-10-01,0.13040809748731622,-0.11859863901896832,-0.021304631352176317
Alfotbreen,2076-11-01,0.28102621121519894,0.6033410541561518,-0.171045152825833
Alfotbreen,2076-12-01,0.0632628569932182,-0.17341116712596297,0.06907978213842902
Alfotbreen,2077-01-01,-0.9947888854657819,0.19055458903101577,0.3826725812746161
Alfotbreen,2077-02-01,-1.2565490505914465,0.7129133726829419,0.5882733569588418
Alfotbreen,2077-03-01,-0.8405081082799549,-0.4924108737531873,0.24744621663407237
Alfotbreen,2077-04-01,-0.20480273621543418,-0.16633916305421056,-0.5493729501080477
Alfotbreen,2077-05-01,-0.06841418352027352,0.22577190627168475,-0.6347124517231992
Alfotbreen,2077-06-01,0.14181865038374655,-0.5077789208006133,-0.08946601685832851
Alfotbreen,2077-07-01,-0.022434605020755814,0.21134846468134486,0.19299528279673042
Alfotbreen,2077-08-01,0.0884405106364543,0.4330803382995811,-0.24465680236555298
Alfotbreen,2077-09-01,-0.48411533473922147,-0.5161348690497712,0.10483785500483567
Alfotbreen,2077-10-01,-0.5945627868422676,-0.600883385737785,0.4472009918289463
Alfotbreen,2077-11-01,-0.0617855263853572,-0.6430035730731746,1.295629487771981
Alfotbreen,2077-12-01,0.2191887708265526,-0.7845613827346729,-0.1567573355064067
Alfotbreen,2078-01-01,0.18523204742814323,-0.05660363231307893,0.21179947429201476
Alfotbreen,2078-02-01,-0.6790254954772893,-1.4131189017160153,0.3583686704856448
Alfotbreen,2078-03-01,-0.3338309041294159,-0.27757422791141345,0.4693389602300854
Alfotbreen,2078-04-01,-0.5132701373484466,0.15823475156099973,-0.54574099598252
Alfotbreen,2078-05-01,0.1553090187766954,-0.17496983352666354,-0.5256030579491585
Alfotbreen,2078-06-01,-0.17308522939199664,-0.17660299416648853,0.1612302960585457
Alfotbreen,2078-07-01,-0.6246693523819192,-0.27315217385359075,0.37562889560006635
Alfotbreen,2078-08-01,-0.13229834004826488,-0.14145395486592055,-0.07775554654912813
Alfotbreen,2078-09-01,-0.18372092997545278,0.31503888931920493,-0.09830002212767545
Alfotbreen,2078-10-01,0.5458612603353684,0.5456808448764887,-0.800587849863129
Alfotbreen,2078-11-01,0.7445312493150463,-0.27954444255745753,0.45959387985800837
Alfotbreen,2078-12-01,-0.48307424984319525,-0.8812481007257942,-0.07156776108848054
Alfotbreen,2079-01-01,-0.3055436712202219,-0.7634174093202817,0.07493463872276014
Alfotbreen,2079-02-01,0.5278952405593512,0.10237442680015289,0.07475747863810313
Alfotbreen,2079-03-01,0.9582680094085013,-1.0881578638333194,-0.11557988939322128
Alfotbreen,2079-04-01,-0.49523751653559267,0.07288461338103848,0.017603661943667647
Alfotbreen,2079-05-01,0.46189500473145384,-0.5351562314497159,-0.16193392751071986
Alfotbreen,2079-06-01,-0.529174628788562,-0.41522422867980796,-0.037426249063650725
Alfotbreen,2079-07-01,-0.09041227702583078,-0.11443637759554824,0.26537165000719176
Alfotbreen,2079-08-01,-0.38871025183343094,-0.20203131435380314,0.1343373207301973
Alfotbreen,2079-09-01,0.10539270415738032,0.5301511182144623,0.36255682328395195
Alfotbreen,2079-10-01,-0.7098448805684505,-0.18088451133734526,-0.2171964866316165
Alfotbreen,2079-11-01,0.379799649939172,-0.07192991324928336,-0.9149305854576206
Alfotbreen,2079-12-01,-0.5956247429387523,-0.26292010453585274,-0.16803097115361154
Alfotbreen,2080-01-01,-0.7800217661180131,-0.9817237063543555,-0.7970343185747314
Alfotbreen,2080-02-01,-0.1002325831759202,-0.6950777036671364,1.0398773820847487
Alfotbreen,2080-03-01,-0.09557134451705966,0.2235022965469418,-0.37664759180142565
Alfotbreen,2080-04-01,-0.764521583953712,0.006228900334746601,-0.5657788736823384
Alfotbreen,2080-05-01,-0.08374010770786582,0.32524010264016545,0.2416676195039266
Alfotbreen,2080-06-01,-0.6257118636862234,0.2965814493296794,-0.001754802428384307
Alfotbreen,2080-07-01,0.22559361167352635,0.16824851225269497,-0.49758668978323867
Alfotbreen,2080-08-01,0.0026513836974657295,-0.30334845431803004,0.4078939205294616
Alfotbreen,2080-09-01,0.5893614615182093,-0.29709745430729334,0.12527287671614698
Alfotbreen,2080-10-01,-0.7737477631018704,-0.4539629246620167,0.14721957502806904
Alfotbreen,2080-11-01,0.997453766580907,-1.1093242037815632,-0.5232616866839083
Alfotbreen,2080-12-01,0.6038688890841,-0.7590035212402014,-0.5447274875164394
Alfotbreen,2081-01-01,0.15023736997340706,-0.2806171085815811,-0.3161640165628454
Alfotbreen,2081-02-01,0.29154776919410635,-0.3104913948360691,-0.40047528535901095
Alfotbreen,2081-03-01,1.3014535958482478,-0.7152495863816464,-0.5064203350748423
Alfotbreen,2081-04-01,-0.41635271464987794,0.4251223432020248,-0.46417160064262264
Alfotbreen,2081-05-01,0.6249492250102375,0.5171337167695571,-0.20997308998278863
Alfotbreen,2081-06-01,0.4026699191787868,0.638906954772975,0.4675993822547175
Alfotbreen,2081-07-01,0.509819706449799,0.5232950050628086,-0.21444659739775462
Alfotbreen,2081-08-01,0.5715298831071135,-0.20467388381589488,0.02898141505821501
Alfotbreen,2081-09-01,-0.37591540077604507,-0.3136987530127496,-0.032000877707073584
Alfotbreen,2081-10-01,0.5830972890739373,0.17606050651755123,0.4952098882271325
Alfotbreen,2081-11-01,0.7452903200642783,-0.7443381848351539,0.2591936599182087
Alfotbreen,2081-12-01,0.26609606835595156,0.2785310458468753,0.20080492873401168
Alfotbreen,2082-01-01,-0.963011406664548,0.17053149655730027,-0.41783399270370847
Alfotbreen,2082-02-01,-0.013350143920120147,0.6739368792616043,-1.0990851112230187
Alfotbreen,2082-03-01,0.04313374464821992,-0.3386821066635671,0.5393663611961091
Alfotbreen,2082-04-01,0.018300556549837754,0.17547016717228425,-0.30403095787301276
Alfotbreen,2082-05-01,0.0014867097216251224,-1.0524878671888602,-0.19388986355840543
Alfotbreen,2082-06-01,-0.3667799734488284,0.2876516181151842,0.20608097962750893
Alfotbreen,2082-07-01,-0.47699653469633985,-0.02760616647088629,0.28473146588117326
Alfotbreen,2082-08-01,-0.06851798361541325,0.08579564771676072,-0.12128944714235494
Alfotbreen,2082-09-01,0.7871920762691241,0.07577537539179165,-1.0349937241951448
Alfotbreen,2082-10-01,0.23043251844503357,0.4866918434731387,-0.09645095679010096
Alfotbreen,2082-11-01,0.8222765288725261,-0.16698460283392813,0.8824290826099978
Alfotbreen,2082-12-01,0.08713651465484984,-0.5414340691995635,-0.6856342665332896
Alfotbreen,2083-01-01,0.6722039894090003,-0.26555988315632134,-0.9615310236471376
Alfotbreen,2083-02-01,-0.17379390572945708,1.9271999547759844,0.39602223658138147
Alfotbreen,2083-03-01,0.724420382880767,-0.30176560832353444,-0.94378498165746
Alfotbreen,2083-04-01,0.3827383130874318,0.28820337920027894,0.4697624286119624
Alfotbreen,2083-05-01,0.058937217123339596,0.620310048957578,-0.30897418890564154
Alfotbreen,2083-06-01,0.1801571736874572,-0.027668624598726488,-0.011660858611539218
Alfotbreen,2083-07-01,-0.26759607695711124,-0.15705536202557344,0.3710189083986548
Alfotbreen,2083-08-01,0.02885888140531463,0.000693836467681095,-0.37448279684057456
Alfotbreen,2083-09-01,-0.05761050408772463,-0.43047491541119914,0.03344709890163053
Alfotbreen,2083-10-01,-0.39666624139691126,-0.4108707266683438,0.4192924765385646
Alfotbreen,2083-11-01,-0.2796463853688824,0.1153218929159691,-0.5256712965727509
Alfotbreen,2083-12-01,-0.4833414107551571,-0.9644810920767791,-0.34442074596035566
Alfotbreen,2084-01-01,-0.4964825301725653,1.4156420579771503,-0.08862412960876061
Alfotbreen,2084-02-01,-0.26106294832086246,0.7982837133025958,-0.41333728502917366
Alfotbreen,2084-03-01,-0.339605987912883,0.5872527468108817,-0.40562175996069166
Alfotbreen,2084-04-01,-0.30834961637900815,-0.8845956736969569,0.24722617036427028
Alfotbreen,2084-05-01,0.284706982156782,-0.16568320375150733,-0.46430522907510574
Alfotbreen,2084-06-01,0.28136437747564325,-0.6649005623693424,0.03614599279171395
Alfotbreen,2084-07-01,-0.12176357743982909,-0.004974165043615415,-0.8053096157462285
Alfotbreen,2084-08-01,0.41692095432131476,-0.07138649454809111,-0.21384886107726322
Alfotbreen,2084-09-01,-0.36468222615611157,-0.3540925110841713,-0.5897864925960142
Alfotbreen,2084-10-01,0.18555099414738319,-0.35423425089055316,-0.7354867718298066
Alfotbreen,2084-11-01,-0.09902802668301457,-0.41211688936534885,0.3041662905679985
Alfotbreen,2084-12-01,0.7309286364961398,0.5191840205457284,0.5646902275746842
Alfotbreen,2085-01-01,-0.16023723589435826,-0.2711151286063019,-0.6388924111092894
Alfotbreen,2085-02-01,-0.448331914968536,-0.07691968165381717,-0.3150476571695234
Alfotbreen,2085-03-01,0.1443019774109152,-0.5695792639243229,-0.4526494064282258
Alfotbreen,2085-04-01,0.2221339200426429,-0.38298232719781367,-0.04288841377085528
Alfotbreen,2085-05-01,0.12785534318364888,0.21010671355511512,0.028916612333849175
Alfotbreen,2085-06-01,-0.4924400178803987,0.43277183033448186,-0.33835209353857776
Alfotbreen,2085-07-01,-0.7158986362286993,0.255331442111086,-0.14755343269071333
Alfotbreen,2085-08-01,-0.6762885643043424,-0.11087320623981807,0.14558366772875894
Alfotbreen,2085-09-01,0.20597654421163017,0.0511314000433953,-0.05027770710449539
Alfotbreen,2085-10-01,0.05316004799061547,0.4550045440206521,0.38286923084175434
Alfotbreen,2085-11-01,0.43798664899041767,0.8803215472296975,0.08698881097428683
Alfotbreen,2085-12-01,0.49314274809912845,0.278690573700178,0.30884647087402295
Alfotbreen,2086-01-01,0.0896715515921213,-0.17454817189542302,-0.5428969642484277
Alfotbreen,2086-02-01,-0.604649542775289,-0.3319148665723789,0.21843155980667048
Alfotbreen,2086-03-01,-0.08278416730305362,-0.17860589716989006,0.7630605463566491
Alfotbreen,2086-04-01,-0.6426308218744174,0.06902765702876323,0.84911029936866
Alfotbreen,2086-05-01,0.09005763668654891,0.2731469389956786,0.01747928231336548
Alfotbreen,2086-06-01,0.17532489560675923,-0.27396436438978067,0.046411935191417814
Alfotbreen,2086-07-01,-0.31936566753080514,-0.10926222957620475,0.12107572344282992
Alfotbreen,2086-08-01,-0.4248196987466238,0.07598219605706409,0.04569567936497715
Alfotbreen,2086-09-01,-0.7219007062382459,0.4898408299658059,0.17834832329491493
Alfotbreen,2086-10-01,0.854446897371331,-0.20818021596264236,-0.1570954302082138
Alfotbreen,2086-11-01,0.6196069746613602,0.25840596009714933,-0.45906349243176625
Alfotbreen,2086-12-01,0.05948961463567456,-0.25891707303293027,0.19195099972819282
Alfotbreen,2087-01-01,-0.022738348625279115,-0.11279530909197322,-1.0249598557306572
Alfotbreen,2087-02-01,-0.5479124532327833,0.47902187375225047,-0.030306182122163617
Alfotbreen,2087-03-01,-0.34378800976174584,0.23452001166246858,-0.11852466725308312
Alfotbreen,2087-04-01,-0.1898914384140832,1.3889754563814323,0.3595532440389793
Alfotbreen,2087-05-01,-0.27748457383345587,-0.05208564522391074,-0.22538817886049176
Alfotbreen,2087-06-01,0.5662847255124464,0.23878228754123154,0.07407565012943783
Alfotbreen,2087-07-01,-0.055357540711954804,0.058681102472210124,0.36825974617583007
Alfotbreen,2087-08-01,-0.19658329105716177,0.2139740268126548,0.37400437555083393
Alfotbreen,2087-09-01,-0.21578060523031073,-0.5346680139190013,-0.27947882216592174
Alfotbreen,2087-10-01,-0.10468507826324998,0.18613321890197862,-1.1576379013675082
Alfotbreen,2087-11-01,-0.37064517293799276,-0.5966796609087631,-0.3794171724581023
Alfotbreen,2087-12-01,0.38920216960996884,-0.6218377777581022,-0.5000498750783638
Alfotbreen,2088-01-01,0.3310762507910969,-0.2108603838488494,-0.22357640379147858
Alfotbreen,2088-02-01,0.6706058339259938,-0.26361891155174444,-0.5924951737790635
Alfotbreen,2088-03-01,0.5740972106853962,-0.5990090370798581,0.6976733944006707
Alfotbreen,2088-04-01,0.3557304646348573,-0.615615546757616,0.5763215920466641
Alfotbreen,2088-05-01,0.01676915623361244,0.6082605711811742,0.8989928383778568
Alfotbreen,2088-06-01,0.2470904914774291,-0.39915409364459764,-0.15931393907036315
Alfotbreen,2088-07-01,-0.43118468557066736,0.3952196186786295,0.28655958205868587
Alfotbreen,2088-08-01,-0.18592370922251977,0.28968635158579764,-0.09006997117123987
Alfotbreen,2088-09-01,-0.2686059013275189,0.5714658095683933,-0.39626063345773366
Alfotbreen,2088-10-01,-0.08541115430904427,0.4374777628986157,-0.8158969953545783
Alfotbreen,2088-11-01,0.355596548787787,-0.7153431827729412,0.6169019647215211
Alfotbreen,2088-12-01,-0.41368664101875186,-0.6082702159652453,-0.1742894536437777
Alfotbreen,2089-01-01,0.0448185302820556,-0.35700268664730483,0.18321081263816597
Alfotbreen,2089-02-01,-0.15245189838408427,-0.017481849427960102,-0.21700375261208907
Alfotbreen,2089-03-01,-0.02107403786180892,0.35717544649533955,0.7234781474577491
Alfotbreen,2089-04-01,-0.08146161425093153,-0.3315219399445948,-0.20034026208544078
Alfotbreen,2089-05-01,-0.7569188658242925,-0.817420459754728,-0.07603157956697926
Alfotbreen,2089-06-01,-0.018795502256232135,-0.16119923607002193,-0.22457060530214198
Alfotbreen,2089-07-01,-0.24540601714212187,0.3026805262264097,-0.09187349105653912
Alfotbreen,2089-08-01,-0.8124173492974528,-0.47010487400228634,0.005415813427536287
Alfotbreen,2089-09-01,-0.11756068794914015,0.42160463806066256,0.23652637650694688
Alfotbreen,2089-10-01,0.6275140577871846,0.4372587623736584,0.19381506511098193
Alfotbreen,2089-11-01,-0.880983469023183,-0.7794983243224546,0.0964292028212923
Alfotbreen,2089-12-01,0.49817119015451133,-0.3940993538710866,-0.4094002403570079
Alfotbreen,2090-01-01,0.14959192745105676,0.18863901391738105,-0.12046766967223314
Alfotbreen,2090-02-01,1.1304470892335996,-0.6298551726248599,-0.17048636886657456
Alfotbreen,2090-03-01,0.2292650911659997,-0.20937514065023236,-0.5353007255011856
Alfotbreen,2090-04-01,-0.5832433760547423,1.0974714086559756,-0.1799750050120731
Alfotbreen,2090-05-01,-0.4259409989812552,0.23930546690684698,0.49649549523797526
Alfotbreen,2090-06-01,-0.5496994087543187,-0.051637034944371836,0.22193437278004913
Alfotbreen,2090-07-01,-0.361337945742457,0.13319257611820876,-0.23243702455498935
Alfotbreen,2090-08-01,-0.34304461880440834,0.24792185443778503,0.20514891346340822
Alfotbreen,2090-09-01,-0.0972212571541422,0.22299930709720975,-0.08780807991154556
Alfotbreen,2090-10-01,-0.1366042018001572,-0.6029604093226553,0.9089109144068434
Alfotbreen,2090-11-01,0.2756168852281275,0.668810133863473,-0.09141151106936779
Alfotbreen,2090-12-01,-0.7464440000233709,-0.21940595322655412,-0.9008299095396132
Alfotbreen,2091-01-01,-0.07475818076554869,0.6025237344822131,-0.722704211133396
Alfotbreen,2091-02-01,-0.09351461588285216,0.9938921606002804,-0.17892101453120154
Alfotbreen,2091-03-01,-0.45101484670574443,0.8117195276895002,-1.331454279320175
Alfotbreen,2091-04-01,0.7566591456303998,-0.5272760589432856,0.3435373259189425
Alfotbreen,2091-05-01,0.37911907957412083,-0.29911553226952586,0.07454700440902644
Alfotbreen,2091-06-01,-0.5720537882426417,-0.4584680615024144,-0.5667446328533251
Alfotbreen,2091-07-01,0.22079896667057988,-0.30234319620026157,0.05761281304353508
Alfotbreen,2091-08-01,0.48536120211267303,0.22077007856240924,0.12023395232201499
Alfotbreen,2091-09-01,-0.027877347591295582,-0.1562676749064206,0.30740582229760893
Alfotbreen,2091-10-01,0.20558407443658985,-0.1291570774541382,-0.07501348729309483
Alfotbreen,2091-11-01,0.7010977819747742,0.24251816851942523,-1.2909660588017846
Alfotbreen,2091-12-01,-0.2510781652514267,-0.3618731119880203,0.28688864324058194
Alfotbreen,2092-01-01,-0.36989472319802513,-0.45452087118317525,-0.3386608934220399
Alfotbreen,2092-02-01,0.652422042197756,-0.12796506769676871,-0.5622207807293218
Alfotbreen,2092-03-01,0.050909929007096344,0.7586332487738633,-0.3349908933437958
Alfotbreen,2092-04-01,0.1736837218161137,0.3157881807443988,-0.13352917892145988
Alfotbreen,2092-05-01,-0.6204036626820352,0.28528704872705757,-0.19416683308500524
Alfotbreen,2092-06-01,0.19985454204742883,-0.47323979223746165,0.3259546613211513
Alfotbreen,2092-07-01,-0.003056335295627835,-0.4686803657568645,0.13522239878433015
Alfotbreen,2092-08-01,0.09593702981195172,-0.04056237569155612,0.17524213241161987
Alfotbreen,2092-09-01,0.39280400388495895,-0.9042109923082915,-0.12746000684562078
Alfotbreen,2092-10-01,-0.1622804270806067,-0.0039622305978703224,-0.008267123347399166
Alfotbreen,2092-11-01,-0.4691567402284736,-0.2138210234651543,-0.20828603184037017
Alfotbreen,2092-12-01,-0.3655736713018723,-0.17487488289135356,-0.2670226405324035
Alfotbreen,2093-01-01,0.4821223279933931,0.5921469089131385,0.07728092044554075
Alfotbreen,2093-02-01,-0.20158119894873053,1.0131886174485878,-0.22123257046370495
Alfotbreen,2093-03-01,0.7781052354891226,0.5888208061476096,-0.7102233424542271
Alfotbreen,2093-04-01,-0.2292136217348729,0.20867841443358023,0.36898085487553695
Alfotbreen,2093-05-01,-0.2968809628954792,0.32541359463986286,1.075503325833038
Alfotbreen,2093-06-01,-0.30276068070102363,0.3141885293797286,0.4347761358006826
Alfotbreen,2093-07-01,-0.11451198734726974,-0.5674413338452571,0.48391642997959544
Alfotbreen,2093-08-01,-0.012716250424103417,-0.5553046563374674,0.11871906309708735
Alfotbreen,2093-09-01,-0.33600148560362536,-0.7927273416346706,0.27463074787627223
Alfotbreen,2093-10-01,0.4522154328070222,0.4250202642664571,-0.8637032369979355
Alfotbreen,2093-11-01,0.08445416702815957,-0.3832175537198807,-0.6488802866800566
Alfotbreen,2093-12-01,0.08202216877028635,0.8145043649528136,0.012855326332708278
Alfotbreen,2094-01-01,-0.33592437463408126,-0.9418850796500334,-0.6344266179218226
Alfotbreen,2094-02-01,0.3440697696476364,1.1032942738391622,-0.8807959848761726
Alfotbreen,2094-03-01,-0.3986541117404839,-0.2245245322980696,0.3065275953917817
Alfotbreen,2094-04-01,0.5901192517375251,0.0735907326445378,-0.3432281301240736
Alfotbreen,2094-05-01,0.4211195582751826,0.24753894017059183,-0.4097602040041565
Alfotbreen,2094-06-01,0.1462967254555482,0.6308123988085359,-0.6337785230618536
Alfotbreen,2094-07-01,0.07123140227027801,-0.12448200399711552,-0.5997720966741112
Alfotbreen,2094-08-01,0.40788115018183896,0.42040651402418194,0.58324171762314
Alfotbreen,2094-09-01,0.1733750664728441,-0.09055875691688009,0.6216437855603398
Alfotbreen,2094-10-01,0.66612828752159,0.1221579040980433,-0.5677449640198947
Alfotbreen,2094-11-01,-0.4244495299875895,-0.6399821443871211,0.1812565410877421
Alfotbreen,2094-12-01,0.06868795644004376,0.29831468839010356,-0.42169089191937353
Alfotbreen,2095-01-01,-0.1632376380810307,0.7208393048510832,-0.6209052433586737
Alfotbreen,2095-02-01,-1.4770696200580744,-0.7655764039187112,0.327524800656725
Alfotbreen,2095-03-01,-0.5664657163748773,0.15681298135404467,-0.5548312263522958
Alfotbreen,2095-04-01,-0.5818592831958739,-0.2732942041547542,-0.04647961307407727
Alfotbreen,2095-05-01,-0.21027548105382202,0.24719028900489382,-0.4739174927549897
Alfotbreen,2095-06-01,0.3317657764339083,0.3974773831110851,0.04511741431957083
Alfotbreen,2095-07-01,-0.13546246166969553,0.39955034212878876,0.03164823382325724
Alfotbreen,2095-08-01,-0.25348166506734077,-0.13475375184512062,-0.02736312606394258
Alfotbreen,2095-09-01,0.032462057768812023,0.49192509041359805,-0.6545013281192201
Alfotbreen,2095-10-01,-0.24788664013121361,-0.2964255269076577,-0.9234157537411612
Alfotbreen,2095-11-01,-0.16923264636787916,0.7502586348904775,-0.06931396323471835
Alfotbreen,2095-12-01,-0.5720679808801278,0.749092740063745,-0.1349425250206873
Alfotbreen,2096-01-01,-0.3764914610949502,-0.08321038274780079,-0.5549535947490566
Alfotbreen,2096-02-01,-0.7529540224438221,-0.12213576257649676,-0.9241999980023786
Alfotbreen,2096-03-01,-0.5475729553492671,-0.43215974383202727,-0.25639821977864413
Alfotbreen,2096-04-01,0.5455300737596439,-0.18618868234738703,-0.8525700230435124
Alfotbreen,2096-05-01,-0.24889063659109578,-0.3979739574298879,-0.32757799640246105
Alfotbreen,2096-06-01,-0.4854916116220079,0.11193199119417556,-0.49889068750984533
Alfotbreen,2096-07-01,-0.3016843876849836,-0.16835679912509824,-0.18860626518505655
Alfotbreen,2096-08-01,0.14096500940025058,-0.04048399108854528,-0.4927861765420746
Alfotbreen,2096-09-01,0.25095836180507813,-0.24865636738453412,-1.3259794743556148
Alfotbreen,2096-10-01,-0.4375412127032425,0.3014831059463579,-1.2900788194584634
Alfotbreen,2096-11-01,-0.13682464698349703,-0.3541874102895375,0.14924413407945689
Alfotbreen,2096-12-01,-1.035381284211667,-0.34189483172879337,-0.381418755743921
Alfotbreen,2097-01-01,0.5855768861406612,-0.8993075030619062,-0.5491083030242068
Alfotbreen,2097-02-01,-0.2914199722276775,-0.6633190379102585,-1.4602001348099278
Alfotbreen,2097-03-01,0.5774473991740263,0.2179488995405674,-0.6186018529820118
Alfotbreen,2097-04-01,0.3957586466686167,-0.8651516271958863,-0.8149809734354947
Alfotbreen,2097-05-01,-0.45075969751254696,0.5257508049123574,-0.2727430760491931
Alfotbreen,2097-06-01,-0.10796657972213851,0.016170980960717885,-0.09634435276209585
Alfotbreen,2097-07-01,-0.2635831493001523,-0.22872774524153816,0.3057211507696747
Alfotbreen,2097-08-01,-1.1466658910614431,0.2768419115784969,-0.12316894235091418
Alfotbreen,2097-09-01,-1.2671152284244203,0.4115760893993883,-0.018567685192902365
Alfotbreen,2097-10-01,-0.5039892536636295,0.7952794059363425,0.13546323184431172
Alfotbreen,2097-11-01,-0.2331901040386751,-1.0375485225385692,-0.4722138590800469
Alfotbreen,2097-12-01,-0.008823690490620385,-0.1460872064891542,0.32118375344113315
Alfotbreen,2098-01-01,-0.10407049000200001,-0.49055129673308634,0.15750665060217914
Alfotbreen,2098-02-01,0.6683982511268303,0.4074402796223433,0.15367396887446683
Alfotbreen,2098-03-01,-0.13803481671826706,-0.21637697873958728,-0.8850596207983017
Alfotbreen,2098-04-01,0.7188684993216415,0.1869398040473468,-0.396916661188293
Alfotbreen,2098-05-01,0.29806493761214053,-0.3101627875933484,0.1007371805108842
Alfotbreen,2098-06-01,0.09280559046352281,0.4054577493994918,0.17116586751815557
Alfotbreen,2098-07-01,-0.063673286630867,0.4106421590727432,0.14513233850278065
Alfotbreen,2098-08-01,0.12086938972884022,-0.4733033412735217,0.08934795777218825
Alfotbreen,2098-09-01,-0.2203169411019372,-0.09165994767894892,-0.317569478076998
Alfotbreen,2098-10-01,-0.6150440317029213,-0.09932181309607474,-0.5180963087968687
Alfotbreen,2098-11-01,0.8150815853201668,-0.5508530703934721,-0.13081516098106544
Alfotbreen,2098-12-01,-0.24919341057995767,0.47330094696493424,-0.30686910095045056
Alfotbreen,2099-01-01,-0.12406481352900083,-0.7734811606125511,-0.4409462540043491
Alfotbreen,2099-02-01,0.4870257323698213,-0.05590197478730793,0.3576190654510129
Alfotbreen,2099-03-01,0.4645348742720136,-0.13745664275408645,0.4963017274173043
Alfotbreen,2099-04-01,-0.19269969296287479,-0.1523960267529999,0.2541914890593527
Alfotbreen,2099-05-01,-0.1845001305555074,0.9359347494666558,-0.023811388278057066
Alfotbreen,2099-06-01,-0.19974634330864605,0.1510462192232234,-0.3088988599699042
Alfotbreen,2099-07-01,-0.5342120713582892,0.45704945260680496,0.29864283092364236
Alfotbreen,2099-08-01,-0.5244016865878584,0.49025738845493616,0.07657578816822343
Alfotbreen,2099-09-01,-0.4462205085346151,-0.10224463446747639,0.4049377742080531
Alfotbreen,2099-10-01,0.09040409148872346,-0.40313308976417267,-1.2660759534391375
Alfotbreen,2099-11-01,-0.6040532873230244,0.21611268275101983,0.43404945271696477
Alfotbreen,2099-12-01,-1.1103313192284725,-0.8022448655649624,-0.48816923528900347
Alfotbreen,2100-01-01,-0.07538139132119719,-0.3742524844306297,-0.21942980355097685
Alfotbreen,2100-02-01,-1.0117021740110457,-1.501417334229948,-0.7100668789952606
Alfotbreen,2100-03-01,0.6685078346602339,-0.45615927784017524,-0.25669833851100804
Alfotbreen,2100-04-01,0.2079852983981132,0.4648647759467382,-0.5755637442669576
Alfotbreen,2100-05-01,-0.07160843801646562,0.1149187886290531,-0.46143644692261643
Alfotbreen,2100-06-01,-0.24894572482734137,0.3882537717078165,-0.15332593932842375
Alfotbreen,2100-07-01,-0.32480051007799865,-0.3842042817007408,0.15601675960495273
Alfotbreen,2100-08-01,-0.4371494891482464,-0.3699348521746669,0.2862530197176121
Alfotbreen,2100-09-01,0.05552654400414573,-0.7996410462661102,-0.4055853546013914
Alfotbreen,2100-10-01,-0.6678529003969794,0.11848425663462879,-1.0427673144476806
Alfotbreen,2100-11-01,-0.4797692935272127,0.16630368752020014,-0.7999905973298231
Alfotbreen,2100-12-01,0.3259028911998007,0.46589828504357317,-0.4262485051789902
Austdalsbreen,2015-01-01,-0.3778642531111552,-0.36361525622678353,-0.3351371131354224
Austdalsbreen,2015-02-01,-0.5826095009670277,-0.306241360978795,-0.042321321915837616
Austdalsbreen,2015-03-01,-0.7840110488353291,-0.361497889298008,-0.598659443032142
Austdalsbreen,2015-04-01,-0.24633226506891126,-0.8233093972714435,-0.6598958524076702
Austdalsbreen,2015-05-01,-0.1460652308237041,-0.6971939947571584,-0.7520761237518286
Austdalsbreen,2015-06-01,-0.4197762846035434,-0.5677830064310899,-0.6547345444955955
Austdalsbreen,2015-07-01,-0.5207445179755145,-0.4943214581954078,-0.8351428026150373
Austdalsbreen,2015-08-01,-0.5001595556416628,-0.7361557852094179,-0.7184517172177172
Austdalsbreen,2015-09-01,-0.414714730192739,-0.7757908827100629,-0.6311242723378111
Austdalsbreen,2015-10-01,-0.7097235875575154,-0.2970422843315088,-0.7589340495945089
Austdalsbreen,2015-11-01,-0.2212195697288283,-0.45864894659115585,-0.41114019194393814
Austdalsbreen,2015-12-01,-0.46219081520466626,-0.3233395796523368,0.4650657574267317
Austdalsbreen,2016-01-01,-0.5002357879165129,-0.23427755231181244,-0.40059914127253876
Austdalsbreen,2016-02-01,-0.9694318449025952,-1.1519329950700594,0.10818374057504297
Austdalsbreen,2016-03-01,-0.700196887464643,-0.33141113379552906,-1.2570289744754006
Austdalsbreen,2016-04-01,-0.371068228600732,-0.5354333272574557,-1.0761606204266958
Austdalsbreen,2016-05-01,-0.44286516752745975,-0.5330304185043393,-0.6163683003285141
Austdalsbreen,2016-06-01,-0.34343631675191943,-0.8386182563606533,-0.6621005523445153
Austdalsbreen,2016-07-01,-0.6203054294443943,-0.8035581361284617,-0.7297866716915576
Austdalsbreen,2016-08-01,-0.41500421397643555,-0.6896992842622991,-0.6383905015106158
Austdalsbreen,2016-09-01,-0.6432134510090229,-0.9944432754521945,-0.7138643237609473
Austdalsbreen,2016-10-01,-0.5546963323102135,-0.5756694962422029,-0.10820541055098121
Austdalsbreen,2016-11-01,-0.4270778229511687,-1.1032299533909342,-0.7978496097238791
Austdalsbreen,2016-12-01,-0.04011184171791596,-0.5031777737116365,-0.7078414665592615
Austdalsbreen,2017-01-01,-0.5167595931325475,-0.8087143045245857,-1.0045857877493258
Austdalsbreen,2017-02-01,-0.4779594484048599,-0.47176471053238256,-0.17968129534257501
Austdalsbreen,2017-03-01,0.044418406182217596,-0.7396781215332829,-0.6378943085767182
Austdalsbreen,2017-04-01,-0.43726842124531545,-0.5143230740457311,-0.38614991519488023
Austdalsbreen,2017-05-01,-0.7032867973984599,-0.544431646169237,-0.7852472109616424
Austdalsbreen,2017-06-01,-0.4440430450994455,-0.7601363585274301,-0.5389833856440864
Austdalsbreen,2017-07-01,-0.4036129665716011,-0.508545899342614,-0.7284651436070503
Austdalsbreen,2017-08-01,-0.5025433145045641,-0.5987996597158716,-0.8042970311430176
Austdalsbreen,2017-09-01,-0.3653860368893425,-0.270746284999694,-0.49215788490391815
Austdalsbreen,2017-10-01,-0.5003826484571016,-0.3801907673652661,-1.3657888817763595
Austdalsbreen,2017-11-01,-0.33554159746880413,-0.17964531640747258,-0.9489922470805737
Austdalsbreen,2017-12-01,-0.8122605962540623,-1.6424757111930706,-0.49807034643123044
Austdalsbreen,2018-01-01,-0.48809964694642655,-0.12910104280062826,-0.7616517924151859
Austdalsbreen,2018-02-01,-0.15501818104247253,-0.5741051615366753,-1.2315732026765758
Austdalsbreen,2018-03-01,-1.0728100331722412,-0.19094318252331652,-0.6006557322341538
Austdalsbreen,2018-04-01,-0.9675328361770633,-0.4837012277396245,-0.8201832401162528
Austdalsbreen,2018-05-01,-0.5503131291528335,-0.30332632611197025,-0.8071844462881325
Austdalsbreen,2018-06-01,-0.7662745420241928,-0.20318631426181952,-0.8517812588087329
Austdalsbreen,2018-07-01,-0.6274358528235103,-0.5623656110255782,-0.8107964762737844
Austdalsbreen,2018-08-01,-0.2606386360546168,-0.3600123673758002,-0.6148742042383916
Austdalsbreen,2018-09-01,-0.5887020865628046,-0.8218125644003544,-0.785552523354371
Austdalsbreen,2018-10-01,-0.24204720812863026,-0.2296487960906455,-0.872267466756491
Austdalsbreen,2018-11-01,-0.2943428240196823,-0.2997935792066172,-0.8027186545306982
Austdalsbreen,2018-12-01,-0.44674586986801074,-1.2439196602295757,-0.30954144314864773
Austdalsbreen,2019-01-01,-0.7315697044887447,-0.577386886045068,-0.9615245927499286
Austdalsbreen,2019-02-01,-1.0739635025071639,-0.7703948207976034,-0.3821653311578072
Austdalsbreen,2019-03-01,-0.2010457365123269,-0.9650603550943057,-0.8708467251522686
Austdalsbreen,2019-04-01,-0.5916705021985095,-0.6040933064407299,-0.8029982428730217
Austdalsbreen,2019-05-01,-0.5318008197255989,-0.45685243635574685,-0.3593082776930691
Austdalsbreen,2019-06-01,-0.7989805229603574,-0.3650376842611783,-0.3917703797870746
Austdalsbreen,2019-07-01,-0.31975125037655056,-0.6009611648596375,-0.9370475369591587
Austdalsbreen,2019-08-01,-0.5866512379877608,-0.6755606260912456,-0.8253066215393465
Austdalsbreen,2019-09-01,-0.5372946693878956,-0.6749865885651632,-0.6464882606062043
Austdalsbreen,2019-10-01,-0.40534739674977777,-0.6994572519005309,-0.9637336962344616
Austdalsbreen,2019-11-01,-0.9961559095147154,-0.05469700119249623,-0.6849752838609992
Austdalsbreen,2019-12-01,-0.22619951875880137,-0.888385639748203,-0.39893016725845154
Austdalsbreen,2020-01-01,0.3404230443398319,-0.838636354746994,-1.214439016438027
Austdalsbreen,2020-02-01,-0.11189814174142292,-0.8065291232978353,-0.4340614464604124
Austdalsbreen,2020-03-01,-0.6374277581751424,-0.37079169810619844,-0.45344243394910855
Austdalsbreen,2020-04-01,-0.7864140607751584,-0.3975757256583771,-0.09732638811902233
Austdalsbreen,2020-05-01,-0.4314746617188401,-0.24832139829533664,-0.5272596477360568
Austdalsbreen,2020-06-01,-0.3521527947297695,-0.736558109108886,-0.6248208661023027
Austdalsbreen,2020-07-01,-0.5590511478747046,-0.6748622360197175,-0.5764483026513127
Austdalsbreen,2020-08-01,-0.3723018602402545,-0.4869338638689777,-0.6160121113137583
Austdalsbreen,2020-09-01,-0.2028918753223324,-0.6341535866681834,-0.5582095496474149
Austdalsbreen,2020-10-01,-0.6111325029603937,-0.8093955442090119,-0.6551036126858444
Austdalsbreen,2020-11-01,-0.3746591731298366,-0.4386458401329562,-0.9920314514600311
Austdalsbreen,2020-12-01,-0.6903906397428479,-0.4952322420533166,-0.27649576554804356
Austdalsbreen,2021-01-01,-0.3178403336118482,-0.648722747720871,-0.3299088968140345
Austdalsbreen,2021-02-01,-0.25195504830500265,-0.5522970851866813,-0.5377725753375154
Austdalsbreen,2021-03-01,-0.07266041159744242,-0.2792807399795387,-0.39771130237854857
Austdalsbreen,2021-04-01,-1.0318196380348608,-0.37853571340212255,-0.4834316033332984
Austdalsbreen,2021-05-01,-0.601988850895938,-0.46694661548855604,-0.5047053092215484
Austdalsbreen,2021-06-01,-0.6005762936458928,-0.8159830146734987,-0.4348676646370979
Austdalsbreen,2021-07-01,-0.5854406361029119,-0.7095369916970901,-0.7391356787216209
Austdalsbreen,2021-08-01,-0.5196841641028751,-0.6826540890029192,-0.8032093756420496
Austdalsbreen,2021-09-01,-0.4382782018482459,-0.42212871856807893,-0.8710342582201286
Austdalsbreen,2021-10-01,-0.6540073085695424,-1.0371628393343786,-0.3045516833963879
Austdalsbreen,2021-11-01,-1.1900054800488518,-0.35684967276530505,-0.324289072621564
Austdalsbreen,2021-12-01,-1.2040795707191114,-0.36523669824181065,0.16069287472173707
Austdalsbreen,2022-01-01,-0.7780061647271636,-0.8791062845118014,-0.35642513179429286
Austdalsbreen,2022-02-01,-0.33294193855575066,-0.19113441220042413,-0.5298229163221418
Austdalsbreen,2022-03-01,-1.029535297743797,-0.40405951110588134,-0.6417226590101898
Austdalsbreen,2022-04-01,-0.3156415309914842,-0.923312527193849,-0.40846824017410627
Austdalsbreen,2022-05-01,-0.5966989330078828,-0.49637654159316286,-0.6676974655013496
Austdalsbreen,2022-06-01,-0.6769408133121075,-0.421114074840684,-0.4034375374616994
Austdalsbreen,2022-07-01,-0.3966288507602398,-0.4035671575500958,-0.6289188747151647
Austdalsbreen,2022-08-01,-0.5247146419112348,-0.30019374027019347,-0.9805752519049422
Austdalsbreen,2022-09-01,-0.7514683748690792,-0.6866006505548903,-0.6075153265632466
Austdalsbreen,2022-10-01,-0.7564680481975786,-0.7337362116383939,-0.3817359129368822
Austdalsbreen,2022-11-01,-0.930514762726332,-0.38636293410152156,-0.3142188043965197
Austdalsbreen,2022-12-01,-0.2881043301542286,0.11869765986159526,-0.8656851611187933
Austdalsbreen,2023-01-01,-0.21191535789003937,-0.7287966934345106,-1.0392377541479298
Austdalsbreen,2023-02-01,-0.5537194044258098,-0.9464533344867156,-0.43584352389600195
Austdalsbreen,2023-03-01,-0.717311884886894,-0.7385228097888458,-0.27115114491165443
Austdalsbreen,2023-04-01,-0.4364692323910246,-0.8465539950162441,-0.8215634753427673
Austdalsbreen,2023-05-01,-0.08505071756268003,-0.4932111243911635,-0.6414513464176662
Austdalsbreen,2023-06-01,-0.22018949296553628,-0.737150454629517,-0.41741844608804163
Austdalsbreen,2023-07-01,-0.3374400004259659,-0.42046428306502087,-0.50247792600878
Austdalsbreen,2023-08-01,-0.3726933590548451,-0.6070546973625671,-0.8320782880149663
Austdalsbreen,2023-09-01,-0.4610695634260184,-0.11925142462567422,-0.588007293309298
Austdalsbreen,2023-10-01,-0.6961129459356078,-0.2382769242046682,-0.8459227053423058
Austdalsbreen,2023-11-01,-0.36596313368702793,-0.8746003632005236,-0.7174443937975635
Austdalsbreen,2023-12-01,-0.6307964607229642,-0.6370913781739659,-0.5609296352326761
Austdalsbreen,2024-01-01,-0.5966722294509009,-0.4095896981904157,-0.5075734238784474
Austdalsbreen,2024-02-01,-0.3781642059441395,-0.277198856944547,-0.6405741473506633
Austdalsbreen,2024-03-01,-0.2260429086117867,-0.3542055611474435,-0.5669258206106594
Austdalsbreen,2024-04-01,-0.15729433196982903,-0.5786393779391651,-0.39682826434482116
Austdalsbreen,2024-05-01,-0.5226962486516962,-0.29610918801091907,-0.504285154378616
Austdalsbreen,2024-06-01,-0.5572562336006878,-0.5988132319442622,-0.5403277511788543
Austdalsbreen,2024-07-01,-0.5446462971445634,-0.5186965153771276,-0.6134514862426718
Austdalsbreen,2024-08-01,-0.7731574995397826,-0.4483915140462283,-0.6186400341865022
Austdalsbreen,2024-09-01,-0.4679137498548179,-0.5845145887850514,-0.5859206056507327
Austdalsbreen,2024-10-01,-0.5597317828754773,-0.39151787812970457,-0.7652168129566007
Austdalsbreen,2024-11-01,-0.26725401081963246,0.08848889733951591,-0.6743471977399119
Austdalsbreen,2024-12-01,-0.3002048265125609,0.06209590452104577,-0.40865897934035506
Austdalsbreen,2025-01-01,-0.39918968623359685,-0.3512288690503896,-0.6164504930259261
Austdalsbreen,2025-02-01,0.0635284545706373,-0.3741182680202882,-1.5016894238469067
Austdalsbreen,2025-03-01,-0.07894665470558344,-1.3756012477266566,-0.5481551899061695
Austdalsbreen,2025-04-01,-0.876510104143755,-0.9756176073868122,-0.5519297288574512
Austdalsbreen,2025-05-01,-0.880969976758038,-0.48459489439138964,-0.31290607095213036
Austdalsbreen,2025-06-01,-0.35609434396552403,-0.5483300103301918,-0.32799021462349454
Austdalsbreen,2025-07-01,-0.13945544932763163,-0.7146296494371374,-0.44621873657423783
Austdalsbreen,2025-08-01,-0.4878654220358916,-0.49366620947164347,-0.49954226686276654
Austdalsbreen,2025-09-01,-0.1558605427120218,-0.5760601343176505,-0.21256935364224638
Austdalsbreen,2025-10-01,-0.9289439491651829,-0.30456013332466114,-0.7525952377461413
Austdalsbreen,2025-11-01,-0.5276944360921938,-0.8038297446658441,-0.3762163988817142
Austdalsbreen,2025-12-01,-0.8567022313838656,-0.8749026984357426,-0.8012380894719183
Austdalsbreen,2026-01-01,-0.015962662273816763,-1.1176714037742952,-0.6906576783534449
Austdalsbreen,2026-02-01,-0.14080124088001567,-0.5023917983554939,-0.6382381983377582
Austdalsbreen,2026-03-01,-0.5223691301826864,-0.3241523628868158,-0.3222612767576241
Austdalsbreen,2026-04-01,-0.45959105188781774,-0.44896507820976944,-0.5364413061669075
Austdalsbreen,2026-05-01,-0.3100713619380933,-0.4830293432055568,-0.4440248613125952
Austdalsbreen,2026-06-01,-0.5736710747896558,-0.35147289208148047,-0.49658937661461006
Austdalsbreen,2026-07-01,-0.5573524214473649,-0.47659842308211814,-0.5813772873331673
Austdalsbreen,2026-08-01,-0.44348447402041985,-0.45197177326832216,-0.3663667016749032
Austdalsbreen,2026-09-01,-0.19701213283286875,-0.09235523509563914,-0.6667611452921295
Austdalsbreen,2026-10-01,-0.3802169377052269,-0.6789337010950428,-0.6078902961325424
Austdalsbreen,2026-11-01,-0.594901588049491,-0.6598008784148499,-0.6130189007210649
Austdalsbreen,2026-12-01,-0.35411006540628326,-1.0605544444452675,-0.9283190188003524
Austdalsbreen,2027-01-01,-0.29955881644682,-0.729631851391269,-0.6074934122665304
Austdalsbreen,2027-02-01,-0.739592467506157,-0.2451490746211371,-0.9630091151558599
Austdalsbreen,2027-03-01,-0.2678990334419091,-0.289876928695102,-0.5019636093965312
Austdalsbreen,2027-04-01,-0.6876033137503387,-0.6196741839359428,-0.17270167042777132
Austdalsbreen,2027-05-01,-0.6018336470382913,-0.5328797330728997,-0.6819095912492908
Austdalsbreen,2027-06-01,-0.5419441003695956,-0.38398313872629125,-0.31109622352564276
Austdalsbreen,2027-07-01,-0.3372011373857267,-0.5476750047224405,-0.7355538913391472
Austdalsbreen,2027-08-01,-0.4355068581629126,-0.3970210851097944,-0.42971740498953465
Austdalsbreen,2027-09-01,-0.28352677608334137,-0.9819246996838865,-0.795258955518641
Austdalsbreen,2027-10-01,-0.2714087007990283,-0.09322616327559256,-0.6194085275964866
Austdalsbreen,2027-11-01,-0.13114353694662573,-0.33703212449550474,-1.1788846617566369
Austdalsbreen,2027-12-01,-0.3541594053728246,-0.4791391115711842,-0.8496578172197684
Austdalsbreen,2028-01-01,-0.023234957849664006,-0.7664742871549682,-0.7649958683752999
Austdalsbreen,2028-02-01,-0.08704275571734306,-0.023143406662712158,-1.009447122102302
Austdalsbreen,2028-03-01,-0.31582642373635766,-0.30960243326878767,-0.4507186215214804
Austdalsbreen,2028-04-01,0.01688042911255211,-0.403910426698792,-0.46400729388430756
Austdalsbreen,2028-05-01,-0.43485539904813625,-0.39384405321650734,-0.6045527982424908
Austdalsbreen,2028-06-01,-0.355503591848006,-0.06051461030051888,-0.6925373547902486
Austdalsbreen,2028-07-01,-0.45485703006927675,-0.4190431561920491,-0.5758347806543592
Austdalsbreen,2028-08-01,-0.4207410082254304,-0.5456993300562235,-0.5296358590352037
Austdalsbreen,2028-09-01,-0.6342841328088703,-0.8158445719753269,-0.5169676764747023
Austdalsbreen,2028-10-01,-0.2496436314287355,-0.32583037254692354,-0.06706101621812037
Austdalsbreen,2028-11-01,-0.023542753463799155,-0.24981935640779063,-0.13599773105093582
Austdalsbreen,2028-12-01,-0.4461711640541517,-0.1342184554524381,-0.6018769168487008
Austdalsbreen,2029-01-01,-0.5039333110210945,-0.7223403936774969,-1.0198367134579434
Austdalsbreen,2029-02-01,-0.5286034879501195,-1.1577955599756304,-0.17783494504440622
Austdalsbreen,2029-03-01,-0.2647783883127633,-0.7974637887791184,-0.4242052181067691
Austdalsbreen,2029-04-01,-0.42048309252217225,-0.41880518853269294,-0.36058139156576113
Austdalsbreen,2029-05-01,-0.1689273377265128,-0.5971328962937692,-0.48891926807064756
Austdalsbreen,2029-06-01,-0.41776323332084764,-0.5756222664118876,-0.594848062086718
Austdalsbreen,2029-07-01,-0.38532825315436986,-0.4790852637270951,-0.4548054264615735
Austdalsbreen,2029-08-01,-0.5542281085448474,-0.397702461279724,-0.29496358188157606
Austdalsbreen,2029-09-01,-0.4598135457599802,-0.6630700174138539,-0.6603144099668202
Austdalsbreen,2029-10-01,-0.40358530215112265,-1.1951127193505189,-0.8586594041484436
Austdalsbreen,2029-11-01,-0.6878903398919981,-0.5942772399876959,-0.531182745635926
Austdalsbreen,2029-12-01,-0.4331515265876649,-0.8352705120782762,-0.7383563560760021
Austdalsbreen,2030-01-01,-0.4211988462329555,-0.09347442088434404,-0.14162743954179366
Austdalsbreen,2030-02-01,-0.26195531509706643,-0.9055568912312079,-1.0184692423540955
Austdalsbreen,2030-03-01,-0.27014644850729796,-0.865634278282478,-0.63206403249588
Austdalsbreen,2030-04-01,-0.8722004633394951,-0.665919853039922,-0.8805893455429246
Austdalsbreen,2030-05-01,-0.16112628164509907,-0.584603206919083,-0.32369053707209783
Austdalsbreen,2030-06-01,-0.7002200503644443,-0.2527770992068334,-0.5545758993505333
Austdalsbreen,2030-07-01,-0.3248624305886795,-0.47187953683020983,-0.5165760378524111
Austdalsbreen,2030-08-01,-0.3133718454780401,-0.5306954390116111,-0.26908586369759235
Austdalsbreen,2030-09-01,-0.3630093358512804,-1.0173960554732635,-0.4690223940308898
Austdalsbreen,2030-10-01,-0.39996026792994394,-1.0286544676387346,-0.5908781406240656
Austdalsbreen,2030-11-01,-0.15799789362273434,-0.8347345012025236,-0.6476558434093057
Austdalsbreen,2030-12-01,-0.43949099831459665,-0.512571876169948,-0.10082691031568729
Austdalsbreen,2031-01-01,-0.9035358520697563,-0.8134828169094702,-0.8631692571214726
Austdalsbreen,2031-02-01,-0.2714338951050535,-0.604277408239848,-1.448632237613982
Austdalsbreen,2031-03-01,-0.5876400898153509,-0.21345217340238623,-0.6204578559203962
Austdalsbreen,2031-04-01,-0.8257528266331052,-0.07866981076357511,-0.5760240925877248
Austdalsbreen,2031-05-01,-0.42213637584344205,-0.523552742333346,-0.8725832304222907
Austdalsbreen,2031-06-01,-0.6179170461320158,-0.3614087087565245,-0.6457923107370159
Austdalsbreen,2031-07-01,-0.5228767923422734,-0.46040530012389363,-0.44270163536005974
Austdalsbreen,2031-08-01,-0.4242543203658938,-0.4467613613978206,-0.5985054915200769
Austdalsbreen,2031-09-01,-0.7088790135770054,-0.1574154402698064,-0.7575504027090078
Austdalsbreen,2031-10-01,-0.6952869744626563,-0.5435559637715573,-0.8125054614167705
Austdalsbreen,2031-11-01,-0.7219578493659023,-0.4756037080264314,-0.3805406571904279
Austdalsbreen,2031-12-01,-0.9890316342928048,-0.6470208786361701,-0.8015599448345041
Austdalsbreen,2032-01-01,-0.6519248301817738,-0.34453283503551974,-0.24284502232243557
Austdalsbreen,2032-02-01,-0.7084927156037227,-0.9850319772812637,-0.5133919265618648
Austdalsbreen,2032-03-01,-0.7802576525368853,-0.5558027674597784,-1.1254947882802224
Austdalsbreen,2032-04-01,-1.0321195562206638,-0.4995205568058229,-0.5802275671090873
Austdalsbreen,2032-05-01,-0.7455897844642285,-0.5747851712999833,-0.6113553082362477
Austdalsbreen,2032-06-01,-0.7969448887159464,-0.4781232224460892,-0.6927498982559298
Austdalsbreen,2032-07-01,-0.4812825068323801,-0.4738741224606611,-0.5480251946075804
Austdalsbreen,2032-08-01,-0.34903151162456086,-0.45193382971900187,-0.5210710626444507
Austdalsbreen,2032-09-01,-0.6025694867537078,-0.5267298402730995,-0.8542416718153563
Austdalsbreen,2032-10-01,-0.39679494439034224,-1.0678022241814935,-0.7310750950258037
Austdalsbreen,2032-11-01,-0.4887728037780068,-0.6323361840079808,-0.5704233778951111
Austdalsbreen,2032-12-01,-0.48590553699517053,-0.6169913326467001,-0.4154640511565875
Austdalsbreen,2033-01-01,-0.5133820791719691,-0.601462622690136,-0.14438369189495187
Austdalsbreen,2033-02-01,-0.4876248467435335,-0.31936903447952586,-0.86270762176131
Austdalsbreen,2033-03-01,-0.6525389953222881,-0.8864534064389433,-0.33593249115857454
Austdalsbreen,2033-04-01,-0.2852401661152368,-0.3960001698139443,-0.4189304079289277
Austdalsbreen,2033-05-01,-0.3102377787532577,-0.7510752716925646,-0.5114987473780097
Austdalsbreen,2033-06-01,-0.4725871785263908,-0.4856336465762328,-0.354001769072499
Austdalsbreen,2033-07-01,-0.5267572768686789,-0.4681666114649315,-0.5476011950190744
Austdalsbreen,2033-08-01,-0.4248440381657083,-0.6086717707439757,-0.27836560266029503
Austdalsbreen,2033-09-01,-0.33663855775819657,0.05485984865670542,-0.5491250842817444
Austdalsbreen,2033-10-01,-0.9030098313403596,-0.29137713090160533,-0.10383453000059044
Austdalsbreen,2033-11-01,-0.5901347622341858,-0.08618019342748072,-0.3645973831177045
Austdalsbreen,2033-12-01,-0.7280167169363142,-0.675224920796713,0.07172336590933388
Austdalsbreen,2034-01-01,-1.1756881090058244,-0.9104672726653064,-0.45553723946002106
Austdalsbreen,2034-02-01,-0.9912923562540471,-1.2112416086889104,-0.2065498265976368
Austdalsbreen,2034-03-01,-0.04109591243448422,-0.5270902252743397,-0.5100672079388536
Austdalsbreen,2034-04-01,-0.7038239477900644,-0.5480419587666409,-0.18090138732293823
Austdalsbreen,2034-05-01,-0.47686278915315244,-0.5203886300377077,-0.472223972656937
Austdalsbreen,2034-06-01,-0.5152078726688881,-0.7490218643185146,-0.5452676897212982
Austdalsbreen,2034-07-01,-0.5470956375175721,-0.38451850306562124,-0.666969911989793
Austdalsbreen,2034-08-01,-0.45628485044763645,-0.27638449267804505,-0.3813936310500894
Austdalsbreen,2034-09-01,-0.28830822445516463,-0.9296819217072659,-0.460791777975023
Austdalsbreen,2034-10-01,-0.5482589068236252,-1.1357617763168955,-0.7578680196074906
Austdalsbreen,2034-11-01,-0.4586530809492342,-0.5566174451527264,-0.8722126810462999
Austdalsbreen,2034-12-01,-0.43772795279769516,-0.14862299340210852,-1.3457986125715333
Austdalsbreen,2035-01-01,-0.15362527648903943,0.11440612730532573,0.14195427976096878
Austdalsbreen,2035-02-01,-0.2645880616971539,-0.5153409618740652,-0.4886523530560069
Austdalsbreen,2035-03-01,-0.44244956422340637,-0.7480897580595801,-0.5467774583926993
Austdalsbreen,2035-04-01,-0.45348861104153926,-0.42364199414683945,-0.4168273982814286
Austdalsbreen,2035-05-01,-0.3590291790008238,-0.4560449146163825,-0.46204450444441286
Austdalsbreen,2035-06-01,-0.4452146261072146,-0.6711147389068485,-0.28575051160079384
Austdalsbreen,2035-07-01,-0.8445847282164781,-0.5223427911267731,-0.5290765533355536
Austdalsbreen,2035-08-01,-0.41192670808354165,-0.44984973023649766,-0.506370637925281
Austdalsbreen,2035-09-01,-0.2922233059821828,-0.2925103672042491,-0.6985629564302368
Austdalsbreen,2035-10-01,-0.29374154359953936,-0.2703271346156065,-0.13097067250172592
Austdalsbreen,2035-11-01,-0.3906651694332111,-0.34413654632304186,-0.45447388797719324
Austdalsbreen,2035-12-01,-0.6919956306937731,0.03375710284817829,-0.5504599307095206
Austdalsbreen,2036-01-01,-0.1454255701141591,-0.26779453607284054,-0.8949545593477142
Austdalsbreen,2036-02-01,-0.2941530438932552,-0.18401379992956765,-0.32674750350299747
Austdalsbreen,2036-03-01,-0.4326404569167224,-0.654855940027336,-0.3611919196822231
Austdalsbreen,2036-04-01,-0.3546549469897254,-0.5130220822732162,-0.48669754436659735
Austdalsbreen,2036-05-01,-0.19540456499376155,-0.5662980686364011,-0.41542995372435065
Austdalsbreen,2036-06-01,-0.25785967165485674,-0.4125765850974273,-0.3788418868011613
Austdalsbreen,2036-07-01,-0.4179581761271179,-0.4149788617477305,-0.40552672972599985
Austdalsbreen,2036-08-01,-0.5823499064063259,-0.4271245002711406,-0.6292903567813537
Austdalsbreen,2036-09-01,-1.0395136402911678,-0.16926467692840017,-0.6948269431405416
Austdalsbreen,2036-10-01,-1.0156517180375386,-0.8715911973588061,-0.25451756559448857
Austdalsbreen,2036-11-01,-0.7777247989291745,-0.2798866055952906,-0.4996121424329929
Austdalsbreen,2036-12-01,-0.6671171319740242,0.11676922423016023,-0.6824298568665464
Austdalsbreen,2037-01-01,-0.48369625328731897,-0.425242823077872,-0.6455108408193263
Austdalsbreen,2037-02-01,-0.2887373940081038,-0.20169196341190765,-0.5209480843290496
Austdalsbreen,2037-03-01,0.09176152598623931,-0.20872123414995755,-0.3717711938515835
Austdalsbreen,2037-04-01,-0.24472998843303148,-0.4101068138805977,-0.5560466563524312
Austdalsbreen,2037-05-01,-0.42351342451064805,-0.466797883955065,-0.42274954045355423
Austdalsbreen,2037-06-01,-0.6724716257977401,-0.6343044197589751,-0.36500454601595295
Austdalsbreen,2037-07-01,-0.3945059752564726,-0.6165432847796523,-0.5715108106551763
Austdalsbreen,2037-08-01,-0.4913398100125959,-0.3055129983425366,-0.7136953066086961
Austdalsbreen,2037-09-01,-0.7529880040393366,-0.3178149200581809,-0.4329902517566236
Austdalsbreen,2037-10-01,-0.5743864067915218,-0.4356088879785554,-0.37876118093392436
Austdalsbreen,2037-11-01,0.024395305721014355,-0.43905922218533044,-0.723624464647855
Austdalsbreen,2037-12-01,-0.8506262282749234,-0.7818670680313375,-0.15429559213891794
Austdalsbreen,2038-01-01,-0.36645562858818187,-0.42337775889226154,-0.37858515229666034
Austdalsbreen,2038-02-01,-0.2661788151378423,-0.36299740134172725,0.004185434595765786
Austdalsbreen,2038-03-01,-0.19103317241834725,-0.32380606725805633,-0.35335630737020446
Austdalsbreen,2038-04-01,-0.5218369218864143,-0.34857657230078726,0.06567264734970406
Austdalsbreen,2038-05-01,-0.527755133885761,-0.6600878253828708,-0.3386552738545718
Austdalsbreen,2038-06-01,-0.48773628334531144,-0.45080275178492224,-0.28877755863569826
Austdalsbreen,2038-07-01,-0.7713551719678734,-0.6792102437111005,-0.4752912738357577
Austdalsbreen,2038-08-01,-0.49347445877414486,-0.23959840778754682,-0.5991883022373495
Austdalsbreen,2038-09-01,-0.1300798687578721,-0.6188189027970559,-0.3014458535963979
Austdalsbreen,2038-10-01,-0.5711447263916137,-0.40334347661608505,-0.26444081722349927
Austdalsbreen,2038-11-01,-0.1401293313268515,0.31150959509914017,-1.0533256082197642
Austdalsbreen,2038-12-01,-0.675179428575869,0.034238210403764034,0.23004029769020773
Austdalsbreen,2039-01-01,-0.8289380810142752,-0.4726723014415514,-0.12325329817831883
Austdalsbreen,2039-02-01,0.07292437660857887,-0.10283895982406271,-1.3449964698659198
Austdalsbreen,2039-03-01,-0.5752333859709798,-0.008936499617840654,-0.7028705083803688
Austdalsbreen,2039-04-01,-0.03781057683188399,-0.4644032074977668,-0.9441894036363113
Austdalsbreen,2039-05-01,-0.52207393076473,-0.5401564881363927,-0.9809552283250033
Austdalsbreen,2039-06-01,-0.6075883089499702,-0.538450411114633,-0.7551419101193654
Austdalsbreen,2039-07-01,-0.6046088969463094,-0.6197681488224922,-0.5120426275450821
Austdalsbreen,2039-08-01,-0.5345688478299819,-0.5566123251352403,-0.45259742027179506
Austdalsbreen,2039-09-01,-0.874767986674389,-0.3240241838662643,-0.7213149772868362
Austdalsbreen,2039-10-01,-0.43561363426926664,-0.320670234914012,-0.6572505578803819
Austdalsbreen,2039-11-01,-0.39195277431830067,-0.18778338062852265,-0.7486931242084239
Austdalsbreen,2039-12-01,0.04184989316369333,-0.6595571537464768,-0.40030065722551883
Austdalsbreen,2040-01-01,-0.21608489833610034,-0.5010095341789397,-0.3111073992981915
Austdalsbreen,2040-02-01,-0.5406141498730889,-0.12642665916620446,-0.3957829643829864
Austdalsbreen,2040-03-01,-0.20846078070631457,-0.6665487758315123,-0.6076258369099965
Austdalsbreen,2040-04-01,-0.1526148302401674,-0.1541931081768541,-0.39330923066360085
Austdalsbreen,2040-05-01,-0.7377530958356191,-0.4304788458260648,-0.5991617215734631
Austdalsbreen,2040-06-01,-0.5215317744284348,-0.4917943180762016,-0.3107660876554567
Austdalsbreen,2040-07-01,-0.5763485166688985,-0.5576269752271753,-0.39718777993150706
Austdalsbreen,2040-08-01,-0.17810304521849477,-0.5540033626523693,-0.769175482235046
Austdalsbreen,2040-09-01,-0.642398682736602,-0.4592174732704186,-0.9027662515571052
Austdalsbreen,2040-10-01,-0.5372799276461514,-0.37001712009159976,-0.7351059563795967
Austdalsbreen,2040-11-01,-0.36324700311018443,-0.13550940984807386,-0.9648830842233554
Austdalsbreen,2040-12-01,-0.17354864945200812,-0.5338221034948215,-0.28315028798362324
Austdalsbreen,2041-01-01,0.49914668661496303,-0.42764118377392535,-1.1474170737372917
Austdalsbreen,2041-02-01,0.5413784951146697,-0.5685273784251088,-0.5387014123401838
Austdalsbreen,2041-03-01,-0.2614452789177682,0.0797860672556981,-0.8703481598811832
Austdalsbreen,2041-04-01,-0.5802719706182443,-0.7785619578030843,-0.6268119792709818
Austdalsbreen,2041-05-01,-0.6186942262737011,-0.2411665556545531,-0.6438081654536817
Austdalsbreen,2041-06-01,-0.4815893211947695,-0.16265913510505667,-0.688350755829521
Austdalsbreen,2041-07-01,-0.32103281566057723,-0.2605529886344978,-0.5632107064726996
Austdalsbreen,2041-08-01,-0.42244215465055607,-0.6015020072938947,-0.6944239448897594
Austdalsbreen,2041-09-01,-0.5061467553235156,-0.42358152821702616,-0.4211064557654332
Austdalsbreen,2041-10-01,-0.6645602361397599,-0.37995531092356183,-0.4747636650751966
Austdalsbreen,2041-11-01,0.10002964392135906,-0.6897265339152162,-0.2330684608422874
Austdalsbreen,2041-12-01,0.09897195462006651,-0.809340372700265,-0.813993747565298
Austdalsbreen,2042-01-01,-0.1922943046566903,-0.5836857733277996,-1.2908909955010568
Austdalsbreen,2042-02-01,-0.35876791629193683,-0.20023347245379872,-0.38045640283500043
Austdalsbreen,2042-03-01,-0.19432248832193522,-0.8581086437259922,-0.7843442053758046
Austdalsbreen,2042-04-01,-0.2531288722256784,-0.8576927302198429,-0.44029876806887164
Austdalsbreen,2042-05-01,-0.5104863852292704,-0.7359767428805183,-0.5027139356275799
Austdalsbreen,2042-06-01,-0.41852413043375775,-0.48085834017662615,-0.264290819764944
Austdalsbreen,2042-07-01,-0.3941876012668248,-0.4128322440760987,-0.4843558278923
Austdalsbreen,2042-08-01,-0.5015867698525971,-0.6102715893890801,-0.3825216648526135
Austdalsbreen,2042-09-01,-0.4738448776410997,-0.5005572832060855,-0.8243087531585541
Austdalsbreen,2042-10-01,-0.199388277448588,-0.2468247424441041,-0.5208032204833849
Austdalsbreen,2042-11-01,-0.2736931457668022,-0.982554291836764,-0.7668459035445717
Austdalsbreen,2042-12-01,0.027103034603617477,-0.3991145373322495,-0.5190887492019187
Austdalsbreen,2043-01-01,-1.037945519219398,-0.6455100945034941,-0.8166744412357394
Austdalsbreen,2043-02-01,-0.3171851359907491,-0.12533190475970352,-0.38965053018479684
Austdalsbreen,2043-03-01,-0.6676138438325427,-0.3284464558854528,-0.2897333160700945
Austdalsbreen,2043-04-01,-0.5248965901483732,-0.4212339819322242,-0.3980986997013562
Austdalsbreen,2043-05-01,-0.20424211276275664,-0.4481945209619888,-0.6420037963550094
Austdalsbreen,2043-06-01,-0.5366723368177624,-0.19551836691430383,-0.7017473994592448
Austdalsbreen,2043-07-01,-0.4208827735569028,-0.32507943269602296,-0.7625593508805736
Austdalsbreen,2043-08-01,-0.18924469526310794,-0.2834852865353504,-0.7661008258002
Austdalsbreen,2043-09-01,-0.5462611923745667,-0.43349374582815875,-0.3277781503393924
Austdalsbreen,2043-10-01,-0.36591933166872476,-0.35816875827253886,-0.2616995137831338
Austdalsbreen,2043-11-01,-0.5345019594271531,-0.40128101543036426,-0.24561184782986137
Austdalsbreen,2043-12-01,-0.16014142309556864,0.05379122583731144,-0.07076864834183867
Austdalsbreen,2044-01-01,-0.653880826056954,-0.7730454792119249,-0.14451848550352944
Austdalsbreen,2044-02-01,-0.979800960888131,-0.8113254607720995,-0.22262653637044583
Austdalsbreen,2044-03-01,-0.16298242564878632,-0.39195893565328915,-0.33003697594905884
Austdalsbreen,2044-04-01,-0.4819560460642518,-0.8752542341073123,-0.6012829072053479
Austdalsbreen,2044-05-01,-0.4571472724058057,-0.6104004383438096,-0.7071128990614096
Austdalsbreen,2044-06-01,-0.5903400731930107,-0.5787173290398461,-0.5936319521412271
Austdalsbreen,2044-07-01,-0.3551103207146011,-0.41743761732409396,-0.5817745306759649
Austdalsbreen,2044-08-01,-0.21828459837274142,-0.3845857296603356,-0.6878606753654979
Austdalsbreen,2044-09-01,-0.4310139450840594,-0.16813587427704832,-0.7176227769330231
Austdalsbreen,2044-10-01,-0.38390055471022805,-0.6184541532444855,-0.5441757275348835
Austdalsbreen,2044-11-01,0.012828734266107275,-0.6727288748547083,-0.4556163950718493
Austdalsbreen,2044-12-01,-0.5720294420268052,-0.5594880625246196,-0.048979982139340496
Austdalsbreen,2045-01-01,-0.42809032520963913,-0.5493952787155614,-0.3515328393991572
Austdalsbreen,2045-02-01,-0.00984462226418529,-0.8646607505834534,-0.33648374366621797
Austdalsbreen,2045-03-01,-0.17071942155726597,-0.39340269199322625,-0.07408294054883678
Austdalsbreen,2045-04-01,-0.25925680827416464,-0.4508873971155423,-0.2781609286731673
Austdalsbreen,2045-05-01,-0.5049892194637318,-0.20862868952240152,-0.6759147415821877
Austdalsbreen,2045-06-01,-0.40231845799328275,-0.24407230009017913,-0.5820900349555241
Austdalsbreen,2045-07-01,-0.6113748678089,-0.5194556048161906,-0.3221583516799899
Austdalsbreen,2045-08-01,-0.1902513993019487,-0.4467670105139647,-0.26587046398769815
Austdalsbreen,2045-09-01,-0.6536938247292113,-0.10559246137084692,-1.0336715425167595
Austdalsbreen,2045-10-01,-0.8163856537801207,0.05716826032133374,0.005456528124348252
Austdalsbreen,2045-11-01,-0.6407718720728587,-0.2831049286872606,-0.1612198196745727
Austdalsbreen,2045-12-01,-1.0247735748227076,0.13055266434317678,-0.9400506976851309
Austdalsbreen,2046-01-01,-0.37878724318919527,-0.23668099266881773,-0.8696062057065076
Austdalsbreen,2046-02-01,-0.22809015714284256,-0.4081928303294746,-0.5174839142102439
Austdalsbreen,2046-03-01,-0.5732207991834267,-0.20715784545497062,-0.6856359896190414
Austdalsbreen,2046-04-01,-0.05374361709565734,0.033828054674929255,-0.6928108225803876
Austdalsbreen,2046-05-01,-0.4153537754291004,-0.6640394198661591,-0.2691749300100996
Austdalsbreen,2046-06-01,-0.517864345601066,-0.5934592757747938,-0.3681992029104714
Austdalsbreen,2046-07-01,-0.421626812451132,-0.629480627362213,-0.41897916588713896
Austdalsbreen,2046-08-01,-0.4445630291679326,-0.212180387282322,-0.32888831514564204
Austdalsbreen,2046-09-01,-0.7580940370383328,-0.5766841014753171,-0.5023844587718271
Austdalsbreen,2046-10-01,-0.5269089539518363,-0.26644245249444914,-0.7869280124051019
Austdalsbreen,2046-11-01,-0.35848577449498015,-0.5010255199573372,0.06646977771649859
Austdalsbreen,2046-12-01,-0.7995079982743825,-0.3423942764466597,-0.05006583222629918
Austdalsbreen,2047-01-01,-0.49440764562770395,-0.584209905254878,-0.7437331855589191
Austdalsbreen,2047-02-01,-0.7725715489669532,-0.6560426057779941,-0.3662742015961484
Austdalsbreen,2047-03-01,-0.25580956071318756,-0.8691011055579424,-0.39043478089487155
Austdalsbreen,2047-04-01,-0.42245842269557715,-0.1718698762498331,-0.7934572652386369
Austdalsbreen,2047-05-01,-0.47975662779849965,-0.4909489591112468,-0.5414640347777391
Austdalsbreen,2047-06-01,-0.4225328607362752,-0.44966544870519326,-0.5723093972646811
Austdalsbreen,2047-07-01,-0.3866714823901057,-0.3790796994785561,-0.4308145991437165
Austdalsbreen,2047-08-01,-0.7013300428313077,-0.29460671312527226,-0.5939893045372416
Austdalsbreen,2047-09-01,-0.12705130919557608,-0.5552060629275465,-0.5047522898640239
Austdalsbreen,2047-10-01,-0.07289428882628851,-0.5537183847173345,-0.3872268906763818
Austdalsbreen,2047-11-01,-0.08617393726067187,-0.16679727343457684,-0.7816954267575943
Austdalsbreen,2047-12-01,-0.44493438177528216,-0.6696865779413411,0.005382016133147205
Austdalsbreen,2048-01-01,-0.06318563802835346,-0.8112039865947457,-0.7441995618072591
Austdalsbreen,2048-02-01,-0.147933296401703,-1.2232514148714904,-1.1748872798870862
Austdalsbreen,2048-03-01,-0.5551762973378601,-0.8432848592450192,-0.554534224227414
Austdalsbreen,2048-04-01,-0.055519931998776806,-0.44528941391513394,-0.667269142993085
Austdalsbreen,2048-05-01,-0.3835442927036434,-0.3949984035417992,-0.4754983999493097
Austdalsbreen,2048-06-01,-0.4826766188494032,-0.43436035899050424,-0.5137749991565643
Austdalsbreen,2048-07-01,-0.4848614309968449,-0.32226358421969037,-0.6213256726888536
Austdalsbreen,2048-08-01,-0.5321145050261215,-0.2215451199854653,-0.4683632873772652
Austdalsbreen,2048-09-01,-0.37549095527383686,-0.35912920429153966,-0.36318165783256817
Austdalsbreen,2048-10-01,-0.7630299378896206,-0.48178939840680757,-0.852214502329771
Austdalsbreen,2048-11-01,-0.4663355065852028,-0.29895920879320137,-0.3123034453487528
Austdalsbreen,2048-12-01,-0.8237416875997602,-0.6390925725741085,-0.6202357090949712
Austdalsbreen,2049-01-01,-0.36969394074618905,-0.5842409845598436,-0.7362147034683787
Austdalsbreen,2049-02-01,-0.4720784755280536,-0.8627176883299429,-0.6576851158904625
Austdalsbreen,2049-03-01,-0.7112700178847797,-0.6308968723995918,-1.0551460838209599
Austdalsbreen,2049-04-01,-0.3483734436410853,-0.7250783308596421,-0.9842717524093031
Austdalsbreen,2049-05-01,-0.3801515060579342,-0.6458054671952289,-0.5229302552443283
Austdalsbreen,2049-06-01,-0.1905867787005635,-0.7734595170148205,-0.15081845252275508
Austdalsbreen,2049-07-01,-0.15492995882908805,-0.3247252743876235,-0.5185725065205089
Austdalsbreen,2049-08-01,-0.2427877910826858,-0.6360216008192956,-0.37067678546231764
Austdalsbreen,2049-09-01,-0.36252226793972664,-0.5917142312120353,-0.36443907487609656
Austdalsbreen,2049-10-01,-0.3647031919669592,-0.3159574070947615,-0.4739436643197945
Austdalsbreen,2049-11-01,-0.6080292333350573,-0.8764834095268458,-0.7378632607588878
Austdalsbreen,2049-12-01,-0.13666383875701452,-0.37710160125142694,-0.5427901486166294
Austdalsbreen,2050-01-01,-0.5782452470331078,-0.17548676474093058,-0.4330358502516996
Austdalsbreen,2050-02-01,0.17900151591078398,-1.3291445692414443,-0.08615423723364955
Austdalsbreen,2050-03-01,-0.5261138004758029,0.10112150582439057,-0.7497129893878031
Austdalsbreen,2050-04-01,-0.9595708778369704,-0.2022023678470004,-0.5826278360511504
Austdalsbreen,2050-05-01,-0.6239902110951568,-0.42459744167541796,-0.6386707030539914
Austdalsbreen,2050-06-01,-0.5584202384048665,-0.6995049501758147,-0.6237896857634045
Austdalsbreen,2050-07-01,-0.564848113649394,-0.6091538292626096,-0.6671835470073013
Austdalsbreen,2050-08-01,-0.869822185797754,-0.46504852338429625,-0.650332981427176
Austdalsbreen,2050-09-01,-0.40866989279536026,-0.3014578943760223,-0.5390643757159445
Austdalsbreen,2050-10-01,-0.7526351801472121,-0.4829499844882413,-0.5288289219234215
Austdalsbreen,2050-11-01,-0.5300705211831104,-0.5866138275983922,-0.5423586621986521
Austdalsbreen,2050-12-01,0.1003231568678376,-0.15718834869264642,-1.0165915135783694
Austdalsbreen,2051-01-01,0.239072374262878,-0.4077025845221974,-0.29003376595539837
Austdalsbreen,2051-02-01,-0.3355165115490483,-0.15054205066560583,-0.10599312130192388
Austdalsbreen,2051-03-01,-0.43218349310072046,-0.046335673688549496,-0.4704752502023204
Austdalsbreen,2051-04-01,-0.06372930541789745,-0.26841984787668655,-0.6327118133511257
Austdalsbreen,2051-05-01,-0.30926052413563293,-0.3518589710423134,-0.4010617798582552
Austdalsbreen,2051-06-01,-0.6605223869387657,-0.28392275960229196,-0.5717663719353275
Austdalsbreen,2051-07-01,-0.48838902237627346,-0.5015012251787172,-0.7164686196893338
Austdalsbreen,2051-08-01,-0.22458486552991297,-0.6296284348465861,-0.3987453264352541
Austdalsbreen,2051-09-01,-0.3350616560092477,-0.11893020593289368,-1.0438859246589203
Austdalsbreen,2051-10-01,-0.8601791595979393,-0.7266036884350907,-0.5800195574128622
Austdalsbreen,2051-11-01,-0.4362686270058426,-0.3273934001053309,-0.08321640243779059
Austdalsbreen,2051-12-01,-0.41812258845168165,-0.5965415943358775,-0.9520840601260648
Austdalsbreen,2052-01-01,-0.7178326031456997,0.008082760685960736,-1.3670602639492344
Austdalsbreen,2052-02-01,-0.8178071816718403,-0.03758421243531568,-0.4510402986916618
Austdalsbreen,2052-03-01,-0.48343260842576946,-0.4343431745071593,-0.6993233575116046
Austdalsbreen,2052-04-01,-0.5029526056878796,-0.2652671071256581,-0.7967679151328794
Austdalsbreen,2052-05-01,-0.2815112178187119,-0.4643013623308745,-0.3882888414860748
Austdalsbreen,2052-06-01,-0.22385722058276136,-0.2575568918448041,-0.6137638140300062
Austdalsbreen,2052-07-01,-0.1880626948943106,-0.34126132959834043,-0.3742738486611154
Austdalsbreen,2052-08-01,-0.3569070442437649,-0.3384629019857002,-0.46455545154817207
Austdalsbreen,2052-09-01,-0.4071918787544923,-0.26474927136798304,-0.29188358377614176
Austdalsbreen,2052-10-01,-0.08452778911709012,-0.42733557995216565,-0.2437537959393626
Austdalsbreen,2052-11-01,-0.053572948331795676,-0.09521259358175586,-0.42095425449684143
Austdalsbreen,2052-12-01,-0.17333365411769183,0.0930609466069,-0.5268224894921025
Austdalsbreen,2053-01-01,-1.0660579778770864,-0.3294836446220136,-0.6102551063191567
Austdalsbreen,2053-02-01,-0.6820910747152906,-0.7504166119191717,0.29150855264060294
Austdalsbreen,2053-03-01,-0.22780246283145442,-0.42076509953370644,-0.4884168020914235
Austdalsbreen,2053-04-01,-0.1387733557958115,-0.481707230566625,-0.38396646030151177
Austdalsbreen,2053-05-01,-0.5869773167164287,-0.3419478413894197,-0.21105472558840666
Austdalsbreen,2053-06-01,-0.30639805575364637,-0.44671451125057665,-0.4663755275256903
Austdalsbreen,2053-07-01,-0.10335312973204398,-0.46634613775363615,-0.4644598775470885
Austdalsbreen,2053-08-01,-0.22363908676159763,-0.40193043296839576,-0.42929762479828093
Austdalsbreen,2053-09-01,-0.24704879193225193,-0.2831503880949439,-0.3329623249642408
Austdalsbreen,2053-10-01,-0.008332165404283054,-0.272571527214996,-0.048119818184894525
Austdalsbreen,2053-11-01,-0.573740665764669,-0.56530139997973,-0.9263404761856533
Austdalsbreen,2053-12-01,-0.4116649116584643,-0.7044014049778188,-1.3248752573699678
Austdalsbreen,2054-01-01,-0.3984753689913976,-0.08687627156527279,-0.6097759629031785
Austdalsbreen,2054-02-01,-0.66902138809232,-0.22354815645565052,-0.7689139221097573
Austdalsbreen,2054-03-01,0.023688585156732462,0.15947289234185105,-0.7755524569345177
Austdalsbreen,2054-04-01,-0.3438292888704623,-0.21726402190276373,-0.75511786001613
Austdalsbreen,2054-05-01,-0.2752800357901703,-0.6073741021383597,-0.6665305662514757
Austdalsbreen,2054-06-01,-0.560155393131386,-0.4740555077502937,-0.7643326966576746
Austdalsbreen,2054-07-01,-0.5439764053515871,-0.39674653802517823,-0.37159595307790266
Austdalsbreen,2054-08-01,-0.41513673588005023,-0.3224589377127027,-0.5301503517973126
Austdalsbreen,2054-09-01,-0.18671028462384928,-0.5486477313412657,-0.3231665928975556
Austdalsbreen,2054-10-01,-0.08787049488151798,-0.4127357826212578,-0.2923465279846382
Austdalsbreen,2054-11-01,-0.10101003324441048,-0.09907550878409671,-1.1119591473450197
Austdalsbreen,2054-12-01,-0.6660658197091879,0.06139479626459676,-1.307580621108727
Austdalsbreen,2055-01-01,-0.2131923481822444,0.025076183864219947,-0.05781999476406082
Austdalsbreen,2055-02-01,-0.6323184749889023,-0.49782242672437,-0.6652199356928208
Austdalsbreen,2055-03-01,-0.6505227063186232,-0.5416451880081001,-0.5088636933329829
Austdalsbreen,2055-04-01,-0.4994095376709297,-0.2577217486165107,-0.8103982656456489
Austdalsbreen,2055-05-01,-0.5226676310433449,-0.4121713564347163,-0.5961526592184946
Austdalsbreen,2055-06-01,-0.37415814083237037,-0.399188709912063,-0.5778992886108226
Austdalsbreen,2055-07-01,-0.40184314655363895,-0.6149031712822346,-0.30766041543552497
Austdalsbreen,2055-08-01,-0.5521032400499685,-0.3858715897949388,-0.36601954054085395
Austdalsbreen,2055-09-01,-0.7120855836595231,-0.2457093936875212,-0.2108828252877496
Austdalsbreen,2055-10-01,-1.0828159264916326,-0.4934884435913414,-0.39213402360673716
Austdalsbreen,2055-11-01,-0.7034561059964121,-0.41027106585586365,-0.7335419586940747
Austdalsbreen,2055-12-01,0.11649462613459395,-0.5251743796008078,-0.37123879232802154
Austdalsbreen,2056-01-01,-0.8720134126355866,-0.5409168791415542,-0.3355410156398017
Austdalsbreen,2056-02-01,-0.7776230612750679,-0.6816467641203153,-0.9385622103847657
Austdalsbreen,2056-03-01,-0.9469027918162279,-0.6394857235763233,-0.6514403438200073
Austdalsbreen,2056-04-01,-0.5226565967697794,-0.6388365633372398,-0.562167804072988
Austdalsbreen,2056-05-01,-0.6366767749030054,-0.5449380283200059,-0.46626816498079854
Austdalsbreen,2056-06-01,-0.22896632428845473,-0.27449363833391754,-0.4580295064086591
Austdalsbreen,2056-07-01,-0.38517724599200803,-0.22957788389626707,-0.3365278560293139
Austdalsbreen,2056-08-01,-0.5883451642384289,-0.921190655456613,-0.35138523656004267
Austdalsbreen,2056-09-01,-0.7170130344288997,-0.24184770917431422,-0.6612669167620417
Austdalsbreen,2056-10-01,-0.7291824328431962,-0.5403099502081735,-0.8562458561816589
Austdalsbreen,2056-11-01,-0.292383211997644,-0.4122808190958162,-0.940056714931066
Austdalsbreen,2056-12-01,-0.3238275684477722,-0.51880653499708,-0.8646912350984769
Austdalsbreen,2057-01-01,-0.17722630718394106,-0.6054261068778521,-0.1939469476539626
Austdalsbreen,2057-02-01,-0.37160905077276846,-0.07591556690190486,-0.8052815252517486
Austdalsbreen,2057-03-01,-0.606348958586655,-0.6814187762985114,-0.7811425066074612
Austdalsbreen,2057-04-01,-0.4726244129616386,-0.42410910831886944,-0.6632832091106479
Austdalsbreen,2057-05-01,-0.49172400675962624,-0.5457683109467714,-0.3645170545834231
Austdalsbreen,2057-06-01,-0.4246326133145593,-0.3954754004791954,-0.6132781884006382
Austdalsbreen,2057-07-01,-0.783002335811615,-0.7015147992053726,-0.2531964686836032
Austdalsbreen,2057-08-01,-0.3027536041080891,-0.4028952173072485,-0.5305799162869395
Austdalsbreen,2057-09-01,-0.4722999595279667,-0.42812076632392665,-0.3280035112544277
Austdalsbreen,2057-10-01,-0.2599465900888196,-0.5420722984979657,-0.13882037589776258
Austdalsbreen,2057-11-01,-0.48918986906058387,-0.3804468002549198,-0.2637176899321913
Austdalsbreen,2057-12-01,-0.7936489325024095,-0.2798320385313738,-0.413631709408087
Austdalsbreen,2058-01-01,-0.7949518211084987,-0.6060333608636997,-0.48546334775033606
Austdalsbreen,2058-02-01,-1.1716264649304244,-0.17144181028440528,-0.5862524559195909
Austdalsbreen,2058-03-01,-0.7178675411810103,-0.5170016387267564,-0.57303096982403
Austdalsbreen,2058-04-01,-0.6899869214835138,-0.8390528532118587,-0.5918146658260736
Austdalsbreen,2058-05-01,-0.4692037755844458,-0.29923375621321413,-0.5451374839964759
Austdalsbreen,2058-06-01,-0.40588226515694004,-0.21587143144986012,-0.4277243167035459
Austdalsbreen,2058-07-01,-0.4304897470375006,-0.4292752855291837,-0.5513700644947561
Austdalsbreen,2058-08-01,-0.5101695274486776,-0.40512958234714486,-0.4382485499856282
Austdalsbreen,2058-09-01,-0.703665282401834,-0.17031138772441112,-0.8078330841531137
Austdalsbreen,2058-10-01,-0.46951096021183497,-0.20591302924446442,-0.3333223601265614
Austdalsbreen,2058-11-01,-0.8752746713482124,-0.4643278496219944,-0.3677219509697094
Austdalsbreen,2058-12-01,-0.44743215033066286,-0.7465525281075585,-0.26171874485184177
Austdalsbreen,2059-01-01,-0.5494961362787315,-0.27680516412858425,-0.3256607801917516
Austdalsbreen,2059-02-01,-0.7609539570379412,-0.7553158058698749,-0.11927184524579774
Austdalsbreen,2059-03-01,-0.505071763227719,-0.5299378633522415,-0.7813227086816011
Austdalsbreen,2059-04-01,-0.5289463358898873,-0.3345578278072045,-0.590140649210524
Austdalsbreen,2059-05-01,-0.2686982538677089,-0.19603659207258406,-0.44019068397115685
Austdalsbreen,2059-06-01,-0.35707830298003335,-0.4123856918821074,-0.41451140041429696
Austdalsbreen,2059-07-01,-0.5216157642765926,-0.3852066411058579,-0.4602830265660394
Austdalsbreen,2059-08-01,-0.2840963406987121,-0.5520581170447044,-0.30962195980332147
Austdalsbreen,2059-09-01,-0.3848691456315996,-0.6083144508035235,-0.5526492675057338
Austdalsbreen,2059-10-01,-0.24605628624707077,-0.5277794547540205,-0.13451887803693854
Austdalsbreen,2059-11-01,-0.5679356635882006,-1.1424472123782756,-0.5550904287008297
Austdalsbreen,2059-12-01,-0.5770789250688676,-0.6124221150112215,-1.1552537368040527
Austdalsbreen,2060-01-01,-0.13497092941345357,-0.3789072261392605,-0.35135271749744884
Austdalsbreen,2060-02-01,-0.1852829878196458,-0.20126281175673777,-0.6498584766124081
Austdalsbreen,2060-03-01,-0.4026901064023393,-1.1665913386227411,-0.9521265603213704
Austdalsbreen,2060-04-01,-0.42607545842989447,-0.7676281992159631,-0.27127069569145673
Austdalsbreen,2060-05-01,-0.626841896835776,-0.3785433272998533,-0.38700665772152987
Austdalsbreen,2060-06-01,-0.44894705020277637,-0.6200704435257249,-0.6530520608412343
Austdalsbreen,2060-07-01,-0.5366744300199682,-0.506601038431017,-0.6518891219794891
Austdalsbreen,2060-08-01,-0.249920491206615,-0.3836353444555864,-0.49326060870817195
Austdalsbreen,2060-09-01,-0.45355884771443705,-0.3529710438846534,-0.44176496699492723
Austdalsbreen,2060-10-01,-0.28924443538836814,-0.24531035269848486,-0.6936772690128995
Austdalsbreen,2060-11-01,-0.3369007088092595,-0.28488316903462296,-0.5913505382675931
Austdalsbreen,2060-12-01,-0.20628507546491925,-0.8039855044155703,-0.3415072388305041
Austdalsbreen,2061-01-01,-0.3082425799721551,-0.22391260342995245,-0.5044570134188319
Austdalsbreen,2061-02-01,-0.3701093192045666,-0.20920978681954291,-0.06903477977567928
Austdalsbreen,2061-03-01,-0.447313679733552,-0.3839673318864342,-0.435500421663503
Austdalsbreen,2061-04-01,-0.5220290900181435,-0.722894168722067,-0.5919675653430482
Austdalsbreen,2061-05-01,-0.508679182489834,-0.45214299817197956,-0.2121268083788669
Austdalsbreen,2061-06-01,-0.40381701418954935,-0.181259405335088,-0.37829453844790395
Austdalsbreen,2061-07-01,-0.2536027507208483,-0.508476514454521,-0.15637287362990454
Austdalsbreen,2061-08-01,-0.6118063863712564,-0.4578448394070154,-0.24262487543932906
Austdalsbreen,2061-09-01,-0.314865423436785,-0.5127473794982765,-0.3617428514185474
Austdalsbreen,2061-10-01,-0.539148329754029,-0.29351211646443803,-0.9979068627340494
Austdalsbreen,2061-11-01,-0.09607323789843668,-0.5160317251968399,-0.29754679785580807
Austdalsbreen,2061-12-01,-0.24830829215729366,-1.005491017330538,-1.0073913059796544
Austdalsbreen,2062-01-01,0.011626898088113754,-0.9183504701091997,-0.6775029590904781
Austdalsbreen,2062-02-01,-0.6152046245723969,-0.18375260042455874,-0.17428135133728662
Austdalsbreen,2062-03-01,-0.3040287426036416,-0.5995548967051348,-0.5001150341280037
Austdalsbreen,2062-04-01,-0.3656212036632142,-0.25073338044642807,-0.4318015051667681
Austdalsbreen,2062-05-01,-0.48466174603793294,-0.4872956208000792,-0.42931309506323806
Austdalsbreen,2062-06-01,-0.47572130580486,-0.15522666279225916,-0.5941154443357002
Austdalsbreen,2062-07-01,-0.26545911610741785,-0.29941319063941396,-0.38079846582900884
Austdalsbreen,2062-08-01,-0.6695821641839556,-0.43557591194396883,-0.4969557339914365
Austdalsbreen,2062-09-01,-0.25838453499926745,-0.5667663827005652,-0.3564679465895532
Austdalsbreen,2062-10-01,-0.5448954941259112,-0.5643112610591885,-0.8871936378222719
Austdalsbreen,2062-11-01,-0.9536556927645435,0.006778155174591978,-0.011600663193735317
Austdalsbreen,2062-12-01,-0.773038035665656,-0.101422419938297,-0.4527420649131247
Austdalsbreen,2063-01-01,-0.7987955888884438,-0.20250318612051968,-0.32032423440419017
Austdalsbreen,2063-02-01,-0.3703716906028811,-0.18454894167228406,-1.144901323970904
Austdalsbreen,2063-03-01,-0.5501638573248734,-0.6214177453354806,0.10819438971390462
Austdalsbreen,2063-04-01,-0.6394206358173838,-0.17727080518929053,-0.12083789086452894
Austdalsbreen,2063-05-01,-0.336172486077917,-0.29821414410819025,-0.4557664556610354
Austdalsbreen,2063-06-01,-0.3864605206820608,-0.43908320028622394,-0.5000194953873583
Austdalsbreen,2063-07-01,-0.4223519687023593,-0.3826275105058617,-0.5058588276448662
Austdalsbreen,2063-08-01,-0.22441245375209337,-0.5782628421705661,-0.6130342697210164
Austdalsbreen,2063-09-01,-0.645956301435314,-0.27131606868127467,-0.4916777094879394
Austdalsbreen,2063-10-01,-0.7478504965399287,-0.4918033144950657,-0.9503289542980801
Austdalsbreen,2063-11-01,-0.2564053823650675,-0.9684634652268361,-0.8062578171183539
Austdalsbreen,2063-12-01,-0.6637313077754197,-0.17263442139010335,-0.8894189377433915
Austdalsbreen,2064-01-01,-0.3672206506959741,0.09702593637438146,-0.6698792384605973
Austdalsbreen,2064-02-01,-0.5715029850142261,-0.45184397364722434,-0.37160868338869274
Austdalsbreen,2064-03-01,-0.5058760821048564,-0.01625074441079714,0.09158989341831832
Austdalsbreen,2064-04-01,-0.4824265068474994,-0.42453434992203354,-0.23724694526114545
Austdalsbreen,2064-05-01,-0.7249598143704873,-0.4742416935682101,-0.5868695068114925
Austdalsbreen,2064-06-01,-0.4479072129196473,-0.17173169817422573,-0.6392721044735334
Austdalsbreen,2064-07-01,-0.6647546112510581,-0.47809127244736227,-0.46354732690546635
Austdalsbreen,2064-08-01,-0.34070598592749235,-0.22545728440643642,-0.4242511602021199
Austdalsbreen,2064-09-01,-0.15647469771715813,-0.689436841736281,-0.48092869767186336
Austdalsbreen,2064-10-01,-0.7251836744144132,-0.1454208684786287,-0.28078033557348137
Austdalsbreen,2064-11-01,-0.7814280746196745,0.056092453236537665,-0.4032628847001652
Austdalsbreen,2064-12-01,-0.7502847908551623,0.06866786953827356,-0.8600217738505668
Austdalsbreen,2065-01-01,-0.3326082159192718,-0.3380527477823631,-0.42057489280972016
Austdalsbreen,2065-02-01,-0.25747464384156177,-0.6729225275394649,-0.5259597803307163
Austdalsbreen,2065-03-01,-0.17574904112331244,-0.6815257093402206,0.06409374870373448
Austdalsbreen,2065-04-01,-0.3623380802770475,-0.5680651286367655,-0.29374598379133027
Austdalsbreen,2065-05-01,0.017817641852533744,-0.45482389121511285,-0.3534225959939888
Austdalsbreen,2065-06-01,-0.3547376535841198,-0.22080707863176455,-0.43774515808786224
Austdalsbreen,2065-07-01,-0.41526086801907197,-0.4017586032456067,-0.2032612241970254
Austdalsbreen,2065-08-01,-0.7100910929574994,-0.343461314522058,-0.556698238080624
Austdalsbreen,2065-09-01,-0.45040382914610183,-0.8920401446365774,-0.5858720945557686
Austdalsbreen,2065-10-01,-0.4266902235186813,-0.1560045007163168,-0.373472137328785
Austdalsbreen,2065-11-01,-0.9325944665723925,-0.5670800971070464,-0.12433892812008833
Austdalsbreen,2065-12-01,-0.5025275912344895,0.08221742236266741,-0.762474322961476
Austdalsbreen,2066-01-01,-0.8874573389998431,-0.5141397044390764,-0.444339686058878
Austdalsbreen,2066-02-01,-0.7605606978953955,-0.4435839840545619,0.33801447482363695
Austdalsbreen,2066-03-01,-1.0885369646243779,0.11325073388585775,-0.5672205800502935
Austdalsbreen,2066-04-01,-0.8055927623559674,-0.440651964756636,-0.5673906130260736
Austdalsbreen,2066-05-01,-0.5603746762285646,-0.23258045878587633,-0.6288552753309894
Austdalsbreen,2066-06-01,-0.28054452408318614,-0.31764305637553264,-0.23222614456411697
Austdalsbreen,2066-07-01,-0.6813733711281973,-0.028109695808672175,-0.30220678168785803
Austdalsbreen,2066-08-01,-0.47696090424956994,-0.6306263133448319,-0.4141572104684051
Austdalsbreen,2066-09-01,-0.43439037330274327,-0.5299048211842213,-0.48617303132935624
Austdalsbreen,2066-10-01,-0.0677824266728232,-0.6547530133101218,-0.766872124605991
Austdalsbreen,2066-11-01,-0.6667823567504128,-0.08306767277819953,-0.07156767025740245
Austdalsbreen,2066-12-01,-0.3078486139353161,-0.7000848633695691,-0.5783411604947933
Austdalsbreen,2067-01-01,-0.08932860403214814,-0.3332306413863733,-0.2703971420116109
Austdalsbreen,2067-02-01,-0.3548727908609999,-0.360812778457054,-0.8393729243373368
Austdalsbreen,2067-03-01,-0.06395245769947118,-0.5483414223820966,-0.620523034007485
Austdalsbreen,2067-04-01,-0.5532966896600429,-0.24977776231613022,-0.22288849543471248
Austdalsbreen,2067-05-01,-0.33805695273219455,-0.6682632545794004,-0.30056361663900677
Austdalsbreen,2067-06-01,-0.7370575290299012,-0.44116393747518085,-0.5333524092758634
Austdalsbreen,2067-07-01,-0.43952296392743456,-0.5488511431014909,-0.33355278609551925
Austdalsbreen,2067-08-01,-0.3563044218322271,-0.4266891886978373,-0.5409944642798507
Austdalsbreen,2067-09-01,-0.6113160909019205,-0.6236173717680537,-0.13447305330206918
Austdalsbreen,2067-10-01,-0.7026181475034908,-0.0830950543267641,-0.11853720807498384
Austdalsbreen,2067-11-01,-0.6455326293496805,-0.9390878209531879,-0.47204311612668476
Austdalsbreen,2067-12-01,-0.8308652601440983,-0.4147280852119608,0.31356312090395394
Austdalsbreen,2068-01-01,-0.7686357374050106,-0.2748033125366884,-0.21659210806858745
Austdalsbreen,2068-02-01,-0.5453851049691826,-0.7459593973659956,-0.529770542919144
Austdalsbreen,2068-03-01,-0.23244829587671303,-0.19221340291731068,-0.3637568309398387
Austdalsbreen,2068-04-01,-0.40132196219104865,-0.2850073002976151,-0.29347181494931746
Austdalsbreen,2068-05-01,-0.3020882297177213,-0.2936755710309789,-0.1110619115274436
Austdalsbreen,2068-06-01,-0.5274207987068142,-0.4708240830270756,-0.30675947890266814
Austdalsbreen,2068-07-01,-0.06327792936711818,-0.37698575379609744,-0.6479368581229906
Austdalsbreen,2068-08-01,-0.49090350149878464,-0.7046918422987645,-0.40628304364923845
Austdalsbreen,2068-09-01,-0.32874122049614657,-0.583432546189791,-0.6261009442184982
Austdalsbreen,2068-10-01,-0.18918520306059627,-0.09624367332337024,-0.47893944551106027
Austdalsbreen,2068-11-01,-0.4968603486219078,-0.46312921175074306,-0.7449213143382662
Austdalsbreen,2068-12-01,-0.3700448416567998,-0.45998135555566527,-0.4424417889347822
Austdalsbreen,2069-01-01,0.14391111069097187,-0.2763023557431669,0.00702884315739342
Austdalsbreen,2069-02-01,-0.1484708784044114,-0.13083433082394524,0.02000800201376013
Austdalsbreen,2069-03-01,-0.811473556601732,-0.7291469428378686,0.02433267957117674
Austdalsbreen,2069-04-01,-0.6616778308744324,-0.5688775582922726,-0.5969152454707062
Austdalsbreen,2069-05-01,-0.4888170651223345,-0.6048707311692437,-0.236997717492112
Austdalsbreen,2069-06-01,-0.29442878397189015,-0.3386337296961505,-0.5624307885535339
Austdalsbreen,2069-07-01,-0.5195537631315279,-0.3381288564084295,-0.3103027693317102
Austdalsbreen,2069-08-01,-0.5208526745883321,-0.4612191731880963,-0.40822112416509054
Austdalsbreen,2069-09-01,-0.38834228195372233,-0.7230596562955697,-0.4930516981396593
Austdalsbreen,2069-10-01,-0.2022300291956943,-0.705022399375876,-0.4994776332199882
Austdalsbreen,2069-11-01,-0.11962096099865464,-0.872839648798445,-0.1264637713269473
Austdalsbreen,2069-12-01,-0.6810300591195445,-0.3858473713352171,-0.43983853440605697
Austdalsbreen,2070-01-01,-0.5114645021309282,-0.3473382189190235,-0.6983518232030761
Austdalsbreen,2070-02-01,0.0598022616224824,-0.6011446984083477,-0.1270257060848682
Austdalsbreen,2070-03-01,-0.3642762984521976,-0.4303125555134688,-0.04779716928505873
Austdalsbreen,2070-04-01,-0.6391400123835775,-0.7741236592383348,-0.6633363374597837
Austdalsbreen,2070-05-01,-0.43043718272099785,-0.27883371468620893,-0.5050132700482766
Austdalsbreen,2070-06-01,-0.2076421790549066,-0.7216734685553456,-0.13371429605375112
Austdalsbreen,2070-07-01,-0.4830614120268025,-0.6319675736061362,-0.47981738805232826
Austdalsbreen,2070-08-01,-0.45790302453180876,-0.46383967090601175,-0.2634224071819861
Austdalsbreen,2070-09-01,-0.5596232985162758,-0.07140903880588005,-0.09749773067070522
Austdalsbreen,2070-10-01,-0.30274162582065317,-0.4956328546184125,0.16849205499532094
Austdalsbreen,2070-11-01,-0.4589704029903176,-0.3365442899746014,-0.08469086486720401
Austdalsbreen,2070-12-01,-0.5081348440561941,-0.683850958924558,-0.616283566995813
Austdalsbreen,2071-01-01,-0.9457367029706015,-0.5110516380028062,0.15315059275014573
Austdalsbreen,2071-02-01,-0.4262262287398068,-0.19329320373001044,-0.0707501923546016
Austdalsbreen,2071-03-01,-0.6098982865628725,-0.5703043032350547,-0.3602698635410331
Austdalsbreen,2071-04-01,-0.336271181458953,-0.7031167607720631,-0.2808072794119796
Austdalsbreen,2071-05-01,-0.8295940503589959,-0.6471211005523237,-0.3078823857699157
Austdalsbreen,2071-06-01,-0.35024636142089194,-0.7195036029150611,-0.4724909483168367
Austdalsbreen,2071-07-01,-0.41551776362620746,-0.5909373283735347,-0.2778051479561982
Austdalsbreen,2071-08-01,-0.37557736519101237,-0.5249586771881919,-0.2375562320383892
Austdalsbreen,2071-09-01,-0.031432322007363324,-0.47474330442367485,-0.0904820984455116
Austdalsbreen,2071-10-01,-0.7028453304038743,-0.4870331057083257,-0.6321979112462366
Austdalsbreen,2071-11-01,-0.28586485038896575,-0.4307169856789377,-0.25695487378241305
Austdalsbreen,2071-12-01,-0.6508040339024174,-0.7801358013185151,-0.49885127764872195
Austdalsbreen,2072-01-01,-0.644708643147538,-0.15044608734289747,-0.3046061624156666
Austdalsbreen,2072-02-01,-0.3128868004691929,0.027424841101758208,-1.1796399288772537
Austdalsbreen,2072-03-01,-0.20594052956319744,-0.16651274761083584,-0.5360133929607357
Austdalsbreen,2072-04-01,-0.5211211823279535,-0.37103895551955174,-0.12239220080550402
Austdalsbreen,2072-05-01,-0.4098785604672526,-0.5359072632933274,-0.029397659839744184
Austdalsbreen,2072-06-01,-0.04953651508066156,-0.563518553908126,-0.30411787259023176
Austdalsbreen,2072-07-01,-0.0411184042612688,-0.1946863123701766,-0.39683758538420055
Austdalsbreen,2072-08-01,-0.2003678741963486,-0.43568520066183886,-0.2618328138056165
Austdalsbreen,2072-09-01,-0.3753620578698209,-0.354213613162486,0.07356797401438096
Austdalsbreen,2072-10-01,-0.5252186421348058,-0.7115716761727494,-1.0196545757532285
Austdalsbreen,2072-11-01,-0.6711644734798963,-0.7170889171585783,-0.15428957059020248
Austdalsbreen,2072-12-01,-0.33627104271950276,-0.07615200136647421,0.34930788382265615
Austdalsbreen,2073-01-01,-0.8586523386665214,-0.813019192501002,-0.12866932647708795
Austdalsbreen,2073-02-01,-0.3302632953479701,-0.21690449091575068,-0.5536218220484018
Austdalsbreen,2073-03-01,-0.95010237254722,-0.6843591133597551,-0.5751682719026151
Austdalsbreen,2073-04-01,-0.046216335554367306,-0.2535792268876574,-0.5878808245824986
Austdalsbreen,2073-05-01,-0.7130537446632669,-0.30302159136140777,-0.5928496816832695
Austdalsbreen,2073-06-01,-0.2303846299467096,-0.522014206170798,-0.5065271721788002
Austdalsbreen,2073-07-01,-0.5536832662711906,-0.210795752678385,-0.3242535935996549
Austdalsbreen,2073-08-01,-0.6045806874987277,-0.3545370480971979,-0.7026922236273769
Austdalsbreen,2073-09-01,-0.5292655170218347,-0.9306582252412189,-0.1578368220193706
Austdalsbreen,2073-10-01,-0.20835325597578547,-0.5364483055686596,-0.16348593212979975
Austdalsbreen,2073-11-01,-0.16620706038137986,-0.5166178837023567,-0.7242419096725904
Austdalsbreen,2073-12-01,-0.39569638101262306,0.11501361423784112,-1.133630441678321
Austdalsbreen,2074-01-01,-0.48850480630419835,-0.11213875258174251,-0.34957590108432884
Austdalsbreen,2074-02-01,-0.4579951461308814,-0.3034599823382126,-0.06487003165129773
Austdalsbreen,2074-03-01,-0.9474704177377772,-0.3247788874449615,-0.16312672410655657
Austdalsbreen,2074-04-01,-0.2733043477962154,-0.2085863973707077,-0.36514493443955964
Austdalsbreen,2074-05-01,-0.5747494601730059,-0.5965171479832085,-0.5265111979193732
Austdalsbreen,2074-06-01,-0.4736584155192218,-0.3501888881532775,-0.3364322047959911
Austdalsbreen,2074-07-01,-0.38231443609915483,-0.45771395472238946,-0.48549532720415195
Austdalsbreen,2074-08-01,-0.5004816081245759,-0.640513048250229,-0.5053235065676772
Austdalsbreen,2074-09-01,-0.3177517234030199,-0.615630344701329,-0.39871415167545954
Austdalsbreen,2074-10-01,-0.2378723262871334,-0.8376108677555917,0.3104175485250738
Austdalsbreen,2074-11-01,-0.43835988252497,-0.6237875255624028,0.3570267656313592
Austdalsbreen,2074-12-01,-0.1380113473798885,-0.4736999882984357,-0.3183620750924399
Austdalsbreen,2075-01-01,-0.4140982444144338,-0.11601405386113077,0.12908482656055145
Austdalsbreen,2075-02-01,-0.3162935770938498,-0.46228205827669094,-0.4583348783157138
Austdalsbreen,2075-03-01,-0.31650975547936583,-0.41989242296569995,-0.3191825683419238
Austdalsbreen,2075-04-01,-0.39510380849922955,-0.40350631467223946,-0.5736927946230844
Austdalsbreen,2075-05-01,-0.4784593301120658,-0.6987835395389018,-0.010342854915773006
Austdalsbreen,2075-06-01,-0.4458618637599933,-0.6754675374336689,-0.38289419458368634
Austdalsbreen,2075-07-01,-0.5051917587788292,-0.26693532837132367,-0.27697652492826147
Austdalsbreen,2075-08-01,-0.781973999039657,-0.4452668466390994,-0.28653248814267857
Austdalsbreen,2075-09-01,-0.18513158570120633,-0.13909970044619085,-0.4088690448639307
Austdalsbreen,2075-10-01,-0.5721473935057998,-0.3391885653082616,-0.6220604805306776
Austdalsbreen,2075-11-01,-0.779607640881563,-0.5094060252108873,-1.228930274397961
Austdalsbreen,2075-12-01,-0.49795982027051955,-0.5012865074584502,-0.32763046738632695
Austdalsbreen,2076-01-01,-0.700668515825187,0.21088797788756586,-0.4986300220532371
Austdalsbreen,2076-02-01,-0.31522770031647235,-0.0031863950959460743,-0.64212957769572
Austdalsbreen,2076-03-01,-0.48259544344980715,-0.4876327506807687,-0.647753580659712
Austdalsbreen,2076-04-01,-0.1995504683858127,-0.640637160091421,-0.3263715850478823
Austdalsbreen,2076-05-01,-0.7886809373034103,-0.5768696191549193,-0.13862433387284098
Austdalsbreen,2076-06-01,-0.5177252393842512,-0.4647383366881806,-0.4913973390517838
Austdalsbreen,2076-07-01,-0.3955792324702649,-0.43649949785012115,-0.5468157005191571
Austdalsbreen,2076-08-01,-0.6317464887750974,-0.29341742464208026,-0.3839296696174532
Austdalsbreen,2076-09-01,-0.9221871741284696,-0.397451572246548,-0.4705547284043396
Austdalsbreen,2076-10-01,-0.5924272625477319,-0.28018831166935626,-0.6956533408282534
Austdalsbreen,2076-11-01,0.17619646900097474,-0.08692743552212741,-0.6924395152582546
Austdalsbreen,2076-12-01,0.2050208390853895,-0.4150261764448582,-0.32042223682633636
Austdalsbreen,2077-01-01,-0.7800680676546978,-0.4310126869804354,-0.40706479081428876
Austdalsbreen,2077-02-01,-1.0130207061505196,-0.10163597354357057,-0.2862709872607871
Austdalsbreen,2077-03-01,-0.49928578601078727,-0.2453394852125881,0.12517721904409415
Austdalsbreen,2077-04-01,-0.27747768137716305,-0.5546559198483151,-0.15893108220846897
Austdalsbreen,2077-05-01,-0.33396947016789214,-0.0833730545796474,-0.39840951582981177
Austdalsbreen,2077-06-01,-0.38944044030107233,-0.366290235885346,-0.2877618857136492
Austdalsbreen,2077-07-01,-0.5468310603637004,-0.2925247162201209,-0.3272936670545983
Austdalsbreen,2077-08-01,-0.3540672121737347,-0.3674110055797714,-0.45113130470867296
Austdalsbreen,2077-09-01,-0.7102539469875514,-0.6506802720339332,-0.48283519483936094
Austdalsbreen,2077-10-01,-0.4469347511277209,0.061785335731279534,-0.006197757941817428
Austdalsbreen,2077-11-01,-0.5606287613278821,-0.28499585534105604,-0.1729969996302767
Austdalsbreen,2077-12-01,-0.6316365809492216,-0.26391404493684467,-1.035534968656367
Austdalsbreen,2078-01-01,-0.22306858882069472,-0.8756550940464755,-0.3063111865094528
Austdalsbreen,2078-02-01,-0.13034634816701335,-0.5310671602544506,-0.3911494356548884
Austdalsbreen,2078-03-01,-0.31234179283560026,-0.03255815366268825,-0.35904291572180425
Austdalsbreen,2078-04-01,-0.6424764065870322,-0.5069515313887029,-0.33204923804778197
Austdalsbreen,2078-05-01,-0.7220240378702673,-0.3995181761760344,-0.4500426154620385
Austdalsbreen,2078-06-01,-0.455259967545192,-0.3615285275135521,-0.608786441428962
Austdalsbreen,2078-07-01,-0.578420935595802,-0.49312461921899065,-0.3344667108227357
Austdalsbreen,2078-08-01,-0.4037138568724669,-0.335695038928611,-0.2189078633018012
Austdalsbreen,2078-09-01,-0.252121704615433,-0.2576404422496889,-0.04044331155164924
Austdalsbreen,2078-10-01,-0.47303791949108437,-0.28242475272701895,-0.007223539223249059
Austdalsbreen,2078-11-01,-0.19656133766505193,-0.1959137310234397,0.17798500827639874
Austdalsbreen,2078-12-01,-0.161078197537063,-0.38558531276496105,-0.5333175629584578
Austdalsbreen,2079-01-01,-0.364499612914504,-0.04058799991199827,-0.39681677178107444
Austdalsbreen,2079-02-01,-0.7259111637657494,-0.1349054146382799,-0.5746350291802059
Austdalsbreen,2079-03-01,-0.2853212968892425,-0.2616399096474064,-0.2028861998698476
Austdalsbreen,2079-04-01,-0.442301233348166,-0.35909775930372695,-0.3830680393400521
Austdalsbreen,2079-05-01,-0.29400393095295135,-0.5662056563014466,-0.447568119710104
Austdalsbreen,2079-06-01,-0.35108751521552684,-0.6362834468671076,-0.3715437669363239
Austdalsbreen,2079-07-01,-0.24886922478466866,-0.44958532855338373,-0.4908341663173328
Austdalsbreen,2079-08-01,-0.5161457387968788,-0.38141741017927866,-0.4004973348360674
Austdalsbreen,2079-09-01,-0.4137024067625889,-0.5440762695728824,-0.24395466923447126
Austdalsbreen,2079-10-01,-0.3654370872324349,-0.006052034287382176,-0.9113011538540167
Austdalsbreen,2079-11-01,-0.5404725857935366,0.17815765193266211,-0.64260729917978
Austdalsbreen,2079-12-01,-0.2918501161346089,-0.18120738378628035,-0.17442026962410773
Austdalsbreen,2080-01-01,-0.6697802429759007,-0.4528552168405969,-0.5055559290563453
Austdalsbreen,2080-02-01,-0.11559386727173655,-0.3878427056060119,-0.004768090417266613
Austdalsbreen,2080-03-01,-0.25246195094862894,-0.4781553101568494,-0.3186107937217571
Austdalsbreen,2080-04-01,-0.5127992204534094,-0.2889597770113695,-0.3890400773807832
Austdalsbreen,2080-05-01,-0.6095803753198095,-0.31213660209542554,-0.5176101215125636
Austdalsbreen,2080-06-01,-0.5881648504447115,-0.40757224721224167,-0.3575785701670875
Austdalsbreen,2080-07-01,-0.2644236848608726,-0.5106022705999537,-0.5092275460867167
Austdalsbreen,2080-08-01,-0.4712101831167131,-0.5818799689670643,-0.10737041091350936
Austdalsbreen,2080-09-01,-0.06207581549740918,-0.4994119355596654,-0.12429624439742211
Austdalsbreen,2080-10-01,-0.4119383430810648,-0.5536310968855561,0.007038179149364591
Austdalsbreen,2080-11-01,-0.2401834419528969,-0.5650088613988737,-0.3164050967684739
Austdalsbreen,2080-12-01,-0.7672458437697602,-0.021357800937741134,-0.629870179469617
Austdalsbreen,2081-01-01,-0.2822752230296493,-0.27619511718549344,-0.5125129720234879
Austdalsbreen,2081-02-01,-0.8439424238812498,-1.2522920301582219,-0.3901426316753707
Austdalsbreen,2081-03-01,-0.19188858085665494,-0.8744298088517574,-0.23988783165752806
Austdalsbreen,2081-04-01,-0.34337372336987565,-0.4616517883058757,-0.4565489184739477
Austdalsbreen,2081-05-01,-0.04494260900903032,-0.6912400944019069,-0.42458197903678085
Austdalsbreen,2081-06-01,-0.4677058864011754,-0.36624258044359626,-0.258898941182833
Austdalsbreen,2081-07-01,-0.4449678029040351,-0.27065047822689575,-0.4267322021366075
Austdalsbreen,2081-08-01,-0.48421748430301087,-0.4504886862518378,-0.30330000921997013
Austdalsbreen,2081-09-01,-0.16243669711491218,-0.4979188832130183,-0.22336207694151397
Austdalsbreen,2081-10-01,-0.4525700592578364,-0.33119375813734525,-0.2322947141057524
Austdalsbreen,2081-11-01,-0.23573386775701688,-0.9080065597818928,-0.04428359314048099
Austdalsbreen,2081-12-01,-1.2100904966234163,-0.9237147511026665,-0.34508693756406217
Austdalsbreen,2082-01-01,-0.3627815366986656,-0.314854024806501,-0.4683809894016073
Austdalsbreen,2082-02-01,-0.20041865176726778,-0.26406203324749833,-0.5550506430329172
Austdalsbreen,2082-03-01,-0.3230928271901549,-0.8878906803564227,0.2736841572605802
Austdalsbreen,2082-04-01,-0.29833215178186173,-0.34418835188395064,-0.24403924120745338
Austdalsbreen,2082-05-01,-0.6520689334543379,-0.5039781612717329,-0.4917995897826799
Austdalsbreen,2082-06-01,-0.19132606778799857,-0.36227255218270793,-0.3282798960517006
Austdalsbreen,2082-07-01,-0.45770711614730786,-0.4251197404073909,-0.28012502417979973
Austdalsbreen,2082-08-01,-0.385737157004445,-0.3872537786892552,-0.5241396192675335
Austdalsbreen,2082-09-01,-0.56919287190307,-0.3166241480254098,-0.45406615946515266
Austdalsbreen,2082-10-01,-0.3333486384878464,-0.3877498212531532,-0.5951458213594076
Austdalsbreen,2082-11-01,-0.24888148884719255,-0.36603452516542,0.0392174742802757
Austdalsbreen,2082-12-01,0.24839804559197773,-0.7263959378186803,-0.17400654594746814
Austdalsbreen,2083-01-01,-0.1954765184985626,-0.5153669175125882,0.09576365036360589
Austdalsbreen,2083-02-01,-0.6207729172449271,-0.20197351680560804,-0.14888186527298164
Austdalsbreen,2083-03-01,0.019361373497973178,-0.41836738100512094,-0.5826218567162954
Austdalsbreen,2083-04-01,-0.21354390903999576,-0.44721987877888325,-0.4958913571719177
Austdalsbreen,2083-05-01,-0.4641207524628023,-0.3456506007777788,-0.29238185644324194
Austdalsbreen,2083-06-01,-0.2873040371506131,-0.47053250764800536,-0.11096080061866226
Austdalsbreen,2083-07-01,-0.3302092655623179,-0.36361243922568737,-0.37416519348291816
Austdalsbreen,2083-08-01,-0.272524793462618,-0.5950529650098875,-0.3031769997271929
Austdalsbreen,2083-09-01,-0.32091848658036315,-0.6472224242461687,-0.14577922438001936
Austdalsbreen,2083-10-01,-0.5959811656233938,-0.4487607634718085,-0.2284458609810166
Austdalsbreen,2083-11-01,-0.7619129930593048,-0.3837090009387878,-0.23980002718435953
Austdalsbreen,2083-12-01,-0.33526952537277205,-0.4676279313330065,0.10825906221630661
Austdalsbreen,2084-01-01,-0.44915046262817276,0.33260336604129664,-0.33453197640621307
Austdalsbreen,2084-02-01,-0.8637477312486572,-0.337574523025668,-0.16249407365518595
Austdalsbreen,2084-03-01,-0.5226416726126754,0.15827923318230883,-0.579617055769717
Austdalsbreen,2084-04-01,-0.39067131644941394,-0.4336122622820307,-0.060287513524022285
Austdalsbreen,2084-05-01,-0.04552108115060183,-0.3951596766211101,-0.2480576813452089
Austdalsbreen,2084-06-01,-0.2824233619920395,-0.5085309663614537,-0.3040901816145201
Austdalsbreen,2084-07-01,-0.5966216316054115,-0.3065841060332284,-0.3675739986594828
Austdalsbreen,2084-08-01,-0.46655485634130756,0.06560497629042399,-0.3656970842760631
Austdalsbreen,2084-09-01,-0.5869768456736231,-0.13112061167661335,-0.2589438298390279
Austdalsbreen,2084-10-01,-0.45216801729816836,-0.19137226618451678,0.021849215779202458
Austdalsbreen,2084-11-01,-0.7091365046624789,-0.5818609579579728,0.19663646889679667
Austdalsbreen,2084-12-01,-0.49117891850187995,-1.0795313602487453,0.1539526383354984
Austdalsbreen,2085-01-01,-0.3164562336069569,-0.6850117626835056,-0.17177007063852656
Austdalsbreen,2085-02-01,-0.9518801957305952,-0.9927162845600872,-0.2433832420628139
Austdalsbreen,2085-03-01,-0.599756865552097,-0.9047232080774873,-0.47367786981263316
Austdalsbreen,2085-04-01,-0.5400155976939108,-0.4397724248797495,-0.14313918008175427
Austdalsbreen,2085-05-01,-0.3922433299338342,-0.2801640398499338,-0.13608566812055664
Austdalsbreen,2085-06-01,-0.5550783128304527,-0.14962313931071108,-0.33906618161818103
Austdalsbreen,2085-07-01,-0.5413945425594074,-0.6697393603788985,-0.29816120776595945
Austdalsbreen,2085-08-01,-0.5385950340110939,-0.4641564553888611,-0.2724150001471108
Austdalsbreen,2085-09-01,-0.16339096226220237,-0.5875665688875072,-0.347762722370965
Austdalsbreen,2085-10-01,-0.2771514830641897,-0.7811382678131741,-0.1495000072012352
Austdalsbreen,2085-11-01,-0.5003637113931982,-0.6576658480580777,0.06052299257994361
Austdalsbreen,2085-12-01,-0.5024471007517253,-0.48136963365029367,-0.3991114852898459
Austdalsbreen,2086-01-01,-0.35481746357505145,-0.6712239607573812,-0.5719034330019709
Austdalsbreen,2086-02-01,-0.8320858770986851,-0.4404644658532259,-0.3297803090023336
Austdalsbreen,2086-03-01,-0.28473646071345865,-0.5709095574396968,-0.30773095497393643
Austdalsbreen,2086-04-01,-0.4403919714499976,-0.2546043675556257,-0.25549069807033475
Austdalsbreen,2086-05-01,-0.6038493401544226,-0.45974757974995467,-0.5618877521520371
Austdalsbreen,2086-06-01,-0.7473372327965091,-0.7881259093372427,-0.3275442341754611
Austdalsbreen,2086-07-01,-0.6033654832202341,-0.08144400260474582,-0.3857623130924064
Austdalsbreen,2086-08-01,-0.6941572918725377,-0.3451929854079336,-0.4152049152699146
Austdalsbreen,2086-09-01,-0.60040294920161,-0.39374340905832966,-0.2711247120679488
Austdalsbreen,2086-10-01,-0.4383541395309392,-1.0438880906230559,-0.6425816063851787
Austdalsbreen,2086-11-01,-0.6787778512530878,-0.5834603430549251,-0.3708287749030441
Austdalsbreen,2086-12-01,-0.7414372823946489,-0.4561395799985977,0.25326871940909645
Austdalsbreen,2087-01-01,-0.8296208566568349,-0.2016901994253025,-0.4105615236981433
Austdalsbreen,2087-02-01,-0.5129453920002124,-0.7952942638044399,-0.10095960385498759
Austdalsbreen,2087-03-01,-0.6672077151060009,-0.5068498761794573,-0.4554467169853776
Austdalsbreen,2087-04-01,-1.0316771862935417,-0.3785263752398884,-0.3682426347912235
Austdalsbreen,2087-05-01,-0.5694334215955968,-0.48634499497380856,-0.369729465752696
Austdalsbreen,2087-06-01,-0.5885951216683742,-0.2771611092279013,-0.5912727819689454
Austdalsbreen,2087-07-01,-0.3314302308707555,-0.5271405622704513,-0.3945348637329366
Austdalsbreen,2087-08-01,-0.27274574326519413,-0.4772564220653311,-0.44131223631489
Austdalsbreen,2087-09-01,-0.30575456537881185,-0.30917787958730264,-0.16286192493091373
Austdalsbreen,2087-10-01,0.006634227123937418,-0.46764279765619704,-0.8346089483253779
Austdalsbreen,2087-11-01,-0.36495335796423095,-1.0731193001835233,-0.7463113865475842
Austdalsbreen,2087-12-01,0.29137526729584134,-0.68531089769,0.24702358214440714
Austdalsbreen,2088-01-01,-0.5408661386228278,-0.07761520626470247,-0.6007091739850564
Austdalsbreen,2088-02-01,-0.4555634229607435,-0.35449145531246923,-0.8202858370176506
Austdalsbreen,2088-03-01,-0.9079558240478623,-0.6477091113637213,-0.4967302758387528
Austdalsbreen,2088-04-01,-0.11436675041558586,-0.25954227969026655,-0.32847212625994404
Austdalsbreen,2088-05-01,-0.3345465060733169,-0.38796166943393434,-0.4368218171106722
Austdalsbreen,2088-06-01,-0.4865458953419936,-0.1586085049404636,-0.5775890092776504
Austdalsbreen,2088-07-01,-0.5646875829552717,-0.46080170579507945,-0.319847475018587
Austdalsbreen,2088-08-01,-0.4963420757584956,-0.3895451226789482,-0.39914704780586524
Austdalsbreen,2088-09-01,-0.5836129941118443,-0.22560596531737417,-0.38884379588471635
Austdalsbreen,2088-10-01,-0.4381029802999345,-0.2505538060514394,-0.6384083484476082
Austdalsbreen,2088-11-01,-0.8242365173531893,-0.8500886443522964,0.18713719789876385
Austdalsbreen,2088-12-01,-0.25308499155068914,-0.5469308184597145,-0.18005075058312
Austdalsbreen,2089-01-01,-0.17486574606623387,-0.6913123823845373,0.09900848401933036
Austdalsbreen,2089-02-01,0.23139497001489354,-0.45652312737294726,-0.5530810599905273
Austdalsbreen,2089-03-01,-0.21598557409718777,-0.5797344302560866,-0.603894283183021
Austdalsbreen,2089-04-01,-0.6788497989780304,-0.40900712557429814,-0.520902416655579
Austdalsbreen,2089-05-01,-0.7496770262148039,-0.5629968670334705,-0.3567629671096985
Austdalsbreen,2089-06-01,-0.4976740571446885,-0.2850354218093479,-0.3386948885526939
Austdalsbreen,2089-07-01,-0.7672869706581479,-0.4597567153747459,-0.32709232936846794
Austdalsbreen,2089-08-01,-0.5139829527711367,-0.3705372856609728,-0.1652313399824793
Austdalsbreen,2089-09-01,-0.3671435373248055,-0.16847427365964598,-0.1367480298894521
Austdalsbreen,2089-10-01,-0.15070661791451984,-0.6943839987926279,-0.1628024005857214
Austdalsbreen,2089-11-01,-0.9731329804646477,-0.5846765358862719,0.06750826607937661
Austdalsbreen,2089-12-01,-0.7111917108226585,-0.10050202632020877,-0.16445215754075843
Austdalsbreen,2090-01-01,-0.8487389944041244,-0.4080606344845446,0.10502114532953001
Austdalsbreen,2090-02-01,-0.3721313188507545,-0.14986804999370043,-0.7299439266501401
Austdalsbreen,2090-03-01,-0.8786241175515789,-0.2952521440787122,-0.13441426574102508
Austdalsbreen,2090-04-01,-0.3784172235868957,0.00428226241684911,-0.07400557894356523
Austdalsbreen,2090-05-01,-0.3441123349774731,-0.36467785774033273,-0.43241016921159064
Austdalsbreen,2090-06-01,-0.3623336003132918,-0.5250843293475643,-0.6045342327098147
Austdalsbreen,2090-07-01,-0.5788685075378636,-0.5745776507995458,-0.33698285331749506
Austdalsbreen,2090-08-01,-0.49309655988822204,-0.2288175219391785,-0.2043105852256886
Austdalsbreen,2090-09-01,-0.6828888464838044,-0.32430939059283065,-0.42951281291200427
Austdalsbreen,2090-10-01,-0.33920771230628494,-0.7281839173089594,-0.10865124417067595
Austdalsbreen,2090-11-01,-0.269716379096788,-0.26934744423140433,-0.17455372374544295
Austdalsbreen,2090-12-01,-0.09173865561654744,-0.44868219468631443,-0.8110375398050471
Austdalsbreen,2091-01-01,-0.3515630532899981,0.3891647279147561,-0.5857197022849013
Austdalsbreen,2091-02-01,-0.435331885136845,-0.17696469374685608,0.012861866902639888
Austdalsbreen,2091-03-01,-0.3498151619783318,-0.3189372549937576,-0.3727823469775357
Austdalsbreen,2091-04-01,-0.16417297292365854,-0.4816215363501027,-0.583040235861432
Austdalsbreen,2091-05-01,-0.27311939043216504,-0.22952410863792935,-0.603422045630297
Austdalsbreen,2091-06-01,-0.653941470726199,-0.15617293915190217,-0.20453625966935104
Austdalsbreen,2091-07-01,-0.3716857828722722,-0.5317252101038329,-0.2086059571461174
Austdalsbreen,2091-08-01,-0.5236981582440162,-0.37096600398299523,-0.4123930516785006
Austdalsbreen,2091-09-01,-0.3531457718282776,-0.605908666057772,-0.18787990762112705
Austdalsbreen,2091-10-01,-0.09013430933685733,-0.5108130930045501,-0.10963396153205655
Austdalsbreen,2091-11-01,-0.059931070775031826,-0.7548674430335264,-0.8912326901472968
Austdalsbreen,2091-12-01,0.06778753393434943,-0.8458438990013127,-0.4596869548332028
Austdalsbreen,2092-01-01,-0.8506400365804181,-1.123037190730009,-0.7331722386476761
Austdalsbreen,2092-02-01,-1.0221171149870192,-0.32123113067069353,-0.705763556567081
Austdalsbreen,2092-03-01,-0.7106552177518134,-0.417507200719641,-0.2305499484133041
Austdalsbreen,2092-04-01,-0.545485245570586,-0.38067908900407404,-0.2736600741006748
Austdalsbreen,2092-05-01,-0.8156046728954269,-0.23585116615963778,-0.42197002923808885
Austdalsbreen,2092-06-01,-0.5060080195841864,-0.4708396082239034,-0.32227070126683294
Austdalsbreen,2092-07-01,-0.49419734491086253,-0.5536839335827006,-0.3309397830136582
Austdalsbreen,2092-08-01,-0.5764274487647533,-0.5125464118600026,-0.5335290604265516
Austdalsbreen,2092-09-01,-0.3918070408857505,-1.0543473818779925,-0.4677177479340297
Austdalsbreen,2092-10-01,-0.6841066982826746,-0.32681188593579047,-0.23620692969403687
Austdalsbreen,2092-11-01,-0.23510710031821083,-0.39689602274910607,-0.3884183466328493
Austdalsbreen,2092-12-01,-0.7174129402379391,-0.8142919261956849,-0.7222392624024677
Austdalsbreen,2093-01-01,-0.7028874792355121,-0.7112301081155787,-0.12114303474938488
Austdalsbreen,2093-02-01,-0.7225193051700001,-0.051931499008727434,-0.8839377044843156
Austdalsbreen,2093-03-01,-0.5282407352298345,-0.34110447862714866,-0.71424753016205
Austdalsbreen,2093-04-01,-0.3990186932082993,-0.5511474805263626,-0.16110729885275746
Austdalsbreen,2093-05-01,-0.16147200982269402,-0.41033515018753425,-0.26931378903860814
Austdalsbreen,2093-06-01,-0.48749561596235164,-0.4957244679661475,-0.25988516041134474
Austdalsbreen,2093-07-01,-0.3992168098091568,-0.3904336384198239,-0.2672037374495697
Austdalsbreen,2093-08-01,-0.30352179194573653,-0.4217860091315773,-0.326821309060925
Austdalsbreen,2093-09-01,-0.4503211721576188,-0.3828780032583687,-0.4019119687625734
Austdalsbreen,2093-10-01,-0.4516040952035043,-0.16626383948534199,-0.002939033165314705
Austdalsbreen,2093-11-01,-0.869397736052513,-0.3451790233578426,-0.2982348688858929
Austdalsbreen,2093-12-01,-0.03731770923011626,-0.3995699100092387,-0.9054605658707632
Austdalsbreen,2094-01-01,-0.4833497148917612,-0.2471479387452072,-0.6335157548038488
Austdalsbreen,2094-02-01,0.07363499578196563,-0.5722599775029641,-0.19179540626371575
Austdalsbreen,2094-03-01,-0.7104773389204224,-0.3108349997718685,0.08048764734571963
Austdalsbreen,2094-04-01,-0.3454770896851092,-0.21384774859478048,-0.1014063441437288
Austdalsbreen,2094-05-01,-0.2711578306077491,-0.45572512303586027,-0.5935926678246126
Austdalsbreen,2094-06-01,-0.29236953255873105,-0.426018093499451,-0.18827314061776815
Austdalsbreen,2094-07-01,-0.45712493819754085,-0.4086797129958027,-0.4994066534458767
Austdalsbreen,2094-08-01,-0.35773253007174727,-0.4693353140763042,-0.17707015274831384
Austdalsbreen,2094-09-01,-0.6742806678578915,-0.33057985018913166,-0.16904326704075748
Austdalsbreen,2094-10-01,-0.010894064308802465,-0.42823575899065736,-0.7803989586143074
Austdalsbreen,2094-11-01,-0.1728947563983009,-0.38523647281059814,-0.9090623191688474
Austdalsbreen,2094-12-01,-0.7134766820340855,-0.1463463535710475,0.14446489117392536
Austdalsbreen,2095-01-01,-0.34467371673964453,-0.8047879563914119,-0.34974234252131825
Austdalsbreen,2095-02-01,-1.3264383864504457,-0.38469407539483086,-0.31192381493557725
Austdalsbreen,2095-03-01,-0.6801591253994631,-0.4026904002625525,-0.5211130308859171
Austdalsbreen,2095-04-01,-0.8624115497124537,-0.5338958108515964,-0.34639875138725973
Austdalsbreen,2095-05-01,-0.6654313961127939,-0.4317281915314363,-0.1900483655838993
Austdalsbreen,2095-06-01,-0.40496774180196143,-0.47053700275094706,-0.5239394516060107
Austdalsbreen,2095-07-01,-0.5162518339133442,-0.40839561269428293,-0.26398671121084466
Austdalsbreen,2095-08-01,-0.4800532394320363,-0.42897939006595487,-0.5464586422044702
Austdalsbreen,2095-09-01,-0.5147716536800733,-0.22468214925623844,-0.5471996584725506
Austdalsbreen,2095-10-01,-0.7307131169037508,-0.5320105533842033,-0.26678851837150486
Austdalsbreen,2095-11-01,-0.9965173858061241,-0.23033126018678543,-0.5120471750732443
Austdalsbreen,2095-12-01,-0.3231258035521522,-0.3077459902189173,-0.5539714741325489
Austdalsbreen,2096-01-01,-0.45131892746728247,-0.6596961826954199,-0.38276685306898917
Austdalsbreen,2096-02-01,-0.2741972702867574,-0.07015989359682558,-0.30838543172274685
Austdalsbreen,2096-03-01,-0.1224683679101462,-0.4189165325579769,-0.625393026228657
Austdalsbreen,2096-04-01,-0.2392523495296329,-0.48417900620619986,-0.6694695326592978
Austdalsbreen,2096-05-01,-0.5087281996362565,-0.40627586793301057,-0.3892028377479116
Austdalsbreen,2096-06-01,-0.4318391412511728,-0.5479734683374234,-0.4654837020119893
Austdalsbreen,2096-07-01,-0.5835126942906017,-0.376373710534031,-0.2471285623503695
Austdalsbreen,2096-08-01,-0.6111590090872336,-0.6909305959096388,-0.4330766607796586
Austdalsbreen,2096-09-01,-0.8879643389496307,-0.5191336745119903,-0.27751902286664537
Austdalsbreen,2096-10-01,-0.40047028811348634,-0.23710724253908122,0.03419891982267387
Austdalsbreen,2096-11-01,-0.4652291585149435,-0.5482609639852613,-0.06061303013110284
Austdalsbreen,2096-12-01,-0.5228268832029109,-0.3288594121899167,-0.05581439109309442
Austdalsbreen,2097-01-01,-0.17997550294940798,-0.777504896807132,-0.2277169720096953
Austdalsbreen,2097-02-01,-0.5509246383474448,-0.11174265937579954,-0.1478628987116895
Austdalsbreen,2097-03-01,-0.3568688198751178,-0.10890593482610154,-0.5084045501155938
Austdalsbreen,2097-04-01,-0.07660906664122806,-0.2298916851856189,-0.652777086627395
Austdalsbreen,2097-05-01,-0.22188682909196736,-0.222421527122271,-0.5916679681387607
Austdalsbreen,2097-06-01,-0.40319822858700466,-0.6256366506664173,-0.2700621419770843
Austdalsbreen,2097-07-01,-0.21123148611072964,-0.6537929962555894,-0.2625737224414421
Austdalsbreen,2097-08-01,-0.4162745047968141,-0.3989744736671718,0.07625566623703826
Austdalsbreen,2097-09-01,-0.6136477967435837,-0.39231817317769874,-0.35373417854546246
Austdalsbreen,2097-10-01,-0.09137465734281765,-0.3102938936132798,-0.502212852440617
Austdalsbreen,2097-11-01,-0.7251288560672212,-0.7826570039843291,-0.46303991007084716
Austdalsbreen,2097-12-01,-0.6422158876885604,-0.4719235206141095,-0.039967469216727114
Austdalsbreen,2098-01-01,-0.9252343234413579,-0.30024882043422246,0.38292822517745817
Austdalsbreen,2098-02-01,-0.4030562192368666,0.1342492695288102,0.19953517229617534
Austdalsbreen,2098-03-01,-1.226531486908786,-0.2834922286932657,-0.026251863813874666
Austdalsbreen,2098-04-01,-0.4945985202479079,-0.6836374544043587,-0.13270944989230626
Austdalsbreen,2098-05-01,-0.2662083346269514,-0.5300712979200849,-0.13229130570173422
Austdalsbreen,2098-06-01,-0.6505503036115106,-0.5993767918515669,-0.2415286974840809
Austdalsbreen,2098-07-01,-0.4310459996063905,-0.548301243300573,-0.4294498997721821
Austdalsbreen,2098-08-01,-0.40796277306994727,-0.6011577175375996,-0.2555925899836286
Austdalsbreen,2098-09-01,-0.3384788789191817,-0.1968704422745391,-0.3339501456297708
Austdalsbreen,2098-10-01,-0.30740934538776293,-0.609467388592103,-0.3688971411325625
Austdalsbreen,2098-11-01,-0.723033916265383,-0.6269243978760616,-0.6466734493829467
Austdalsbreen,2098-12-01,-0.7231803842698855,-0.35153467041891867,-0.5662469210582253
Austdalsbreen,2099-01-01,-0.2674533307541698,-1.1636311721488346,0.058703936620753384
Austdalsbreen,2099-02-01,-0.5551822046731618,-0.36993176016907153,0.29332121503057856
Austdalsbreen,2099-03-01,-0.3028966818610755,-0.20989264351513368,0.2204274256811354
Austdalsbreen,2099-04-01,-0.6767562987544871,-0.47401647585744966,-0.008373665227642399
Austdalsbreen,2099-05-01,-0.48652710163924534,-0.22635923861998672,0.11034336384509631
Austdalsbreen,2099-06-01,-0.3985216092418149,-0.820691645863116,-0.4996303322742492
Austdalsbreen,2099-07-01,-0.5128513203594115,-0.27290905710467944,0.049817367827973934
Austdalsbreen,2099-08-01,-0.672002906920719,-0.46795324649908876,-0.3068810551180645
Austdalsbreen,2099-09-01,-0.33346022996647856,-0.0721167921166413,-0.1500080260190532
Austdalsbreen,2099-10-01,-0.17954373474955168,-0.07812668671554039,-0.06826833096564715
Austdalsbreen,2099-11-01,-0.10811793889898695,-0.29207917625002583,-0.131631389155391
Austdalsbreen,2099-12-01,-0.19702495845848014,-0.5379067073860041,-0.5854086201643335
Austdalsbreen,2100-01-01,-0.6107510808201675,-1.038996888210286,-0.4164233746693784
Austdalsbreen,2100-02-01,-0.875662120173255,-1.2577429216860807,-0.2679063871196404
Austdalsbreen,2100-03-01,-0.25343660911306753,-0.43221395968219706,-0.10539405812630541
Austdalsbreen,2100-04-01,-0.48965283897827677,-0.131669623005379,-0.23942749337608626
Austdalsbreen,2100-05-01,-0.4651661601881926,-0.4847116018739091,-0.3191458006318931
Austdalsbreen,2100-06-01,-0.4094293695823077,-0.27216538214580804,-0.2500799108154815
Austdalsbreen,2100-07-01,-0.5503667930935316,-0.2260512188478397,-0.09305221983546047
Austdalsbreen,2100-08-01,-0.668603366114986,-0.4720816757144888,-0.14015239618631065
Austdalsbreen,2100-09-01,-0.4403279724114988,-0.3258673927500409,-0.25043371210061816
Austdalsbreen,2100-10-01,-0.45948549125286275,-0.23195791622514003,-0.5043786550860606
Austdalsbreen,2100-11-01,-0.511150575396674,-0.11769043628613635,-0.11414675537809092
Austdalsbreen,2100-12-01,-0.9984690446624432,-0.21167022438685623,0.11880704467469765
Engabreen,2015-01-01,-0.2847259073808725,-0.0644422721046648,-0.21969098045800092
Engabreen,2015-02-01,0.07153338896015916,0.19169259265921954,-0.17081677247981383
Engabreen,2015-03-01,-0.06248401209354664,0.16864855428202585,-0.03019648223666554
Engabreen,2015-04-01,-0.07451057270062739,-0.18459463364454687,0.09196509561601267
Engabreen,2015-05-01,0.07741175996354682,-0.0967432179230644,-0.03801534754416977
Engabreen,2015-06-01,0.06944744138671106,0.023815005765216307,0.13456553413068198
Engabreen,2015-07-01,0.1153385329873277,0.06627737175072239,0.001575598328580792
Engabreen,2015-08-01,0.00437327770916061,-0.07986850744945727,0.0207197289448922
Engabreen,2015-09-01,0.024257179964443144,0.13600348534017004,0.013077218535135724
Engabreen,2015-10-01,0.1194955471315176,-0.09019713532368306,0.044157896951629895
Engabreen,2015-11-01,0.1186748069893665,-0.027662479513362186,0.057720561365042077
Engabreen,2015-12-01,-0.07678095940075384,-0.03292855986314852,0.14722512511411162
Engabreen,2016-01-01,0.15880762087624023,-0.04447028670125892,-0.01230092399546294
Engabreen,2016-02-01,0.325144888004058,0.18118786018239574,-0.15288953883892822
Engabreen,2016-03-01,0.06012210883819568,0.08151421400155379,-0.017787326885717953
Engabreen,2016-04-01,0.03985576992528104,-0.11358233490825574,-0.035323171449524994
Engabreen,2016-05-01,0.13096732751571064,0.11516697169082098,0.04226695469372355
Engabreen,2016-06-01,0.007926831211400387,-0.0004357706450152585,0.039072776271644585
Engabreen,2016-07-01,-0.06430066395630224,-0.03855325561724458,0.008362282960167257
Engabreen,2016-08-01,0.026630539032296497,0.08104721887347409,-0.08416778682322591
Engabreen,2016-09-01,-0.089616698999937,-0.1301217416964085,-0.11580648624664881
Engabreen,2016-10-01,-0.11438588736730286,-0.03958388480007049,0.021477328849919333
Engabreen,2016-11-01,-0.3528718012041807,0.060304185847549686,-0.11106714944520003
Engabreen,2016-12-01,-0.08190571275532661,0.17328132646494976,-0.08647822405285109
Engabreen,2017-01-01,0.11013498255212928,0.4123676020388955,-0.06460912024533942
Engabreen,2017-02-01,-0.12726444360135525,0.3151160144232428,0.018653945870743528
Engabreen,2017-03-01,-0.08119659111097273,0.4568981736871291,-0.02719753942215633
Engabreen,2017-04-01,-0.07015045101111954,0.21650716945608103,0.032743650329999076
Engabreen,2017-05-01,0.06819131024102033,0.11750665040619258,0.10778103355492952
Engabreen,2017-06-01,0.04327240687658518,-0.008178020564804286,0.10547607963438044
Engabreen,2017-07-01,0.06778843008809204,-0.05127849227473777,0.06027019629016125
Engabreen,2017-08-01,-0.10870728959548724,-0.07407559132608453,-0.06890662726956859
Engabreen,2017-09-01,0.09628759151102338,0.08342399771679505,0.05570881524184901
Engabreen,2017-10-01,0.00943190571791458,0.0033722253484237455,0.032296271662608296
Engabreen,2017-11-01,0.14859636616373503,-0.03147168150830784,0.1299703910390884
Engabreen,2017-12-01,-0.21327162759216836,0.10497584032399783,-0.07062826319730982
Engabreen,2018-01-01,-0.030799723420874666,-0.08907133391146087,0.18074434000776085
Engabreen,2018-02-01,-0.14922749767927626,-0.1322284932870068,0.34946263988418336
Engabreen,2018-03-01,-0.06170318565469327,0.05403928667897243,0.2283592791480931
Engabreen,2018-04-01,-0.009968634987560288,0.09637701177344915,-0.03470350028889833
Engabreen,2018-05-01,-0.03716014244774372,-0.02648489927560159,-0.011420544401317031
Engabreen,2018-06-01,0.18435042828443993,0.10500820180225164,0.055087039663396176
Engabreen,2018-07-01,0.020188331444249405,0.03276589036091112,-0.0683717443020263
Engabreen,2018-08-01,0.1527847569402495,0.15480696996173357,-0.0389898634277688
Engabreen,2018-09-01,-0.07490562726799233,-0.15022330369281076,-0.05135078312642097
Engabreen,2018-10-01,-0.04898685691232033,0.13615565516845124,-0.17122255334977102
Engabreen,2018-11-01,-0.1190301813681014,-0.19287502197772946,-0.26803376195455314
Engabreen,2018-12-01,0.003334183430274159,-0.1910308920113092,-0.14338336412679636
Engabreen,2019-01-01,0.07366488223635499,-0.1068526776774642,-0.03282257882669569
Engabreen,2019-02-01,-0.04458510089155412,0.026068209062894625,0.36957314811849007
Engabreen,2019-03-01,0.0803639737204729,0.09570131004733795,-0.06940597742152914
Engabreen,2019-04-01,0.23522842241377429,-0.04431644404483697,0.1293110845957728
Engabreen,2019-05-01,-0.023226509879402214,-0.13581111205424176,0.10084570676289983
Engabreen,2019-06-01,0.04156067374657913,0.09327090041389767,0.1487300635445269
Engabreen,2019-07-01,0.07937883449298458,0.07408732036968456,-0.05729840656651566
Engabreen,2019-08-01,-0.08778619477636353,-0.06248760172534668,0.044678205876216966
Engabreen,2019-09-01,-0.03226821527491259,-0.008026500269538833,0.03460887742194268
Engabreen,2019-10-01,0.07341622170821233,-0.11661852872056057,0.07756921191034472
Engabreen,2019-11-01,-0.15259278916608277,0.24176372506810354,-0.0011163152335586142
Engabreen,2019-12-01,-0.0241492898608509,0.04080980396746801,0.014424639099824799
Engabreen,2020-01-01,0.10335820862691664,0.4332485406064717,0.0065586134665875095
Engabreen,2020-02-01,-0.09385022946608841,0.41454730279207147,-0.12730675288199964
Engabreen,2020-03-01,-0.25526447271037184,0.26279045048034216,-0.13743792930996754
Engabreen,2020-04-01,-0.0671800859122035,-0.0006542449882348209,-0.02078043124433267
Engabreen,2020-05-01,0.094445847426055,0.05119591725587838,0.0778575418526178
Engabreen,2020-06-01,0.08490328399903353,0.12349521109177693,0.07271410854992445
Engabreen,2020-07-01,-0.04155718229169691,0.014380863223078801,0.022762636880227838
Engabreen,2020-08-01,0.07075823297559587,0.023209647762736207,-0.045001994438845505
Engabreen,2020-09-01,0.13510267215404792,-0.11289874728657014,-0.007448547005976985
Engabreen,2020-10-01,-0.04134886679883115,0.005303401233687739,0.05884657664269146
Engabreen,2020-11-01,-0.08829876113092765,0.020179072574846524,0.05693974723317518
Engabreen,2020-12-01,-0.17917026288798535,0.24387059225678975,-0.051924504320527004
Engabreen,2021-01-01,0.016543303777728297,0.1412875695280826,-0.020662941667108362
Engabreen,2021-02-01,0.19001033379244156,0.14650829211821578,0.13336498361438698
Engabreen,2021-03-01,0.29035859155023186,0.034797407094033485,-0.09796795054333658
Engabreen,2021-04-01,0.058699738277144003,0.06795668707274909,-0.06268037790754481
Engabreen,2021-05-01,-0.1483574370148891,0.010977424957409767,0.0494101738999407
Engabreen,2021-06-01,-0.07053132191215761,0.0712396948483703,0.16269942123655765
Engabreen,2021-07-01,-0.04199140459175319,-0.06200218344797497,0.07689013627097825
Engabreen,2021-08-01,-0.007133600288452477,-0.06717398054639663,-0.0842615755594162
Engabreen,2021-09-01,0.11359144233689944,-0.05302572672438086,-0.182129729120485
Engabreen,2021-10-01,0.012997301574961484,-0.02722072662109844,0.06633263700635496
Engabreen,2021-11-01,0.002780535195432208,-0.028687211243737937,-0.005352384315426297
Engabreen,2021-12-01,0.2326948188065335,0.025279222058541283,-0.15174949454992756
Engabreen,2022-01-01,-0.08624719225895305,-0.02565577620896735,-0.025699905779767662
Engabreen,2022-02-01,0.0977122185116215,-0.16506507605125942,-0.11139034174463348
Engabreen,2022-03-01,-0.027137509989654068,-0.03668644163923194,-0.19628719914813395
Engabreen,2022-04-01,-0.10514576944142119,-0.20286081139644127,0.2933584504761491
Engabreen,2022-05-01,0.1320486028260897,-0.010849471270783811,0.020268665050089296
Engabreen,2022-06-01,0.08207729957506649,0.07139637843347292,0.1228757287295315
Engabreen,2022-07-01,0.1834168356731436,-0.017065922929941673,-0.07946095736539438
Engabreen,2022-08-01,0.05025211399774737,0.012352078289493917,-0.1838738441704956
Engabreen,2022-09-01,-0.06384975038832243,-0.10371064053222356,0.0648499808531738
Engabreen,2022-10-01,0.13157108179153687,-0.23764621594688332,0.06757120630068193
Engabreen,2022-11-01,0.02686312890751713,-0.07167173456320247,-0.02167431369715633
Engabreen,2022-12-01,0.11093863314345166,-0.2119135485411764,-0.001325380861509388
Engabreen,2023-01-01,-0.19377462914417343,0.16076283306589537,0.1399692627494129
Engabreen,2023-02-01,-0.11056550443844011,0.03492176152971043,0.23522152733039223
Engabreen,2023-03-01,0.16141501714546613,-0.20212339441290172,-0.14326424520056938
Engabreen,2023-04-01,0.009151253640844232,0.048270069797251035,0.0008345856746498995
Engabreen,2023-05-01,0.20695375325260776,0.11677960340958958,0.06096850555004779
Engabreen,2023-06-01,0.1293875004753067,-0.11581957828927618,0.00596058520236688
Engabreen,2023-07-01,0.03952327529903086,0.030880269706074614,0.05538784834339331
Engabreen,2023-08-01,0.05836603114342309,-0.09116119154914819,-0.037326429704621016
Engabreen,2023-09-01,-0.012160826247370074,0.15746101488122555,0.012305104401265194
Engabreen,2023-10-01,0.3331467885127668,0.07035970084337052,-0.1423025256395072
Engabreen,2023-11-01,0.3152568757872625,0.03143426023496392,-0.10977110064304425
Engabreen,2023-12-01,0.2034201749200546,0.15402510122734206,0.09595838463001322
Engabreen,2024-01-01,0.15220396686100726,0.48867223074820404,-0.015455889779012369
Engabreen,2024-02-01,-0.0069080706362323425,0.1526451185560753,0.016029803371543177
Engabreen,2024-03-01,0.13328456800801303,-0.15546680997346904,0.1093121897230079
Engabreen,2024-04-01,-0.05018319649762137,0.16085641329929368,0.00749950103760363
Engabreen,2024-05-01,0.10057294992059018,0.30149035474789154,0.04561706444000475
Engabreen,2024-06-01,0.13648633346412614,0.008008897571426437,-0.045764238844283496
Engabreen,2024-07-01,0.04129424410205975,0.04891073685228004,-0.08262626501375321
Engabreen,2024-08-01,-0.048795819624751526,0.09616789799480578,-0.0821682230516842
Engabreen,2024-09-01,0.04571744899460569,0.03768576972716937,-0.007128189142904817
Engabreen,2024-10-01,0.20001161959695568,0.14931888395027207,0.09045275446510703
Engabreen,2024-11-01,0.06404021794589071,0.02847010348094724,0.15477652003783593
Engabreen,2024-12-01,-0.1113356109314287,0.011913035363070259,-0.033074643352379474
Engabreen,2025-01-01,0.19040196071949103,-0.17060666211305642,-0.023058443607639312
Engabreen,2025-02-01,-0.0037657949055397524,0.14704228297774913,0.3426659340332725
Engabreen,2025-03-01,-0.06660641317953282,-0.02461599134331031,0.10889946868604113
Engabreen,2025-04-01,-0.027027074924228844,-0.08590456678145737,0.06559376881605909
Engabreen,2025-05-01,-0.12836722677118398,-0.04025412871587253,0.044110532329269626
Engabreen,2025-06-01,0.04524726268052639,0.011757145044830929,0.12521538453851092
Engabreen,2025-07-01,0.15370734929660632,-0.01690720072273043,-0.010488256639321744
Engabreen,2025-08-01,0.004380145955491854,-0.1531725536785076,0.1345139281597084
Engabreen,2025-09-01,0.2099047553622948,-0.03157776663617151,0.189090860657572
Engabreen,2025-10-01,-0.11535642444902809,-0.011880090489774184,0.020787971448815612
Engabreen,2025-11-01,0.20945569178268209,0.21903525392462175,-0.0989512812597139
Engabreen,2025-12-01,0.15000450530119078,0.25710221719755794,0.3327297731576031
Engabreen,2026-01-01,-0.21891284215989412,0.05414409454441701,0.4329204379936497
Engabreen,2026-02-01,0.01953254325429302,-0.12794466025914705,0.17058843006079635
Engabreen,2026-03-01,-0.11755368153477076,-0.007473459153208142,-0.08660344761327372
Engabreen,2026-04-01,-0.16338006144284106,-0.05954935862068792,-0.03449654955462212
Engabreen,2026-05-01,-7.729279108937652e-05,0.09876876376464816,-0.10298272665326119
Engabreen,2026-06-01,0.16245296106590865,0.06512526525002225,0.04396463257628047
Engabreen,2026-07-01,-0.046225625771118585,0.023998135819788893,0.0022980080106934017
Engabreen,2026-08-01,-0.039132327432290455,0.17588949408894214,0.08117717390414439
Engabreen,2026-09-01,0.0988346145590267,0.07017607939590823,-0.09518198739359306
Engabreen,2026-10-01,0.07386985938271391,0.06178572898001439,-0.11107930060279171
Engabreen,2026-11-01,-0.051623159260581454,0.27743655497591657,0.030667452602083634
Engabreen,2026-12-01,-0.11151559754067604,-0.00517714033865616,0.29934322061913027
Engabreen,2027-01-01,0.0530961198961529,-0.3450051215103754,0.17948681754562887
Engabreen,2027-02-01,0.22038081206571467,0.04224328122220117,0.07573510324123073
Engabreen,2027-03-01,-0.23850632297125507,0.2918139015719419,0.0869763034495139
Engabreen,2027-04-01,-0.16347900573870125,-0.09040807336321033,0.15444408424020928
Engabreen,2027-05-01,0.15738433273580962,0.07371674873907479,0.03602527672443035
Engabreen,2027-06-01,-0.05576068417953284,-0.0036428285844048633,0.15408665744654196
Engabreen,2027-07-01,0.015261716729122335,0.061553683457265675,0.09002290412298584
Engabreen,2027-08-01,0.0005784354020544452,-0.07423538369014343,0.10680079664821313
Engabreen,2027-09-01,0.06477383949403413,-0.07908172320678467,0.037021257473396914
Engabreen,2027-10-01,-0.005099421797501992,0.08372213977189752,-0.023918341544326455
Engabreen,2027-11-01,0.05054819037527734,0.21859118079025852,0.124308040518143
Engabreen,2027-12-01,0.09877491883236367,0.3397091244553767,0.328029277574762
Engabreen,2028-01-01,-0.1462473936920994,0.3365680749351608,0.29102395516464646
Engabreen,2028-02-01,-0.0957832934983423,0.13760987132312122,0.28328524775778136
Engabreen,2028-03-01,-0.23781835342232113,-0.17114145065414213,0.21482337321734524
Engabreen,2028-04-01,0.10583300595229857,-0.014432339354578938,0.09985529457042856
Engabreen,2028-05-01,0.04230715728365055,0.06456210431714061,0.14937507334076325
Engabreen,2028-06-01,-0.03782065572432749,0.11353414120789927,-0.007702773138522248
Engabreen,2028-07-01,0.11146038870977298,0.01588329707028955,-0.05784637204206362
Engabreen,2028-08-01,-0.04563084759580891,-0.17623137319744644,0.022032890099178543
Engabreen,2028-09-01,0.0009454273005154723,0.01276551046399463,0.039583534451649326
Engabreen,2028-10-01,0.04918022573910676,-0.09385419981151555,-0.0018845983557894224
Engabreen,2028-11-01,0.06800213939559233,-0.02047776205371621,-0.08776458403933342
Engabreen,2028-12-01,0.0569567127920598,-0.14364601642175692,0.25777588227005505
Engabreen,2029-01-01,0.0022901742054146725,-0.2873690664713077,-0.042668025543707244
Engabreen,2029-02-01,-0.045151731139335925,-0.0016969364584235775,0.05084985370763745
Engabreen,2029-03-01,0.06505523983444618,0.06139302056716389,0.2767535916167219
Engabreen,2029-04-01,-0.07959916649180411,0.10325700727974847,0.1754338502823017
Engabreen,2029-05-01,0.08826363872733033,-0.085617277211863,0.17654477362418122
Engabreen,2029-06-01,0.15943880172805047,0.06629674200570031,0.05624455351028734
Engabreen,2029-07-01,0.038229003849939464,-0.014923114347324245,0.035968358855398015
Engabreen,2029-08-01,-0.004482874360715279,0.04397429705808062,0.0858402175262758
Engabreen,2029-09-01,-0.026940070485351842,0.019821965422566003,-0.006625773575740392
Engabreen,2029-10-01,-0.11478451069186464,-0.020495889378138576,0.04490933337429814
Engabreen,2029-11-01,-0.046246538379405434,0.0874284925876795,0.04272597268504399
Engabreen,2029-12-01,-0.11701160617385675,0.04766829084333631,0.23416304604052737
Engabreen,2030-01-01,0.0925128367044652,0.15164462598047995,-0.16233294121068145
Engabreen,2030-02-01,-0.18251396417325214,0.030564915080136545,0.03648115913887403
Engabreen,2030-03-01,-0.09076402161956966,-0.25939411789853883,0.2687923643544618
Engabreen,2030-04-01,-0.21671295727462028,-0.06450776508946178,0.1656967349602577
Engabreen,2030-05-01,0.11140099552205751,0.02372471953049876,0.13884465544152422
Engabreen,2030-06-01,-0.08481342664380727,0.03144734774895432,0.13875228812573184
Engabreen,2030-07-01,-0.04231363735700721,0.0361362318878314,-0.07603263180523474
Engabreen,2030-08-01,0.006799671792150645,-0.013228134774700577,0.03363365328107747
Engabreen,2030-09-01,0.03402340592099625,-0.06683588816410095,-0.07577987380231173
Engabreen,2030-10-01,-0.05699171699188189,0.026138275507240738,-0.09308873651234774
Engabreen,2030-11-01,-0.20315706881805284,0.06669093035185254,0.4025221908641197
Engabreen,2030-12-01,0.07227745688662994,0.07016052365234826,0.14709078352423074
Engabreen,2031-01-01,0.03873078773903229,0.08762983921879174,0.1438447645273532
Engabreen,2031-02-01,-0.12314672226205221,0.21196311415234315,0.031886402427020476
Engabreen,2031-03-01,0.06872663137506599,-0.033671027240966475,0.08143086860667244
Engabreen,2031-04-01,-0.015276215918297956,-0.03498475859767352,0.15182371404261497
Engabreen,2031-05-01,-0.06501781512395563,0.11317501631714476,-0.023121818954649948
Engabreen,2031-06-01,-0.16854446300984352,0.08989990534873331,-0.11030262763699668
Engabreen,2031-07-01,0.061553552640252474,0.17613438984638594,0.10852506044678423
Engabreen,2031-08-01,0.12440063247829068,-0.06564679179303541,0.11572682670468175
Engabreen,2031-09-01,0.11521588184651033,0.027687470491137883,0.05483559443895056
Engabreen,2031-10-01,-0.13192089109501692,-0.1079562072656605,-0.06913163142971811
Engabreen,2031-11-01,0.1390618030990579,-0.03327904485004243,0.0535395014795134
Engabreen,2031-12-01,-0.003417020884415589,-0.11736763155938312,-0.03783217467317134
Engabreen,2032-01-01,0.20359645486722303,0.22206776718048968,-0.020952678544222215
Engabreen,2032-02-01,0.4695420070310497,0.2561982125283601,0.2245788823096803
Engabreen,2032-03-01,0.304757636332406,0.06387152883991551,-0.11558945533330245
Engabreen,2032-04-01,0.033026271269050944,-0.03302863452488528,-0.1529346432369549
Engabreen,2032-05-01,0.07156664440739512,-0.1101521886970721,0.08135999550822248
Engabreen,2032-06-01,0.07797605447330862,0.055391420621853954,0.10018298895405392
Engabreen,2032-07-01,0.020591099227519078,0.06709509200034673,0.03869146217620237
Engabreen,2032-08-01,-0.04565399820001603,0.05790337034826403,-0.09977549260361301
Engabreen,2032-09-01,-0.051032425585113804,0.03591759450256906,0.0705872170429491
Engabreen,2032-10-01,0.22779910482308466,-0.2149040285947207,0.32824316009635235
Engabreen,2032-11-01,0.08205119502732047,0.021952521470605797,-0.04225599367030638
Engabreen,2032-12-01,-0.22074939421961834,0.19803368165666113,0.013666680031813901
Engabreen,2033-01-01,-0.1105571917627771,-0.2526909043423106,-0.02497833260899099
Engabreen,2033-02-01,0.022462645973213086,0.04532088662742562,0.04313787561355442
Engabreen,2033-03-01,0.06988311086942388,0.2448442472472758,-0.1805701822335463
Engabreen,2033-04-01,0.04778181151321887,-0.0014012870336247106,-0.12348995850759638
Engabreen,2033-05-01,-0.0011439616071288923,-0.00021259438826574015,-0.06352914175527241
Engabreen,2033-06-01,0.04231858620855567,0.01372254129973365,-0.04461198282552304
Engabreen,2033-07-01,-0.07580813443883783,-0.005439509265062284,-0.01735204535039697
Engabreen,2033-08-01,-0.041219029003463505,0.05812179597662013,0.1054363349527875
Engabreen,2033-09-01,-0.0006577935165603214,0.15265948957099948,0.019552335360795554
Engabreen,2033-10-01,0.09241808427754546,0.05491837523486228,0.07655074588512913
Engabreen,2033-11-01,0.021158219369457,0.004859072784067922,0.06743161702171017
Engabreen,2033-12-01,0.47843124028158296,-0.04508134893811951,0.06100623231008074
Engabreen,2034-01-01,0.3065826823397315,0.022791793400972992,0.0783879586766961
Engabreen,2034-02-01,0.038606744073124345,-0.035372581541896896,0.09473995752417926
Engabreen,2034-03-01,0.10630479247084346,-0.06306647405895971,-0.11024291525865869
Engabreen,2034-04-01,0.09855529984617657,0.2492964803057711,0.06792868337684034
Engabreen,2034-05-01,-0.08443882827682775,-0.1797876273604958,0.0730688509971288
Engabreen,2034-06-01,-0.006551799471542302,0.058757585796498736,0.11170512255568045
Engabreen,2034-07-01,-0.048461694130863854,0.11417150493190258,0.06585219836793749
Engabreen,2034-08-01,0.09994140084549274,0.1124725026091341,0.02983510686817462
Engabreen,2034-09-01,-0.07692263684858235,0.010744390789198643,0.16976905747053297
Engabreen,2034-10-01,0.11640840112660726,-0.10244101384716447,0.08033924190874293
Engabreen,2034-11-01,0.0006121235121429192,-0.1111893116020747,-0.15406553429599087
Engabreen,2034-12-01,-0.04966493860627974,0.16092393281962278,0.14717143553806203
Engabreen,2035-01-01,-0.07921400191749382,-0.011002572208560225,0.07989151083300758
Engabreen,2035-02-01,0.07241072855032767,-0.029099691925950633,0.04665896263550378
Engabreen,2035-03-01,-0.007325079354053206,-0.11996727999569178,0.14575056652117016
Engabreen,2035-04-01,0.1398596945141063,-0.13883300216905134,-0.10994702901392471
Engabreen,2035-05-01,-0.03209849674643602,-0.042774489058329944,0.047923987767511146
Engabreen,2035-06-01,0.00025202810528415776,-0.006860937128650268,0.14888435749495943
Engabreen,2035-07-01,-0.08325040982484268,0.0954263538189792,0.05067012469989727
Engabreen,2035-08-01,-0.10003176797198306,0.05780543993505751,0.07747339542508434
Engabreen,2035-09-01,0.0985183260511064,0.2319124037539767,0.052926149635879514
Engabreen,2035-10-01,0.10182040259078584,-0.08385544130003952,0.09699516983030272
Engabreen,2035-11-01,0.27611152407581535,0.0038236414753613315,0.07763692686501823
Engabreen,2035-12-01,-0.2528767122975833,-0.15415880206883784,-0.22564170905035788
Engabreen,2036-01-01,-0.15385040590222746,-0.10230030231109116,-0.02635808762501067
Engabreen,2036-02-01,-0.4024150699114311,-0.23893670482933374,-0.22827933807790826
Engabreen,2036-03-01,0.10385157263872409,-0.1253573939129127,-0.11373463572458826
Engabreen,2036-04-01,0.11833692666591862,0.12575963468965648,-0.04823333560836343
Engabreen,2036-05-01,0.2407995665218594,-0.04463675763680258,0.05003830358731783
Engabreen,2036-06-01,0.06901413021803512,-0.002561824928394569,-0.03390156291380698
Engabreen,2036-07-01,0.1301859824205255,0.16300690825709457,-0.09007803045715763
Engabreen,2036-08-01,0.023246298701181483,0.11070169746466306,0.08215453868159993
Engabreen,2036-09-01,-0.005686010154762315,0.20565107351591563,-0.12797902812216153
Engabreen,2036-10-01,-0.11233004527549824,0.11669102231159141,0.13803040632917252
Engabreen,2036-11-01,0.10568667448640175,0.16979713630272417,0.17519913036247714
Engabreen,2036-12-01,0.21107913521177876,0.18165378133331123,-0.20449298081088121
Engabreen,2037-01-01,0.1478312075622167,0.2552119787647876,0.08428859391193083
Engabreen,2037-02-01,-0.24714096826292078,0.17727915595357713,0.0830041114638536
Engabreen,2037-03-01,0.13763995825922778,0.20897118732395148,0.04955795043354
Engabreen,2037-04-01,0.03853322334907438,0.12577861252037392,-0.0064138996755110185
Engabreen,2037-05-01,0.0026441021807736623,-0.018182737243287398,0.08598615484252463
Engabreen,2037-06-01,-0.04066192391093427,-0.02814559599842181,0.0006957620224236072
Engabreen,2037-07-01,0.166144413949131,0.007899889589222291,-0.010947744804839274
Engabreen,2037-08-01,0.2245630752314843,0.1940321983818664,-0.044644546687700015
Engabreen,2037-09-01,-0.2195577204773059,0.20858586922724812,0.040292051922942114
Engabreen,2037-10-01,-0.18091729216293626,0.0702699119196938,0.04489666422376005
Engabreen,2037-11-01,-0.094554440807254,-0.024829689573847662,-0.038351956456617486
Engabreen,2037-12-01,0.09620706488796134,0.05785511800234446,0.01828828189717378
Engabreen,2038-01-01,-0.026031247022181098,0.12014077296679797,0.06642373670703568
Engabreen,2038-02-01,-0.08099303470023952,-0.10172322962781773,0.1203945482930389
Engabreen,2038-03-01,0.193803662904435,0.20479615768004875,-0.06541536505983538
Engabreen,2038-04-01,0.10621324767437768,0.09426685806043977,0.3303461860063259
Engabreen,2038-05-01,0.27546075287966704,0.14491514140700687,-0.048759859024317447
Engabreen,2038-06-01,0.04147041399514798,0.03316715646009429,0.12491492313771879
Engabreen,2038-07-01,0.001377437851941242,0.0321273596414322,-0.007184559269421613
Engabreen,2038-08-01,0.06876114049677733,0.21235922643454477,-0.07796283438795468
Engabreen,2038-09-01,0.1706208502732245,0.1595093864176126,0.02750738966301582
Engabreen,2038-10-01,-0.06560837959397925,-0.06704479017033765,0.12220029249299812
Engabreen,2038-11-01,0.07428142538004362,0.18784056687365944,0.18975686911534448
Engabreen,2038-12-01,-0.14154414488563058,0.2290889872919669,0.027808351129086584
Engabreen,2039-01-01,0.013761437213042687,0.01943024786214469,-0.08466867502867105
Engabreen,2039-02-01,-0.1968171052389086,-0.07654796984358166,0.20738560545513537
Engabreen,2039-03-01,0.2379932419687509,-0.28347197520663775,-0.12484393224256796
Engabreen,2039-04-01,0.14700971370040386,-0.0671192954326257,-0.013106129901846404
Engabreen,2039-05-01,0.2146788409755366,0.00786170945053651,-0.035429805555363826
Engabreen,2039-06-01,-0.11388194740332343,0.060779704196596236,-0.02704458679483293
Engabreen,2039-07-01,-0.13184423665538195,-0.10556310913590496,-0.026304644120241055
Engabreen,2039-08-01,-0.0732299244462796,-0.1451932959875857,-0.007537069143959729
Engabreen,2039-09-01,-0.034070379544681624,-0.0541971632894794,0.061745530961549076
Engabreen,2039-10-01,-0.05612180515548696,-0.02404002783225553,0.1587545534700546
Engabreen,2039-11-01,-0.09347687258799108,-0.17105001057604444,0.33045247302015524
Engabreen,2039-12-01,0.008969922282440477,0.1694308487474908,-0.11116526569805356
Engabreen,2040-01-01,0.005858563126564646,-0.03584053674329273,0.30673371071004363
Engabreen,2040-02-01,-0.019784681651812498,0.015768431088248918,0.4009916046531157
Engabreen,2040-03-01,-0.11604237744129868,0.07254803502231265,0.15008738068364624
Engabreen,2040-04-01,0.32576847695771055,0.06816596314471719,0.2694168922326537
Engabreen,2040-05-01,0.015532981007161615,-0.07461278566944712,-0.08801313819235945
Engabreen,2040-06-01,-0.11606873142279828,0.06417425793939065,0.1506494783673917
Engabreen,2040-07-01,-0.04860910330908636,-0.05549885821638256,0.1584208957763885
Engabreen,2040-08-01,0.10645244837093322,0.0062687013944832115,-0.0726221572958541
Engabreen,2040-09-01,-0.0033888937562672797,0.12700558318996522,0.013457596326464705
Engabreen,2040-10-01,0.057065182235521185,0.13292733800183953,0.12212134337075091
Engabreen,2040-11-01,-0.05520683912487492,0.039417552753298536,0.23775208714827825
Engabreen,2040-12-01,0.011562625668918821,-0.06434351819232133,0.09537538431268473
Engabreen,2041-01-01,0.12714024940808602,-0.07749956311073188,-0.062015767910927166
Engabreen,2041-02-01,0.1584191592787697,0.059764365966495266,-0.1702516865854059
Engabreen,2041-03-01,0.2380206116552537,0.006873973677025459,0.12899407517971287
Engabreen,2041-04-01,-0.08660376604782684,-0.07422599595487618,-0.06307232503445727
Engabreen,2041-05-01,-0.04583171065384442,0.08167820998774884,-0.055101846377563435
Engabreen,2041-06-01,0.10026578091392897,0.05229188553937131,-0.06665908000299914
Engabreen,2041-07-01,0.04992757426536156,0.0025437323003247117,-0.05791227352707354
Engabreen,2041-08-01,0.025141742450415755,-0.05907986017949329,-0.07796243440387986
Engabreen,2041-09-01,-0.016833712102214904,-0.02568133756290915,0.08752939805604287
Engabreen,2041-10-01,-0.005597857607612391,-0.16356551969714683,0.0637248084508496
Engabreen,2041-11-01,0.0090846795253188,-0.1026352115835069,0.094406998924303
Engabreen,2041-12-01,0.008718320427199602,0.17344928243112026,0.05250880758019605
Engabreen,2042-01-01,0.05274912820400124,0.28938791046170914,0.3243442448670843
Engabreen,2042-02-01,0.00017332666125306762,0.32962398857914477,-0.12929979090727312
Engabreen,2042-03-01,-0.13554207938148874,0.08705896442368814,-0.03380887733779404
Engabreen,2042-04-01,0.0014497549220546778,0.11693340214702037,-0.025755676003537602
Engabreen,2042-05-01,-0.07003586083674401,0.08990190941739977,0.04014218941491611
Engabreen,2042-06-01,0.038228111073654696,0.018360337540473014,0.07360374340503335
Engabreen,2042-07-01,0.06741969706242273,-0.0031669608930823497,0.024383038624995884
Engabreen,2042-08-01,0.0011707800779675523,-0.044975354234469606,0.0028980459232589573
Engabreen,2042-09-01,-0.10623274952177424,0.1308953913850864,-0.08849965109157705
Engabreen,2042-10-01,-0.035746974576616124,0.1510378480744956,0.05858357119275947
Engabreen,2042-11-01,0.12094879340221132,0.1653720952934826,-0.04370441790807966
Engabreen,2042-12-01,-0.04213851546272541,-0.026645361303133525,-0.08784789337597314
Engabreen,2043-01-01,0.3842690643685253,0.08767243049239633,0.0018003554216789268
Engabreen,2043-02-01,0.056788632924245,0.07117672166151728,0.11594395247774891
Engabreen,2043-03-01,0.014475232151825404,0.20172558763911194,0.23771997530904185
Engabreen,2043-04-01,-0.059772830876533324,0.19539174204579332,0.15250945831165033
Engabreen,2043-05-01,-0.08366405506805631,0.09583418437854858,0.052208418269348605
Engabreen,2043-06-01,-0.024530618837297607,0.17589404646611753,0.05179753457285683
Engabreen,2043-07-01,0.04536852729351015,-0.03246452424157487,0.024526677461725294
Engabreen,2043-08-01,0.04227990249320626,0.04839811922019319,-0.05084446976429181
Engabreen,2043-09-01,-0.005104828550799907,0.0075787502770202535,0.010406085527291263
Engabreen,2043-10-01,0.07814988994031603,0.1657499812886785,0.09481628104550367
Engabreen,2043-11-01,-0.09949303293524768,0.08182436358016887,-0.08189350553325177
Engabreen,2043-12-01,0.29373651039099496,-0.011935882758683574,-0.005713702881503781
Engabreen,2044-01-01,0.18379869063685242,0.026589202387829438,6.884029701213305e-05
Engabreen,2044-02-01,0.3083299661693497,0.11763232245399631,0.12523364166362402
Engabreen,2044-03-01,0.038697196730376276,-0.15156237024652927,-0.0491514798825111
Engabreen,2044-04-01,-0.07743942992909798,-0.19353282739005317,0.022861870377540172
Engabreen,2044-05-01,0.20135816452092645,-0.08572067333859602,-0.0374604463339775
Engabreen,2044-06-01,0.03380094419951541,0.09951533548478024,-0.009386634446332531
Engabreen,2044-07-01,0.116947179149696,0.017581998243296915,0.00940833412844467
Engabreen,2044-08-01,0.1911304514383795,0.02691305490288558,-0.06772852285019688
Engabreen,2044-09-01,-0.03960569476667977,0.0023658858779613593,0.01792242427548772
Engabreen,2044-10-01,-0.14810847839703067,-0.06886405910632598,-0.1704713427836491
Engabreen,2044-11-01,0.08542657461327181,-0.09413132903309067,-0.012547891542155536
Engabreen,2044-12-01,-0.05430250973590752,-0.23265984863058609,-0.08980973705589097
Engabreen,2045-01-01,0.07938171664733827,-0.32515239193653295,-0.19229515255129823
Engabreen,2045-02-01,0.04524686820417889,-0.17623923673411424,-0.03268967789302173
Engabreen,2045-03-01,-0.03418245978382734,0.03785514424630637,0.11973207519199197
Engabreen,2045-04-01,0.01294158917846846,-0.10614217001455338,-0.1064406557671939
Engabreen,2045-05-01,0.11057703193362754,0.09389561168838263,-0.15227376144113167
Engabreen,2045-06-01,0.09981185321518253,0.020814058736732057,-0.037366395426246
Engabreen,2045-07-01,-0.07288820782122252,0.14895166730601547,0.15920339995665952
Engabreen,2045-08-01,0.10974721983527459,0.06889767499813725,0.07259391611151551
Engabreen,2045-09-01,0.013808252588168283,0.19784268963492613,-0.03698738721382624
Engabreen,2045-10-01,-0.020117614972148673,0.2911509812091635,0.22065190695977263
Engabreen,2045-11-01,0.12948052660639373,-0.0036621883932435478,0.11217906944792026
Engabreen,2045-12-01,0.22775387333095298,-0.06727472646896139,0.2358544536077715
Engabreen,2046-01-01,-0.05768863683418373,0.03421104571623359,0.2585297406259144
Engabreen,2046-02-01,-0.32243403392581005,-0.27642749897173263,0.0671759174339724
Engabreen,2046-03-01,-0.016553395596836707,-0.2883500175278053,0.12564786208603893
Engabreen,2046-04-01,0.07292377692176893,0.17041086877166534,-0.06328758481384457
Engabreen,2046-05-01,-0.07001241676995155,0.19308082510495458,0.011847876644887748
Engabreen,2046-06-01,-0.054789462970747105,-0.07603070895172526,0.08762455617214034
Engabreen,2046-07-01,0.14666238531657297,0.04351304968806106,-0.11886885526294215
Engabreen,2046-08-01,0.21867474093851524,0.15173524379623282,0.21328462103215537
Engabreen,2046-09-01,-0.09762464528637667,0.16593381272719823,-0.04971815096610257
Engabreen,2046-10-01,0.04776946409208258,0.055870518218730604,-0.010811974996483086
Engabreen,2046-11-01,0.2304681585414341,0.08989605894059598,0.03863930524624828
Engabreen,2046-12-01,-0.03710807453112349,-0.04235861977492671,0.10719025734841205
Engabreen,2047-01-01,0.15129946497659805,0.10752020125039981,0.3828220402443588
Engabreen,2047-02-01,0.03710460548754427,0.29323415431170413,0.32931349724229114
Engabreen,2047-03-01,-0.04407471401131765,0.11087026021224806,0.25224969907908545
Engabreen,2047-04-01,-0.11529849758243016,0.10408589478741069,0.13007199990402166
Engabreen,2047-05-01,0.021181129572883452,-0.11777024095841848,0.011867418353669723
Engabreen,2047-06-01,0.024635215800182613,-0.1332874235962461,-0.08853508723861597
Engabreen,2047-07-01,0.03200705479039243,0.075705009479884,0.0037158865985582926
Engabreen,2047-08-01,-0.00840855649387598,-0.04537167817936246,-0.05116476399672487
Engabreen,2047-09-01,0.13014737875332866,0.12522069185878282,0.027715256584953146
Engabreen,2047-10-01,-0.05546402613868016,-0.15864652401397902,-0.03182173591193608
Engabreen,2047-11-01,0.21024705017913722,0.17931899511764052,-0.009015989997324877
Engabreen,2047-12-01,0.09851359318703912,0.21524079381385794,0.03271761342684167
Engabreen,2048-01-01,-0.10055607365337256,0.23766518653126814,0.3486040466187707
Engabreen,2048-02-01,-0.09060315238612815,0.35010166761443867,0.4874466449165958
Engabreen,2048-03-01,0.12901395737871993,0.16356945303287762,-0.012400094038121513
Engabreen,2048-04-01,0.1522043956801693,0.34888451196409864,0.09339086338427689
Engabreen,2048-05-01,-0.028865410891432908,-0.05645395637495617,0.023774217251150212
Engabreen,2048-06-01,0.04026646910060143,0.06017962927259651,0.07208247270998284
Engabreen,2048-07-01,-0.041976202470917434,0.12081751958107645,-0.08901474687841031
Engabreen,2048-08-01,-0.06491421203946836,0.13116939696852484,0.09140733658161232
Engabreen,2048-09-01,0.06176624948906948,0.10727182865143588,-0.02343826388941228
Engabreen,2048-10-01,0.17841478374483463,-0.014639695149285004,-0.05546185916648829
Engabreen,2048-11-01,0.05190188248109895,-0.09164209310003663,0.12053730846288024
Engabreen,2048-12-01,0.2862247545629249,0.21024607245771798,0.12665109382422515
Engabreen,2049-01-01,0.22968682027271395,0.14085066483337352,-0.14417257368541056
Engabreen,2049-02-01,0.24841263635254052,0.011995813944065745,-0.06598854449012892
Engabreen,2049-03-01,0.32268631339744247,0.0366857324031796,0.0965876969952637
Engabreen,2049-04-01,0.18871471247014435,-0.00569761031048104,0.034660507896329754
Engabreen,2049-05-01,0.11819687682709311,-0.17975704587578686,-0.0020385946909421532
Engabreen,2049-06-01,0.22221533978249433,0.06262077959024903,0.020428383414093244
Engabreen,2049-07-01,0.08307445260625439,0.08324846627459691,0.029642699402039844
Engabreen,2049-08-01,0.17664983847447505,-0.011836540483662818,0.02399524174743624
Engabreen,2049-09-01,0.16890414807285156,0.020810199864154222,-0.0033018870857727364
Engabreen,2049-10-01,0.029198052700377595,0.19535702819873765,0.12741510126646982
Engabreen,2049-11-01,-0.2035053859283077,-0.06751858710078742,0.1382550027830108
Engabreen,2049-12-01,-0.04012273460244381,-0.21038895260480495,0.05362116729570657
Engabreen,2050-01-01,-0.1397796403747212,0.05310476001609513,-0.08753231982893649
Engabreen,2050-02-01,0.06620558380885715,0.12945043354992933,0.001605186460860215
Engabreen,2050-03-01,0.16951860388106202,-0.065183412635261,0.08376558626293497
Engabreen,2050-04-01,-0.18817633002314338,0.05179920254063528,-0.0154220237889759
Engabreen,2050-05-01,0.053989657152590104,-0.07900596660175281,0.03277743348675573
Engabreen,2050-06-01,0.019676656566649468,0.020267969986921083,-0.05808211229982448
Engabreen,2050-07-01,0.1064086594922959,0.04557699723337108,-0.00847674351527277
Engabreen,2050-08-01,-0.051585054810675414,0.05863239447620482,0.01513784479711129
Engabreen,2050-09-01,-0.09021570425091946,-0.06893975229351584,0.12707266946409965
Engabreen,2050-10-01,0.005158335968324819,0.015063247567109474,-0.028902031406997264
Engabreen,2050-11-01,-0.06010051077751046,0.010230476607184935,0.11971411245759872
Engabreen,2050-12-01,0.12043776199746391,0.3591355802026864,0.23524531183033348
Engabreen,2051-01-01,-0.04027763979303534,-0.19617535879456718,0.2787738925834145
Engabreen,2051-02-01,-0.21355968532857794,-0.3774405562334415,-0.212133530804567
Engabreen,2051-03-01,0.16537441276324896,0.06380842327797996,-0.08875389330138661
Engabreen,2051-04-01,-0.12976634577003276,0.21952661409760618,-0.008578150648675797
Engabreen,2051-05-01,0.14083377710212866,0.25116868583230906,-0.1110715011908318
Engabreen,2051-06-01,-0.04636586819044095,-0.09992903931847442,-0.09122389111078714
Engabreen,2051-07-01,-0.008053295739736408,0.058384533682767976,-0.03655601667503961
Engabreen,2051-08-01,0.060982248085948265,0.05977029781648965,0.05354177878714133
Engabreen,2051-09-01,0.17916166717116602,0.05784707341528658,-0.11493128827887045
Engabreen,2051-10-01,-0.03902555264892801,-0.07323918935764684,0.05473151977602996
Engabreen,2051-11-01,0.18706198568049012,-0.05027812504630358,0.23146193579084817
Engabreen,2051-12-01,0.12573992884290278,-0.07884477310224733,0.09117551319894375
Engabreen,2052-01-01,-0.05677770029565765,0.3175033257282718,0.03229105943040838
Engabreen,2052-02-01,-0.4183999098563242,0.34724021287608053,-0.04662343632100702
Engabreen,2052-03-01,0.15362032771980375,0.15165281942217232,-0.2487637165069733
Engabreen,2052-04-01,0.43113385243773283,0.07398278072706545,-0.14314075135788046
Engabreen,2052-05-01,-0.12008495458250544,-0.08647613641740859,0.2145179257056562
Engabreen,2052-06-01,0.03746810513835357,0.1886577274218708,0.05548052357684077
Engabreen,2052-07-01,0.20194635231114608,-0.09568936768871333,0.005392619191100592
Engabreen,2052-08-01,0.15193660067463546,0.14992581263338225,0.09270782156293444
Engabreen,2052-09-01,0.08390446177820558,0.09573827514197698,0.058757473202713406
Engabreen,2052-10-01,-0.05925571400923102,-0.02907084117306145,0.08245147994812747
Engabreen,2052-11-01,-0.04056803755306415,-0.10932993907332052,-0.03868892687102249
Engabreen,2052-12-01,0.03550819561674278,-0.026762249035703956,-0.24733050341942261
Engabreen,2053-01-01,0.2311628118974409,-0.1665070912020469,-0.18157949483732994
Engabreen,2053-02-01,0.10204537917532532,-0.16230925898702894,0.21354197305690512
Engabreen,2053-03-01,0.00738721717306504,-0.01055699335576607,0.2042517720037401
Engabreen,2053-04-01,0.19447229848688777,0.06552328358656428,-0.09625337906706084
Engabreen,2053-05-01,-0.009085700337124962,0.19282455240653676,0.16162334100714912
Engabreen,2053-06-01,0.08796553716776745,-0.04501673071798479,-0.10904154087518314
Engabreen,2053-07-01,0.16713737227380107,0.02134808164501838,-0.04718940219464137
Engabreen,2053-08-01,0.10232308766133187,-0.017450680859472777,0.024077723500472725
Engabreen,2053-09-01,-0.0031970011975824227,0.04154435487405777,0.07742965657079472
Engabreen,2053-10-01,0.12359254231683707,0.04255557747075615,0.008856221545232681
Engabreen,2053-11-01,-0.10942160025202634,0.1962999788403237,0.009319232921350798
Engabreen,2053-12-01,-0.06126806893128345,0.1724402790938168,0.13738282117807263
Engabreen,2054-01-01,-0.02546449450899423,-0.005524028714847938,0.07577423321075855
Engabreen,2054-02-01,0.09502245175738701,-0.43554721860314904,-0.10304452918385498
Engabreen,2054-03-01,-0.08142911049500244,-0.03319187928077138,0.28191206174605227
Engabreen,2054-04-01,-0.12839433136045836,-0.12192324708262425,-0.031113244585690977
Engabreen,2054-05-01,-0.10039327340326466,-0.02828185324574888,-0.024005154572110627
Engabreen,2054-06-01,-0.07000322498499582,-0.11863353084719053,0.024922870416331785
Engabreen,2054-07-01,-0.02527824461593434,0.04606823700776242,-0.04057450909618889
Engabreen,2054-08-01,0.08738535183377472,0.020136085779577508,0.08865625052021248
Engabreen,2054-09-01,0.05379704066703378,0.06953019740957188,0.08184186829272917
Engabreen,2054-10-01,0.1102728959055241,0.1266911582934087,0.03887747854072908
Engabreen,2054-11-01,-0.07156859176657593,0.07129756837430053,0.08100178960869574
Engabreen,2054-12-01,0.24244287249579255,-0.11198436417343689,-0.1312639311897432
Engabreen,2055-01-01,0.26390337561418903,0.1256530903556373,0.19109546422843693
Engabreen,2055-02-01,0.4078236317932064,0.21656443408016648,0.21759260197463293
Engabreen,2055-03-01,-0.05877486882584181,0.0772412811926317,-0.012275885566653577
Engabreen,2055-04-01,0.101984817761075,-0.1461469239726563,-0.2064917194125104
Engabreen,2055-05-01,-0.05087141504694862,-0.04069039767675984,-0.01463829814570338
Engabreen,2055-06-01,0.14563103510981265,0.018069668208719632,0.003091493798563679
Engabreen,2055-07-01,0.13211994661823398,0.028579607028285107,-0.02653098197448847
Engabreen,2055-08-01,-0.08619465246161899,0.056565373182367505,0.05333719042960616
Engabreen,2055-09-01,-0.10204128640258874,0.21854285608126853,0.08456165936907138
Engabreen,2055-10-01,-0.064943217516479,0.07162015890611953,-0.21740132912144064
Engabreen,2055-11-01,0.09043585161887246,0.25153874713200824,0.17475482681713472
Engabreen,2055-12-01,0.01043631059048637,0.15095133651324055,0.02639720583748109
Engabreen,2056-01-01,0.026537604167463646,-0.14483991288892611,0.18374869639023209
Engabreen,2056-02-01,0.28324369106267117,-0.18223484848402105,-0.08853930320823938
Engabreen,2056-03-01,0.016456239889796675,-0.10648972888449537,0.03943243315669123
Engabreen,2056-04-01,-0.2213159063583012,-0.015895547989184557,-0.030631381208487452
Engabreen,2056-05-01,-0.05177982707470056,0.2580002539129866,-0.0037619960602638856
Engabreen,2056-06-01,0.09155732728951306,0.06902471855383359,0.058224144819357816
Engabreen,2056-07-01,0.13413719064992666,0.16796434646166403,0.06159200101445949
Engabreen,2056-08-01,0.11533076687667909,-0.05560610050064263,0.04705878421577699
Engabreen,2056-09-01,0.012108650219130497,0.05418740978874378,0.031529350735961345
Engabreen,2056-10-01,0.11402998522925055,0.11034215595472054,0.11731197743433497
Engabreen,2056-11-01,-0.04251234690624083,0.19806129826138616,0.14637894707116444
Engabreen,2056-12-01,-0.16307574446008635,0.26680519973947425,0.030531309355460123
Engabreen,2057-01-01,-0.12298179459588253,0.42825942195578565,-0.11062307353736255
Engabreen,2057-02-01,-0.16357605387305096,0.12419474525956292,0.21050400669523392
Engabreen,2057-03-01,-0.22111811910617107,-0.07411973762958363,-0.0759238748279315
Engabreen,2057-04-01,-0.03538853140981709,0.06616101440335674,-0.11320075903043013
Engabreen,2057-05-01,-0.01731394347148771,-0.008881179754081925,-0.061473534090469815
Engabreen,2057-06-01,0.07345770082521152,0.08571459707957674,-0.027478753167627826
Engabreen,2057-07-01,-0.10604870699149306,0.04791853712298469,0.07779818251007334
Engabreen,2057-08-01,-0.07710019595024707,0.012966460693562819,-0.04089094567115393
Engabreen,2057-09-01,0.0662232112581419,0.08972420469854976,-0.03596221215458869
Engabreen,2057-10-01,0.021609489450605965,0.09499200641052996,-0.050921640487659535
Engabreen,2057-11-01,-0.05784414135596022,0.05054968649949751,0.27122026474889127
Engabreen,2057-12-01,-0.020553441461279562,0.06762222400040292,0.03075322941700069
Engabreen,2058-01-01,0.16395482606150974,-0.07811380005507987,-0.3771032195573689
Engabreen,2058-02-01,-0.1661068345013023,-0.15041297091334402,-0.4292917501920221
Engabreen,2058-03-01,-0.31560209711882464,0.10067591269334904,-0.11536373681039021
Engabreen,2058-04-01,-0.021956733695419384,0.08020760390583744,-0.24144710128727262
Engabreen,2058-05-01,0.12515182920151444,0.06355554313864897,-0.02989170244825796
Engabreen,2058-06-01,-0.03650451863628241,0.20728724159518516,-0.055572037297557636
Engabreen,2058-07-01,0.07739539706175363,-0.0935324083010365,-0.07144491368015617
Engabreen,2058-08-01,0.09945237385263746,0.058660739573139664,0.03864527909720247
Engabreen,2058-09-01,-0.11895843153091196,0.012031733995846068,-0.026219595537254625
Engabreen,2058-10-01,0.07988653660495938,0.25238846227026096,0.07735594227769779
Engabreen,2058-11-01,-0.053746525203099825,0.06548639719757228,0.1566781993260015
Engabreen,2058-12-01,-0.03978255944734974,0.14740568385951106,-0.14107150910059332
Engabreen,2059-01-01,0.18974784354631213,-0.11546845747497603,0.1797465094898991
Engabreen,2059-02-01,-0.06553936284328525,0.009023254670092504,-0.08138671083591358
Engabreen,2059-03-01,-0.2466041643479312,-0.0662433992461091,0.08926291490168008
Engabreen,2059-04-01,0.12705440573801915,0.15059932926858857,0.031115693541987538
Engabreen,2059-05-01,0.0800686519998076,0.19608317695329527,0.04908319094282748
Engabreen,2059-06-01,0.10868380003927867,0.015196681268733117,-0.020071048207401933
Engabreen,2059-07-01,-0.021709968644717987,0.047668904909027705,0.003463863974061417
Engabreen,2059-08-01,0.01948634304864929,-0.06137245317786843,-0.06029711117837497
Engabreen,2059-09-01,0.20057817615859033,-0.12929055357207334,0.01967669119976798
Engabreen,2059-10-01,-0.053901647057546576,-0.04362142181034825,0.173586220193528
Engabreen,2059-11-01,0.010680849507033434,0.04392916700709713,-0.11773929970412422
Engabreen,2059-12-01,0.09545459682437507,-0.1280983185317621,0.21743434093649427
Engabreen,2060-01-01,0.10878134792491273,-0.11195627677433033,0.0007015935527511322
Engabreen,2060-02-01,0.22875979982065955,0.14359493510342927,0.1361332766467679
Engabreen,2060-03-01,-0.028376075713582805,-0.02246482293611911,0.038950068488911464
Engabreen,2060-04-01,-0.048395421091641626,0.0049367221636667695,0.02547413441612127
Engabreen,2060-05-01,-0.06501331466404953,0.10680324047260022,-0.006123182852228637
Engabreen,2060-06-01,0.04258441566520552,0.09076950635521458,0.0737652454176611
Engabreen,2060-07-01,-0.00021782809507340609,-0.018611146434067194,0.07608742937207132
Engabreen,2060-08-01,0.1552317430410978,0.06671590434550576,0.0725439776818363
Engabreen,2060-09-01,-0.006501096365584556,0.05348926530759102,0.04901214003185612
Engabreen,2060-10-01,0.08915652745940449,-0.0030021789549640027,0.18815052758822362
Engabreen,2060-11-01,-0.19017511797505557,-0.11174097834803016,0.12644430387751826
Engabreen,2060-12-01,-0.032002371997627975,0.13519285621898253,-0.09766461443613073
Engabreen,2061-01-01,-0.35431991075965064,0.09888018793891333,-0.13236298989716
Engabreen,2061-02-01,0.08481740033215028,-0.18934081761386976,-0.21642643898125838
Engabreen,2061-03-01,-0.0729834268349281,-0.12188215088218823,0.11495585565282358
Engabreen,2061-04-01,-0.16191705097390524,-0.07095641005998485,0.1418865371368341
Engabreen,2061-05-01,-0.04503595886598524,0.009440756574056219,0.10342248605480668
Engabreen,2061-06-01,0.07499210841972412,0.03617119361920642,-0.0362552848074962
Engabreen,2061-07-01,0.08285683618848214,0.12432110670939016,0.02285548086612808
Engabreen,2061-08-01,0.0009330461124970277,-0.021168554340067963,0.25767006012265076
Engabreen,2061-09-01,0.07328203616077099,-0.02990086295242156,-0.019337268913280383
Engabreen,2061-10-01,0.07316894152021676,0.08263699442503657,-0.13487033229523385
Engabreen,2061-11-01,-0.1316762866621736,-0.07428352611458029,0.026775991185326115
Engabreen,2061-12-01,-0.24386667607312282,-0.08198586194279318,0.11325715047847802
Engabreen,2062-01-01,0.09667549213419523,-0.1570319584127004,0.22080205861997917
Engabreen,2062-02-01,0.03461623760595683,-0.15346083312397932,0.39662285147380083
Engabreen,2062-03-01,0.07328734983234723,0.14634112812896996,0.12544537491876281
Engabreen,2062-04-01,-0.028107869798884258,0.2029575536488035,0.21329806046339128
Engabreen,2062-05-01,0.09488962896574538,0.010611499927411417,0.17715062052012445
Engabreen,2062-06-01,0.11728149732211894,0.008531823341317593,-0.011043110406191436
Engabreen,2062-07-01,0.2060157795513741,0.023457700015929533,0.023731991572369004
Engabreen,2062-08-01,0.10445368000566206,-0.01804145395525425,-0.0343397639535676
Engabreen,2062-09-01,0.07341807368638756,-0.030952670530002835,0.12714794391804154
Engabreen,2062-10-01,-0.09428739405300886,0.22403670525269248,0.06075979223335343
Engabreen,2062-11-01,-0.06348901071285636,-0.023120519022763006,-0.10982978434686214
Engabreen,2062-12-01,0.06751322217955887,-0.12618246284670956,0.08212633770806163
Engabreen,2063-01-01,0.3927040296730982,-0.019709017093150354,-0.23307359212555379
Engabreen,2063-02-01,0.024624052306366356,0.24306274345662793,0.01931093468796463
Engabreen,2063-03-01,-0.08543330622506208,0.26202780666025777,0.09291347087317696
Engabreen,2063-04-01,0.15998973919757975,0.07663027677416713,0.07932539526437381
Engabreen,2063-05-01,0.02467912133058793,0.03670599204106762,0.052390265140158015
Engabreen,2063-06-01,0.02361216215291978,-0.06473350936161197,0.056716390931191456
Engabreen,2063-07-01,-0.08748051428574664,-0.019473908515966754,-0.0326640131545305
Engabreen,2063-08-01,0.09065392865745747,-0.09084245144116045,0.014335740436682934
Engabreen,2063-09-01,0.004343929192658164,0.01303091268200284,0.04213450697229326
Engabreen,2063-10-01,0.023854597695388738,0.010698245271323995,-0.03559331766915544
Engabreen,2063-11-01,0.032083438662821866,0.10635627927624514,0.027456777502519108
Engabreen,2063-12-01,0.07800271143570735,-0.18178577861217304,-0.07025949427268072
Engabreen,2064-01-01,0.16639837586083395,0.03064472944432443,-0.060871085640997157
Engabreen,2064-02-01,0.16585148182159878,-0.09084072568435952,-0.20651791488976337
Engabreen,2064-03-01,0.16473601554732092,0.011526885874932,0.007714950850310628
Engabreen,2064-04-01,0.2751247691528525,0.01018931376781674,0.08740653489473983
Engabreen,2064-05-01,0.013518990486105694,0.12767225839833135,-0.08188374416662135
Engabreen,2064-06-01,-0.11553026114870142,0.08121442686171022,0.051359414361710876
Engabreen,2064-07-01,0.0002524252475495231,-0.06482515713108128,0.03779079243776748
Engabreen,2064-08-01,0.08262803061341935,0.03992211604407871,-0.007913490891310352
Engabreen,2064-09-01,0.08287629304356685,-0.2273900256676481,-0.04419704649289714
Engabreen,2064-10-01,-0.13813623288570126,0.08414563549084499,0.020435594028076307
Engabreen,2064-11-01,-0.16294444126830185,-0.006927349337057309,-0.09770390513843157
Engabreen,2064-12-01,-0.19488149633471438,0.1111057624115765,-0.05249472593174103
Engabreen,2065-01-01,-0.12546914654379343,0.31925958815013167,-0.12220538187383434
Engabreen,2065-02-01,0.11490810980625388,0.2400808579942665,-0.18767933007530113
Engabreen,2065-03-01,0.15920968119411502,-0.20568776859867977,0.10220525256443296
Engabreen,2065-04-01,0.204389490027028,-0.13099713386433046,-0.065138537446729
Engabreen,2065-05-01,0.11694996722124412,0.10396112375773536,0.1358105337752276
Engabreen,2065-06-01,-0.0887058335508964,0.07071217151335897,0.06968352362600647
Engabreen,2065-07-01,0.010224971630189705,-0.06608052193637175,0.18149702372010498
Engabreen,2065-08-01,0.0037108492026584686,0.0049771157718239605,0.04780914165580835
Engabreen,2065-09-01,0.09229538428146052,-0.1891976228422564,0.0033461679753254703
Engabreen,2065-10-01,0.09471654137109209,0.03735677827081455,0.1154242592333004
Engabreen,2065-11-01,-0.09271108019872983,-0.07883512246301484,0.20047031552451755
Engabreen,2065-12-01,0.07537222200512296,-0.15503257948857882,0.1218070941939509
Engabreen,2066-01-01,-0.135890120115005,-0.13604476957333506,0.20194365312330412
Engabreen,2066-02-01,0.12311841991100443,-0.22725101698849226,-0.12724553746498116
Engabreen,2066-03-01,0.047440551817146764,0.07363463831572002,-0.17636654984000902
Engabreen,2066-04-01,0.10223660378415232,-0.18095762553756387,-0.010149509845613755
Engabreen,2066-05-01,-0.024368248318765665,0.08047008574624225,0.10129742584720652
Engabreen,2066-06-01,0.07550772214243463,0.004866437378433871,0.12961946423461312
Engabreen,2066-07-01,-0.05433554872132764,0.007286206553417764,0.17656186353357914
Engabreen,2066-08-01,0.0033719215410018453,-0.04821007485059552,0.0653078375564593
Engabreen,2066-09-01,-0.010446555945489516,0.07067358250926506,0.03411190394765134
Engabreen,2066-10-01,-0.023253060131989068,0.051693178440290616,0.24775301250065315
Engabreen,2066-11-01,0.13239165926965057,-0.14730662356653448,-0.18177319981756412
Engabreen,2066-12-01,-0.15320770025550232,0.05895302176165104,0.074695714780704
Engabreen,2067-01-01,0.061184292526897284,0.04371803789050486,-0.09795610294037112
Engabreen,2067-02-01,0.11872910813418987,0.02913138207414048,0.12081990098900126
Engabreen,2067-03-01,0.20616969529563575,0.10757559131791465,0.26834435854587135
Engabreen,2067-04-01,0.058958425454995765,-0.08694803390516653,-0.13637683004792758
Engabreen,2067-05-01,-0.010740410551463839,-0.14013548889001534,0.058018006972429044
Engabreen,2067-06-01,-0.05695649969260588,0.08435127540569022,-0.021491534959781594
Engabreen,2067-07-01,0.012319769296463154,0.09855532908324029,0.028712195752673763
Engabreen,2067-08-01,0.07514775874729852,0.1306424364722725,-0.031615053478566656
Engabreen,2067-09-01,-0.06995132325664578,0.1250089529817876,0.17555034338246048
Engabreen,2067-10-01,-0.05890297963669067,0.30438299074931296,0.02201536211428125
Engabreen,2067-11-01,0.05624219085667909,-0.05956417034310204,-0.11773030842571224
Engabreen,2067-12-01,0.04360119332858658,-0.06317591141813415,0.2506499989102901
Engabreen,2068-01-01,0.1779839416192682,0.11766833392513072,0.1374224634064802
Engabreen,2068-02-01,-0.03631991402752052,0.3693040661439772,-0.004406960987974225
Engabreen,2068-03-01,-0.20300764973032492,0.07773204533600993,-0.006926795892563081
Engabreen,2068-04-01,-0.055587932301997156,-0.10864152906718043,0.13481711143673797
Engabreen,2068-05-01,-0.07571991406843717,-0.09927041094500273,0.06684366828916109
Engabreen,2068-06-01,0.1606610800223423,0.10451236844784767,0.02146520016773169
Engabreen,2068-07-01,0.09498507701563437,0.04388034322209152,-0.12542990074834062
Engabreen,2068-08-01,-0.026292723758651423,0.12400123019711146,0.04512874844701778
Engabreen,2068-09-01,0.017433102332220618,-0.036351103225248316,-0.0059630749207918166
Engabreen,2068-10-01,0.06507455730697347,0.20733295669653432,-0.034531774034700674
Engabreen,2068-11-01,-0.029959918378106187,0.10825695698207964,-0.08374411021841532
Engabreen,2068-12-01,0.07227271470668684,0.06450456821592632,-0.08690354319567639
Engabreen,2069-01-01,0.003883069434144737,-0.035813761070619475,-0.05002115732819271
Engabreen,2069-02-01,0.47089802416055065,-0.18799553425111856,0.12015509312659571
Engabreen,2069-03-01,-0.0949839000371661,0.3469842752465076,0.14137704629930117
Engabreen,2069-04-01,-0.09053595847971126,0.10607418114645795,-0.29729631669453566
Engabreen,2069-05-01,0.0008987773589053208,0.020785483670498272,0.045861373109678666
Engabreen,2069-06-01,0.10149043060152556,0.02278840632567707,-0.07295301509867148
Engabreen,2069-07-01,0.011521582476497197,0.018659457094229767,0.0426124280888742
Engabreen,2069-08-01,0.10189147425783712,0.07184897258007528,0.07877562178921067
Engabreen,2069-09-01,0.0415861363751144,-0.20404700664610087,-0.040348907293702545
Engabreen,2069-10-01,0.17084939871759275,-0.013743378398775541,0.007110652984370365
Engabreen,2069-11-01,0.07927088372793291,0.061489828098420594,-0.15158028282306132
Engabreen,2069-12-01,0.25826633665910115,0.15359658559651276,-0.07813266633678889
Engabreen,2070-01-01,-0.21069193215992832,-0.09513917595245151,0.07009602491655174
Engabreen,2070-02-01,0.288617465885135,-0.058433160000636995,-0.1773947345355725
Engabreen,2070-03-01,-0.1582827171323328,0.3720331423497831,0.1536727783464705
Engabreen,2070-04-01,0.12290726270392179,-0.10951880489807948,0.12575813588521847
Engabreen,2070-05-01,0.06049759435260623,-0.06494905821397819,-0.050698870475474854
Engabreen,2070-06-01,-0.06655314367057698,-0.1575782017329573,0.056486227933012896
Engabreen,2070-07-01,0.027299014240751946,-0.06695455737705287,0.08104347247204773
Engabreen,2070-08-01,0.13897548251624978,0.031510989500281576,-0.10764950026214855
Engabreen,2070-09-01,-0.10764664539665984,-0.04878679520073869,0.018247282740005075
Engabreen,2070-10-01,-0.11044969458815458,-0.14637777727900672,0.09552163935160103
Engabreen,2070-11-01,0.0836163259295648,-0.0010529633484178864,-0.022294571253075903
Engabreen,2070-12-01,0.01108542656580839,0.07298650458497113,0.06329463197339576
Engabreen,2071-01-01,-0.1222236611731757,0.034169633827740076,0.048318383823368345
Engabreen,2071-02-01,-0.00373633649703382,0.10431639634641078,-0.2170047434195632
Engabreen,2071-03-01,0.09366132037161203,-0.06619448342321026,-0.06407288022088442
Engabreen,2071-04-01,0.007048043096363997,-0.05369716637211327,0.24989925858578035
Engabreen,2071-05-01,-0.09511481751072658,0.02229987677148733,-0.008528773245757583
Engabreen,2071-06-01,-0.005507261025059422,0.042497158950810875,-0.08740853468999833
Engabreen,2071-07-01,-0.053295677155324545,0.027400054737394302,-0.0017555017633647714
Engabreen,2071-08-01,0.031033134706283383,-0.12808145290412917,0.11833924555983825
Engabreen,2071-09-01,0.09048474262480677,-0.18493704395941615,0.24962701734152015
Engabreen,2071-10-01,-0.13110240048891886,-0.0416912122591614,0.01374927683771842
Engabreen,2071-11-01,-0.0187232804596104,0.10832673533354926,0.059228164637261306
Engabreen,2071-12-01,0.15980129302226917,0.08843095948077245,-0.016593757864721493
Engabreen,2072-01-01,0.17825455884698793,-0.013709737048603085,-0.2694592636287236
Engabreen,2072-02-01,0.21897457378153015,0.10031493238887428,-0.27563964149673903
Engabreen,2072-03-01,0.3250481136513854,-0.13035087860277353,-0.29084521586792894
Engabreen,2072-04-01,-0.16554357845239603,-0.19367531294860715,-0.1102341986351701
Engabreen,2072-05-01,-6.077975466314833e-05,-0.011336518744735761,0.19993056556165512
Engabreen,2072-06-01,0.026149874356428706,-0.05158218495070005,0.11537100705682167
Engabreen,2072-07-01,0.15735670490016984,0.12845887301907902,0.063901317030069
Engabreen,2072-08-01,0.011730679977700892,0.11949004180348839,0.12559531774228155
Engabreen,2072-09-01,-0.07466321578595167,0.13571976974909422,0.3935852171112773
Engabreen,2072-10-01,0.04858545108780291,0.05556305615572129,0.07622115488050606
Engabreen,2072-11-01,-0.038830379292288775,-0.11544880872679296,0.06394721840955504
Engabreen,2072-12-01,0.13013877999443135,-0.253380660904397,0.2005460268071022
Engabreen,2073-01-01,0.010638669826200568,-0.26842853220238583,-0.14921108792048762
Engabreen,2073-02-01,0.0642113334984986,-0.17897771687537892,0.013676710500657432
Engabreen,2073-03-01,-0.009544319831790346,-0.08623579361089141,-0.17395485529770394
Engabreen,2073-04-01,0.18088697032119352,0.05785785133371781,-0.08458926888502437
Engabreen,2073-05-01,0.03197931436954799,-0.036075589830801696,-0.007306882140903813
Engabreen,2073-06-01,-0.03375335165468127,-0.02871949196685412,0.00543809932036702
Engabreen,2073-07-01,-0.052287948119010906,0.11460932102994785,0.10485269356998413
Engabreen,2073-08-01,0.028450532761856787,0.009331077175851134,-0.03421234861863495
Engabreen,2073-09-01,0.14411059167652682,0.02513488526392957,0.08821160760587136
Engabreen,2073-10-01,0.07228837751872486,0.016112142279212104,0.10715469282061058
Engabreen,2073-11-01,0.14276882591567408,-0.04283031310018936,0.09894189342444211
Engabreen,2073-12-01,0.09646643191259019,-0.05770160267430414,0.1537863950928142
Engabreen,2074-01-01,-0.06858242646821966,0.060662327842238135,-0.04384747910241624
Engabreen,2074-02-01,0.13318872543171054,-0.022598121918880148,-0.0069057118002610884
Engabreen,2074-03-01,-0.01760429349502499,-0.05903493311526665,0.09089350548603914
Engabreen,2074-04-01,-0.022366899708998873,0.052765085772293115,0.1671283174659298
Engabreen,2074-05-01,0.024907695938214274,0.11595627469939529,-0.09960769278129868
Engabreen,2074-06-01,-0.0739249243121828,-0.19413088370511458,0.023917939327525003
Engabreen,2074-07-01,0.00969396780001905,0.06992020011394749,0.005549565043771308
Engabreen,2074-08-01,0.03069772595642091,-0.06813107924137278,0.08357348974511646
Engabreen,2074-09-01,0.09969719326503819,0.03896670649932225,0.058342440558073506
Engabreen,2074-10-01,0.2868862514300046,0.003430720008533635,0.13862750788423184
Engabreen,2074-11-01,0.05341787155816685,-0.09342020833474322,0.0499762808398392
Engabreen,2074-12-01,0.06675873280434258,-0.16849664557602936,-0.13278168813069102
Engabreen,2075-01-01,0.13089965742260193,0.06765688027771152,0.037452482525371755
Engabreen,2075-02-01,0.2562614276257866,0.263994958940522,-0.20331473994132518
Engabreen,2075-03-01,0.005127272735330072,-0.11209860977448512,0.03558619458575192
Engabreen,2075-04-01,0.07345595435203846,0.11065605011226069,0.060460545967449104
Engabreen,2075-05-01,-0.06401873669813143,-0.05422011825058351,0.15581525284171935
Engabreen,2075-06-01,0.09437030982500476,0.06049501237169191,-0.07053044652000351
Engabreen,2075-07-01,0.06772968388819442,0.11418027429717581,5.292844350415771e-05
Engabreen,2075-08-01,-0.02449012919141524,0.1396041330217321,-0.01765114459886939
Engabreen,2075-09-01,0.14370834840883465,0.11948677133544439,0.014616225308998728
Engabreen,2075-10-01,0.1191800832961839,0.03192199160267962,-0.03010227516895228
Engabreen,2075-11-01,-0.03746169926177361,0.12268621492609237,-0.17575219015080676
Engabreen,2075-12-01,0.1741945564904442,0.1851798249494938,-0.10313832885772733
Engabreen,2076-01-01,-0.08516067269714112,0.17347842073426653,-0.2074367458664048
Engabreen,2076-02-01,-0.2362461855196508,0.1112318434536454,0.08286324164406694
Engabreen,2076-03-01,-0.21545722103987897,-0.2893916803034884,-0.16175369552545726
Engabreen,2076-04-01,0.029701976651140383,-0.12119236754601308,0.033288846743451936
Engabreen,2076-05-01,-0.053642596652454966,-0.10836790262805007,0.0995190072176061
Engabreen,2076-06-01,0.03009945334786944,-0.030586205341724227,0.1387780923569077
Engabreen,2076-07-01,0.03306156475607278,0.025207111518864175,0.0850314211074783
Engabreen,2076-08-01,-0.05271599001546421,0.07833443297856967,0.0965531531260058
Engabreen,2076-09-01,0.0849255666181078,-0.08685726768595563,0.0725815930179608
Engabreen,2076-10-01,0.015572554246045525,0.11507961896332541,-0.03347136921054581
Engabreen,2076-11-01,-0.04909148732784921,0.032636796023049856,-0.016570992413140136
Engabreen,2076-12-01,-0.16366067351002708,0.10538812033146326,-0.022251760114648567
Engabreen,2077-01-01,0.11653310846539931,-0.12466135849620323,0.298176138463577
Engabreen,2077-02-01,0.1597770235882629,0.2771504439543754,0.23927879616679026
Engabreen,2077-03-01,-0.0023155828460050313,-0.2524327350297303,0.019880981727332964
Engabreen,2077-04-01,-0.07645377273105572,0.21659420799489068,0.03569131535830853
Engabreen,2077-05-01,0.06431127372450136,0.04934791043262499,-0.054673449743911695
Engabreen,2077-06-01,0.008034466530495011,-0.0364357528980017,0.037158227772395865
Engabreen,2077-07-01,-0.033705961198300605,-0.05098619124752105,0.13051953685989695
Engabreen,2077-08-01,-0.06441920765514446,0.021879582165710777,-0.061541449763346384
Engabreen,2077-09-01,0.04150833223102084,-0.1440976773031663,-0.06226996984526086
Engabreen,2077-10-01,1.2095683531156606e-05,0.13330897309221718,0.2055268225750719
Engabreen,2077-11-01,0.24543855657226024,0.10230228768731281,0.022088997196737136
Engabreen,2077-12-01,-0.1804877464221564,-0.1677769998489785,-0.10626232641210631
Engabreen,2078-01-01,-0.02524142494570179,0.08735209692524189,0.4541455062139727
Engabreen,2078-02-01,-0.13268290411381584,-0.2586539649737021,0.353761862538263
Engabreen,2078-03-01,-0.07388962447569337,-0.19656796467296775,0.1981379328175108
Engabreen,2078-04-01,-0.010203496902991521,0.19084634174469783,0.02480590714064519
Engabreen,2078-05-01,0.0412489425503958,0.09419371931521066,-0.15818547191076074
Engabreen,2078-06-01,-0.0032568092209145916,-0.01009333682466875,-0.08937497549871977
Engabreen,2078-07-01,-0.0022172307035110694,-0.19952002364342994,0.14138705354802625
Engabreen,2078-08-01,0.16318849506026906,-0.029551370591808564,0.012010657374575637
Engabreen,2078-09-01,0.09949670293221957,0.08002600405615441,0.12515365702047637
Engabreen,2078-10-01,0.17989533773012734,0.33296063025065387,0.08055108060219039
Engabreen,2078-11-01,0.17272267608373074,0.10932644516097988,-0.018508707455599984
Engabreen,2078-12-01,-0.05550531211186847,-0.32659975153256293,0.04373279722766927
Engabreen,2079-01-01,-0.10669386172360962,-0.13001638626461462,0.22001983112013265
Engabreen,2079-02-01,0.29610198954727357,0.09832246284208324,0.055221833098895313
Engabreen,2079-03-01,0.3628084726433436,-0.01722071055498755,-0.06137692753194263
Engabreen,2079-04-01,0.10428077944350327,0.15238458682153003,-0.03711935107757713
Engabreen,2079-05-01,0.07134090384520496,0.10446718408951083,0.04063914623554696
Engabreen,2079-06-01,0.05079632199771222,-0.07654211770452789,0.035813074966722445
Engabreen,2079-07-01,0.09541450706980041,-0.0009241548530866407,0.04576171672367424
Engabreen,2079-08-01,-0.05715464670454721,0.012265974993210716,0.008177161130998685
Engabreen,2079-09-01,0.10580025351856949,0.11730754684207816,0.15149618337652268
Engabreen,2079-10-01,-0.016270128241041428,-0.13957413332087093,-0.09016371356648811
Engabreen,2079-11-01,0.10074217669862924,0.1553764770643727,-0.16442315883122324
Engabreen,2079-12-01,-0.017054610250578535,0.06888118654635368,-0.05185360044090561
Engabreen,2080-01-01,-0.1296271167582893,-0.15621352895955531,0.28658304483528596
Engabreen,2080-02-01,0.13447727894299472,-0.25436622484003774,0.35075854519581107
Engabreen,2080-03-01,0.11002939186466776,-0.10768018445074672,0.1757153168756215
Engabreen,2080-04-01,-0.10091787845773377,-0.05608918168849023,0.01544989308469294
Engabreen,2080-05-01,0.09348880432259005,0.22353179513039065,0.019072283659996057
Engabreen,2080-06-01,-0.00395455025201924,-0.04994425604529571,0.06530871836410851
Engabreen,2080-07-01,0.1532355321914628,0.011940351867355911,-0.04614849086720649
Engabreen,2080-08-01,0.12058917477422276,-0.1009645282725607,0.081677706022509
Engabreen,2080-09-01,0.18659787299262584,-0.04400830812783902,-0.020956397251902945
Engabreen,2080-10-01,0.016666298372576386,-0.12358567556761485,0.13356618914893412
Engabreen,2080-11-01,0.18700269501984015,-0.17910829115122295,0.06905797438967988
Engabreen,2080-12-01,0.3099427080949933,0.10444561062690456,-0.0038226486508032057
Engabreen,2081-01-01,0.2824485260674801,0.14836085617568312,0.15714828812233703
Engabreen,2081-02-01,-0.04160051063861831,0.0905238777122886,0.14904158168383413
Engabreen,2081-03-01,0.2082247771304899,0.0404457883359361,0.08005023430889611
Engabreen,2081-04-01,-0.14026118913123622,0.040911356054694,0.07733543315632915
Engabreen,2081-05-01,0.2164794684115171,0.04481398721814225,-0.07806099403834542
Engabreen,2081-06-01,0.10914718200803382,0.07224275561033695,0.054671182529432864
Engabreen,2081-07-01,0.0036980509104577036,0.11308939371577333,0.0038775222389160757
Engabreen,2081-08-01,0.020476869245170514,0.11588014643435751,0.045755951610149996
Engabreen,2081-09-01,0.09663775996300199,-0.03970801713777744,-0.09864431157787557
Engabreen,2081-10-01,0.05876061148268772,-0.0994372343252823,-0.03912211816181963
Engabreen,2081-11-01,-0.04642852603252543,0.07317598793659108,0.1823010276486686
Engabreen,2081-12-01,0.045845545304738076,0.3036988048399845,0.054698620895704715
Engabreen,2082-01-01,-0.19790947951461738,-0.06663984553769416,-0.02337332947110934
Engabreen,2082-02-01,0.14538839939318857,0.2147465046671405,-0.43613007120190406
Engabreen,2082-03-01,0.007381680993908446,-0.004974606875082388,-0.030377246005595843
Engabreen,2082-04-01,0.018950451788045258,0.2794086560694555,0.030015969434881756
Engabreen,2082-05-01,-0.03400275837597879,-0.08318253477065932,-0.012151258251421557
Engabreen,2082-06-01,0.03465250800666777,0.02465880537293655,0.007162791543915093
Engabreen,2082-07-01,-0.002560190642438842,0.09517383943261404,0.13784219386191454
Engabreen,2082-08-01,-0.10368385076758406,0.05974644782735178,0.08031117976297486
Engabreen,2082-09-01,0.0017776381835131287,0.029328539205379048,-0.09153376199161815
Engabreen,2082-10-01,0.016799771491741458,-0.05864350752148779,-0.005856988402625177
Engabreen,2082-11-01,0.05700344165284205,-0.019799527163470585,0.1288207254711328
Engabreen,2082-12-01,0.05586627623619104,-0.13454792483274228,-0.003456487989444474
Engabreen,2083-01-01,0.21987321562408937,-0.005156609539000751,-0.024535626930360918
Engabreen,2083-02-01,0.0294477837804674,0.4348599576923007,-0.2557428655534108
Engabreen,2083-03-01,0.3164843976749227,0.0289138761361321,-0.038973914622558024
Engabreen,2083-04-01,0.09626639082991933,0.12873882219715008,0.17502935106290018
Engabreen,2083-05-01,0.10266265557931724,0.16263245126733156,0.03036441371470242
Engabreen,2083-06-01,0.09853610223135605,0.06036796398391495,0.04621097814236235
Engabreen,2083-07-01,0.08241755194526514,0.075238910616036,0.050995512581147436
Engabreen,2083-08-01,0.13986910119530976,0.022865451835675194,0.20077567316785697
Engabreen,2083-09-01,0.019359997984874405,-0.16953048291453318,0.043698403524436234
Engabreen,2083-10-01,-0.1158016053875105,0.13185566687343422,-0.16484132589243256
Engabreen,2083-11-01,-0.06931149146506714,-0.0341748031912879,0.05600169486544709
Engabreen,2083-12-01,-0.0156461916160728,0.04627767964261481,0.047497624736904685
Engabreen,2084-01-01,-0.0334973599438066,0.027543576260783353,-0.18448931215287412
Engabreen,2084-02-01,-0.15673600726973255,0.1614891103188141,-0.07037171683053033
Engabreen,2084-03-01,-0.11263402835223213,0.20660709147523085,-0.059069571785687315
Engabreen,2084-04-01,0.16685947925870834,-0.10019763828389627,0.20100843602498367
Engabreen,2084-05-01,0.12593865331499599,0.06390661509765344,0.026439740620049806
Engabreen,2084-06-01,-0.013487889134136335,-0.021387654705420773,-0.07082392928110566
Engabreen,2084-07-01,-0.04318998386174603,0.1475325187395339,-0.031024377645198747
Engabreen,2084-08-01,-0.06097394991773456,0.21759840719534632,-0.07812236477900468
Engabreen,2084-09-01,-0.08145006714901999,0.02192057094632725,0.1775090622086347
Engabreen,2084-10-01,-0.042201050094476396,0.021604315118571707,-0.020283113126673875
Engabreen,2084-11-01,0.21248474630586714,0.07628415736010032,0.10307881643669758
Engabreen,2084-12-01,0.28484011882231086,0.17155268770259613,-0.06928553644905876
Engabreen,2085-01-01,-0.008865896250991094,0.18701369344532934,-0.017256876033519903
Engabreen,2085-02-01,0.05355864368693891,0.16684432336265856,-0.13786701777546637
Engabreen,2085-03-01,-0.33164086208516974,-0.02429677881607246,-0.013353173084943012
Engabreen,2085-04-01,-0.14518209457079315,-0.06488549902233673,-0.02082411911214453
Engabreen,2085-05-01,0.1658826460399978,-0.017494690865839723,0.09540184731911107
Engabreen,2085-06-01,-0.18280421475386352,0.10709350349891888,0.04930712833094685
Engabreen,2085-07-01,-0.08935578718193486,-0.06498535481745103,0.020474998567412066
Engabreen,2085-08-01,-0.020308559156708903,0.0759743168137846,0.03224948027813391
Engabreen,2085-09-01,0.06027764115819225,-0.028840148564472135,0.03862987704133489
Engabreen,2085-10-01,0.08130681763555324,0.028394712165370373,-0.041413747608096484
Engabreen,2085-11-01,0.04089038839060977,0.10018705203006635,0.09951025415103974
Engabreen,2085-12-01,0.11936978233396929,-0.046130589032145806,0.12681054229047875
Engabreen,2086-01-01,-0.15252133288659528,0.09535249076357903,-0.09314619852502637
Engabreen,2086-02-01,-0.1568684749757294,-0.05174024276506654,0.20006618541156498
Engabreen,2086-03-01,0.261065509783492,0.0011577132459372845,0.2373693156926142
Engabreen,2086-04-01,0.11591922161637369,0.29506215017725546,0.12065448416644597
Engabreen,2086-05-01,0.05973596669289288,0.00283177159890294,0.024889501015218325
Engabreen,2086-06-01,0.1797163631689863,0.036292883137430204,0.08361938187433075
Engabreen,2086-07-01,-0.15984802941170861,0.10030669801969934,-0.03649644433002803
Engabreen,2086-08-01,0.018939343231580155,0.010534597103754336,0.027687682594976587
Engabreen,2086-09-01,0.0031877108897449824,0.14547370062864634,0.0866222689642799
Engabreen,2086-10-01,0.14341947348361914,0.044628591361898014,-0.051437181841138914
Engabreen,2086-11-01,0.040511552393511195,0.19228680735043127,0.0940535696591253
Engabreen,2086-12-01,0.152743526655525,-0.16248146220610127,0.09191136820594346
Engabreen,2087-01-01,0.10108491860454315,0.08526819464686948,-0.1557740047883355
Engabreen,2087-02-01,-0.11232962845233806,0.21337465144573242,0.2716621959718985
Engabreen,2087-03-01,-0.06532273360668743,0.08878029061297903,0.13706827468502897
Engabreen,2087-04-01,0.02927156768908756,0.2768129028451179,-0.10145075414079197
Engabreen,2087-05-01,-0.061533775770262034,-0.03152036781653153,-0.12076215507473965
Engabreen,2087-06-01,0.17560560547883983,0.11450192665730186,-0.13795124884641943
Engabreen,2087-07-01,0.07384064318006366,-0.02773641683804835,0.10701366927192686
Engabreen,2087-08-01,0.0675361446248699,0.0346553723959506,0.07724563287682643
Engabreen,2087-09-01,-0.10817238322678589,-0.0598178078229167,0.1036276197876216
Engabreen,2087-10-01,0.12486778213792142,-0.08021006238908304,0.03633594703816754
Engabreen,2087-11-01,0.1440146361277896,0.038776814989682745,-0.1401420330626272
Engabreen,2087-12-01,0.13444135024772916,-0.0017876314212027882,0.023298601865105874
Engabreen,2088-01-01,0.25539600926511624,-0.1023415605565831,0.1406924435468002
Engabreen,2088-02-01,0.29840864674137263,-0.23942610681786772,-0.05819235221364496
Engabreen,2088-03-01,0.1127324752316915,-0.17401173076361776,0.1754460637172884
Engabreen,2088-04-01,0.1999306628864328,0.037007956856914034,0.06501070789937814
Engabreen,2088-05-01,0.009748209712803102,0.21447108679697444,0.1492699425365496
Engabreen,2088-06-01,0.041338834660299154,0.037378684431490235,9.57764764741853e-06
Engabreen,2088-07-01,-0.11729026852515334,-0.03223839479723436,0.11383595182585383
Engabreen,2088-08-01,-0.07501356561939601,0.10586331505665818,-0.03635280747495515
Engabreen,2088-09-01,-0.04105385803114501,0.1517161291368687,0.025833073604893026
Engabreen,2088-10-01,0.07878622737093875,0.04669967998036917,-0.02973088841594761
Engabreen,2088-11-01,0.3327320798477918,0.22180472917759106,0.024575545184494046
Engabreen,2088-12-01,-0.031836370402872315,-0.10676412069071546,-0.0914890302204709
Engabreen,2089-01-01,-0.19778862092887636,-0.20159306705088773,0.040884994040174254
Engabreen,2089-02-01,-0.34675981548389084,-0.202405260055144,0.0732953295904012
Engabreen,2089-03-01,-0.002702425845956251,0.014320638778885056,0.14012125704342282
Engabreen,2089-04-01,-0.04480582857904569,0.031008816426438435,0.011263258052317232
Engabreen,2089-05-01,-0.23446190862788238,-0.059319309393720675,-0.09305708830618331
Engabreen,2089-06-01,-0.09960592346815837,0.07248443604541126,0.05285593674629582
Engabreen,2089-07-01,-0.07545005768016809,0.07558597807015345,-0.009490863957467432
Engabreen,2089-08-01,-0.05430792236019303,0.007816803334199393,0.1344609224533497
Engabreen,2089-09-01,0.09213833444771845,0.22469875287369948,0.17076961448772995
Engabreen,2089-10-01,0.08829299271836272,0.09184527578071866,-0.0678984584777594
Engabreen,2089-11-01,-0.1754883647399876,-0.03732516095163028,-0.010918531991483451
Engabreen,2089-12-01,0.06176383545296437,0.0728966214610532,0.01696433165419566
Engabreen,2090-01-01,0.3741153039162534,0.04120101564581738,-0.08861560319901336
Engabreen,2090-02-01,0.3227589415725685,-0.14268733262739763,-0.09778138373276953
Engabreen,2090-03-01,0.18467422123619115,-0.012495837934885614,0.03175674264703363
Engabreen,2090-04-01,0.033764146421069494,0.08421350330722115,0.2784197462637128
Engabreen,2090-05-01,-0.05618994428853963,-0.02269244958737109,0.034410698037297134
Engabreen,2090-06-01,-0.05777908646672958,0.05866133917410873,-0.010880761959845144
Engabreen,2090-07-01,-0.004138403767192875,-0.046340101327603966,0.014419660978732715
Engabreen,2090-08-01,-0.0474720699612633,0.1363707216241855,0.09776802877433016
Engabreen,2090-09-01,0.010282703258412915,0.05282326510821884,-0.06794646097983377
Engabreen,2090-10-01,0.2173930367034258,0.1706632481159226,0.028253143408794455
Engabreen,2090-11-01,0.01986737231541956,0.18063867947006915,-0.09670514330828828
Engabreen,2090-12-01,-0.011561396771336857,-0.1674565347908402,-0.17090146281397148
Engabreen,2091-01-01,0.018665534439946046,0.08935268947830373,-0.03843235777847175
Engabreen,2091-02-01,-0.020787908147434857,-0.019646950275246298,-0.15718551277343482
Engabreen,2091-03-01,-0.11822565653861365,0.3856642453161296,-0.16603618228502706
Engabreen,2091-04-01,0.02661581207102774,-0.05218695295384366,0.06227572878012603
Engabreen,2091-05-01,0.1096903204708886,0.00818153241335661,0.1020517215788772
Engabreen,2091-06-01,-0.11998689447594267,-0.023608916714557383,0.016705486972407705
Engabreen,2091-07-01,0.11224108553498602,-0.005134210533806666,0.07699134343707899
Engabreen,2091-08-01,-0.005711668368146359,0.05778950364672686,0.025704516085649397
Engabreen,2091-09-01,0.13443633787294104,0.12909586224248867,0.039778977917350945
Engabreen,2091-10-01,-0.10551296426182973,0.14751832578480542,-0.01285790056357819
Engabreen,2091-11-01,0.18988829855714753,0.21795255205186445,0.03583201459938313
Engabreen,2091-12-01,0.22318007331162215,0.12685816689771334,0.3410283671716436
Engabreen,2092-01-01,0.09813060865130548,-0.04130756295192159,0.1466302647632373
Engabreen,2092-02-01,0.315687302966019,0.005420031507877948,-0.14841355549005938
Engabreen,2092-03-01,0.13538368993522365,0.2637703362381128,-0.08495804044991694
Engabreen,2092-04-01,0.06738315236812162,0.07290537752195674,0.021208668251158653
Engabreen,2092-05-01,-0.17078626053810142,0.07857665345727381,0.04085086901258622
Engabreen,2092-06-01,0.08495049827045946,-0.1453091202121974,0.07198626795556469
Engabreen,2092-07-01,-0.03408132578146717,-0.10945000052557101,0.10181144002566973
Engabreen,2092-08-01,0.04403595309788828,-0.011240448002781076,0.0006216401663423262
Engabreen,2092-09-01,0.1371563137908268,-0.19368754531704013,0.05197022041416194
Engabreen,2092-10-01,0.049418300732924726,-0.13490157421391516,0.054060290834748774
Engabreen,2092-11-01,-0.016992804391017472,-0.1313495469337005,0.1656358763322444
Engabreen,2092-12-01,-0.21816143327038018,0.05448443975100839,0.09896442322338493
Engabreen,2093-01-01,-0.03787921946622022,0.14106629817011793,-0.11508297774946759
Engabreen,2093-02-01,0.004459527730976948,0.09323298737539719,-0.15748254898408745
Engabreen,2093-03-01,0.0499692885862266,0.28968306713300046,-0.14221519517639444
Engabreen,2093-04-01,0.24373546640354563,-0.07072117993845835,-0.10254725364854633
Engabreen,2093-05-01,0.02461685930505501,-0.009345241176021762,0.1043263717997817
Engabreen,2093-06-01,-0.043471415437043644,0.10114727225882796,0.16679220079195245
Engabreen,2093-07-01,0.048329364199945206,-0.006160978405744093,0.30207391097983743
Engabreen,2093-08-01,0.03881682514111773,-0.07906734959465157,0.0977864933099409
Engabreen,2093-09-01,-0.033255948192107344,-0.09569030328192106,-0.13786586057163627
Engabreen,2093-10-01,0.07260391524460619,0.10310757380468183,0.06909723708215719
Engabreen,2093-11-01,-0.13637736953855206,-0.11109511338791091,0.07488420739198032
Engabreen,2093-12-01,0.21297194439409547,0.18543772391112923,0.13987733055315313
Engabreen,2094-01-01,-0.15972403443411218,-0.08225887746878378,-0.10870883565994988
Engabreen,2094-02-01,-0.08039535376451058,0.3465331395740416,-0.06717422708191217
Engabreen,2094-03-01,-0.05011282408874151,0.1589306997012779,0.24904493629811938
Engabreen,2094-04-01,0.03990243878675669,0.0032045711740346116,0.2126032934520049
Engabreen,2094-05-01,-0.02324771641450721,0.05503486928214386,0.016389075310972136
Engabreen,2094-06-01,0.05769246500356532,0.15159482203177374,-0.013914637929102086
Engabreen,2094-07-01,0.11861607436241839,0.00540929856972792,-0.17155142479093757
Engabreen,2094-08-01,0.16752755205127987,0.13905768896031842,-0.023611038157135545
Engabreen,2094-09-01,0.10246174452632308,-0.12846760853692005,0.024129954162041348
Engabreen,2094-10-01,0.15327050571394404,0.04492624870479564,0.015360348041504546
Engabreen,2094-11-01,0.03325439915197198,-0.3379555656920801,-0.015089953445791246
Engabreen,2094-12-01,-0.010469216281253016,0.07568696510342446,0.025265867688703463
Engabreen,2095-01-01,-0.22722232631650183,0.3978253861189918,-0.18697402743750946
Engabreen,2095-02-01,-0.14586546433230904,0.08156802630166655,-0.002229518064270547
Engabreen,2095-03-01,0.0011763713157556983,0.13534419416130278,0.11035558084589096
Engabreen,2095-04-01,-0.034000198661054415,-0.10031809972978006,0.08309811271766039
Engabreen,2095-05-01,-0.06733719937218897,-0.0757409584587874,-0.02417755256745695
Engabreen,2095-06-01,0.15721143460010736,0.0327788156745551,-0.07495446088688475
Engabreen,2095-07-01,0.07463174539463936,0.08733467123208583,0.08887011352021305
Engabreen,2095-08-01,0.017720888969450732,0.046400228519559654,-0.02945798475894788
Engabreen,2095-09-01,0.01733524269803695,0.11499964818304263,-0.013226589296508995
Engabreen,2095-10-01,-0.16166495185490343,-0.18651669987984432,-0.06093210476271239
Engabreen,2095-11-01,0.15696257475624467,-0.0819195435679064,-0.09848081312444634
Engabreen,2095-12-01,0.0015138042557194021,0.04578202761058959,-0.02819148582160756
Engabreen,2096-01-01,0.05744406468095725,-0.049398989409733605,0.031865701234202355
Engabreen,2096-02-01,-0.26263166728304843,-0.2947248766282835,-0.030984048546161116
Engabreen,2096-03-01,-0.13235351769551953,0.28265457375311215,-0.10479679143489129
Engabreen,2096-04-01,0.17103441246829595,0.113745875087926,-0.09169920001600568
Engabreen,2096-05-01,0.018329104398175276,0.07207828646404348,0.090352350397643
Engabreen,2096-06-01,0.026002757449761393,0.0009842061359898041,-0.12427320258742432
Engabreen,2096-07-01,-0.04862262335733678,0.021644220452307007,-0.028211345412113217
Engabreen,2096-08-01,0.022679866583609237,-0.14580910043412348,-0.026053267229989876
Engabreen,2096-09-01,-0.14365799261063192,0.10360561794527474,-0.04278774404702368
Engabreen,2096-10-01,-0.0016315190295286969,0.0818505551344272,-0.014967953008452795
Engabreen,2096-11-01,-0.094014487723429,0.003360153207992128,-0.15529224919121262
Engabreen,2096-12-01,-0.13178307075269272,-0.15184957124562334,-0.18374780360215984
Engabreen,2097-01-01,0.13975832787065828,-0.13753979470337147,-0.22578486952109808
Engabreen,2097-02-01,-0.00684752577183137,-0.2905211814313379,-0.2063408325403581
Engabreen,2097-03-01,0.33184624489470865,0.024308229108567097,-0.1558731261680377
Engabreen,2097-04-01,0.009661570699630065,-0.1423567751350799,-0.10139831091431795
Engabreen,2097-05-01,0.011331124607422168,0.09378188099506575,-0.06052464113231692
Engabreen,2097-06-01,0.020503890354929496,-0.10649135041979697,0.023160845475658304
Engabreen,2097-07-01,0.09871544049922039,-0.17928325838982495,0.14543212928537563
Engabreen,2097-08-01,-0.034459940002832756,0.041028161600609146,0.1491637934410572
Engabreen,2097-09-01,0.02668806241886518,0.07480383126575361,-0.009501327610939298
Engabreen,2097-10-01,0.0020441016394828113,0.012951709892934189,-0.033973165044522226
Engabreen,2097-11-01,0.020953215065359968,0.08381337296252554,-0.08947598332883176
Engabreen,2097-12-01,-0.04995848242024572,0.0495655971614801,0.06582071219021439
Engabreen,2098-01-01,0.04294216157861117,-0.22837476261765652,0.07581130249608609
Engabreen,2098-02-01,0.006354694511685188,-0.009891478599077672,0.057225052347461114
Engabreen,2098-03-01,0.08182651915461443,-0.12854453439089644,0.0804847808881319
Engabreen,2098-04-01,0.18099999198667427,0.018378436159221353,0.06315084084569297
Engabreen,2098-05-01,0.15348963585898853,-0.10011532093265384,0.012387948102719724
Engabreen,2098-06-01,-0.04041392185293185,0.1861768751206249,0.118468191017801
Engabreen,2098-07-01,0.06409783188040825,0.1320089291599286,0.10437098300728653
Engabreen,2098-08-01,0.0018091005406010326,-0.042102122346481495,0.1547269835678939
Engabreen,2098-09-01,0.004629790905521757,0.17751436780093197,0.04953356655118359
Engabreen,2098-10-01,0.18315742286963302,0.02849904397597992,-0.030889439071269523
Engabreen,2098-11-01,0.2928734194281345,-0.004696268933127061,-0.22235925800734377
Engabreen,2098-12-01,0.06984828220000151,0.23864381441376378,-0.0432120311934581
Engabreen,2099-01-01,-0.17509999760550832,0.07799138910247665,-0.0142506650603414
Engabreen,2099-02-01,0.18578923024490104,-0.20168113773631022,0.09131194924167386
Engabreen,2099-03-01,0.08279867441822643,0.02915118176282946,0.15741874812268378
Engabreen,2099-04-01,0.016105102713552987,-0.032441593680091065,0.06361273915986583
Engabreen,2099-05-01,0.03951864892519971,0.08307404133459666,0.09336770297468905
Engabreen,2099-06-01,0.016586018639126093,-0.00609748681776683,0.03880837174498456
Engabreen,2099-07-01,-0.09043320401004905,0.15206122205459802,0.17422483913870704
Engabreen,2099-08-01,-0.048983809672316546,0.2013167939143586,0.026154871690207537
Engabreen,2099-09-01,0.008131593234588499,0.13450052417824876,0.06813136764265833
Engabreen,2099-10-01,0.19401927656701667,0.033251161994619,-0.014777709228176015
Engabreen,2099-11-01,0.020086401736970492,0.1504759355599476,0.19369902631306157
Engabreen,2099-12-01,-0.2674858236185355,0.002885706436435346,-0.05340066768019556
Engabreen,2100-01-01,-0.004455905908478108,0.08308374570750762,0.11193102610710726
Engabreen,2100-02-01,-0.15200646606207216,-0.2778529205530412,0.11816574433901006
Engabreen,2100-03-01,0.055302595571365985,-0.04445490617961618,-0.10721615758959736
Engabreen,2100-04-01,0.06293017030985548,0.2662325975062368,-0.06045542362926701
Engabreen,2100-05-01,0.0450090462074341,0.07547506145829348,0.05036833883799055
Engabreen,2100-06-01,-0.0221622201866752,0.07835125944165582,-0.05171871692365057
Engabreen,2100-07-01,-0.04165990476758088,0.0749622505302753,0.05237502847201262
Engabreen,2100-08-01,-0.1860255495719425,0.0711236709975504,0.1034525822974401
Engabreen,2100-09-01,0.027455502985250665,0.09651806045337563,-0.007646161863029226
Engabreen,2100-10-01,-0.22748561013442922,0.0088769011224003,-0.04640377689036007
Engabreen,2100-11-01,0.027389153130295617,-0.04991682264103741,-0.16432441473805562
Engabreen,2100-12-01,-0.012055742383919274,-0.14172014340164085,-0.09296139594218344
Grafjellsbrea,2015-01-01,-2.768003904228704,-2.1698785637066442,-2.5472042543637485
Grafjellsbrea,2015-02-01,0.10394530798989306,-0.02395032278438401,-3.1653599955824707
Grafjellsbrea,2015-03-01,-0.2515022903933704,0.06908048698258502,-0.8351862763728212
Grafjellsbrea,2015-04-01,-2.5792988472330873,-0.6932182849095782,0.9735594077203672
Grafjellsbrea,2015-05-01,-1.6278831757856727,-0.654625548343294,-0.736915516952938
Grafjellsbrea,2015-06-01,-0.5207055683909287,0.0885832348189289,-0.2559167873538602
Grafjellsbrea,2015-07-01,-0.4341530370667069,-0.28631587719104895,-0.17223902474699035
Grafjellsbrea,2015-08-01,-0.08388955228114837,-0.19171528957964212,-0.44749183408459486
Grafjellsbrea,2015-09-01,0.15094791730060356,1.1039263846232268,-0.4574470114519835
Grafjellsbrea,2015-10-01,0.46274457283714504,-0.8905465045653811,-0.16954684733628556
Grafjellsbrea,2015-11-01,0.10587672520624299,-1.5405543308744303,-0.24993209403836625
Grafjellsbrea,2015-12-01,-1.235976135727097,-0.8643718935332846,-1.7271908467432107
Grafjellsbrea,2016-01-01,1.8500147918346004,-2.7487312483596624,-1.954424871821583
Grafjellsbrea,2016-02-01,3.2008170856854825,1.433572428962558,-3.3323096084242683
Grafjellsbrea,2016-03-01,0.5317812093952269,-0.17175865135148558,0.29239441410843464
Grafjellsbrea,2016-04-01,-0.38078352451172254,-1.842232386620509,0.003548173108736378
Grafjellsbrea,2016-05-01,0.26823222893471194,-0.2888294368647785,-0.6878747915441084
Grafjellsbrea,2016-06-01,-0.8407396456562148,-0.42769614792763294,-0.28552439691095316
Grafjellsbrea,2016-07-01,-0.9423863659964625,-0.5320155593376875,-0.8352191290462261
Grafjellsbrea,2016-08-01,-0.29497568400788915,-0.038826688845592296,-1.1359237618426008
Grafjellsbrea,2016-09-01,-0.8768393787091089,0.5370509410707338,-0.9845956707529471
Grafjellsbrea,2016-10-01,-0.6931307826302273,-0.422030223799835,-0.7390144119918665
Grafjellsbrea,2016-11-01,-2.7680580098764493,-0.16346394913826187,-0.8632684388455493
Grafjellsbrea,2016-12-01,-1.6605873825537023,0.4939000090364121,-0.625100464792531
Grafjellsbrea,2017-01-01,-0.36755730830183003,2.942796421175991,0.5126895094838558
Grafjellsbrea,2017-02-01,-2.3691656431913195,1.7232354405158803,-0.19923758175530218
Grafjellsbrea,2017-03-01,-2.8357455744969786,3.1305116617192255,-0.5592661471255224
Grafjellsbrea,2017-04-01,-0.1510375904815558,-0.08591044027003275,-1.384524912668853
Grafjellsbrea,2017-05-01,-0.2622531205168345,-0.08682049624698253,-0.27469158862366644
Grafjellsbrea,2017-06-01,-0.43391305268476005,-0.7042592734744909,0.5185328000880245
Grafjellsbrea,2017-07-01,-0.39156518396571943,-0.9327944414624278,-0.6122980355993736
Grafjellsbrea,2017-08-01,-0.5645270753810875,-0.5338967226593957,-0.8585162726994288
Grafjellsbrea,2017-09-01,-0.31628320437648766,-0.7167771160122701,-0.7455499215203467
Grafjellsbrea,2017-10-01,-1.6919474508257741,-0.4334985233582383,0.47221010532306923
Grafjellsbrea,2017-11-01,0.26825769857086085,-0.7580117948516801,1.3098156127635339
Grafjellsbrea,2017-12-01,-1.6990533877104905,1.2296102571463259,-1.2679499614034193
Grafjellsbrea,2018-01-01,-1.2062395372182242,-2.345302410490947,2.7437774262708703
Grafjellsbrea,2018-02-01,-4.260750061198322,-1.1219853140498717,1.9713359996422506
Grafjellsbrea,2018-03-01,-0.6696788594667629,-1.2568855402023356,1.0834502989165875
Grafjellsbrea,2018-04-01,0.5156827245610981,0.9648429997880847,-0.2552897470992519
Grafjellsbrea,2018-05-01,-0.8104877874446809,-0.8277082037196232,-1.2895625649013012
Grafjellsbrea,2018-06-01,-0.18699875594360313,-0.8335781667363262,-0.2786344148722521
Grafjellsbrea,2018-07-01,-0.5963052036808563,-0.22896748010877613,-0.5095710444576432
Grafjellsbrea,2018-08-01,-1.1180607307441592,-0.6284044977007854,-0.804439566679649
Grafjellsbrea,2018-09-01,-0.7744731926651319,-0.3739321518957485,0.04118305055348385
Grafjellsbrea,2018-10-01,-1.1008986728784025,-0.18388032364524087,-0.9227250179303539
Grafjellsbrea,2018-11-01,-1.3186462688148506,-1.5812737137546231,-1.89689175895182
Grafjellsbrea,2018-12-01,-0.01654667789119298,-1.0206320900264376,-1.8563049783199144
Grafjellsbrea,2019-01-01,-0.7805153690653097,-0.8797299282434557,-0.24540301047636012
Grafjellsbrea,2019-02-01,-0.2506522570783327,0.8642186238606032,1.8295689056139404
Grafjellsbrea,2019-03-01,-0.41432415668450817,-0.23667795965375352,0.4546318205096827
Grafjellsbrea,2019-04-01,0.869933746138469,0.10902156312783891,0.3906259152146106
Grafjellsbrea,2019-05-01,-1.0562439011039233,-0.6725803230825687,-0.7819809630532889
Grafjellsbrea,2019-06-01,-0.04318499422994352,-0.6692896023757443,0.02141362128282383
Grafjellsbrea,2019-07-01,-0.7527363353182516,-0.2230139503017139,-0.2257360325087768
Grafjellsbrea,2019-08-01,-0.7332674801580135,-0.032697139473299365,-0.1327886735426163
Grafjellsbrea,2019-09-01,-0.5279271328999563,0.10868015850986212,-0.05846630222063346
Grafjellsbrea,2019-10-01,-0.3043941916712352,-0.8771297536979041,0.4794738431503374
Grafjellsbrea,2019-11-01,-0.9085873791276207,-0.1736235390921582,-0.21055864694596496
Grafjellsbrea,2019-12-01,-2.870564050833369,-0.6290764558449056,-0.7212706343897516
Grafjellsbrea,2020-01-01,-3.129813949494135,1.877186702640434,0.31167965971444406
Grafjellsbrea,2020-02-01,-2.4559866164186377,3.5380332093745754,-1.3967866490857537
Grafjellsbrea,2020-03-01,-1.4128229752776533,1.4631407502140499,-1.9348575867724058
Grafjellsbrea,2020-04-01,0.0769629671157303,-1.380188394522835,-1.0198897055936442
Grafjellsbrea,2020-05-01,0.5441971681791195,-0.5070270227062511,-0.17531853999024913
Grafjellsbrea,2020-06-01,-0.06615440085686192,-0.6033429052376144,0.2979955866358106
Grafjellsbrea,2020-07-01,-0.12633573277417756,-0.9456603173864789,-0.09995417605288158
Grafjellsbrea,2020-08-01,-0.6456042576796467,-0.7772351478268401,-0.30155278901685634
Grafjellsbrea,2020-09-01,-0.06373390913494482,-0.3954021923491109,-0.5787904591150703
Grafjellsbrea,2020-10-01,-0.8691391875134334,0.9265337309357697,0.6443133123253513
Grafjellsbrea,2020-11-01,-0.7401517609198095,-0.35155324792787396,0.9919513008642352
Grafjellsbrea,2020-12-01,-0.48412470669575214,1.2068714457845517,-1.4030402357670857
Grafjellsbrea,2021-01-01,0.4267759023611149,1.0693223471372375,-1.4999985135038074
Grafjellsbrea,2021-02-01,0.3155377091087424,2.063135335677588,0.6129111567957827
Grafjellsbrea,2021-03-01,0.2587695274064277,1.3953627817253853,-1.8184065931294386
Grafjellsbrea,2021-04-01,0.1483259359067103,-0.46055537386934525,-2.28042081068709
Grafjellsbrea,2021-05-01,-0.5034162988578871,-0.46703178936261125,-0.15174056901091518
Grafjellsbrea,2021-06-01,-0.9158865740723537,0.21635779723620252,-0.2895697413018244
Grafjellsbrea,2021-07-01,-0.4014198191473682,-0.7956599368947194,0.07397229815787824
Grafjellsbrea,2021-08-01,-0.8397829795305807,-0.0808605090926362,-0.3473369358794131
Grafjellsbrea,2021-09-01,-0.20107300046944485,-0.452788457726071,-0.1277628071905929
Grafjellsbrea,2021-10-01,0.5955182584809214,0.6768793047475666,-0.2806485412472246
Grafjellsbrea,2021-11-01,0.8153576668939125,-0.5973722719083271,-0.8933305345549164
Grafjellsbrea,2021-12-01,1.95321635809276,0.008844070898682702,-2.8906109020871935
Grafjellsbrea,2022-01-01,-1.081901051828466,-0.713798047331392,-1.9959865775819943
Grafjellsbrea,2022-02-01,0.567760895496758,-4.668753476396975,-1.6999129836409723
Grafjellsbrea,2022-03-01,1.5448465935180957,-1.117499579765225,-2.5786816777532238
Grafjellsbrea,2022-04-01,-0.6107199263174584,0.19512849995822712,0.8478047570864441
Grafjellsbrea,2022-05-01,0.041859937756744646,0.28787677581054993,-0.6781034264639993
Grafjellsbrea,2022-06-01,0.5103723165700824,-0.19897889670888436,-0.8278372546449674
Grafjellsbrea,2022-07-01,-0.1882769071214657,-0.40134563196392486,-0.6931292942569097
Grafjellsbrea,2022-08-01,-0.37179656951566115,-0.538450238891523,-0.9685940736541845
Grafjellsbrea,2022-09-01,0.06400103981552019,-0.16549472486249478,-0.40914833248257465
Grafjellsbrea,2022-10-01,1.2437602456346033,-1.0411349062606519,-0.722561250286413
Grafjellsbrea,2022-11-01,0.3869141940236663,-0.799072025316363,-0.71310331524359
Grafjellsbrea,2022-12-01,0.7452854619790067,-1.6342066696481836,0.41039548588879754
Grafjellsbrea,2023-01-01,-1.9984457364338704,0.8494512995717013,1.9156985905209696
Grafjellsbrea,2023-02-01,-1.3412199001003537,-0.11316865116404373,2.050152445812198
Grafjellsbrea,2023-03-01,1.562538816857493,-0.7804761197418976,-1.7344869652461246
Grafjellsbrea,2023-04-01,-1.1545975825208954,0.491829258153917,0.08606084733071888
Grafjellsbrea,2023-05-01,0.13394536178671063,-0.26083093069400937,-0.891396026702404
Grafjellsbrea,2023-06-01,-0.4768691549051483,-0.10985527787596448,-0.8598256684509066
Grafjellsbrea,2023-07-01,-0.550776057908436,-0.9504046081702722,-1.1745741523465323
Grafjellsbrea,2023-08-01,0.07083731315789803,-0.4257583942313789,-1.0341824046514885
Grafjellsbrea,2023-09-01,0.3026653380663434,-0.7222927665104635,-0.4512645515205551
Grafjellsbrea,2023-10-01,2.105166110987296,-1.1857901203260193,-0.8146676165958793
Grafjellsbrea,2023-11-01,0.6525981658668375,-0.4965178372423715,0.06129684988738234
Grafjellsbrea,2023-12-01,0.287671824098564,0.24187333161148938,0.8942037816436029
Grafjellsbrea,2024-01-01,-0.6446836480189968,3.387137472250853,-1.3260215871150605
Grafjellsbrea,2024-02-01,-1.8583653304624923,-0.7273196770254909,-1.3349670359117596
Grafjellsbrea,2024-03-01,-1.1711343347534215,-0.5191789910617839,-0.6260042277044747
Grafjellsbrea,2024-04-01,-0.6913917625428475,0.967269061225322,-0.5249486496761112
Grafjellsbrea,2024-05-01,-1.177197985839646,0.9177243362563874,-0.15320903842787634
Grafjellsbrea,2024-06-01,-0.026357489726677952,-0.437258238077725,-0.539750067424068
Grafjellsbrea,2024-07-01,0.5861806387813808,-0.2097785971815016,-1.041829262874533
Grafjellsbrea,2024-08-01,0.016786068904829515,-0.37227997602374546,-0.37721044140302773
Grafjellsbrea,2024-09-01,-0.16606864219322176,0.7452004232430761,-0.979958494168577
Grafjellsbrea,2024-10-01,-0.21541566574826324,0.27278120834257996,0.301582866924284
Grafjellsbrea,2024-11-01,0.11347481327966602,-1.86281528958757,1.2432563622940662
Grafjellsbrea,2024-12-01,-1.0872315179119887,-0.7673301476442314,-0.5327141835425664
Grafjellsbrea,2025-01-01,0.45156643062008256,-1.0679829174322975,-0.7665479937963605
Grafjellsbrea,2025-02-01,-1.4051233361577584,0.3045463138595545,2.9872539778435088
Grafjellsbrea,2025-03-01,-0.34398909303630903,1.1349128846949623,-0.6164620859783069
Grafjellsbrea,2025-04-01,-0.11108483668638315,-0.6336293418391693,-1.4222256938236146
Grafjellsbrea,2025-05-01,-0.7907507136145373,-0.6800184917719414,-0.1924698820591726
Grafjellsbrea,2025-06-01,-0.3267705691004858,-0.2637531528361136,-0.07582496810031952
Grafjellsbrea,2025-07-01,-0.7951402689148344,-0.2853802232108083,-0.38872013972233427
Grafjellsbrea,2025-08-01,-0.06760928748453511,-0.5161261785353123,-0.19962662442558154
Grafjellsbrea,2025-09-01,-0.37469910419011,0.28282133218896677,-0.3194862614451302
Grafjellsbrea,2025-10-01,-0.12517117683532614,-1.360094865308015,-0.2476542755158111
Grafjellsbrea,2025-11-01,0.11761414255080026,1.368685227615754,-0.9847337072088793
Grafjellsbrea,2025-12-01,-0.4499831219637595,1.3113259683763632,2.5477593820766393
Grafjellsbrea,2026-01-01,-3.0447065469573373,1.4350839193545921,4.004136440005587
Grafjellsbrea,2026-02-01,-0.8599651830621579,-1.5746685069724669,0.5503150558847036
Grafjellsbrea,2026-03-01,-2.18322911804448,-1.9520122595900464,-1.543175016014997
Grafjellsbrea,2026-04-01,-0.6082274767430932,-0.8197464241222793,-1.2514537868195241
Grafjellsbrea,2026-05-01,-0.47478820941465355,-1.0292265511585748,-0.870165699113763
Grafjellsbrea,2026-06-01,-0.42295479047353574,-0.6795699266666867,-0.9002196494999856
Grafjellsbrea,2026-07-01,-0.1979071649694132,-0.48813041398235074,-0.6573646605028604
Grafjellsbrea,2026-08-01,-0.7081414726154184,-0.5148375977812222,-0.6552128663629025
Grafjellsbrea,2026-09-01,-0.9493784028120524,-0.687417189374809,-0.2806366554668773
Grafjellsbrea,2026-10-01,-0.27698243302373643,-0.29329452899286396,-1.0181408867234865
Grafjellsbrea,2026-11-01,-1.6715969341664414,1.5468982502706699,-0.18915838138691088
Grafjellsbrea,2026-12-01,-1.1387751665856591,-0.5005295418099748,2.585080917011086
Grafjellsbrea,2027-01-01,-1.0677458117696743,-1.4634037561860567,0.09127801614941829
Grafjellsbrea,2027-02-01,1.1471140519869933,-1.0103554229147937,1.1906263068962097
Grafjellsbrea,2027-03-01,-3.083451439479189,1.5518071522629349,-0.22108110594003075
Grafjellsbrea,2027-04-01,-1.614163248917458,-1.5781768030602876,-0.2982886117924507
Grafjellsbrea,2027-05-01,0.16121910758662247,0.20652406310119606,0.11299496998435606
Grafjellsbrea,2027-06-01,-0.7550620898488861,-0.4078511535572016,-0.5673303757195128
Grafjellsbrea,2027-07-01,-0.6202676352782,-0.09065855823724861,-0.18299890761650217
Grafjellsbrea,2027-08-01,-0.49824662400643405,-0.8731060062353956,-0.4732435924106479
Grafjellsbrea,2027-09-01,-0.2235924975611873,-0.1628404440409892,-0.5986207685858008
Grafjellsbrea,2027-10-01,-0.9040018147119792,-0.67392848424312,0.6087209829880804
Grafjellsbrea,2027-11-01,-1.0204083546098273,-0.25516715956931985,2.2548634503922558
Grafjellsbrea,2027-12-01,0.3276494909232868,2.0636449946055344,3.112574671771998
Grafjellsbrea,2028-01-01,-1.5957212277685022,2.186072473235816,2.881664455122552
Grafjellsbrea,2028-02-01,-2.0355804843867813,-1.4191543753585176,2.7154713382559397
Grafjellsbrea,2028-03-01,-3.0626639937862694,-1.926178039797299,1.752354803886365
Grafjellsbrea,2028-04-01,-1.0396779555199935,-1.8924288918701802,0.4613531206416052
Grafjellsbrea,2028-05-01,0.4395110799710751,-0.2019034760013528,-0.19464966726266866
Grafjellsbrea,2028-06-01,-0.9360204019742921,-0.9709545215555765,-0.6877299367467323
Grafjellsbrea,2028-07-01,-0.11930122134738436,-1.094606474355466,-0.8731626576811333
Grafjellsbrea,2028-08-01,-0.13167178439668994,-0.7343172014503595,-0.7817561132974679
Grafjellsbrea,2028-09-01,0.0903877149344569,0.12072200241635296,-0.1431924293559809
Grafjellsbrea,2028-10-01,-0.7434789349660328,-0.7551556776613376,-1.9960281300817007
Grafjellsbrea,2028-11-01,-1.1470855974043523,-1.4013796282186222,-2.9515529589142724
Grafjellsbrea,2028-12-01,-0.6604016297112204,-2.8706958493803114,0.5247911510551047
Grafjellsbrea,2029-01-01,-0.008974531921546772,-0.8727546579189135,-0.2780628967776467
Grafjellsbrea,2029-02-01,0.10426652641493349,0.5629221118743034,-1.963767568948958
Grafjellsbrea,2029-03-01,-1.1176884990726565,0.1296757258533369,3.075611857550353
Grafjellsbrea,2029-04-01,-2.422328250470087,0.5570812768273157,0.21847029390878991
Grafjellsbrea,2029-05-01,-1.2615601757025883,-0.013731671980074042,-0.2107149086476221
Grafjellsbrea,2029-06-01,-0.5565348876542076,0.3497877240334908,0.11540652876170061
Grafjellsbrea,2029-07-01,-0.21469538650332498,-0.7854725139943876,-0.20737928094034755
Grafjellsbrea,2029-08-01,-0.22033859385107232,-0.7431807302688266,-0.1664379443945712
Grafjellsbrea,2029-09-01,-1.0619233289021306,-0.5450192715512924,-0.44160048778348343
Grafjellsbrea,2029-10-01,-1.0579996836503576,0.7279438740144055,0.2651678508100741
Grafjellsbrea,2029-11-01,-0.4794880597811126,-0.3518702460498198,0.6342832066231633
Grafjellsbrea,2029-12-01,-2.4293162491745637,0.41962401647718045,2.1685567626993056
Grafjellsbrea,2030-01-01,0.5131166710537836,-0.34941076266435905,-0.7070010528232475
Grafjellsbrea,2030-02-01,-2.4481791633607353,1.2829201101745225,0.7742087663940432
Grafjellsbrea,2030-03-01,-2.587697955005415,-1.9452478585887316,2.6259367165257226
Grafjellsbrea,2030-04-01,-1.24960705706483,-1.7769945315216369,0.9925919274733576
Grafjellsbrea,2030-05-01,-0.35494556295241453,-1.1978155745300656,-0.07450220978636718
Grafjellsbrea,2030-06-01,-0.8712336096630452,-0.8000356877547278,0.2987267406690952
Grafjellsbrea,2030-07-01,-0.19932502179075717,-0.5425329426788253,-0.17831916511079826
Grafjellsbrea,2030-08-01,-0.8746176996070947,-0.9826512308099248,-0.397004945764607
Grafjellsbrea,2030-09-01,-1.2906272365585332,0.004232616250613959,-0.27214644877370003
Grafjellsbrea,2030-10-01,-1.474665708409475,0.36773903852525147,-0.8316342404106335
Grafjellsbrea,2030-11-01,-2.978708033849214,0.7317872744892434,2.084445732908286
Grafjellsbrea,2030-12-01,0.14379846297016907,-0.692978461231338,-0.13344621638258977
Grafjellsbrea,2031-01-01,-0.2576729709746334,-0.20554498637818353,0.09922953981980191
Grafjellsbrea,2031-02-01,-0.13057180974569957,-0.05981016910646111,1.2622733006529356
Grafjellsbrea,2031-03-01,0.8992185081837479,-1.171004761506722,0.8037946064561775
Grafjellsbrea,2031-04-01,0.06334441184031865,-0.7781211523147215,0.4167733837454426
Grafjellsbrea,2031-05-01,-0.7639091374438981,0.10708929863708964,0.10237047708644054
Grafjellsbrea,2031-06-01,-0.8308187966196345,0.261796465214124,-0.38055077900426976
Grafjellsbrea,2031-07-01,-1.2454949901849794,-0.0425674619775275,-0.5012897080027133
Grafjellsbrea,2031-08-01,-1.0414654592748822,-0.4121348497171516,0.24548711396992062
Grafjellsbrea,2031-09-01,0.6902422816173456,-0.7917365403869822,0.47616151686525754
Grafjellsbrea,2031-10-01,-1.3127564156834755,0.19197496405242412,-0.2187129465685708
Grafjellsbrea,2031-11-01,-0.6089800027057312,-0.10037927822036231,-0.05566134528732294
Grafjellsbrea,2031-12-01,1.285045460803533,0.41957745407297775,-1.3072935990440835
Grafjellsbrea,2032-01-01,0.8792788147883228,0.6358747970797344,-0.5625625581960066
Grafjellsbrea,2032-02-01,3.5898527953542225,1.6014715287925412,0.7958814528866919
Grafjellsbrea,2032-03-01,3.438161636173314,0.7563495580901565,-0.3640361755893096
Grafjellsbrea,2032-04-01,0.7322972150253301,-1.0135454089255271,-1.1379714629786266
Grafjellsbrea,2032-05-01,0.7127518141952276,-0.7674975384869579,-0.28473018250147075
Grafjellsbrea,2032-06-01,-0.06541953964732279,0.1672092230107706,0.5403706579253305
Grafjellsbrea,2032-07-01,-0.6741362876871078,-0.5344212603510866,-0.07924970906886654
Grafjellsbrea,2032-08-01,-0.8996816520582023,0.16673922386331216,-0.5773285772787148
Grafjellsbrea,2032-09-01,0.5315342458870346,0.28541914570679766,0.10167100689279722
Grafjellsbrea,2032-10-01,0.8887090670139312,-0.04279877022793103,0.465750495033779
Grafjellsbrea,2032-11-01,-0.2574073923892182,0.4350843925600174,-0.4041629064480816
Grafjellsbrea,2032-12-01,-1.7989259843905314,1.3619484904942618,-0.4020626688251774
Grafjellsbrea,2033-01-01,-2.175862394928441,-2.018724572592752,-1.9439749688760852
Grafjellsbrea,2033-02-01,-0.1992103965251725,-0.6893904462267209,-0.14079739013044498
Grafjellsbrea,2033-03-01,-0.14635784784886427,2.0872555696768154,-2.2710412820584263
Grafjellsbrea,2033-04-01,0.09116856852726436,-0.8601623068045191,-2.026400067360814
Grafjellsbrea,2033-05-01,0.5005915681252916,-0.5154063332258029,-0.9570790174508806
Grafjellsbrea,2033-06-01,-0.2619185894130643,-0.8430701245216025,-0.5130407301876717
Grafjellsbrea,2033-07-01,-0.31924737301025374,-0.2900860679167881,-0.4076056470840079
Grafjellsbrea,2033-08-01,-0.08884561115691215,-0.7764640963084078,-0.19257914589733796
Grafjellsbrea,2033-09-01,-0.3343339869594711,-0.8420110596009879,-0.5614751260353872
Grafjellsbrea,2033-10-01,0.23229769829637423,-0.666590020074178,0.19331256226962132
Grafjellsbrea,2033-11-01,0.2997991077183341,-1.482777483916993,0.0852870973260011
Grafjellsbrea,2033-12-01,2.8003484037627238,-1.3724983112278764,-0.16336793505110342
Grafjellsbrea,2034-01-01,2.491948615058789,0.1317758345905317,0.20558189917754488
Grafjellsbrea,2034-02-01,0.4014127468566379,-0.184671529493746,-0.4479703134276331
Grafjellsbrea,2034-03-01,-1.235756574608989,-1.972119035125268,-2.545724343270439
Grafjellsbrea,2034-04-01,0.35301272660816824,0.6526363514045794,-1.764974453999348
Grafjellsbrea,2034-05-01,-0.9537353997710114,-0.8715248771985497,0.10745856684511139
Grafjellsbrea,2034-06-01,0.2859302634665666,-0.01665984112848932,0.49283304869366457
Grafjellsbrea,2034-07-01,0.011692017014873027,-0.3397021152113655,-0.33348552920221275
Grafjellsbrea,2034-08-01,-0.7704563512254933,-0.04869853617812433,-0.18215160523098475
Grafjellsbrea,2034-09-01,-0.5854876366152474,0.42533675470587795,0.10080459533013848
Grafjellsbrea,2034-10-01,-0.20469758991463313,0.8014683281023638,0.009728112690530607
Grafjellsbrea,2034-11-01,-0.9751139885380686,-0.7908035936905847,-0.7131452921785861
Grafjellsbrea,2034-12-01,-1.0752176363693222,-0.39407692666848665,2.2296497697838875
Grafjellsbrea,2035-01-01,-1.0652048601011375,-2.039401332637834,-1.5684363933936007
Grafjellsbrea,2035-02-01,-0.777955859305392,-1.075482108390274,0.4183482019152453
Grafjellsbrea,2035-03-01,0.08707945289364545,-0.8737344277753527,0.35774180776334763
Grafjellsbrea,2035-04-01,0.9198659027363206,-0.8843897021546877,-0.6121461693452434
Grafjellsbrea,2035-05-01,-0.35666203820249387,0.025299037305486476,-0.5504055621753036
Grafjellsbrea,2035-06-01,-0.4757129760351522,-0.8988796157594239,-0.31253743741578816
Grafjellsbrea,2035-07-01,-0.43010841429420554,-0.6730376933085669,-0.22185185070080635
Grafjellsbrea,2035-08-01,-0.9229071141271569,-0.5756214001775793,0.3511150176122255
Grafjellsbrea,2035-09-01,-1.0566718247138456,-0.3895169050891378,0.2949228784858358
Grafjellsbrea,2035-10-01,-0.05528497599764413,-0.9978920544182693,-1.1163940970507695
Grafjellsbrea,2035-11-01,1.4713290192181427,-0.2798319934759584,0.4558145848390904
Grafjellsbrea,2035-12-01,-0.9616140086605167,-2.9331682607305907,-1.2856350388213895
Grafjellsbrea,2036-01-01,-1.794606791467985,-2.2957825421598534,-0.029324588508918614
Grafjellsbrea,2036-02-01,-2.318299068407798,-2.826570621171865,-2.8060513135492915
Grafjellsbrea,2036-03-01,0.08722574167091457,-1.8851490206057513,-1.637587646237046
Grafjellsbrea,2036-04-01,0.8796191294445537,-0.43536214878169105,-0.19453739440225284
Grafjellsbrea,2036-05-01,-1.0201222043946336,-0.7135771860002927,-0.35128354014727076
Grafjellsbrea,2036-06-01,-1.0931057273590414,-0.7584841448873622,0.07169194825516804
Grafjellsbrea,2036-07-01,-0.4278440109021602,0.35716965807060214,-0.029508004837396202
Grafjellsbrea,2036-08-01,-0.443605925213828,0.24150459197228483,-0.04126971750412933
Grafjellsbrea,2036-09-01,0.8243953944723756,0.1164837591109189,-0.5844746053147445
Grafjellsbrea,2036-10-01,0.20098955953382627,0.43189121379340073,-0.7272642786325711
Grafjellsbrea,2036-11-01,0.0570452203405456,-0.1717330757848138,0.5587924114805775
Grafjellsbrea,2036-12-01,1.4732947869005832,-0.5101875579677356,-0.25284655804580103
Grafjellsbrea,2037-01-01,0.33808711901939287,0.9904826638803889,0.587146071570508
Grafjellsbrea,2037-02-01,-1.7102699751412898,-1.210148099539999,-0.8925503952803172
Grafjellsbrea,2037-03-01,-0.22814897194655268,1.1722650571382591,-0.3893977514548069
Grafjellsbrea,2037-04-01,0.06835266457928564,1.1673583166496064,0.18169296391430154
Grafjellsbrea,2037-05-01,-0.5803975390790418,-0.46862981408039256,0.04342064886651572
Grafjellsbrea,2037-06-01,-0.15156846827424877,-0.31245352179935515,-0.2585675564558023
Grafjellsbrea,2037-07-01,-0.9116546178737918,-0.625075932401489,-0.195937241984336
Grafjellsbrea,2037-08-01,0.026530516331272347,-0.5352865238599407,-0.13406600098979496
Grafjellsbrea,2037-09-01,-0.6455416675025435,-0.7174448959233112,0.10808681835827268
Grafjellsbrea,2037-10-01,-1.146636503476276,-0.3514415324725233,0.4942810167983267
Grafjellsbrea,2037-11-01,-1.2544934150916054,-0.25624466616898417,-0.12228717138753714
Grafjellsbrea,2037-12-01,1.417441464621328,-0.1467176705396823,-1.0777308004003883
Grafjellsbrea,2038-01-01,-0.9456850092288073,0.29113983399684173,-0.5019329515325011
Grafjellsbrea,2038-02-01,-2.0251996781761146,-1.0828620182522306,-2.26018976794762
Grafjellsbrea,2038-03-01,0.4139433611481469,-0.06859043981989622,-1.2606980915302175
Grafjellsbrea,2038-04-01,-0.22771502995101658,-0.7496384504789894,1.9952204637480266
Grafjellsbrea,2038-05-01,0.1251351480864309,0.8170931990852587,-0.41505970799230507
Grafjellsbrea,2038-06-01,-0.6723740017319546,-0.6042407245819099,-0.3952303264077927
Grafjellsbrea,2038-07-01,-0.29807992742870537,0.556531891454406,-0.7537927065546453
Grafjellsbrea,2038-08-01,-0.21429687810530895,0.1796982437467695,-0.3050747707120855
Grafjellsbrea,2038-09-01,-0.4617708366241389,0.21527196348324637,-0.3735191278820859
Grafjellsbrea,2038-10-01,-0.5074367006376321,-0.7875948331722231,-0.2864742865015262
Grafjellsbrea,2038-11-01,-1.2011987796199721,-0.5886716704057361,1.0534325685384596
Grafjellsbrea,2038-12-01,-1.2544335355074183,-1.2713723464707452,-2.6342328873223138
Grafjellsbrea,2039-01-01,0.21610665898229342,0.31723692601243497,-2.798404730267931
Grafjellsbrea,2039-02-01,-2.7548401305778754,-2.0447707302873757,1.9450122146064608
Grafjellsbrea,2039-03-01,0.7379748405138206,-3.647754563417417,-0.5836736201941101
Grafjellsbrea,2039-04-01,0.0052061233683011006,-1.4316821011394252,-0.9659080298495883
Grafjellsbrea,2039-05-01,0.5470994577885169,-0.8409508252344581,0.052848074477763296
Grafjellsbrea,2039-06-01,-0.16427176136810742,0.28163745712961,-0.6995352107170598
Grafjellsbrea,2039-07-01,-0.44933244129076905,-0.2137264819928751,-0.8255769615761256
Grafjellsbrea,2039-08-01,-0.740085538622704,-0.7325684758897856,-0.711683769776495
Grafjellsbrea,2039-09-01,-0.32476392034922785,-0.9464863150020629,0.7017309659438142
Grafjellsbrea,2039-10-01,-1.4225427406872717,-1.0512655994133009,0.34569511428704
Grafjellsbrea,2039-11-01,-2.1958847585234147,-0.9988498372168477,2.3363821318078855
Grafjellsbrea,2039-12-01,-1.7991140476223844,0.7618442216916961,0.07738736692682928
Grafjellsbrea,2040-01-01,-1.4686687307312198,-1.064374064085803,1.7730586361092306
Grafjellsbrea,2040-02-01,-1.1414584281937346,-1.131793324802721,1.597059982915943
Grafjellsbrea,2040-03-01,-2.578569621072923,0.08760860271679106,0.6177258490097486
Grafjellsbrea,2040-04-01,-0.13519601435305756,-1.8078049218731793,0.16332812832329457
Grafjellsbrea,2040-05-01,-0.7639195194613801,-0.5887904925683101,-0.25434118510451514
Grafjellsbrea,2040-06-01,-0.7541809601134156,-0.18035128283038548,0.1184837707891588
Grafjellsbrea,2040-07-01,-0.2158641206059575,-0.7016716608622783,-0.4795081024507429
Grafjellsbrea,2040-08-01,-0.1407520356313142,0.05394581567875264,-1.058413074796684
Grafjellsbrea,2040-09-01,-0.45314831920535353,-0.4034716349931143,-0.37854675982681796
Grafjellsbrea,2040-10-01,-0.7511679098375765,-0.8389570370485258,0.32236638050276606
Grafjellsbrea,2040-11-01,-0.5716984824916632,-1.0260075016559884,1.9397910419408901
Grafjellsbrea,2040-12-01,-2.0018306663182175,-1.1619312170897789,-0.06385294337267451
Grafjellsbrea,2041-01-01,-2.999382230721372,-1.256742726167648,0.09850334490036923
Grafjellsbrea,2041-02-01,-3.5106117615591983,-0.6976482550606257,-1.4563248883234408
Grafjellsbrea,2041-03-01,-0.5359146005390988,-2.799022553496037,2.2617933843618734
Grafjellsbrea,2041-04-01,-0.551978364114205,-0.8067628887510523,0.06930882041439938
Grafjellsbrea,2041-05-01,0.3459685483673094,-0.17551328767791854,0.25231223453266777
Grafjellsbrea,2041-06-01,-1.1534812261638097,0.11297449133315902,-0.5836548789795072
Grafjellsbrea,2041-07-01,-0.7676237533643732,-0.6966961413596365,-0.32729755534764515
Grafjellsbrea,2041-08-01,-0.4609060782813428,-0.2623681839307941,-0.6942658237387391
Grafjellsbrea,2041-09-01,-0.6002500441614907,-0.13529684200559536,-0.5753236106724998
Grafjellsbrea,2041-10-01,-0.5969722608098563,-1.9640855220085711,-0.04082223575227841
Grafjellsbrea,2041-11-01,-2.5060574902823873,-0.06299832442299717,0.3303923830713918
Grafjellsbrea,2041-12-01,-2.764497199310444,0.027301379215912618,0.8351605727973133
Grafjellsbrea,2042-01-01,-0.49695267340649224,1.2118890054088685,2.3727793489989537
Grafjellsbrea,2042-02-01,-0.1694622575904313,2.4260449737579934,-1.6838341497859466
Grafjellsbrea,2042-03-01,-2.3965495793736102,1.6142286514334059,-0.7401401759481545
Grafjellsbrea,2042-04-01,-1.5929227143892712,0.9053494844754852,-1.2489071357586108
Grafjellsbrea,2042-05-01,-0.8657316529699116,0.1995594177038218,-0.0962878705746593
Grafjellsbrea,2042-06-01,-0.6777034847730388,-0.22101160396503228,-0.5944599438214352
Grafjellsbrea,2042-07-01,0.1783711434517552,0.20450543905798843,-0.9608758142040089
Grafjellsbrea,2042-08-01,-0.5431765225991,-0.6143813400791701,-0.407883881589159
Grafjellsbrea,2042-09-01,-0.6773571517029131,-0.8822036691675862,-0.7048639535404005
Grafjellsbrea,2042-10-01,-0.808484835941402,-0.22312804003741182,-0.7934310716274449
Grafjellsbrea,2042-11-01,-1.6373628634336646,1.3121079609166018,-0.4644311305112366
Grafjellsbrea,2042-12-01,-1.6586394527994006,-0.34059863045978883,-1.1037440897413147
Grafjellsbrea,2043-01-01,2.207824357447764,-0.7598717533658625,-0.1610598697755829
Grafjellsbrea,2043-02-01,-0.27575530926416186,-1.3009818941402695,1.2277050754823102
Grafjellsbrea,2043-03-01,0.0198667668613578,-0.7220279031882869,1.9308028132100474
Grafjellsbrea,2043-04-01,-1.1560166223832742,0.8869681205407952,0.16771496894509139
Grafjellsbrea,2043-05-01,-1.1701911487763208,-0.062430060310573486,-0.35178075214882804
Grafjellsbrea,2043-06-01,-0.7692164984534392,-0.47047720038566476,-1.2580593299448326
Grafjellsbrea,2043-07-01,-1.022129036897158,-0.45837303575136695,-1.0111179385842048
Grafjellsbrea,2043-08-01,-0.7459864132642512,-0.11414447131165141,-0.7476987276454558
Grafjellsbrea,2043-09-01,-0.784774838502324,-0.029468885665820583,-0.7859810112434955
Grafjellsbrea,2043-10-01,-0.4898337427976236,0.775207491369105,-0.47560084331093916
Grafjellsbrea,2043-11-01,-0.19970638140822658,0.014974085000285594,-0.9209434175730428
Grafjellsbrea,2043-12-01,1.292138575096591,-2.5068789531826003,-0.6641163890868258
Grafjellsbrea,2044-01-01,1.6682333227749682,-0.36861958229462327,-0.4070510047364085
Grafjellsbrea,2044-02-01,3.5219770685338236,1.260995598455066,-0.34307890503829547
Grafjellsbrea,2044-03-01,-0.23362083157968475,-2.9412275116188327,-1.755130907430319
Grafjellsbrea,2044-04-01,-1.076923358372248,-0.26833029672507974,-0.601042550549909
Grafjellsbrea,2044-05-01,0.17061639972321138,-1.2425983498541695,-0.5042156550241567
Grafjellsbrea,2044-06-01,0.12521385383506525,-0.037494580360585894,-0.5166903116576113
Grafjellsbrea,2044-07-01,-0.5875107821512411,0.16894840625027077,-0.38908134566970487
Grafjellsbrea,2044-08-01,-1.1995609921497856,-0.38730851247398035,-0.4889462655825134
Grafjellsbrea,2044-09-01,-0.9151250232495292,-0.6841130558910367,-0.40650417139757494
Grafjellsbrea,2044-10-01,-1.3063165954946216,-0.3361421152277921,-1.250846710042988
Grafjellsbrea,2044-11-01,-1.5563389092302542,-1.168566963112924,-1.046224098578519
Grafjellsbrea,2044-12-01,0.3801335544635451,-1.6502231799721894,-3.2725199524236523
Grafjellsbrea,2045-01-01,-0.1064797967638502,-2.7425045075420953,-1.4413749138638974
Grafjellsbrea,2045-02-01,-1.2360794714470373,-1.5666232754530138,-0.6413230134317591
Grafjellsbrea,2045-03-01,-2.0223660780306463,-1.4523151810353905,-0.9989942991630277
Grafjellsbrea,2045-04-01,-0.763554364557849,-0.91832446736628,-1.4688046051959043
Grafjellsbrea,2045-05-01,0.252089936511735,-0.9914935582833012,-0.007916933382194865
Grafjellsbrea,2045-06-01,-0.8126159789151748,-0.3155402692997475,0.1015090272431632
Grafjellsbrea,2045-07-01,-0.43676186689959035,0.5591881681722181,-0.45509670136060704
Grafjellsbrea,2045-08-01,-0.8859731521486814,0.21344125550564286,-0.3316960483834451
Grafjellsbrea,2045-09-01,-0.010286661847600853,-0.5455239786898052,0.9319154423731133
Grafjellsbrea,2045-10-01,-0.2855280835852621,-0.024966282373549642,-0.9522423965439438
Grafjellsbrea,2045-11-01,0.5942145829307615,-0.8737635099022398,-0.9979662301923078
Grafjellsbrea,2045-12-01,0.28213804666475834,-2.207735195569551,1.8875273410851872
Grafjellsbrea,2046-01-01,-1.1326151204530583,-1.0781408259207363,2.173535964617329
Grafjellsbrea,2046-02-01,-2.6725470503398068,-3.4350927141403758,1.0461379768572059
Grafjellsbrea,2046-03-01,-1.012579592946397,-3.636321475338573,0.9265845564796332
Grafjellsbrea,2046-04-01,-1.932809830735109,-0.42793175439408043,-0.3090815875550184
Grafjellsbrea,2046-05-01,0.030932940357293104,0.8688280719862368,-0.9168488110813936
Grafjellsbrea,2046-06-01,-0.3813594284106581,-0.45300090434818624,-0.7841578615704895
Grafjellsbrea,2046-07-01,0.12530367199347658,0.4150554336108971,-0.7088111741404758
Grafjellsbrea,2046-08-01,-0.1453161242584064,-0.45992519079037786,-0.1700791316041479
Grafjellsbrea,2046-09-01,-0.08602152407192311,-0.3723131893786193,-0.9561111030351704
Grafjellsbrea,2046-10-01,0.9132223736156523,-0.8417454238501992,-0.9210868067102531
Grafjellsbrea,2046-11-01,0.18599320879658343,1.1346735223994233,-0.9680131697234359
Grafjellsbrea,2046-12-01,0.1347766102568567,-1.2044464844433544,-0.7056545081466407
Grafjellsbrea,2047-01-01,0.0871323600207507,0.2872235267958297,3.2566384263776498
Grafjellsbrea,2047-02-01,-0.03439413180154718,1.2965371763133497,1.705190296613959
Grafjellsbrea,2047-03-01,-1.36983349775985,-0.09717056701923399,0.6966082736961376
Grafjellsbrea,2047-04-01,-1.591531764543219,0.3539121877817335,0.9278898436134136
Grafjellsbrea,2047-05-01,-0.7751325773209677,-0.5717138930941403,-0.17159542595928245
Grafjellsbrea,2047-06-01,-0.7809213993533547,-0.3683027348368744,-0.614886815391945
Grafjellsbrea,2047-07-01,-0.19296227288880466,-0.6646537852637486,-0.08217638060989468
Grafjellsbrea,2047-08-01,-0.23820435027066358,-0.43585571828797015,-0.5606861400176123
Grafjellsbrea,2047-09-01,-0.5819062889527573,-0.6178314202781657,-0.5494463618740935
Grafjellsbrea,2047-10-01,-2.3740574818529154,-1.3664542183525945,-0.9929646676309482
Grafjellsbrea,2047-11-01,0.12203931748584955,-1.0655933410675849,-0.007315305651752757
Grafjellsbrea,2047-12-01,0.7012958277969229,1.4108885741736206,-2.023538883865868
Grafjellsbrea,2048-01-01,-1.17838681869432,2.0739676585365348,3.5294570274742
Grafjellsbrea,2048-02-01,-1.1888792673940944,3.40244971496741,4.520490535685461
Grafjellsbrea,2048-03-01,1.6481525140969557,2.0256090142175167,-0.7416481478304496
Grafjellsbrea,2048-04-01,-0.5463256996457787,1.1354363276886157,-0.18033618553535247
Grafjellsbrea,2048-05-01,-0.688180167761451,-1.0415638132585077,-0.40829231747428757
Grafjellsbrea,2048-06-01,-0.5380347897692453,-0.41045572849661155,-0.34279736109251435
Grafjellsbrea,2048-07-01,-0.19948715353157986,-0.3091530775169828,-1.0158646274806575
Grafjellsbrea,2048-08-01,-0.1778873325899152,-0.08780038766447872,-0.29556443719706416
Grafjellsbrea,2048-09-01,-0.39315203831052364,-0.4629641357800279,-1.0993295333149085
Grafjellsbrea,2048-10-01,0.731053354249954,-0.709035638419388,-0.029510349795137447
Grafjellsbrea,2048-11-01,0.5504357799881606,-1.700924402260681,-0.58625370512081
Grafjellsbrea,2048-12-01,2.1267503642334096,1.4388107980019942,-0.43970578016755085
Grafjellsbrea,2049-01-01,1.5298619852419275,1.2286416728753842,-1.616911362114185
Grafjellsbrea,2049-02-01,1.3553072209855568,0.6796537062717846,-0.5188450835715838
Grafjellsbrea,2049-03-01,2.849377004078894,1.117479910231144,1.061551122686965
Grafjellsbrea,2049-04-01,0.7027445078606239,0.3629947220207496,0.3130844699628963
Grafjellsbrea,2049-05-01,-1.609673342448917,-0.8824650125097739,-0.8428295943984395
Grafjellsbrea,2049-06-01,-0.1938217644086373,-0.7389979953754429,-0.44238937261372085
Grafjellsbrea,2049-07-01,-0.830114931147277,-0.759971498367753,-0.2550816067753283
Grafjellsbrea,2049-08-01,-0.09853815427844827,-0.5204029915871552,-0.8731862337843198
Grafjellsbrea,2049-09-01,-0.2995713065958076,-0.20440747439774531,-1.3322069632262206
Grafjellsbrea,2049-10-01,-0.24808927605265918,0.7155396291057805,0.19175133462333285
Grafjellsbrea,2049-11-01,-1.736068106962762,-0.17659731113544397,0.7016981222224947
Grafjellsbrea,2049-12-01,-1.1162955496748015,-1.744919964135754,-0.24598038281718973
Grafjellsbrea,2050-01-01,-1.3566645552785719,-1.7390435740117756,-1.010261192700715
Grafjellsbrea,2050-02-01,-0.7112380051327388,0.9638519541105541,-1.2924706813169478
Grafjellsbrea,2050-03-01,0.17558505151061524,-2.3480148090650395,1.7234357150829183
Grafjellsbrea,2050-04-01,-0.36325776510539093,-2.067650632032017,0.2962643235123819
Grafjellsbrea,2050-05-01,-0.0810854788739442,-1.0795770959586433,-0.01393774411862673
Grafjellsbrea,2050-06-01,-0.43286585911380276,-0.9880667293944839,-0.6806387039616179
Grafjellsbrea,2050-07-01,-0.17360247218016833,-0.6410448368421701,-0.9683545823832
Grafjellsbrea,2050-08-01,-0.48528490157864423,0.12652054864316786,-0.18260018596777608
Grafjellsbrea,2050-09-01,-0.2379051468056063,-0.764190740780251,-0.38073010784404665
Grafjellsbrea,2050-10-01,0.2502505191034569,-0.24075749850675124,-0.6064403754410389
Grafjellsbrea,2050-11-01,-0.5885270203884955,-0.23167591178609448,-0.5148980438759395
Grafjellsbrea,2050-12-01,-1.2301135649549688,0.2463539727714115,2.0527111721446842
Grafjellsbrea,2051-01-01,-1.1295629142974823,-1.865820556223574,1.1610032049847956
Grafjellsbrea,2051-02-01,-1.5979827151760262,-3.613869218494139,-2.208652294864238
Grafjellsbrea,2051-03-01,1.6333327803727908,-1.6366498899286777,-0.24301410647411045
Grafjellsbrea,2051-04-01,-2.7513432910401163,0.8974184935243215,-1.5649662936590356
Grafjellsbrea,2051-05-01,-0.22830095220481872,-0.15944590733533476,-0.6817919218168074
Grafjellsbrea,2051-06-01,-0.6311656075244597,-0.5874789582874572,-0.5598156917292884
Grafjellsbrea,2051-07-01,-0.5044068387227959,-0.30364254491145554,-0.07094569019862712
Grafjellsbrea,2051-08-01,-0.6940243710995272,-0.5464660179034884,-0.21786284095426134
Grafjellsbrea,2051-09-01,-0.060081502263628093,-1.133922055619329,-0.12252135613413045
Grafjellsbrea,2051-10-01,0.8805462601890955,-0.08833362950716926,-0.28803817482667676
Grafjellsbrea,2051-11-01,-0.1956077403160661,-1.289695004944096,-0.7511850038235522
Grafjellsbrea,2051-12-01,0.6696860436423351,-0.49647758670703873,1.3604853649481614
Grafjellsbrea,2052-01-01,-0.10541279688187123,0.7757323546475251,0.1650215293367259
Grafjellsbrea,2052-02-01,-2.5110547426210705,-0.46785121077589853,-2.0204224425816864
Grafjellsbrea,2052-03-01,0.6446477129356499,-0.2217341351706427,-2.3134496851278015
Grafjellsbrea,2052-04-01,1.5282958358982286,-0.4965199767565102,-0.9122339964760467
Grafjellsbrea,2052-05-01,-1.9531312511058119,-0.01864315045566454,-0.5584562884754032
Grafjellsbrea,2052-06-01,-0.6218945125593124,-0.6682780083983335,-0.04766581064775841
Grafjellsbrea,2052-07-01,-0.14819551591744357,-0.4147141774778101,-0.6001490541514051
Grafjellsbrea,2052-08-01,-0.37736932985766075,-0.0355964625257828,-0.41148504226166516
Grafjellsbrea,2052-09-01,-0.40542706677552376,-0.6597207973433216,-0.6864685092321557
Grafjellsbrea,2052-10-01,-1.3216210573168492,-0.3633124278867698,-0.49835085466952544
Grafjellsbrea,2052-11-01,-2.242651754371819,-2.1270760954643997,-1.1517108044064939
Grafjellsbrea,2052-12-01,-2.110315618028229,-1.7209166402942913,-2.328339411401995
Grafjellsbrea,2053-01-01,2.8735273843724443,-1.8267264789830302,-1.1889151043098658
Grafjellsbrea,2053-02-01,1.1900595439711517,-0.9114970109979256,-1.898134759343886
Grafjellsbrea,2053-03-01,-2.2535525340364537,-0.010939899011238671,0.8324892355201953
Grafjellsbrea,2053-04-01,-1.1081219626048076,0.23286521378282057,-0.5354672883341567
Grafjellsbrea,2053-05-01,-1.1011096777280984,0.22312322107889634,-0.6668352522038491
Grafjellsbrea,2053-06-01,-0.1816711261231998,-0.18853477163504886,-0.9537018905243005
Grafjellsbrea,2053-07-01,-0.418611430122374,-0.48540145450803074,-0.8503537135963831
Grafjellsbrea,2053-08-01,-0.3714863298809033,-0.08326305809798541,-0.6238497129572724
Grafjellsbrea,2053-09-01,-0.5622367081259625,-0.9575590622061944,-0.8596648212228916
Grafjellsbrea,2053-10-01,-0.7548886089982578,-1.477311222885316,-0.6811497015712901
Grafjellsbrea,2053-11-01,-0.5552346619854499,0.09569809456284199,-0.05175843371971519
Grafjellsbrea,2053-12-01,-0.7259494058428738,0.17832289529017764,1.6077882334783473
Grafjellsbrea,2054-01-01,-0.3081806879769183,-1.65607346253232,0.7162757171164071
Grafjellsbrea,2054-02-01,-0.19908652150731343,-2.27249028474056,-0.012317562093572784
Grafjellsbrea,2054-03-01,-2.3892836234214645,-1.2493034714861142,1.9742462740898636
Grafjellsbrea,2054-04-01,-0.6873455079626772,-1.8457848730451605,-0.06482107637625778
Grafjellsbrea,2054-05-01,0.02792930641521681,-1.0324395354786853,-0.49233099325365187
Grafjellsbrea,2054-06-01,-0.582942576262364,0.036288478733800845,-0.14878508887527667
Grafjellsbrea,2054-07-01,-0.405606328608209,-0.24311699893101946,-0.53190211881389
Grafjellsbrea,2054-08-01,0.15894368988263302,-0.24373420768134202,-0.35347360552213464
Grafjellsbrea,2054-09-01,-0.7028047400509362,0.3598382463061999,-0.04877486148978968
Grafjellsbrea,2054-10-01,-1.259746904700055,0.8345068410399739,-0.30037585684156975
Grafjellsbrea,2054-11-01,-1.3798624468380851,-1.8929039442895697,1.577687654236953
Grafjellsbrea,2054-12-01,0.8192365640278957,-2.209383204409847,-0.04185348073548075
Grafjellsbrea,2055-01-01,0.8244642053070571,-0.6506110789919531,-0.0788645742133694
Grafjellsbrea,2055-02-01,2.136436674319698,-0.2761106589252686,1.3135324741395606
Grafjellsbrea,2055-03-01,-0.0462573148250958,-0.9796493069609848,-0.25639819978396133
Grafjellsbrea,2055-04-01,0.36293966527356164,-1.4227655091528824,-1.4554309950109825
Grafjellsbrea,2055-05-01,-0.44146728402111773,0.1562683702407894,-0.1546560597055511
Grafjellsbrea,2055-06-01,-1.1313763624861675,-0.339184542749708,0.01922547414593545
Grafjellsbrea,2055-07-01,-0.6648007752387314,-0.21956958458242073,-0.3602404285808629
Grafjellsbrea,2055-08-01,-0.4324432433454628,-0.5281844914863161,-0.43654434964217
Grafjellsbrea,2055-09-01,-1.0154099936001562,-0.06339259605329067,-0.30100980106105796
Grafjellsbrea,2055-10-01,0.07932567611004619,-0.1371063461701478,-1.1313579954969846
Grafjellsbrea,2055-11-01,0.2601371659264306,0.631392730264363,0.3042534561480067
Grafjellsbrea,2055-12-01,-0.9394111611259465,0.8047556343645361,1.2211775228040507
Grafjellsbrea,2056-01-01,1.0716687163564702,-0.6671470268258113,-0.9250616221791201
Grafjellsbrea,2056-02-01,1.6478393665470048,-1.35770159746445,1.3814255278659047
Grafjellsbrea,2056-03-01,0.8257714131084374,-0.26267012338136153,-0.10875555588330511
Grafjellsbrea,2056-04-01,-2.022657559007929,-0.7167202827216729,-1.4535359522998847
Grafjellsbrea,2056-05-01,-0.6644157664994846,0.3451307984974117,-0.0861072565108138
Grafjellsbrea,2056-06-01,-0.226775171540875,-0.30525457491955005,-0.15216862982372867
Grafjellsbrea,2056-07-01,0.25444055984949915,-0.6661571529866119,-0.6321180383567379
Grafjellsbrea,2056-08-01,-0.2630836638004371,0.6882133577564534,-0.552730068461622
Grafjellsbrea,2056-09-01,-0.48388985988778205,-0.11774137297803887,-0.015249935932010886
Grafjellsbrea,2056-10-01,0.06858346100028578,-1.0472329549615387,0.7628641979388099
Grafjellsbrea,2056-11-01,-1.4862767884569923,0.2444974940134295,1.3448052122257887
Grafjellsbrea,2056-12-01,-2.2241383057864557,1.391168513915517,-0.12346501289851101
Grafjellsbrea,2057-01-01,-1.6605384710169708,3.867965578998229,-1.6369124743953662
Grafjellsbrea,2057-02-01,-2.7096157445421087,0.5027165081789463,0.8252139266070802
Grafjellsbrea,2057-03-01,-2.1879456511036897,0.3890142706190305,-1.3134498628360218
Grafjellsbrea,2057-04-01,-0.913228333086658,-0.8973760673912854,-0.41787610949208376
Grafjellsbrea,2057-05-01,0.15837138150024435,-0.3303022204096538,-1.3697449877368897
Grafjellsbrea,2057-06-01,-0.5571903733653586,-0.5074413909048759,-0.22609643855534137
Grafjellsbrea,2057-07-01,-0.7856917456276288,0.2310062178569514,-0.08653485426473327
Grafjellsbrea,2057-08-01,-0.9413795581877439,-0.22162131913246808,-0.2668666904178346
Grafjellsbrea,2057-09-01,-0.89273633151942,-0.3204232884373308,-0.09824417414419719
Grafjellsbrea,2057-10-01,-1.38967614576461,-0.03778498204331471,-1.2170140837877776
Grafjellsbrea,2057-11-01,-0.6833204600448269,-0.43305435664788255,-0.05471086450095508
Grafjellsbrea,2057-12-01,0.12777072325152594,-0.009614880621513425,-0.795682324719723
Grafjellsbrea,2058-01-01,0.21073924716182488,-0.858578207530051,-2.8143701261822947
Grafjellsbrea,2058-02-01,0.29397088157454115,-1.0942651619124175,-3.285248525652681
Grafjellsbrea,2058-03-01,-3.137937898890451,0.6584742475886363,-2.2759232352679586
Grafjellsbrea,2058-04-01,-0.45828770241133227,1.311484420461199,-3.113956943803655
Grafjellsbrea,2058-05-01,-0.6567421918436586,-0.2780999466791476,-0.4319557796248337
Grafjellsbrea,2058-06-01,-1.7688678717305242,-0.747459619720007,-1.0814956932854083
Grafjellsbrea,2058-07-01,-0.7876288722557231,-0.594474743730662,-0.6821525037906597
Grafjellsbrea,2058-08-01,-0.27999681510146807,-0.7666373914568009,-0.8153408892475594
Grafjellsbrea,2058-09-01,-0.3634389985059119,-0.6207800072879922,-0.2947324325464211
Grafjellsbrea,2058-10-01,-0.0984149045637201,0.10399745161560488,-0.6525497999071893
Grafjellsbrea,2058-11-01,-0.17611145990643826,0.47289916264722726,-0.37674865326769913
Grafjellsbrea,2058-12-01,-0.6224081205383413,0.6562679574742144,-2.091143595803354
Grafjellsbrea,2059-01-01,2.0887593023421407,-2.0851663942119516,-0.3622592666852747
Grafjellsbrea,2059-02-01,-0.5991029300841708,0.09645733588338956,-1.7957755193596905
Grafjellsbrea,2059-03-01,-2.6819406029592012,-0.4739058066044422,1.5738706090591685
Grafjellsbrea,2059-04-01,0.280740483239514,0.4986538824804611,0.7091452809403535
Grafjellsbrea,2059-05-01,-0.4847868537711788,-0.45969550929950803,-0.7782479178038759
Grafjellsbrea,2059-06-01,0.2903017257006995,-0.062091206256899345,-0.5111628537430063
Grafjellsbrea,2059-07-01,-1.162221746600767,-0.963386978537827,-0.42993265426282257
Grafjellsbrea,2059-08-01,-1.1030757566089344,-0.8265521589711405,-0.3652029115823683
Grafjellsbrea,2059-09-01,0.9947076713094494,-0.10744363078549403,-0.31663787201823657
Grafjellsbrea,2059-10-01,-0.5832722846992645,-1.1922175118514904,-0.01679246899812566
Grafjellsbrea,2059-11-01,-0.03037897748961497,0.7983276072245639,-0.9544308326195923
Grafjellsbrea,2059-12-01,0.3830883823137041,0.7816946967955349,1.602193038574022
Grafjellsbrea,2060-01-01,-0.7416803360789688,-0.9457301536826228,0.861585861987972
Grafjellsbrea,2060-02-01,0.9542009979971665,0.3932151111613025,1.072572408119156
Grafjellsbrea,2060-03-01,-0.6981575789721953,1.162142800689224,0.28597846044462855
Grafjellsbrea,2060-04-01,0.30543956168887565,-0.11879231856657096,-0.7316950101636005
Grafjellsbrea,2060-05-01,-0.23811725633139633,-0.217516536281719,-0.31509647204383007
Grafjellsbrea,2060-06-01,0.10661978606432439,0.3457806015055094,0.21628003298410867
Grafjellsbrea,2060-07-01,-0.10025226416686839,-0.15574003362752178,-0.4185691657678527
Grafjellsbrea,2060-08-01,-0.1656207566958783,-0.6042148452009349,0.20046925886701783
Grafjellsbrea,2060-09-01,0.15505966579202504,-0.5099095321898145,-0.4866212967951566
Grafjellsbrea,2060-10-01,-1.4718852174027894,-1.740810007440765,0.44632017815008446
Grafjellsbrea,2060-11-01,-1.3455799217241828,-1.917650291563555,0.29984830434581156
Grafjellsbrea,2060-12-01,-0.7966887794988301,2.2277375839121585,-1.6870231981743176
Grafjellsbrea,2061-01-01,-2.956602042717863,-0.7560092884555178,-1.0750542037937787
Grafjellsbrea,2061-02-01,-1.765933738296506,-1.6618281454898665,-3.5739639857998213
Grafjellsbrea,2061-03-01,-0.3597333030631152,-1.3280485042691785,0.6443675061696923
Grafjellsbrea,2061-04-01,-1.707461227564697,-0.17609851072198027,0.7660281867880361
Grafjellsbrea,2061-05-01,0.19160754487094103,-0.7205029922408596,-0.0487398422072412
Grafjellsbrea,2061-06-01,0.41253135518119644,0.3976400811606336,-0.89493963859421
Grafjellsbrea,2061-07-01,-0.7572745478597809,0.06793773900960313,-0.9809937712647671
Grafjellsbrea,2061-08-01,-0.21796231098399668,0.07077113072440062,-1.1188010770686854
Grafjellsbrea,2061-09-01,-0.31703001061396874,-0.9202483669219079,-1.3228238185433006
Grafjellsbrea,2061-10-01,0.1502744544524781,-0.967458536151832,0.05412990423953171
Grafjellsbrea,2061-11-01,-2.1015940904802997,-1.0000153767826228,0.21142412386391096
Grafjellsbrea,2061-12-01,-2.8727962629841364,-0.40389510382149946,1.4633852765179034
Grafjellsbrea,2062-01-01,-0.8352303102619857,-0.5066923801445442,2.0298680956531325
Grafjellsbrea,2062-02-01,-0.5380713300342591,-1.6603922807577243,1.6548347671491943
Grafjellsbrea,2062-03-01,-0.5949240212372618,1.00852386345618,0.9030407414066862
Grafjellsbrea,2062-04-01,-1.6868760949690254,1.1384026218104788,0.48686883257028707
Grafjellsbrea,2062-05-01,-0.22961963246172493,-0.9682388274293595,-0.0673923117827419
Grafjellsbrea,2062-06-01,-0.17722410484290338,-1.1124455322808184,-0.5695783655727356
Grafjellsbrea,2062-07-01,0.0881680519375538,-0.9488258562044226,-0.3607167112080529
Grafjellsbrea,2062-08-01,-0.006176350814198946,-0.289843037832358,-0.852526508273798
Grafjellsbrea,2062-09-01,-0.5759814207020129,0.2521014660184609,-0.49422225829910243
Grafjellsbrea,2062-10-01,-0.2757863979401896,0.3491517454550587,0.5096365132748186
Grafjellsbrea,2062-11-01,-0.5542785962228229,-1.5034887022755719,-1.0914777669123386
Grafjellsbrea,2062-12-01,0.7520070617154432,-3.080727204865109,-0.3370015631181209
Grafjellsbrea,2063-01-01,2.7609085651022056,-2.075962026542061,-2.010517798864664
Grafjellsbrea,2063-02-01,-1.092839413115293,0.8396327362711942,1.5490535066288516
Grafjellsbrea,2063-03-01,-2.0290445927490692,1.3676511260681288,-2.253637112843013
Grafjellsbrea,2063-04-01,0.5995682669455116,0.21287674634657225,-0.6120369789682408
Grafjellsbrea,2063-05-01,-0.611633764636348,-1.1687830438225322,-0.6228252742866193
Grafjellsbrea,2063-06-01,-0.3841832153883747,-0.7630757556671636,0.2503065609204839
Grafjellsbrea,2063-07-01,-0.8643410914463283,-0.8458907309774192,0.050831133676687824
Grafjellsbrea,2063-08-01,0.35108272731491125,-0.7455501429444356,0.193986846987633
Grafjellsbrea,2063-09-01,-0.13454091002598986,-1.0711525855613897,-0.23512207436557855
Grafjellsbrea,2063-10-01,-0.13464877554958196,-0.28148627577994095,1.4324642365623885
Grafjellsbrea,2063-11-01,-0.7651404442024523,1.2060422626267422,-0.5729880083394989
Grafjellsbrea,2063-12-01,0.3584242530033925,-0.5918161949176232,0.21888812099666918
Grafjellsbrea,2064-01-01,-0.05499925546980885,-0.8493732248391063,-1.1241068871692648
Grafjellsbrea,2064-02-01,1.858705663395903,-1.218339230576928,-1.7079404923211792
Grafjellsbrea,2064-03-01,1.5455484533567887,-2.0849431844729183,-1.8369318876747058
Grafjellsbrea,2064-04-01,2.053984973422002,-0.5454741389413477,-0.41427983614023417
Grafjellsbrea,2064-05-01,-0.2553780800729257,-1.3407801115791964,-1.0627854511897763
Grafjellsbrea,2064-06-01,-0.5276732497126178,-1.0416770715438444,-0.4221509804620797
Grafjellsbrea,2064-07-01,-0.2481817649631517,-0.30643048718180593,-0.1661965027860121
Grafjellsbrea,2064-08-01,-0.2891619662839811,-0.7579741021308513,-0.5779335277219011
Grafjellsbrea,2064-09-01,-1.461148010843342,-0.49749363839772737,-0.38298845744250903
Grafjellsbrea,2064-10-01,-0.5551276542458096,-0.46819340526212033,-0.9455849603248853
Grafjellsbrea,2064-11-01,-1.1132442234066589,-1.0218056209922186,-1.5622492188842445
Grafjellsbrea,2064-12-01,-0.43447364088451085,-1.032752810082467,-0.49554700196293505
Grafjellsbrea,2065-01-01,-1.8301036439699,1.6675066199732191,-1.1193509243656912
Grafjellsbrea,2065-02-01,1.0086759909002267,1.359881165184407,-1.4029982518967792
Grafjellsbrea,2065-03-01,-0.643260926238901,-1.0768303264375079,-2.4466221219978634
Grafjellsbrea,2065-04-01,0.9604509079439846,-0.5802666559505109,-1.5452754765452987
Grafjellsbrea,2065-05-01,-0.4976581836886622,0.36789336753038643,-0.0736688507006355
Grafjellsbrea,2065-06-01,-1.1057537926862728,-0.4617114860342178,-0.03969982853289439
Grafjellsbrea,2065-07-01,-0.17878699715977264,-0.3478645789918871,-0.7610887269572951
Grafjellsbrea,2065-08-01,-0.4916357632976802,-0.20776959466079084,-0.753591373634818
Grafjellsbrea,2065-09-01,-0.05621523967790415,-0.9095240506599152,-0.24429337159172268
Grafjellsbrea,2065-10-01,-0.1215493914879418,-0.4290656319918309,-0.2633399469984708
Grafjellsbrea,2065-11-01,0.3387210180250593,-0.2418760836594461,-0.36115410011728466
Grafjellsbrea,2065-12-01,0.41745651032293335,-2.619066554457405,0.9347182527706893
Grafjellsbrea,2066-01-01,-0.7186948786337739,-1.3091803336589585,1.1801328295176239
Grafjellsbrea,2066-02-01,0.3350772434715763,-0.8294193771403866,-2.7312056368410484
Grafjellsbrea,2066-03-01,1.0174999579701567,-0.8688222620459127,-1.9977960174164113
Grafjellsbrea,2066-04-01,-0.3281245858554302,-2.325677871507,-0.043886616982316794
Grafjellsbrea,2066-05-01,0.20535116203533743,0.2800157059359116,-0.3781208474730466
Grafjellsbrea,2066-06-01,0.405177323687903,-0.771760992741871,-0.31428050376934863
Grafjellsbrea,2066-07-01,-0.19002242460814692,-0.5208210735398686,-0.3753512260561791
Grafjellsbrea,2066-08-01,-0.2931165381758989,-0.42867932511140006,-0.5279580401405531
Grafjellsbrea,2066-09-01,-0.8965678705220728,-0.4076608896691476,-0.23078419219128432
Grafjellsbrea,2066-10-01,-1.4828640732600584,-0.1731733767119669,0.09683077476469053
Grafjellsbrea,2066-11-01,1.1795164101169582,-2.7553730703636616,-1.5394442739650007
Grafjellsbrea,2066-12-01,-2.158173995313497,0.3342928826997982,-0.3059420090489107
Grafjellsbrea,2067-01-01,-1.5293578200148212,-1.041510727592079,-2.01372081690371
Grafjellsbrea,2067-02-01,0.22430770152541193,-1.0777683805203602,1.5960784261451757
Grafjellsbrea,2067-03-01,0.3218091113760256,0.08610170785065303,1.68551317985266
Grafjellsbrea,2067-04-01,-0.13250445932546415,-1.184633871750259,-1.1173682007575547
Grafjellsbrea,2067-05-01,-0.6922020628972828,-1.0013723167823898,-0.030215820143189742
Grafjellsbrea,2067-06-01,-0.28857546628572,0.07990739724627478,-0.5840779098785528
Grafjellsbrea,2067-07-01,-0.6392657124089317,-0.4464732310495365,-0.6320123497347991
Grafjellsbrea,2067-08-01,-0.9359063024961722,-0.6547358880880069,-1.094606905723624
Grafjellsbrea,2067-09-01,-0.3474245209699107,0.7488538198379251,-0.8407706663279823
Grafjellsbrea,2067-10-01,-0.626533235841099,0.32672320124618215,-0.9824157015393512
Grafjellsbrea,2067-11-01,-0.2460974657386702,-0.538578410162493,-1.5350258192895048
Grafjellsbrea,2067-12-01,1.5239216947436003,-0.6670347093906616,-0.8348459718782838
Grafjellsbrea,2068-01-01,1.4181557262599582,0.7474143875322471,-0.32807100497337943
Grafjellsbrea,2068-02-01,-0.23943606598976017,2.6883686423644355,-1.0653008583448849
Grafjellsbrea,2068-03-01,-1.7780285424300606,-0.1494584974746795,-2.0860131617132427
Grafjellsbrea,2068-04-01,-0.39349352256526315,-1.4259865159455156,-0.4893807973648423
Grafjellsbrea,2068-05-01,-0.5991776753709689,-0.8146751982660564,-0.8166697835370069
Grafjellsbrea,2068-06-01,0.4136117761256198,-0.050884452846627515,-0.4581338914039758
Grafjellsbrea,2068-07-01,-0.36669082187417495,-0.251531479443291,-0.5329805896395566
Grafjellsbrea,2068-08-01,-0.18934740232242575,0.43200008464118184,-0.39906281160905493
Grafjellsbrea,2068-09-01,-0.7246056374876262,-0.7835637954409126,-0.47077580464172647
Grafjellsbrea,2068-10-01,0.12746291450552297,-0.8083490302590395,-0.8092848317753627
Grafjellsbrea,2068-11-01,-0.8987439583305203,-0.06600131927614226,-0.6492840236422169
Grafjellsbrea,2068-12-01,-1.2836487644193755,-0.23099723874272118,-2.1373141868178274
Grafjellsbrea,2069-01-01,-2.7096263714471083,-1.5161698535948542,-3.162741180910748
Grafjellsbrea,2069-02-01,2.243844452947164,-1.1978697064683363,-2.1701986319626334
Grafjellsbrea,2069-03-01,0.0074273931031915525,2.3163978548355253,-1.5129484336407033
Grafjellsbrea,2069-04-01,-1.062190801199022,0.4867834823562485,-2.379367731148878
Grafjellsbrea,2069-05-01,-0.4264956896788162,0.38902029490450585,-0.06819752765674782
Grafjellsbrea,2069-06-01,-0.275968338678195,-0.6966719018027389,-0.7262937855989268
Grafjellsbrea,2069-07-01,-0.10960776387696601,-0.7852667760334144,-0.29282129405085144
Grafjellsbrea,2069-08-01,-0.21496195615696911,-0.5251388990262268,-0.11419321195579063
Grafjellsbrea,2069-09-01,-0.6199912260521852,-0.538076491964499,-1.2479154962649224
Grafjellsbrea,2069-10-01,-0.36327100370881044,-0.38566492832200955,-0.9008427412410928
Grafjellsbrea,2069-11-01,-0.678180844501172,-0.016434894747642443,-1.9774030122561381
Grafjellsbrea,2069-12-01,1.0957697541534848,-0.05346115444280388,-0.5587153528960173
Grafjellsbrea,2070-01-01,-1.5023528656183256,-0.3539055027681927,1.1778484823898523
Grafjellsbrea,2070-02-01,0.9759955884559234,-0.23211151436430713,-1.3997501582908987
Grafjellsbrea,2070-03-01,-1.3598979244221259,1.411580820542835,0.3559156275012955
Grafjellsbrea,2070-04-01,0.41016477091884834,-0.6933609290334227,0.7611907017060573
Grafjellsbrea,2070-05-01,-1.2236115453213705,-1.0343660625006843,-0.5358514123406887
Grafjellsbrea,2070-06-01,-0.48245673591630317,-1.0354967612768595,-0.893809909950948
Grafjellsbrea,2070-07-01,-0.018570996617687536,-0.598087196721622,-0.17795002502271387
Grafjellsbrea,2070-08-01,0.008905416739305672,-1.192753234458661,-1.2400115706025305
Grafjellsbrea,2070-09-01,-0.09215757148003566,-1.3066912826642156,-0.6399695844755239
Grafjellsbrea,2070-10-01,-0.5645911445232776,-0.9960027807741527,-1.3451553780436345
Grafjellsbrea,2070-11-01,0.7827634168222466,0.056974436059905875,-2.135014076751425
Grafjellsbrea,2070-12-01,0.323826876797608,0.1264873398194312,0.09002207771377428
Grafjellsbrea,2071-01-01,0.2976024694997508,0.3154754586028675,-2.9494107128561935
Grafjellsbrea,2071-02-01,-1.3601291011947705,0.49223438602769115,-2.4293158308865004
Grafjellsbrea,2071-03-01,-1.685617191587515,0.10860358302872751,-0.32256943169161617
Grafjellsbrea,2071-04-01,-0.8240479726074806,-0.5738459306038727,0.4078946484839186
Grafjellsbrea,2071-05-01,-0.530468569797081,-0.2083092221540411,-1.6948447306113186
Grafjellsbrea,2071-06-01,0.40697411546648604,0.2544163927027531,-0.7711451767135905
Grafjellsbrea,2071-07-01,0.07840733358521568,-0.646976187757943,-0.5871468980840298
Grafjellsbrea,2071-08-01,-0.9330297159836549,-1.0795384347211172,-0.5782677602068472
Grafjellsbrea,2071-09-01,-1.3674337058205672,-0.945872241856618,-0.053747761222047885
Grafjellsbrea,2071-10-01,0.3257295971923151,-0.27565305323406525,-0.379953760147963
Grafjellsbrea,2071-11-01,-1.1891947154280142,-0.18399833875070115,-0.38245849929753345
Grafjellsbrea,2071-12-01,0.25018920014276586,1.928796275338265,-0.5940841466973222
Grafjellsbrea,2072-01-01,0.41732874885238497,-0.15575062099536555,-2.2288694916869796
Grafjellsbrea,2072-02-01,0.9445089022930743,-1.6862920447926157,-2.0483453752240846
Grafjellsbrea,2072-03-01,1.8836627473738596,-2.159000225869548,-3.327995645914219
Grafjellsbrea,2072-04-01,-1.485937574947461,-2.0034669041039446,-1.562182215159445
Grafjellsbrea,2072-05-01,0.34971411658325663,-1.1557834831835987,-0.175376024990456
Grafjellsbrea,2072-06-01,-1.2454146703814477,-0.24975818347644663,0.33191273699463075
Grafjellsbrea,2072-07-01,-1.0592545441790187,-1.2043495705872418,0.609385458360849
Grafjellsbrea,2072-08-01,-0.7255460476477186,-1.3942247022819494,-0.0858004668784187
Grafjellsbrea,2072-09-01,-0.7671145687875263,-1.0044892629194384,0.12841300421015997
Grafjellsbrea,2072-10-01,-0.6239570414411596,0.041012371664106706,2.0288185936735883
Grafjellsbrea,2072-11-01,-0.9939727402213485,-0.8805748124024403,-0.9971011127207235
Grafjellsbrea,2072-12-01,0.3522614171918432,-2.9226027417944582,-1.9318252143989467
Grafjellsbrea,2073-01-01,-0.1438081473839811,-1.9295822268890825,-1.7991740672513636
Grafjellsbrea,2073-02-01,-1.5964633960050312,-2.4163694006334726,-0.010233535650204517
Grafjellsbrea,2073-03-01,0.29253224882331375,-2.337608231225387,-0.9249897224953786
Grafjellsbrea,2073-04-01,-0.9944510106690512,-0.41010576233466284,-0.3551387777809906
Grafjellsbrea,2073-05-01,-0.39155955748740884,-0.039614822719156007,-0.3037056861667555
Grafjellsbrea,2073-06-01,-1.114906399978082,-0.6061593258095216,-0.7691922942904409
Grafjellsbrea,2073-07-01,-0.7609982594036531,-0.33931093006756763,-0.43349448892568826
Grafjellsbrea,2073-08-01,-0.17655039450083154,-1.0192597133279708,-0.040730470496990266
Grafjellsbrea,2073-09-01,0.35821933478561213,0.3925754126140397,-0.6097399997936774
Grafjellsbrea,2073-10-01,-1.2241046079557834,0.5585506515846698,-0.9150413414510306
Grafjellsbrea,2073-11-01,-0.37115213839940703,-0.1439676236999255,0.9448960311692188
Grafjellsbrea,2073-12-01,-0.03671854696304435,-2.565078922152492,0.764587226780824
Grafjellsbrea,2074-01-01,-0.3525609903891911,-0.48898949183004764,-1.3784105114762528
Grafjellsbrea,2074-02-01,1.0893072999726023,-1.2566622220355255,-2.166562343138428
Grafjellsbrea,2074-03-01,-0.4664507082381533,-1.9804114810833076,-0.1563772027362899
Grafjellsbrea,2074-04-01,-1.4601673690396153,-1.1205349083016014,0.5094728054351051
Grafjellsbrea,2074-05-01,-0.6515668332381136,-0.43635506283530123,-0.8825060845779031
Grafjellsbrea,2074-06-01,-0.8943760664597037,-1.0629597445128904,-1.021489154141013
Grafjellsbrea,2074-07-01,-0.31425546371088775,-0.6999509247884758,-0.6421277448144723
Grafjellsbrea,2074-08-01,0.15619421024077318,-0.89755942332663,-0.8205860895110378
Grafjellsbrea,2074-09-01,-1.0074822650502464,-0.8632163024153053,-1.0186784701537057
Grafjellsbrea,2074-10-01,0.47066689085926666,0.04111283577443762,-1.6728180392960592
Grafjellsbrea,2074-11-01,0.3579042015486931,1.0622027673282342,-2.5300134041611817
Grafjellsbrea,2074-12-01,-1.294431309144067,-1.3358646448655833,-1.8174543094863347
Grafjellsbrea,2075-01-01,1.2579819025991834,-1.4527922297490286,-1.987774031812026
Grafjellsbrea,2075-02-01,1.9856095247039935,0.48358546678356723,-1.9495169731274757
Grafjellsbrea,2075-03-01,0.22840621684002715,-0.21513549136400578,-1.9881563843887158
Grafjellsbrea,2075-04-01,0.7741167131925502,1.1004042466929789,0.13295780807385219
Grafjellsbrea,2075-05-01,-0.6950715555544348,-0.9954482004566682,-0.012856338662709318
Grafjellsbrea,2075-06-01,0.1944976247650044,0.05596994068489428,-0.5946109866110749
Grafjellsbrea,2075-07-01,-0.02704463433166489,-0.6786655523876067,-0.09990422576208063
Grafjellsbrea,2075-08-01,-0.03490457209239269,-0.9005561726981979,-0.31768248811707717
Grafjellsbrea,2075-09-01,0.09529554910543443,-0.9135321150749466,-0.4518916489558627
Grafjellsbrea,2075-10-01,1.039866189648626,0.6434466814570822,0.23209170931313192
Grafjellsbrea,2075-11-01,0.13813806325727165,0.6098548938074758,-0.2758585614232181
Grafjellsbrea,2075-12-01,-0.23566755504016226,0.8191088767974146,-2.3103255995430505
Grafjellsbrea,2076-01-01,-1.764530945045637,-2.055358130742679,-1.184826390594635
Grafjellsbrea,2076-02-01,-2.771841069844737,-1.549651057029477,-0.18312532070991097
Grafjellsbrea,2076-03-01,-2.116907592592206,-2.201553061781363,-0.9119259212544987
Grafjellsbrea,2076-04-01,-0.9422944511040395,-1.2989622782216106,-0.6161594000964099
Grafjellsbrea,2076-05-01,-0.14202866641979614,-0.7104816116758355,-0.8779176523819249
Grafjellsbrea,2076-06-01,-0.13430457280232516,-0.60192722390266,-0.7342539292580362
Grafjellsbrea,2076-07-01,-0.12565757667441452,-0.19206175164810202,-0.2851367796361412
Grafjellsbrea,2076-08-01,-0.27351062785554514,-0.2698376391633321,-0.40306610315464647
Grafjellsbrea,2076-09-01,-0.031138430070112615,-0.6528255791187726,0.4246902131319413
Grafjellsbrea,2076-10-01,0.28478066981068556,-1.092061839726924,-0.2912473399836264
Grafjellsbrea,2076-11-01,-1.5684153329076445,-0.47174377251197414,-0.7235989989433195
Grafjellsbrea,2076-12-01,-2.4556794596369595,-0.1381742263338689,-0.35443577545311916
Grafjellsbrea,2077-01-01,0.35068143053101375,-1.3210748527536103,1.935593017278854
Grafjellsbrea,2077-02-01,0.41594047260383427,-0.798352161096746,1.017617201669492
Grafjellsbrea,2077-03-01,-0.524356604804653,-2.4082822470938097,-1.925611451516387
Grafjellsbrea,2077-04-01,-1.2462614346266727,0.9472059170187928,0.3142634135248505
Grafjellsbrea,2077-05-01,-1.0534928121891793,-0.7070064303748449,-0.11488991320711107
Grafjellsbrea,2077-06-01,-0.7706610016184453,-0.6934706324187955,-0.19527491180307846
Grafjellsbrea,2077-07-01,-0.8074717175899823,-0.14197866143217766,-0.5397785825122244
Grafjellsbrea,2077-08-01,-0.629954936804232,-0.45795131230682423,-0.12400704647123889
Grafjellsbrea,2077-09-01,-0.44852014928886313,-0.8669154365918974,-0.6049372759853151
Grafjellsbrea,2077-10-01,-1.6793609103265748,-1.0488414263568717,-1.4848922894588947
Grafjellsbrea,2077-11-01,0.5793196697345647,0.10489215775774852,-1.1259860793181307
Grafjellsbrea,2077-12-01,-1.4360977487860527,-0.9238770323204254,0.23281759088853848
Grafjellsbrea,2078-01-01,-0.8797848800790679,0.6094906731317038,2.0469404630581627
Grafjellsbrea,2078-02-01,-1.7456690533907355,-0.8248376540098908,1.662203895812589
Grafjellsbrea,2078-03-01,-1.3383251091408068,-2.048704297771923,1.6125057792841613
Grafjellsbrea,2078-04-01,0.01732864282007855,0.8502042825923448,-1.0641422799336147
Grafjellsbrea,2078-05-01,-0.4493328244285144,-0.19226373910358766,-0.897475130158233
Grafjellsbrea,2078-06-01,-0.5834341824887102,-0.5896102701187925,-0.29857545851914813
Grafjellsbrea,2078-07-01,-0.325811433402981,-0.5138670367761565,-0.2916650000920857
Grafjellsbrea,2078-08-01,-0.5393455037461031,-1.1802730242581776,-0.8254466819409302
Grafjellsbrea,2078-09-01,-0.8819429470342645,-1.736127473306384,-0.9888884562145126
Grafjellsbrea,2078-10-01,0.1848768291725725,-0.1539195812285145,-0.6426131278407838
Grafjellsbrea,2078-11-01,1.030991692838028,-1.314933796192853,-2.0019122419118256
Grafjellsbrea,2078-12-01,-2.50169223067742,-2.7325682778470886,-0.6547088117633202
Grafjellsbrea,2079-01-01,-1.1521835580037008,-3.0181416907789775,0.27904712602911946
Grafjellsbrea,2079-02-01,2.0274351205765884,-0.6063457800019093,0.609932143390154
Grafjellsbrea,2079-03-01,2.3186258919519007,-1.294764066794486,-1.5582884782881103
Grafjellsbrea,2079-04-01,-0.4620515402267855,-0.12430381510540232,-0.70502728088652
Grafjellsbrea,2079-05-01,0.6515817478265628,0.5878642393357665,0.4025947269281949
Grafjellsbrea,2079-06-01,-0.0756291133091282,-0.3661280207099445,-0.5464327323329992
Grafjellsbrea,2079-07-01,-0.38038380772612235,-1.0904206745716065,-0.5534703258598789
Grafjellsbrea,2079-08-01,-0.4152088709605537,-0.7557395600974791,-0.3349429203417329
Grafjellsbrea,2079-09-01,-0.2112197801577608,-0.5438283144371813,-0.14897230998126978
Grafjellsbrea,2079-10-01,-0.9772525215813145,-2.009358713833628,0.2896113670504716
Grafjellsbrea,2079-11-01,0.34303788406662755,-1.881259158308713,-1.1148991932254881
Grafjellsbrea,2079-12-01,-1.5071005799798414,-0.4062947004330038,-0.5354989238860263
Grafjellsbrea,2080-01-01,-1.0868486932641594,-1.246451647389333,0.9863235057962926
Grafjellsbrea,2080-02-01,-0.9156661526731434,-2.534862859481701,1.89722634342006
Grafjellsbrea,2080-03-01,-1.5433415595870459,-1.7903955841172412,0.39098606797657354
Grafjellsbrea,2080-04-01,-1.2516104768549956,-2.5488212235028644,0.28738883952262145
Grafjellsbrea,2080-05-01,-0.458913560352634,-0.9301226862320974,-1.0762341565604328
Grafjellsbrea,2080-06-01,-0.9503489991836672,-0.21090258228880895,-0.8122060949171033
Grafjellsbrea,2080-07-01,-0.2985805582683294,-0.4316313792820245,-0.6549382510347428
Grafjellsbrea,2080-08-01,-0.5185395987730387,-0.6666281753116939,-0.7697072842392464
Grafjellsbrea,2080-09-01,-0.7647137597645592,-0.8574831858115983,-0.7021168740882301
Grafjellsbrea,2080-10-01,-0.6465591192755112,-1.0002336073331648,-1.1069765334227009
Grafjellsbrea,2080-11-01,0.22006039740869796,-1.5748019733842937,-0.13417167814164194
Grafjellsbrea,2080-12-01,2.8750499219256347,0.3606302037244041,-0.7101652603294025
Grafjellsbrea,2081-01-01,1.344967053197709,1.0580613747465437,-0.22186285451157972
Grafjellsbrea,2081-02-01,1.2626526439928714,1.7122109748661616,0.6371865145428596
Grafjellsbrea,2081-03-01,0.2993912316879594,0.2824942840651614,-1.1487929625165756
Grafjellsbrea,2081-04-01,-1.615191466109322,0.4467868924951244,0.2673217234841661
Grafjellsbrea,2081-05-01,-0.8707877570931758,-0.29109032604209806,-0.630491786755149
Grafjellsbrea,2081-06-01,0.5183780829534198,-0.8846651032245578,-0.4744100576377703
Grafjellsbrea,2081-07-01,-0.4490236148727235,0.056168236237385503,0.09323834255585077
Grafjellsbrea,2081-08-01,0.10890367378793302,0.20034002201259327,-0.28217625185081724
Grafjellsbrea,2081-09-01,-0.6099148509685164,-0.48611708625234656,-1.1532227611826864
Grafjellsbrea,2081-10-01,0.1287689809595783,-1.269998807817488,-0.5184758053123922
Grafjellsbrea,2081-11-01,-0.6772125242010943,0.2730377692578689,-0.8818715126951829
Grafjellsbrea,2081-12-01,1.1861668835180952,1.1084244486905217,-0.9260587524537782
Grafjellsbrea,2082-01-01,-2.209473468688421,-1.190237777125751,-1.0592458313296609
Grafjellsbrea,2082-02-01,-1.084583026135286,-0.887768408103403,-2.15079843047997
Grafjellsbrea,2082-03-01,-1.1152466937826573,0.8807209382494031,-2.036020889533609
Grafjellsbrea,2082-04-01,-1.0897697687339014,0.6973648361514968,-0.893564612041212
Grafjellsbrea,2082-05-01,-0.7119546354314191,-0.4662401378343681,-0.006307663860370387
Grafjellsbrea,2082-06-01,-1.2281953901962737,-0.10003680282462518,-0.8294304879095801
Grafjellsbrea,2082-07-01,-0.05644440649111574,-0.7444184129179293,-0.2578456592574418
Grafjellsbrea,2082-08-01,-0.45341599423078066,-0.004919149855847145,-0.14287833237226208
Grafjellsbrea,2082-09-01,0.28856639617509744,-0.31007106160331294,-0.22032792498429873
Grafjellsbrea,2082-10-01,-0.010500122719633668,-0.9169053796481353,-0.32077843415143503
Grafjellsbrea,2082-11-01,0.014240806477376466,-0.5324538809083095,-0.48536745332833586
Grafjellsbrea,2082-12-01,-1.69049894213928,-0.4721553592354351,-1.7643564489101886
Grafjellsbrea,2083-01-01,-0.7269475853922245,-0.5744260022909179,-1.9523668202634752
Grafjellsbrea,2083-02-01,-0.055799178385747585,2.8473002570773613,-2.4860093695782446
Grafjellsbrea,2083-03-01,0.6748022325718662,0.991589616207485,-0.28208066803593895
Grafjellsbrea,2083-04-01,0.2671593880418224,1.8891294188645578,1.5523863740540929
Grafjellsbrea,2083-05-01,0.046022922214711236,0.656993704582055,-0.14878324975074922
Grafjellsbrea,2083-06-01,-0.2586979474688158,-0.8114986338730636,0.07602300277488115
Grafjellsbrea,2083-07-01,-0.5646402010588615,-0.4334634766786915,-0.11419162919099811
Grafjellsbrea,2083-08-01,-0.794400994508369,-0.20193462197546488,-0.6984671590780954
Grafjellsbrea,2083-09-01,-0.8142539344525191,-0.5575240584853204,-1.0897023266685093
Grafjellsbrea,2083-10-01,-1.159042486448273,-0.8280581928919997,-1.761074786454624
Grafjellsbrea,2083-11-01,0.3758433312760818,0.030269590592695888,-0.4824242372351266
Grafjellsbrea,2083-12-01,-1.2186767593061967,-0.2004211225536856,-1.4064649955058612
Grafjellsbrea,2084-01-01,-0.9552328078608614,-2.2670256967618125,-2.8116698317400943
Grafjellsbrea,2084-02-01,-0.4770082668802629,0.008151242943104578,-1.6952569527597088
Grafjellsbrea,2084-03-01,-0.7511066063441478,-1.1021559827182326,0.04492163516887843
Grafjellsbrea,2084-04-01,-0.2593266742451194,-1.8409530639235652,0.690753355912281
Grafjellsbrea,2084-05-01,-0.3160446151156154,-0.6022057479090813,-0.6826532225975365
Grafjellsbrea,2084-06-01,-0.4159217774746526,-0.9727286519375916,-1.2637598885272487
Grafjellsbrea,2084-07-01,0.09929710318384426,-0.6885755195185322,-0.4848298798675705
Grafjellsbrea,2084-08-01,-0.5472523758977715,-0.4668831194131103,-0.7427942233239371
Grafjellsbrea,2084-09-01,-0.1891435274783572,-0.17428941021159736,-0.5897860065989172
Grafjellsbrea,2084-10-01,0.04822708294481265,-1.0379902572322817,-2.333229712210674
Grafjellsbrea,2084-11-01,0.9510641405917548,0.09253943186114022,-1.9180098130542527
Grafjellsbrea,2084-12-01,2.434298592231324,1.7370206425365569,-2.188251729665328
Grafjellsbrea,2085-01-01,-1.259226743260039,1.537016583095934,-1.6545029416683608
Grafjellsbrea,2085-02-01,-0.3886853168869326,2.163303713888847,-2.2426495863465834
Grafjellsbrea,2085-03-01,-1.5697009331869476,1.1819730700153759,0.006288276883649043
Grafjellsbrea,2085-04-01,-1.2435518685329947,-1.4954832252378483,-2.2250419118413807
Grafjellsbrea,2085-05-01,0.1098129749913983,-0.15123066803195023,-0.8331036965148616
Grafjellsbrea,2085-06-01,-0.6334209381496123,-0.23138370029931873,-0.6679354861415709
Grafjellsbrea,2085-07-01,-0.533644091034236,-0.51222574830998,-0.3757820851501637
Grafjellsbrea,2085-08-01,-0.3842281669897893,-0.3888055787914224,-0.4235580592573509
Grafjellsbrea,2085-09-01,-1.2280382541133814,-0.2989446635697081,-0.5509298742786327
Grafjellsbrea,2085-10-01,-0.6028405238410884,0.32545704229034245,-1.4508702610205955
Grafjellsbrea,2085-11-01,-0.10981735871905086,0.17716379758671122,-0.8036192494345369
Grafjellsbrea,2085-12-01,0.541313091500071,-1.6857567969308829,-0.6451481669318478
Grafjellsbrea,2086-01-01,-1.4565299342511153,-1.2360436893600464,-0.6221515817773505
Grafjellsbrea,2086-02-01,-0.3862154652710035,-0.6886594509073417,1.2315856452919622
Grafjellsbrea,2086-03-01,0.20557632107723114,-0.29928688490007493,1.7259574072533486
Grafjellsbrea,2086-04-01,-1.0162621046803164,0.7226678903110649,-0.38592149454862207
Grafjellsbrea,2086-05-01,0.451494507499328,-0.32319200932175524,0.25789540122035076
Grafjellsbrea,2086-06-01,0.8881578841271027,-0.7657126196787689,-0.7089538329005757
Grafjellsbrea,2086-07-01,-0.8800443568614953,-0.8298271704315993,-0.25367571279497153
Grafjellsbrea,2086-08-01,-0.23067055908832512,0.1337123422372821,-0.1266093711916702
Grafjellsbrea,2086-09-01,-0.7495766897905515,-0.4274790535946235,-0.3369624866491207
Grafjellsbrea,2086-10-01,1.0381801835561386,1.0822997083529402,-0.05896758428534946
Grafjellsbrea,2086-11-01,1.1774113410070346,-0.23167557251640428,-0.11397215679958866
Grafjellsbrea,2086-12-01,0.19887066514479756,-2.0275850395551367,-1.2829816962265808
Grafjellsbrea,2087-01-01,0.7243020419980363,0.723312205265319,-1.7376677044508753
Grafjellsbrea,2087-02-01,-0.5336180142157573,1.7849628166371574,-0.02375831418459895
Grafjellsbrea,2087-03-01,-0.13622144406352993,0.3476513216633577,0.10706328176849429
Grafjellsbrea,2087-04-01,0.5011450918220512,-0.1762499100482442,-1.690196259696494
Grafjellsbrea,2087-05-01,-0.08930375478251225,-0.20444400988817724,-0.7597871405215456
Grafjellsbrea,2087-06-01,-0.36520556408507926,-0.3375785986445128,-0.27080985696957804
Grafjellsbrea,2087-07-01,-0.5325922645265179,0.11085410322782958,-0.1979780656947625
Grafjellsbrea,2087-08-01,-0.7228484988919205,-0.0891236964559151,-0.12772425420518632
Grafjellsbrea,2087-09-01,-0.8768008414364415,-1.1126572903501297,-0.5492995000509261
Grafjellsbrea,2087-10-01,-0.22225526784931393,-1.6403460422852547,0.37194796897175975
Grafjellsbrea,2087-11-01,-0.8271503199007082,-0.9829328290584828,-1.0132492765047934
Grafjellsbrea,2087-12-01,-1.270919693978897,0.2705108398117348,-2.2760058366892664
Grafjellsbrea,2088-01-01,1.5341140734634244,-2.6060915358712204,1.3314765202436982
Grafjellsbrea,2088-02-01,1.4827076282335823,-2.0418974109740833,0.3510804473170055
Grafjellsbrea,2088-03-01,0.923882885584855,-1.2345263186604944,0.7847132666799171
Grafjellsbrea,2088-04-01,0.004145308154729281,-1.0490078586528748,0.1769627950584899
Grafjellsbrea,2088-05-01,0.3011990108608979,0.027471510299924784,-0.07846397590796615
Grafjellsbrea,2088-06-01,-0.7695664690060262,0.023919282165161686,-0.8563971022443999
Grafjellsbrea,2088-07-01,-0.863393176550392,-0.4942965091859807,-0.15517115540155818
Grafjellsbrea,2088-08-01,-0.7682073830380455,-0.6186478646008023,-0.4034744762553118
Grafjellsbrea,2088-09-01,-0.31084793284723505,-0.19806302421864697,-0.13945974185155915
Grafjellsbrea,2088-10-01,-0.6532461081791893,0.4425700978414744,0.2395878490280783
Grafjellsbrea,2088-11-01,1.2988327925468919,0.7224713163408504,-1.455952983992118
Grafjellsbrea,2088-12-01,-2.0670705132089595,-1.389059598363566,-1.2499470127631012
Grafjellsbrea,2089-01-01,-3.04193429555783,-1.9691693006139086,-1.1568535407353013
Grafjellsbrea,2089-02-01,-4.227039380655319,-0.9757448384106496,0.24202496148302796
Grafjellsbrea,2089-03-01,-0.8593568874687166,0.10578324699920812,2.395451022490421
Grafjellsbrea,2089-04-01,-0.5042546678266556,0.08076509347893528,0.0604945502416104
Grafjellsbrea,2089-05-01,-1.0371979101455173,-1.0093449953751452,-0.7393387416832323
Grafjellsbrea,2089-06-01,-0.7300313882163497,-0.43847994450276556,-0.5381804816947676
Grafjellsbrea,2089-07-01,-0.204583297273964,-0.3364718913532876,-0.31446662798050956
Grafjellsbrea,2089-08-01,-1.2377427882891479,-0.456964893427155,-0.7007755074696197
Grafjellsbrea,2089-09-01,-0.27680207077432467,-0.5079999020880641,-0.4499476313036479
Grafjellsbrea,2089-10-01,0.10938039786064106,-0.1009766921039471,-1.7004712243904825
Grafjellsbrea,2089-11-01,-0.7809067351388351,-0.16654171431003897,-1.8871364313634882
Grafjellsbrea,2089-12-01,1.181141293809014,-0.46449405255164383,-0.12349779683104573
Grafjellsbrea,2090-01-01,2.490156568051787,-0.16784559953601466,-2.2454120992418605
Grafjellsbrea,2090-02-01,1.3202892859337219,-3.381326393981034,-0.4509060194825579
Grafjellsbrea,2090-03-01,2.289946384429339,-2.5084780185628044,-0.8841777945905681
Grafjellsbrea,2090-04-01,-1.0135406629165182,-1.0706548249515613,0.4960822204913888
Grafjellsbrea,2090-05-01,-1.0365277127236874,-1.117469428060527,-0.529532894580616
Grafjellsbrea,2090-06-01,-0.6437024700576862,-0.662554096805892,-0.47070021752106617
Grafjellsbrea,2090-07-01,-0.5853670528596008,-0.06933836440931568,-0.6477286093795016
Grafjellsbrea,2090-08-01,0.18729827797956314,-0.8834347307301608,-0.4855575345113266
Grafjellsbrea,2090-09-01,-0.50556703287339,-0.7011689900078002,-0.2514545676758798
Grafjellsbrea,2090-10-01,-0.28345524541638495,0.7287102851823813,-0.7808609312012568
Grafjellsbrea,2090-11-01,-1.675009977706325,-0.6134496553708619,-1.6268802359157064
Grafjellsbrea,2090-12-01,-1.38002861195101,-1.260905934525459,-0.8198658161230771
Grafjellsbrea,2091-01-01,0.4801983196369605,-4.054278147053645,-0.7022383400878366
Grafjellsbrea,2091-02-01,-0.6776300220609635,-2.2336966294339202,-3.901751548404962
Grafjellsbrea,2091-03-01,-2.948292912372749,1.3399337538207068,-2.0205814742719372
Grafjellsbrea,2091-04-01,-1.2360294342505995,-0.8995762400458291,-0.019248655965369416
Grafjellsbrea,2091-05-01,-0.3618709971010455,0.10161963953315123,-0.16354395678731573
Grafjellsbrea,2091-06-01,-0.34941832779051935,-1.5438444306289452,-1.0140281708541694
Grafjellsbrea,2091-07-01,-0.9371401843073599,-0.27704285070876966,-0.4880689602109622
Grafjellsbrea,2091-08-01,0.26088689352701505,-0.12678346727503428,-0.3741895014277632
Grafjellsbrea,2091-09-01,0.26747500120661516,-0.35196731277620724,-0.9434457913491485
Grafjellsbrea,2091-10-01,-1.9002864297046422,0.4234065613714892,-1.060954545824684
Grafjellsbrea,2091-11-01,0.18284495370739173,0.6918544810556138,0.3806094103146768
Grafjellsbrea,2091-12-01,-1.634372355542073,2.088591166693574,1.4254045882657984
Grafjellsbrea,2092-01-01,1.9781814600592937,-0.21833860138056535,1.3540449890427897
Grafjellsbrea,2092-02-01,1.9805863007856208,-1.512241396939605,-1.207602885009423
Grafjellsbrea,2092-03-01,1.1711102216200209,1.2761263494468307,-2.9212395260982915
Grafjellsbrea,2092-04-01,0.5358361800298171,0.9439726243708578,-0.7560133696736929
Grafjellsbrea,2092-05-01,-0.9511467535056223,-0.8843012784837329,-0.6293976935361844
Grafjellsbrea,2092-06-01,-0.7298464092742689,-0.9691415840167986,0.1185925476359629
Grafjellsbrea,2092-07-01,-0.7565350924875996,-0.5511395863238087,0.07262389963374079
Grafjellsbrea,2092-08-01,-0.5640228540957163,-0.3341647154997896,0.38354396318110123
Grafjellsbrea,2092-09-01,-0.7816553898829577,0.11872482035775556,-0.006392281144677566
Grafjellsbrea,2092-10-01,-0.11328568517672964,-1.824601904950249,-0.40131738841823256
Grafjellsbrea,2092-11-01,-0.8272742912654659,-0.14769207266618728,-0.06968772066094442
Grafjellsbrea,2092-12-01,-1.2582502634595791,0.548025109724209,0.29001799630117875
Grafjellsbrea,2093-01-01,0.349631730568799,2.273305028942359,-2.286350413728218
Grafjellsbrea,2093-02-01,-0.4178294001210318,-0.5496139652983992,-0.3997829134704573
Grafjellsbrea,2093-03-01,0.45685613039348616,1.0248447035993176,-1.617524428342848
Grafjellsbrea,2093-04-01,0.4715818926736652,-1.14627939603928,-1.965241560808824
Grafjellsbrea,2093-05-01,-1.5799967214238784,-1.3500467181476612,0.502845102439026
Grafjellsbrea,2093-06-01,-1.0072082146890051,-0.737200471307396,-0.6491234825108144
Grafjellsbrea,2093-07-01,-0.625569243960194,-0.20349701295873668,0.043525988331260236
Grafjellsbrea,2093-08-01,-0.537975259569485,-0.596508747107389,-0.21199908448123397
Grafjellsbrea,2093-09-01,-0.8002431961136415,-0.9466837898038922,-0.31750371267239813
Grafjellsbrea,2093-10-01,-0.7642581246649721,-0.7370386014244552,-0.817794349301276
Grafjellsbrea,2093-11-01,-0.9086987693089013,-0.9679635329716102,-1.0076309151270804
Grafjellsbrea,2093-12-01,-0.5000652480278833,0.1059467799382693,1.5290533172833058
Grafjellsbrea,2094-01-01,-2.1208859796272477,-1.1392285655131076,-0.6509790073566241
Grafjellsbrea,2094-02-01,-1.93918298723995,2.4977753467333943,-2.367856333901883
Grafjellsbrea,2094-03-01,0.020147223949272448,-0.20789274433422053,0.09198189749831868
Grafjellsbrea,2094-04-01,0.6993062017953476,-2.029235223493369,-0.5623702213919276
Grafjellsbrea,2094-05-01,-0.7200843350186187,-1.1857112652349828,-0.6276558758632812
Grafjellsbrea,2094-06-01,-0.27886785370468276,0.06688267705730426,-1.139701152439957
Grafjellsbrea,2094-07-01,-0.3104457667770312,-0.3336831771170992,-0.7122562642949797
Grafjellsbrea,2094-08-01,0.051176643658006817,-0.2855053577439579,-0.2415830014319841
Grafjellsbrea,2094-09-01,-0.08482436554581295,0.015693608194139785,-0.5640257970215534
Grafjellsbrea,2094-10-01,-0.1202029763324962,-0.6420749893698877,0.08883595446434674
Grafjellsbrea,2094-11-01,-0.7735892388383481,-1.574166517579898,0.6182814378881747
Grafjellsbrea,2094-12-01,-0.46912677663912095,-1.0209974939685598,-1.0257137291818825
Grafjellsbrea,2095-01-01,-1.9669150296523463,3.0226623642419423,-1.674868981335453
Grafjellsbrea,2095-02-01,-1.5964631221215348,-0.7258214048324684,0.1449454124783454
Grafjellsbrea,2095-03-01,-0.9547888802751364,-0.936361850228899,0.13587877384095057
Grafjellsbrea,2095-04-01,-0.21914377746178348,-0.9973761534055307,-0.3380705576813468
Grafjellsbrea,2095-05-01,-0.15735098609453183,-0.5578695364145387,-0.13975362061406807
Grafjellsbrea,2095-06-01,-0.40791214963282524,-0.4547928649773835,-0.5390772183492215
Grafjellsbrea,2095-07-01,0.17753912297434504,-0.199059358703107,-1.0841213770073361
Grafjellsbrea,2095-08-01,0.14718242080699756,-0.10272286203078583,0.14299043000238945
Grafjellsbrea,2095-09-01,-0.5071781344622107,-0.587427801548914,-0.6921101495434097
Grafjellsbrea,2095-10-01,-0.7045090386006875,-1.2315975454017798,-0.00928385888887484
Grafjellsbrea,2095-11-01,0.959415365739754,-1.7233067107144342,-0.15618174001170543
Grafjellsbrea,2095-12-01,-0.6924935963367763,0.27882015647744196,-0.6002085436997645
Grafjellsbrea,2096-01-01,-1.097616269457348,-0.8879464955115427,-1.189696427819808
Grafjellsbrea,2096-02-01,-2.767000989389828,-2.774202743817097,-0.9644940419786985
Grafjellsbrea,2096-03-01,-2.30687279313003,1.7035926168989466,-0.6274395713639501
Grafjellsbrea,2096-04-01,0.9550971202389812,0.7132184604679384,-1.7137998607864422
Grafjellsbrea,2096-05-01,-0.4164856820601113,-0.5679511281783589,-0.7737374495349826
Grafjellsbrea,2096-06-01,-0.7622775274577148,-0.5559434940912179,-0.9187174691782997
Grafjellsbrea,2096-07-01,-0.4014778236517483,-1.2313090766528407,-0.43254598697722213
Grafjellsbrea,2096-08-01,-0.7678344584907487,-0.43817708653937976,-0.780710684546415
Grafjellsbrea,2096-09-01,-0.027748388613066166,0.2025983804305748,-1.0281606464622108
Grafjellsbrea,2096-10-01,-0.25008991524334884,-0.9963572568926574,-1.834279977166564
Grafjellsbrea,2096-11-01,-1.2578189284640502,-0.2484890426523032,-2.348982999488094
Grafjellsbrea,2096-12-01,-2.0077432482678543,-2.4076214991138385,-2.546498510136401
Grafjellsbrea,2097-01-01,-0.18393680174437935,-0.08729372055938366,-2.826686917040074
Grafjellsbrea,2097-02-01,-0.9001861512927958,-1.9350798479524325,-2.1713422266613422
Grafjellsbrea,2097-03-01,1.202161137196279,-1.5064397428293386,-0.4201632142798457
Grafjellsbrea,2097-04-01,-1.1703974528773113,-2.4550958535282326,-0.5673787902044013
Grafjellsbrea,2097-05-01,-1.9443404025415412,0.3228937590758744,-0.6586674049248012
Grafjellsbrea,2097-06-01,-0.5269706768126681,-0.567026444996825,-0.6198190087732932
Grafjellsbrea,2097-07-01,-0.7270979072068195,-0.8577114630749382,-0.1538996153161078
Grafjellsbrea,2097-08-01,-0.9298518423419972,-1.0639923567251326,-0.6770866857516765
Grafjellsbrea,2097-09-01,-0.7420836707504241,-1.0081272754290709,-0.48185122084201176
Grafjellsbrea,2097-10-01,-2.2771366449720087,-0.4128550683992917,-0.10918563597768703
Grafjellsbrea,2097-11-01,0.19897266541590983,-0.8061378068682378,-2.1358953025419662
Grafjellsbrea,2097-12-01,0.0740317516510934,-1.388040696521405,-1.0369498971496551
Grafjellsbrea,2098-01-01,0.1858001295815647,-1.8449173040449836,-2.863562669344962
Grafjellsbrea,2098-02-01,0.2682343597710301,-1.1656487025554167,-1.9564638568795927
Grafjellsbrea,2098-03-01,1.5594051651560876,-3.0958902782655766,-1.457682218600948
Grafjellsbrea,2098-04-01,0.652026329534466,-0.15757484290771032,-0.9193463282936598
Grafjellsbrea,2098-05-01,-0.6054138202399922,-0.5268091789346064,-1.083095911182726
Grafjellsbrea,2098-06-01,0.0950285777472275,0.7183746404397721,-0.06593399625210884
Grafjellsbrea,2098-07-01,-0.6500132413408599,0.14770236326460448,-0.20122869156100168
Grafjellsbrea,2098-08-01,-0.44815173814516934,-1.1579848667231694,-0.48120925376706253
Grafjellsbrea,2098-09-01,-0.8955114020500909,-1.468453890625489,-1.1341837776761015
Grafjellsbrea,2098-10-01,-0.5987844135335677,0.04283652890956757,-1.0883791152841
Grafjellsbrea,2098-11-01,2.843591906658535,0.4863817182089258,-0.9786432309074709
Grafjellsbrea,2098-12-01,-0.01890615899945199,0.7166761403006525,-0.6077664482263169
Grafjellsbrea,2099-01-01,-2.8657446972470613,0.873243756550469,-1.2220807731000825
Grafjellsbrea,2099-02-01,-0.06464693633335157,-2.098551929797849,-1.6416091783976559
Grafjellsbrea,2099-03-01,-0.4238564053492378,-0.7122498758312744,-1.6159408699929696
Grafjellsbrea,2099-04-01,0.47852855287061685,-0.8406421804247878,-0.27742646140216604
Grafjellsbrea,2099-05-01,-0.0796109618505574,-1.45784051481899,-0.8528971895786467
Grafjellsbrea,2099-06-01,-0.14460975687843905,-1.2983698481470454,-0.7206508882043025
Grafjellsbrea,2099-07-01,-0.6408229813968734,-0.3826194265962028,-0.937926351530232
Grafjellsbrea,2099-08-01,-0.1387668036195964,0.08353244426571405,0.259306350910031
Grafjellsbrea,2099-09-01,-1.3002173742179055,-1.2464764907485428,-0.014508888623905758
Grafjellsbrea,2099-10-01,-0.7231317038542701,-1.258636837821369,-0.8660323918741589
Grafjellsbrea,2099-11-01,-1.8872057184129132,0.2286051350482173,0.9724715063315742
Grafjellsbrea,2099-12-01,-2.5205518743560185,-1.5413632844094627,-0.7593651684480163
Grafjellsbrea,2100-01-01,-0.22389265308858067,1.744899721399909,0.9028435101374431
Grafjellsbrea,2100-02-01,-1.5780436648485148,0.28324253722074477,-0.015099639091235332
Grafjellsbrea,2100-03-01,-0.9068598216507696,-0.39967768242543394,-1.5911150688042601
Grafjellsbrea,2100-04-01,-0.3711117515677451,-0.5635905664062415,-0.6335159617556921
Grafjellsbrea,2100-05-01,-0.1884096514824104,-0.4941210550888198,-0.6558806074317037
Grafjellsbrea,2100-06-01,-0.022674301648137458,-0.6062160825367933,-0.49287980343299354
Grafjellsbrea,2100-07-01,-0.6420731321789406,-0.8746500831493811,-0.17085086983112685
Grafjellsbrea,2100-08-01,-1.0341066727348711,-1.0699842815497433,0.2592314452556251
Grafjellsbrea,2100-09-01,-0.5709213293576577,-0.2552279201650547,-0.2642383815001802
Grafjellsbrea,2100-10-01,-1.9789165443004875,-1.125111875169573,-0.4792007107651998
Grafjellsbrea,2100-11-01,0.7237557889459248,-0.8946747861827715,-2.4496707733201313
Grafjellsbrea,2100-12-01,1.9180508830885223,-1.6057694392444544,-2.286010606750318
Grasubreen,2015-01-01,-0.45483261173810624,-0.4429655376835968,-0.46582133016175226
Grasubreen,2015-02-01,-0.28373209006732036,-0.34730582071705934,-0.41757239142885033
Grasubreen,2015-03-01,-0.3603704342634908,-0.34481795333028104,-0.3530778480469304
Grasubreen,2015-04-01,-0.406365560979161,-0.39584557897173117,-0.31322258546655934
Grasubreen,2015-05-01,-0.36893762755680726,-0.3824479291681418,-0.3737227063780546
Grasubreen,2015-06-01,-0.3795955948269621,-0.34953087819203477,-0.36595976030924887
Grasubreen,2015-07-01,-0.3789104392136002,-0.37401398112527257,-0.38591393104233157
Grasubreen,2015-08-01,-0.35290266254129005,-0.4145673502053464,-0.35656312184991146
Grasubreen,2015-09-01,-0.3264348348650631,-0.36151809910475946,-0.35184809369966086
Grasubreen,2015-10-01,-0.2844637621725267,-0.3656034605355958,-0.3043321281294222
Grasubreen,2015-11-01,-0.4036418311237718,-0.40461573838091064,-0.3363499226783273
Grasubreen,2015-12-01,-0.3862869606327913,-0.378611912012486,-0.3867179989268421
Grasubreen,2016-01-01,-0.2878139220014427,-0.45105636969526874,-0.41560797182961956
Grasubreen,2016-02-01,-0.2446544841331377,-0.37266673577516535,-0.41179404630386013
Grasubreen,2016-03-01,-0.352082153522889,-0.37581637417996133,-0.3516278925193508
Grasubreen,2016-04-01,-0.39482531048848024,-0.42374459350324756,-0.4023104574833192
Grasubreen,2016-05-01,-0.3230952586494538,-0.40005391701853066,-0.3670872772623415
Grasubreen,2016-06-01,-0.3549137088242887,-0.39182725822124315,-0.39569392602707826
Grasubreen,2016-07-01,-0.3773643364260278,-0.39430359463512293,-0.41039637516540056
Grasubreen,2016-08-01,-0.3364393121318783,-0.40173793237082706,-0.39086823898318457
Grasubreen,2016-09-01,-0.3727853200976821,-0.36809665043258954,-0.375363737716869
Grasubreen,2016-10-01,-0.40142272020036057,-0.3628433720558175,-0.36308055704652337
Grasubreen,2016-11-01,-0.45821530119462955,-0.3978088919491663,-0.34736340437564855
Grasubreen,2016-12-01,-0.35161133838934117,-0.2905689021799698,-0.36133091597115047
Grasubreen,2017-01-01,-0.4012992569449303,-0.2552298357340911,-0.31533761655176207
Grasubreen,2017-02-01,-0.46877872775220103,-0.2986380604597669,-0.35060793829014086
Grasubreen,2017-03-01,-0.3470022211980852,-0.2911450666580741,-0.3849832968386697
Grasubreen,2017-04-01,-0.335948965509222,-0.3883555137506804,-0.39783826273465045
Grasubreen,2017-05-01,-0.38024835100249027,-0.37042090101824693,-0.3971389594454382
Grasubreen,2017-06-01,-0.36601382322502324,-0.40700953889977237,-0.3559414277667777
Grasubreen,2017-07-01,-0.35184159803615894,-0.3827478459177252,-0.38715368700728475
Grasubreen,2017-08-01,-0.38828732651852516,-0.37221999595921024,-0.406653498697954
Grasubreen,2017-09-01,-0.364615195295286,-0.3764353597989256,-0.38235194314842497
Grasubreen,2017-10-01,-0.414904318541834,-0.2989371728407576,-0.3784994214896929
Grasubreen,2017-11-01,-0.28971092437859375,-0.35807521639528533,-0.330894669204004
Grasubreen,2017-12-01,-0.3967697649744468,-0.3237350604966594,-0.3951900795888719
Grasubreen,2018-01-01,-0.33032376204411473,-0.4025823432705671,-0.3080312294373918
Grasubreen,2018-02-01,-0.477785426567201,-0.3715847958308401,-0.34642866103477155
Grasubreen,2018-03-01,-0.4033833840610895,-0.37683167710420684,-0.34578089761587605
Grasubreen,2018-04-01,-0.3525531331330827,-0.29958669433443413,-0.36820062100840417
Grasubreen,2018-05-01,-0.3611859169062603,-0.367191863121984,-0.4067682626958024
Grasubreen,2018-06-01,-0.41510696640775935,-0.3517556940847904,-0.3870503162938119
Grasubreen,2018-07-01,-0.38644537594615147,-0.36576263999144354,-0.36338306110077645
Grasubreen,2018-08-01,-0.36047478896492424,-0.3754510314391726,-0.3386506377826917
Grasubreen,2018-09-01,-0.3353578584657666,-0.3476232305503675,-0.3239888609032942
Grasubreen,2018-10-01,-0.31379831699948585,-0.3639784820494998,-0.38351261101436823
Grasubreen,2018-11-01,-0.366622395545887,-0.3751926597406869,-0.46564421460454786
Grasubreen,2018-12-01,-0.37527328524740877,-0.4136603265656487,-0.44047054986461326
Grasubreen,2019-01-01,-0.3991039079266668,-0.35177008559261697,-0.3395265128524545
Grasubreen,2019-02-01,-0.421511202865831,-0.3203629058526577,-0.2677955273996104
Grasubreen,2019-03-01,-0.3216783515534175,-0.3950092946155024,-0.30531438794121674
Grasubreen,2019-04-01,-0.289699070099304,-0.3374823234296837,-0.38642057085917436
Grasubreen,2019-05-01,-0.36642041768614503,-0.3317898196138795,-0.4030127441240161
Grasubreen,2019-06-01,-0.36076072737338744,-0.3790893197696404,-0.35826254042330313
Grasubreen,2019-07-01,-0.34609751680302975,-0.35497712585138524,-0.36640211998506755
Grasubreen,2019-08-01,-0.3795138291366031,-0.3607248495190221,-0.35339356500359925
Grasubreen,2019-09-01,-0.39122267399717287,-0.3298926597656337,-0.31802363003767264
Grasubreen,2019-10-01,-0.3298006091294695,-0.40276853930858403,-0.3716608501013146
Grasubreen,2019-11-01,-0.4166077611293108,-0.3595947216500643,-0.3536725895134499
Grasubreen,2019-12-01,-0.42184998252672196,-0.3564511130844426,-0.3286028713596964
Grasubreen,2020-01-01,-0.4395051132227776,-0.3034276645003499,-0.3519790055725354
Grasubreen,2020-02-01,-0.40196560092420136,-0.27611909599732715,-0.36285532933177517
Grasubreen,2020-03-01,-0.356706224080169,-0.3022149631032032,-0.41456263942894095
Grasubreen,2020-04-01,-0.3504174105171633,-0.4206478961048689,-0.3427982173615199
Grasubreen,2020-05-01,-0.33853998953269554,-0.3412382002240973,-0.3316888235224789
Grasubreen,2020-06-01,-0.3148561444410502,-0.41323811671672606,-0.36068678908854707
Grasubreen,2020-07-01,-0.38900248978700597,-0.38802892006428036,-0.3359519261233465
Grasubreen,2020-08-01,-0.345552236770742,-0.38306893131942127,-0.34110474804483043
Grasubreen,2020-09-01,-0.33376108152949,-0.3670366304374127,-0.4127539091109664
Grasubreen,2020-10-01,-0.3287086123364012,-0.3635542024122471,-0.3457841914012318
Grasubreen,2020-11-01,-0.3346318148401917,-0.3583401595937927,-0.29265034736094253
Grasubreen,2020-12-01,-0.37125234044197164,-0.3119812411837676,-0.35147248155024086
Grasubreen,2021-01-01,-0.33483721168685027,-0.3215265596532682,-0.429316633911609
Grasubreen,2021-02-01,-0.29699705324629994,-0.3120266447409886,-0.3745999882940582
Grasubreen,2021-03-01,-0.3670060439440053,-0.3172224884216007,-0.38075371036955175
Grasubreen,2021-04-01,-0.3725301870100887,-0.34696463115960485,-0.4506505606928717
Grasubreen,2021-05-01,-0.3727941464346077,-0.3877316721939927,-0.3190567765996004
Grasubreen,2021-06-01,-0.3819604093977736,-0.384183828718945,-0.33193070441236716
Grasubreen,2021-07-01,-0.36216401859497105,-0.3923034716049812,-0.36698755394434895
Grasubreen,2021-08-01,-0.3938094349943,-0.3555780629136364,-0.3799144275779131
Grasubreen,2021-09-01,-0.37524110620852597,-0.33777943615572825,-0.36226124918493635
Grasubreen,2021-10-01,-0.37145814108885866,-0.3703767804362917,-0.28871186130710647
Grasubreen,2021-11-01,-0.3416400946027626,-0.3630251161942006,-0.38252560968403465
Grasubreen,2021-12-01,-0.3730570081832622,-0.3126257527873218,-0.4122818432442725
Grasubreen,2022-01-01,-0.37667740742575345,-0.3954901526107415,-0.3976792399647577
Grasubreen,2022-02-01,-0.32450417971831236,-0.47684508363471484,-0.40961999369899876
Grasubreen,2022-03-01,-0.25214490952861246,-0.3479409905076431,-0.388747369121846
Grasubreen,2022-04-01,-0.32220234104779766,-0.3395070956230694,-0.3677273516769945
Grasubreen,2022-05-01,-0.3627830969406651,-0.31226337022905426,-0.34768507456145165
Grasubreen,2022-06-01,-0.3557228589663608,-0.3620930857382878,-0.3502796100555996
Grasubreen,2022-07-01,-0.37184622613479124,-0.3676973994535664,-0.3822733445282356
Grasubreen,2022-08-01,-0.36836144933822995,-0.347871532939581,-0.3832816751260206
Grasubreen,2022-09-01,-0.3739970801567623,-0.35600149239753137,-0.3880932757087447
Grasubreen,2022-10-01,-0.38608468675341073,-0.3767765134345746,-0.387945345641995
Grasubreen,2022-11-01,-0.362066195251801,-0.30919698231504056,-0.3702474393101847
Grasubreen,2022-12-01,-0.30842218596259935,-0.3583802969453303,-0.3889992810286557
Grasubreen,2023-01-01,-0.4649751397594441,-0.33755956529064873,-0.32816642327749007
Grasubreen,2023-02-01,-0.4248982428139742,-0.4083147015572235,-0.23256034296534223
Grasubreen,2023-03-01,-0.3190000745167386,-0.3179691932393515,-0.3939991739263524
Grasubreen,2023-04-01,-0.34525107609078187,-0.35700771013639,-0.37386411397760716
Grasubreen,2023-05-01,-0.3167893443731614,-0.3371346748677042,-0.37727074599792054
Grasubreen,2023-06-01,-0.34200942922618155,-0.3746979508952755,-0.34737009397068147
Grasubreen,2023-07-01,-0.33781052771951264,-0.3823966526054999,-0.3929947666654596
Grasubreen,2023-08-01,-0.3678156406140894,-0.37473107906732367,-0.3732237788931963
Grasubreen,2023-09-01,-0.4093791391846504,-0.34773667826961335,-0.3870750155079989
Grasubreen,2023-10-01,-0.3772137385059924,-0.42888983802038955,-0.3558453765468268
Grasubreen,2023-11-01,-0.3228377697447923,-0.34399739458267603,-0.3613911242851895
Grasubreen,2023-12-01,-0.3833408405312923,-0.3424093091144728,-0.3204900795082752
Grasubreen,2024-01-01,-0.39843791815566704,-0.2784304112892311,-0.3451533229031558
Grasubreen,2024-02-01,-0.5020719725928618,-0.36579288607737853,-0.40967381983655554
Grasubreen,2024-03-01,-0.4111916221100773,-0.35474437512797524,-0.3706106258521986
Grasubreen,2024-04-01,-0.2969790653947321,-0.3260762447911582,-0.3432134344138622
Grasubreen,2024-05-01,-0.43751012079619933,-0.32534486915626504,-0.3267828921063053
Grasubreen,2024-06-01,-0.34995424169674205,-0.36086934466322457,-0.33902928551573325
Grasubreen,2024-07-01,-0.331182386950607,-0.35734677324521086,-0.3912470673628077
Grasubreen,2024-08-01,-0.38000808619608845,-0.35987753094547786,-0.3494835609163542
Grasubreen,2024-09-01,-0.39970413051778625,-0.3575546461731096,-0.37883676797536237
Grasubreen,2024-10-01,-0.35322753419305636,-0.3379787414565108,-0.3667690981534321
Grasubreen,2024-11-01,-0.32755269989090857,-0.38049587399196244,-0.28797256274949884
Grasubreen,2024-12-01,-0.33784910797282897,-0.32217952926153665,-0.30725932172104836
Grasubreen,2025-01-01,-0.3150464453249892,-0.3420713430047326,-0.355577975738002
Grasubreen,2025-02-01,-0.36916981354409906,-0.32927114820767317,-0.30532785703461607
Grasubreen,2025-03-01,-0.34116629318376485,-0.36415611904181283,-0.4070841947685964
Grasubreen,2025-04-01,-0.3683051966553772,-0.37314326259112623,-0.45031082733804345
Grasubreen,2025-05-01,-0.4127881742018061,-0.37788434042573854,-0.32847369823243444
Grasubreen,2025-06-01,-0.36429172618124195,-0.3718845232838855,-0.3625399663513174
Grasubreen,2025-07-01,-0.31522222099110936,-0.377610271229913,-0.35472305895240747
Grasubreen,2025-08-01,-0.3698365036558459,-0.33557326689070094,-0.3649332145633249
Grasubreen,2025-09-01,-0.3643469214369559,-0.3246282800882867,-0.3340887270852821
Grasubreen,2025-10-01,-0.38873470451201203,-0.3916906373283862,-0.3919310579639282
Grasubreen,2025-11-01,-0.3423480508585011,-0.3161860005052608,-0.36459725987323294
Grasubreen,2025-12-01,-0.3390229133064604,-0.3420531329759005,-0.3349942201504987
Grasubreen,2026-01-01,-0.3554414360432672,-0.3275053293097135,-0.23742666836748447
Grasubreen,2026-02-01,-0.31355372421905364,-0.40495302324200066,-0.28019374419836246
Grasubreen,2026-03-01,-0.3900437651406888,-0.3874708568248799,-0.34380919353114403
Grasubreen,2026-04-01,-0.34209907023557534,-0.37491986849404796,-0.3857564577335045
Grasubreen,2026-05-01,-0.353536101178024,-0.3712740499896738,-0.34896871085650405
Grasubreen,2026-06-01,-0.3771757198704096,-0.34234115447023733,-0.3607495821954491
Grasubreen,2026-07-01,-0.37916091854016737,-0.34335379986763187,-0.3887983069707048
Grasubreen,2026-08-01,-0.3252387941921588,-0.3782297809245465,-0.3688102934005046
Grasubreen,2026-09-01,-0.38303238787783417,-0.33592077746713217,-0.3647427742895057
Grasubreen,2026-10-01,-0.3365346447784226,-0.3584183900508273,-0.3802002982615063
Grasubreen,2026-11-01,-0.40697618795202506,-0.33651311372854104,-0.34327901781913744
Grasubreen,2026-12-01,-0.4563765797827026,-0.34050288673114565,-0.32412490361102386
Grasubreen,2027-01-01,-0.4778233321535943,-0.3508585937272431,-0.3066785526048109
Grasubreen,2027-02-01,-0.33824677701234124,-0.3606267524524645,-0.3462512360042882
Grasubreen,2027-03-01,-0.47990531218523463,-0.2552591880189721,-0.3283205796718532
Grasubreen,2027-04-01,-0.42299121576191917,-0.39747174754341846,-0.3589749547733601
Grasubreen,2027-05-01,-0.37560725785290267,-0.36847379823082554,-0.357993840815016
Grasubreen,2027-06-01,-0.38073260183906826,-0.3465182540135682,-0.34223494758668105
Grasubreen,2027-07-01,-0.35111309178679456,-0.3597494056681277,-0.3718619533190412
Grasubreen,2027-08-01,-0.3370008724812244,-0.38502775998165656,-0.3630160591144058
Grasubreen,2027-09-01,-0.35494174699390757,-0.3853557469749353,-0.38319232306979684
Grasubreen,2027-10-01,-0.3065869410542577,-0.31236283329705256,-0.31827104617462004
Grasubreen,2027-11-01,-0.39405959655600187,-0.32995226570762165,-0.30198329259275086
Grasubreen,2027-12-01,-0.31425194109682164,-0.27963303128394906,-0.28322825916050615
Grasubreen,2028-01-01,-0.46096741337524555,-0.25499610238161474,-0.31695591396294165
Grasubreen,2028-02-01,-0.3953745462218654,-0.39715756360205257,-0.2990259283395402
Grasubreen,2028-03-01,-0.42639558314517173,-0.3814602974490258,-0.28456902464064315
Grasubreen,2028-04-01,-0.3960560741708934,-0.4344503511435105,-0.2899441390914009
Grasubreen,2028-05-01,-0.34539663885939276,-0.33462747724440184,-0.3818274672147481
Grasubreen,2028-06-01,-0.3816767031870311,-0.36944581409536825,-0.387091089574051
Grasubreen,2028-07-01,-0.3591508444706463,-0.38289249555068317,-0.3550922659187086
Grasubreen,2028-08-01,-0.35730116839849035,-0.36332590316979846,-0.3902873962452266
Grasubreen,2028-09-01,-0.3633908418478103,-0.3816511350166756,-0.3641778006911052
Grasubreen,2028-10-01,-0.32637076905634305,-0.36432749166243455,-0.41559311182889513
Grasubreen,2028-11-01,-0.3484062882359195,-0.38430503323402393,-0.46313033563243916
Grasubreen,2028-12-01,-0.3681328938926931,-0.4583098687142228,-0.4006633618258097
Grasubreen,2029-01-01,-0.32635785994020433,-0.3650461824325752,-0.3403978582227501
Grasubreen,2029-02-01,-0.3431746120935939,-0.347804455881189,-0.499455954237572
Grasubreen,2029-03-01,-0.4496440411781179,-0.3546171375913885,-0.2669819229973484
Grasubreen,2029-04-01,-0.4332729335761705,-0.3126235668029005,-0.3402350213415348
Grasubreen,2029-05-01,-0.39223606720415266,-0.3563947000715631,-0.37768317665347123
Grasubreen,2029-06-01,-0.3582195420636521,-0.3449364607291378,-0.3577930676546317
Grasubreen,2029-07-01,-0.34532045998655664,-0.384968148421202,-0.3350129064604082
Grasubreen,2029-08-01,-0.3469344245053609,-0.3838362263134088,-0.3298657900697927
Grasubreen,2029-09-01,-0.40845010865432313,-0.3720079097884576,-0.4131701593428343
Grasubreen,2029-10-01,-0.3599701935710962,-0.33827293584080503,-0.36207004173030444
Grasubreen,2029-11-01,-0.29863271452655954,-0.38468193085455354,-0.34259737728617307
Grasubreen,2029-12-01,-0.40332302204005394,-0.36735284737787605,-0.2855965949437051
Grasubreen,2030-01-01,-0.3641921113082435,-0.379498979012111,-0.330597931137571
Grasubreen,2030-02-01,-0.3698947784657843,-0.3017808591807634,-0.36687995071522606
Grasubreen,2030-03-01,-0.42590315068392703,-0.3887943220138876,-0.26886215828521803
Grasubreen,2030-04-01,-0.37416741439167867,-0.37909583080742354,-0.33344721133663174
Grasubreen,2030-05-01,-0.32570172177996687,-0.4377613169883799,-0.3737313053425429
Grasubreen,2030-06-01,-0.3998445199838736,-0.3278925479474553,-0.332542025906557
Grasubreen,2030-07-01,-0.31843768652463034,-0.36333197813084045,-0.3367015618881511
Grasubreen,2030-08-01,-0.364655321575955,-0.38252588027663564,-0.33892727128539124
Grasubreen,2030-09-01,-0.387005650396657,-0.3752651934452487,-0.3448584539662183
Grasubreen,2030-10-01,-0.3549897940203494,-0.3469984750894068,-0.3657464839666566
Grasubreen,2030-11-01,-0.398309423940232,-0.32805181616917695,-0.3313579808828046
Grasubreen,2030-12-01,-0.39862939990263646,-0.40016948794876656,-0.31029331474071503
Grasubreen,2031-01-01,-0.32151280350913236,-0.36856311166808003,-0.39923822994205604
Grasubreen,2031-02-01,-0.31396208757207483,-0.37344189174849324,-0.3119858109210454
Grasubreen,2031-03-01,-0.35005242242863965,-0.3954168943670846,-0.25794210855975935
Grasubreen,2031-04-01,-0.3599459038397741,-0.373016245881685,-0.3627189990194855
Grasubreen,2031-05-01,-0.3688708628373347,-0.3751279023258774,-0.3624195879068865
Grasubreen,2031-06-01,-0.410657439838968,-0.3285208992745234,-0.3372849503795953
Grasubreen,2031-07-01,-0.4146822287955098,-0.37952220505590223,-0.3570907654479936
Grasubreen,2031-08-01,-0.37956677029188585,-0.3426534974120126,-0.3495880729277346
Grasubreen,2031-09-01,-0.36304218546607386,-0.3579349178012105,-0.3300354799850361
Grasubreen,2031-10-01,-0.3721168547396217,-0.33674816439345695,-0.37852544562529106
Grasubreen,2031-11-01,-0.3398540117375935,-0.3445701850105947,-0.31859854961656153
Grasubreen,2031-12-01,-0.28782600606639125,-0.3058681234599131,-0.3755623509926407
Grasubreen,2032-01-01,-0.30653221549863224,-0.31032515328192534,-0.36124490032575446
Grasubreen,2032-02-01,-0.2456674233303245,-0.3497106379541213,-0.3887151829884954
Grasubreen,2032-03-01,-0.25638571792558557,-0.340888256888467,-0.37578250428524834
Grasubreen,2032-04-01,-0.36695345952269154,-0.37876779507740826,-0.3536559043432332
Grasubreen,2032-05-01,-0.36653552943685996,-0.3950512357246878,-0.3857795181357022
Grasubreen,2032-06-01,-0.4119726462771524,-0.3266597053655175,-0.3345102065002193
Grasubreen,2032-07-01,-0.3811334234472988,-0.3581464270401866,-0.3514499917778228
Grasubreen,2032-08-01,-0.36580878067002826,-0.3522898177401042,-0.36033455570413847
Grasubreen,2032-09-01,-0.3629606437268087,-0.31635477812247303,-0.3732795461526402
Grasubreen,2032-10-01,-0.31192073633875483,-0.36407907842052406,-0.362605314928594
Grasubreen,2032-11-01,-0.31548144320903865,-0.32823157302320916,-0.33885115527593146
Grasubreen,2032-12-01,-0.41653416284080175,-0.33473662111135655,-0.4047674956526355
Grasubreen,2033-01-01,-0.39967180901632227,-0.40967549891356203,-0.4133138917207677
Grasubreen,2033-02-01,-0.3959004936495037,-0.3312839227190565,-0.34054242788875105
Grasubreen,2033-03-01,-0.291672403567915,-0.3491069656926704,-0.36296370528754723
Grasubreen,2033-04-01,-0.33008649642530813,-0.3440882715225839,-0.38690424506594434
Grasubreen,2033-05-01,-0.31010970139098565,-0.37756515632770477,-0.3610715043966562
Grasubreen,2033-06-01,-0.38681488389399094,-0.33961931786389843,-0.3576902339247634
Grasubreen,2033-07-01,-0.35861638138863117,-0.37046829066077636,-0.3640293065357489
Grasubreen,2033-08-01,-0.33144850701863887,-0.3903964766766741,-0.3254898803178707
Grasubreen,2033-09-01,-0.3609227467591268,-0.33278160428689246,-0.3322251006301075
Grasubreen,2033-10-01,-0.41422674961106964,-0.35864947730224833,-0.3009497228215311
Grasubreen,2033-11-01,-0.3289607550234458,-0.3689015375694687,-0.28774311461805285
Grasubreen,2033-12-01,-0.32447667074107095,-0.4190259436142762,-0.32253810263523497
Grasubreen,2034-01-01,-0.30310322550844776,-0.3554467887551249,-0.32593701471453906
Grasubreen,2034-02-01,-0.2969649074358858,-0.36060814121581236,-0.3643540900968086
Grasubreen,2034-03-01,-0.3784899970142961,-0.41087894666152486,-0.3741839978565729
Grasubreen,2034-04-01,-0.349662098899613,-0.3382024252284277,-0.3903214877154845
Grasubreen,2034-05-01,-0.35502073449178345,-0.3709267795982656,-0.3598305799440646
Grasubreen,2034-06-01,-0.36426333964560476,-0.36427036102725857,-0.36605381394949105
Grasubreen,2034-07-01,-0.3334882709262937,-0.3591260729678057,-0.3805356712497858
Grasubreen,2034-08-01,-0.3719931327029881,-0.3206718857691983,-0.34484026495202097
Grasubreen,2034-09-01,-0.35562121049908085,-0.3404142447116492,-0.3349755555640865
Grasubreen,2034-10-01,-0.3630467814123868,-0.37170906378386154,-0.4038174114829037
Grasubreen,2034-11-01,-0.3755504539702368,-0.399542841733804,-0.35074093777258125
Grasubreen,2034-12-01,-0.3650958820278232,-0.36546583719852016,-0.32865923156856724
Grasubreen,2035-01-01,-0.41710536463238485,-0.3796489610746749,-0.4366554373118179
Grasubreen,2035-02-01,-0.3494387996637522,-0.3708584015255663,-0.3327416988922298
Grasubreen,2035-03-01,-0.32106222156745784,-0.3957420251278043,-0.36702907762113784
Grasubreen,2035-04-01,-0.32937111159808147,-0.3366179983789958,-0.32306294009890796
Grasubreen,2035-05-01,-0.3084792265448636,-0.33443583651397774,-0.35732687349995174
Grasubreen,2035-06-01,-0.3565625613457606,-0.40721146347053594,-0.36264356132670567
Grasubreen,2035-07-01,-0.3830137988801465,-0.3907054285392389,-0.3489832644898798
Grasubreen,2035-08-01,-0.40184164604851574,-0.37580183093630665,-0.3365997296638204
Grasubreen,2035-09-01,-0.35312452553889256,-0.349337080493379,-0.3755331340018386
Grasubreen,2035-10-01,-0.35963260281403,-0.3702193283052795,-0.3735119654711752
Grasubreen,2035-11-01,-0.3124899618047957,-0.35498098312060633,-0.3538839172250225
Grasubreen,2035-12-01,-0.417201478098097,-0.39235688996593604,-0.35413368755054436
Grasubreen,2036-01-01,-0.3753282928790846,-0.43610917581108916,-0.3703655200128702
Grasubreen,2036-02-01,-0.3881757942832574,-0.3993505353673461,-0.372150245594167
Grasubreen,2036-03-01,-0.4161903049549405,-0.4291345064737427,-0.4260823730695524
Grasubreen,2036-04-01,-0.35622574986532385,-0.4086094625200192,-0.31515608404833356
Grasubreen,2036-05-01,-0.3826082576027851,-0.3569868614549819,-0.36151354286598975
Grasubreen,2036-06-01,-0.36831218012831,-0.36890209825262277,-0.30266274162440665
Grasubreen,2036-07-01,-0.3688770587181962,-0.33811587303462676,-0.3464486769511319
Grasubreen,2036-08-01,-0.38271651418648034,-0.3259071060373983,-0.35418653463719846
Grasubreen,2036-09-01,-0.3676430171029563,-0.3453025781078963,-0.3620518027792818
Grasubreen,2036-10-01,-0.40222430185338537,-0.3790694009533961,-0.34401318629830335
Grasubreen,2036-11-01,-0.35162471391596894,-0.33436187007573964,-0.2953350695680512
Grasubreen,2036-12-01,-0.26064782950501636,-0.3462133084802961,-0.37706248747678806
Grasubreen,2037-01-01,-0.31034963739543825,-0.3267982820077929,-0.35940217774108124
Grasubreen,2037-02-01,-0.49488587356768776,-0.397597322402061,-0.3709184779655999
Grasubreen,2037-03-01,-0.4142088316242063,-0.27912854501450723,-0.3540850672804696
Grasubreen,2037-04-01,-0.31384951453885007,-0.33927956235305007,-0.2910837003825459
Grasubreen,2037-05-01,-0.35413630034701155,-0.36108071925782975,-0.3588029767503176
Grasubreen,2037-06-01,-0.3850376898678542,-0.38711883490065785,-0.3382022055282065
Grasubreen,2037-07-01,-0.4021353646172557,-0.37758828260700267,-0.3568621838583353
Grasubreen,2037-08-01,-0.31908477958423864,-0.3586848749578286,-0.3663305323372013
Grasubreen,2037-09-01,-0.3683932045233063,-0.3786234136467183,-0.34788097837284054
Grasubreen,2037-10-01,-0.4357268314800615,-0.4206707340444873,-0.3291946422371485
Grasubreen,2037-11-01,-0.3430090345569841,-0.3590021072270952,-0.3071814969782614
Grasubreen,2037-12-01,-0.3126374375819127,-0.4056844648597908,-0.37304065751011245
Grasubreen,2038-01-01,-0.3542424293057554,-0.35333178772138507,-0.34086515417443036
Grasubreen,2038-02-01,-0.4571366977505969,-0.33311371209719054,-0.42306931499739425
Grasubreen,2038-03-01,-0.3762458565467288,-0.35077240413250493,-0.40138674221948306
Grasubreen,2038-04-01,-0.3567212673412666,-0.33698846480568956,-0.2777408858002298
Grasubreen,2038-05-01,-0.3317590385622233,-0.3372176612343414,-0.31331250631547103
Grasubreen,2038-06-01,-0.38315226119633694,-0.354203389903798,-0.34771660450923275
Grasubreen,2038-07-01,-0.3882845410202898,-0.3336440340278623,-0.3613726371212414
Grasubreen,2038-08-01,-0.3816860457354531,-0.31859899624712007,-0.34094135634317135
Grasubreen,2038-09-01,-0.38084426591244314,-0.3561026253528454,-0.3413207588645759
Grasubreen,2038-10-01,-0.3811749711499506,-0.3473714554703995,-0.3658213623533573
Grasubreen,2038-11-01,-0.4618029719075675,-0.33644892037268864,-0.33486364977932714
Grasubreen,2038-12-01,-0.3466514703889607,-0.39268139738105806,-0.4567442745562705
Grasubreen,2039-01-01,-0.3872840779803181,-0.36129011424349966,-0.47672485954849403
Grasubreen,2039-02-01,-0.40379123954809354,-0.36989291034936694,-0.32011933007950677
Grasubreen,2039-03-01,-0.3243733730097122,-0.394364986830324,-0.31774100348592754
Grasubreen,2039-04-01,-0.3563123766613685,-0.38561313186766544,-0.37298860928901306
Grasubreen,2039-05-01,-0.340304785150398,-0.3827838453710794,-0.3799465903286445
Grasubreen,2039-06-01,-0.37276023329349645,-0.3358724081711173,-0.38428002025010155
Grasubreen,2039-07-01,-0.38240215653821225,-0.3589255834809988,-0.383663540337196
Grasubreen,2039-08-01,-0.3624710440219796,-0.37509298852281203,-0.34043549604038265
Grasubreen,2039-09-01,-0.376306778014922,-0.3699955829307841,-0.3460500968575126
Grasubreen,2039-10-01,-0.3670552498849327,-0.3965667417281404,-0.372477865445616
Grasubreen,2039-11-01,-0.4352829990995278,-0.37483184474722453,-0.3059307371575508
Grasubreen,2039-12-01,-0.4007143994996902,-0.3551710181672629,-0.32314775594717
Grasubreen,2040-01-01,-0.3517624176639345,-0.3968120207378812,-0.38863642328743503
Grasubreen,2040-02-01,-0.3774577685414158,-0.35436466960436763,-0.34563120097145594
Grasubreen,2040-03-01,-0.4367985775561805,-0.36335721391591774,-0.3681897753496854
Grasubreen,2040-04-01,-0.3817124156932277,-0.37453912769513736,-0.34623797529377914
Grasubreen,2040-05-01,-0.39798916268698464,-0.34834725424573393,-0.3542538272522168
Grasubreen,2040-06-01,-0.3737677755519022,-0.3684885501454726,-0.3278251170978126
Grasubreen,2040-07-01,-0.3709938068539425,-0.35358539784414117,-0.37399416782097994
Grasubreen,2040-08-01,-0.3551073067532289,-0.37914833531357384,-0.4048523626837919
Grasubreen,2040-09-01,-0.38445201113775046,-0.38731397271073886,-0.38156782796098226
Grasubreen,2040-10-01,-0.3704793534900362,-0.38534263401013097,-0.35017171801912966
Grasubreen,2040-11-01,-0.4235141574747736,-0.3916329254604942,-0.3214857145724051
Grasubreen,2040-12-01,-0.49275470517530845,-0.3690509049915638,-0.37740845680583296
Grasubreen,2041-01-01,-0.3563901144445514,-0.429869537756068,-0.36589947392348215
Grasubreen,2041-02-01,-0.38757777508148133,-0.3859099415966254,-0.3772792622064111
Grasubreen,2041-03-01,-0.3702725999112924,-0.38434751237075826,-0.31234719014733586
Grasubreen,2041-04-01,-0.39088994145183037,-0.4443712922477255,-0.3156362987626304
Grasubreen,2041-05-01,-0.34117186458426446,-0.3031261307954905,-0.3375243654034679
Grasubreen,2041-06-01,-0.3669059719191217,-0.3124465704467183,-0.3770481830237131
Grasubreen,2041-07-01,-0.37101780517360994,-0.3583363301915834,-0.3570653864950993
Grasubreen,2041-08-01,-0.3341446294799411,-0.3528993310239785,-0.36005968399973626
Grasubreen,2041-09-01,-0.2938557924249758,-0.34737077365266583,-0.3684058745478802
Grasubreen,2041-10-01,-0.36793319084705534,-0.3896084081223063,-0.34935599814323376
Grasubreen,2041-11-01,-0.37860117250750963,-0.41101208031761444,-0.2957994631639407
Grasubreen,2041-12-01,-0.3954978064443739,-0.3345012777492326,-0.3526882217756366
Grasubreen,2042-01-01,-0.3452041738297242,-0.3368638178179724,-0.361818480018349
Grasubreen,2042-02-01,-0.3458944982546978,-0.2595246913042179,-0.3180150490132598
Grasubreen,2042-03-01,-0.43774128891833114,-0.32773953088281876,-0.37178295487988317
Grasubreen,2042-04-01,-0.40554655407658663,-0.33424276861110175,-0.3587035136003979
Grasubreen,2042-05-01,-0.371248886903267,-0.37368764457658327,-0.3500432093866224
Grasubreen,2042-06-01,-0.3499103101060779,-0.3505369549232871,-0.3536023892072661
Grasubreen,2042-07-01,-0.3670276115752424,-0.32301200041060213,-0.3734837589680717
Grasubreen,2042-08-01,-0.34336876932492005,-0.36462032581259196,-0.342151048365064
Grasubreen,2042-09-01,-0.3393986935160654,-0.3866057396293637,-0.3789174211366591
Grasubreen,2042-10-01,-0.41677777984652115,-0.36701679095831813,-0.4233050650303955
Grasubreen,2042-11-01,-0.36001049225372084,-0.2864239950539239,-0.3682702624742749
Grasubreen,2042-12-01,-0.4565323603692116,-0.365873249287302,-0.34860756600696713
Grasubreen,2043-01-01,-0.34448534959282395,-0.4045207302533294,-0.3334683031466104
Grasubreen,2043-02-01,-0.4429956780274747,-0.31705273250370725,-0.3120036905883485
Grasubreen,2043-03-01,-0.35946696188319094,-0.39626569247177584,-0.2970873858105075
Grasubreen,2043-04-01,-0.4251872627557886,-0.3201702210793386,-0.30798808099834757
Grasubreen,2043-05-01,-0.3354712455142459,-0.38398108492783334,-0.3764640552596797
Grasubreen,2043-06-01,-0.36364836191853517,-0.33395830979432256,-0.40352495143105616
Grasubreen,2043-07-01,-0.39048288729165614,-0.32974896205626086,-0.4125134729615125
Grasubreen,2043-08-01,-0.3269179172611952,-0.3195585581319495,-0.4081886905740026
Grasubreen,2043-09-01,-0.3665274047662548,-0.33835186066025047,-0.3452899778352923
Grasubreen,2043-10-01,-0.372875477751417,-0.353094281256811,-0.39187352070827
Grasubreen,2043-11-01,-0.3742922099111174,-0.3779468122031036,-0.37645757053035256
Grasubreen,2043-12-01,-0.33736462036189413,-0.39509662254679867,-0.3950674153765912
Grasubreen,2044-01-01,-0.30938738571903523,-0.31663363690110824,-0.3805573762799505
Grasubreen,2044-02-01,-0.26367555014652794,-0.29698592271858254,-0.39392091828747194
Grasubreen,2044-03-01,-0.2943507865425801,-0.46028018945902854,-0.3654241500659145
Grasubreen,2044-04-01,-0.41246613090346457,-0.391300178590648,-0.3798352638999516
Grasubreen,2044-05-01,-0.3522316758441946,-0.4030274802171654,-0.37161535011492064
Grasubreen,2044-06-01,-0.32926813715056547,-0.3566034611798441,-0.3525156242117027
Grasubreen,2044-07-01,-0.35431670020356437,-0.33278744108927716,-0.390866403582788
Grasubreen,2044-08-01,-0.37670037198508033,-0.34739689114831324,-0.3766660186550042
Grasubreen,2044-09-01,-0.32582146982033894,-0.35435174230597505,-0.3917347475948436
Grasubreen,2044-10-01,-0.3597831806144862,-0.35616469862273065,-0.3967107736938744
Grasubreen,2044-11-01,-0.41399509443555277,-0.4091680886541638,-0.35935295876255574
Grasubreen,2044-12-01,-0.43149222001545345,-0.41201902361897974,-0.42550470225115156
Grasubreen,2045-01-01,-0.3578972738334943,-0.46992758253817657,-0.33774047507972177
Grasubreen,2045-02-01,-0.4510116297016397,-0.368292085943859,-0.40480655534423543
Grasubreen,2045-03-01,-0.40290935009405343,-0.3980693312246821,-0.39946398328704275
Grasubreen,2045-04-01,-0.3803366789494647,-0.36525229871611403,-0.3712260152982587
Grasubreen,2045-05-01,-0.3645074469976561,-0.3566713966344543,-0.3495710031868742
Grasubreen,2045-06-01,-0.3820123988287621,-0.3513919651239051,-0.35035703648800776
Grasubreen,2045-07-01,-0.37316340697217215,-0.3681571660936925,-0.3616745805834572
Grasubreen,2045-08-01,-0.3509097876505676,-0.33943249866002206,-0.34585210948453443
Grasubreen,2045-09-01,-0.3896605042648398,-0.36608747262116886,-0.3454023143216605
Grasubreen,2045-10-01,-0.3903811142529204,-0.36451808158451193,-0.34702166344883084
Grasubreen,2045-11-01,-0.34125082999387474,-0.3443335149664725,-0.3960379202084184
Grasubreen,2045-12-01,-0.3341736572136633,-0.42657501480825627,-0.2807096153443935
Grasubreen,2046-01-01,-0.40247664543765566,-0.3487377221856534,-0.2809057397003665
Grasubreen,2046-02-01,-0.37725501464296024,-0.43604169087707206,-0.39281633485482476
Grasubreen,2046-03-01,-0.34579327333281257,-0.46685009014741335,-0.2885131930310713
Grasubreen,2046-04-01,-0.4094929522321105,-0.36238547131931803,-0.3686945236510441
Grasubreen,2046-05-01,-0.3648729956765851,-0.36342292383328206,-0.354766404480275
Grasubreen,2046-06-01,-0.38129800318023116,-0.3790443052368972,-0.3852628207105042
Grasubreen,2046-07-01,-0.3370515168634954,-0.35157417267963015,-0.3478804556106369
Grasubreen,2046-08-01,-0.3848738577639968,-0.34129538141916616,-0.3819638280187064
Grasubreen,2046-09-01,-0.35303165976831385,-0.3822010254282843,-0.3875071358065479
Grasubreen,2046-10-01,-0.3545624654163119,-0.36990388346133146,-0.3866297411175191
Grasubreen,2046-11-01,-0.28398496697409675,-0.34253694574050786,-0.32791917360821965
Grasubreen,2046-12-01,-0.34279403465442665,-0.38252258297868275,-0.37056303712123845
Grasubreen,2047-01-01,-0.3162813823481821,-0.37026288541279895,-0.3235942204233889
Grasubreen,2047-02-01,-0.2954805190916321,-0.3341292195399181,-0.3493813454567125
Grasubreen,2047-03-01,-0.43163244370281434,-0.3814091066970624,-0.35831991801216206
Grasubreen,2047-04-01,-0.3784954090507782,-0.3261916867833969,-0.36466176897458763
Grasubreen,2047-05-01,-0.397402382858008,-0.35696975318921903,-0.3282037660674065
Grasubreen,2047-06-01,-0.3732480362602182,-0.36512895919117333,-0.36550598110827437
Grasubreen,2047-07-01,-0.37578906471004475,-0.38102705302518863,-0.3570988107959394
Grasubreen,2047-08-01,-0.3689334253242325,-0.3315334056597256,-0.3797090642893908
Grasubreen,2047-09-01,-0.3519620837008115,-0.3702934818266333,-0.41864276221950364
Grasubreen,2047-10-01,-0.3979111374220778,-0.4277045532276568,-0.3946832028828034
Grasubreen,2047-11-01,-0.277434877588491,-0.41326138571670584,-0.3432991489987773
Grasubreen,2047-12-01,-0.3463171445739417,-0.33063807990044236,-0.370522335457518
Grasubreen,2048-01-01,-0.35883759645056407,-0.28069872952264147,-0.28295418468465067
Grasubreen,2048-02-01,-0.3430469064173837,-0.2901907970486464,-0.24401069668486433
Grasubreen,2048-03-01,-0.2837644011012852,-0.31639364885941895,-0.38785429455418274
Grasubreen,2048-04-01,-0.2987570650610652,-0.32240068555442725,-0.372106975731729
Grasubreen,2048-05-01,-0.3525873750895367,-0.37602203436746756,-0.34438017294977347
Grasubreen,2048-06-01,-0.33771764620586797,-0.36614243823607406,-0.3513430445305949
Grasubreen,2048-07-01,-0.33888244353889374,-0.3720680714429954,-0.3889901493434526
Grasubreen,2048-08-01,-0.3718400374031205,-0.32788543600662634,-0.334127157068785
Grasubreen,2048-09-01,-0.3314123234741615,-0.3765395718810353,-0.3507914668774637
Grasubreen,2048-10-01,-0.4162970556730012,-0.34111322244608316,-0.37107632670434665
Grasubreen,2048-11-01,-0.3036969724417457,-0.42647973727285815,-0.3595306369603523
Grasubreen,2048-12-01,-0.29048444108267585,-0.3166737924328293,-0.32452073107951357
Grasubreen,2049-01-01,-0.28737674739641966,-0.3180652016015924,-0.41557047443073475
Grasubreen,2049-02-01,-0.36918803553645985,-0.3339750987401047,-0.3666831898700507
Grasubreen,2049-03-01,-0.27538471030172035,-0.3401399959549238,-0.3402296710358225
Grasubreen,2049-04-01,-0.3269062323467103,-0.3802193429979371,-0.3827370925432337
Grasubreen,2049-05-01,-0.40557364549071445,-0.3825696241866446,-0.3633720792748476
Grasubreen,2049-06-01,-0.37235570264867723,-0.41249825786840355,-0.34233435742170526
Grasubreen,2049-07-01,-0.30602064015327207,-0.3799969171086301,-0.38858399733442806
Grasubreen,2049-08-01,-0.3255805673663496,-0.388763855274729,-0.38954886952263856
Grasubreen,2049-09-01,-0.35546400159354613,-0.3422796467472297,-0.3542564934693159
Grasubreen,2049-10-01,-0.3814659178703999,-0.3041980448303374,-0.3163651896220998
Grasubreen,2049-11-01,-0.46173846724046186,-0.38082071214282315,-0.2974749092255489
Grasubreen,2049-12-01,-0.3449943066196104,-0.4220230214693783,-0.353212600949242
Grasubreen,2050-01-01,-0.4031464403495992,-0.4255241504593277,-0.4337341673121298
Grasubreen,2050-02-01,-0.29912423221137585,-0.3535235960256224,-0.3778543431846881
Grasubreen,2050-03-01,-0.316633126006301,-0.3843755714444563,-0.3020898737210057
Grasubreen,2050-04-01,-0.3823821291613727,-0.4053183478419196,-0.3475844392049829
Grasubreen,2050-05-01,-0.3595461160237476,-0.3783318457002238,-0.3911000555585482
Grasubreen,2050-06-01,-0.3667317823797638,-0.4113048239253095,-0.34059915755609643
Grasubreen,2050-07-01,-0.3672767620750861,-0.39001282904931484,-0.39577191724645894
Grasubreen,2050-08-01,-0.39818739145951126,-0.3455746706570954,-0.36726632790325436
Grasubreen,2050-09-01,-0.34239888237252547,-0.3585516831007228,-0.35391867837771507
Grasubreen,2050-10-01,-0.40906245010855047,-0.332916618985482,-0.3503860713988079
Grasubreen,2050-11-01,-0.3717337804196461,-0.3748606162431955,-0.34773261026082775
Grasubreen,2050-12-01,-0.432204342507617,-0.3748181716873013,-0.3256062331200715
Grasubreen,2051-01-01,-0.47253446371632624,-0.39825469330101465,-0.25863743868844763
Grasubreen,2051-02-01,-0.3892165608055638,-0.4383721826186207,-0.3677045019777336
Grasubreen,2051-03-01,-0.2913709246440975,-0.415420071532225,-0.38173095246732364
Grasubreen,2051-04-01,-0.3749532396136462,-0.32224012344637937,-0.4164169949966287
Grasubreen,2051-05-01,-0.38967344161085865,-0.36331567529573755,-0.30673814126592536
Grasubreen,2051-06-01,-0.39085111363963176,-0.3268932866783243,-0.38778271684126153
Grasubreen,2051-07-01,-0.372227064378108,-0.35166327208219655,-0.35663896909164566
Grasubreen,2051-08-01,-0.33979628068554674,-0.3771304518268095,-0.3513085637020213
Grasubreen,2051-09-01,-0.3800407588438202,-0.3493327330159885,-0.38012241912534067
Grasubreen,2051-10-01,-0.36605323392900035,-0.3851398859026689,-0.3333169287232096
Grasubreen,2051-11-01,-0.3505572622177772,-0.3431378071669596,-0.38206584747038513
Grasubreen,2051-12-01,-0.28691720365328055,-0.3508016541758239,-0.3748644396673977
Grasubreen,2052-01-01,-0.3351719809654495,-0.3292949246378814,-0.371135973689174
Grasubreen,2052-02-01,-0.47659172855354415,-0.3809824555209425,-0.36701336777293997
Grasubreen,2052-03-01,-0.3594778631572188,-0.3661106173411844,-0.4342662156022304
Grasubreen,2052-04-01,-0.3569086924242584,-0.4088201940354887,-0.4102842803605016
Grasubreen,2052-05-01,-0.3984616068560136,-0.3176452892827671,-0.3858389528437342
Grasubreen,2052-06-01,-0.35747061598459323,-0.3677567201413572,-0.3616535520940669
Grasubreen,2052-07-01,-0.3168298682327878,-0.3332557284603911,-0.3465294008044015
Grasubreen,2052-08-01,-0.3755967774091731,-0.3492698952336842,-0.360429341237612
Grasubreen,2052-09-01,-0.3680220772358506,-0.3466031549561488,-0.3466539217856594
Grasubreen,2052-10-01,-0.3568436645637267,-0.3591716240698188,-0.39382870729457303
Grasubreen,2052-11-01,-0.36510219456502463,-0.38938863122358586,-0.41298694711018397
Grasubreen,2052-12-01,-0.40417320027687054,-0.4065323873676771,-0.4420735857287643
Grasubreen,2053-01-01,-0.2983908434053779,-0.42273909813117183,-0.39061253790153927
Grasubreen,2053-02-01,-0.28110272524095525,-0.3652185923715289,-0.4895214620583725
Grasubreen,2053-03-01,-0.39735635644162476,-0.30683951677890803,-0.3670075567744418
Grasubreen,2053-04-01,-0.36886815936344003,-0.3370903174598336,-0.3317054990528301
Grasubreen,2053-05-01,-0.4142032683625168,-0.32848989190603645,-0.35078184252537437
Grasubreen,2053-06-01,-0.3479620463500676,-0.34136821709521503,-0.36008962126902294
Grasubreen,2053-07-01,-0.3164942742499264,-0.3821967382306974,-0.37248659577583654
Grasubreen,2053-08-01,-0.3599408362460938,-0.3458079000854028,-0.3438878970540235
Grasubreen,2053-09-01,-0.33766396783239977,-0.32488940492585033,-0.36085919525787896
Grasubreen,2053-10-01,-0.3197050379203023,-0.36491437106641156,-0.34456301707497466
Grasubreen,2053-11-01,-0.37453221063221703,-0.3768890532686872,-0.33992516053705363
Grasubreen,2053-12-01,-0.36596535498075394,-0.4066391883628193,-0.3224637129047029
Grasubreen,2054-01-01,-0.3749702964489947,-0.393302885879734,-0.3097456315679579
Grasubreen,2054-02-01,-0.3797495116888687,-0.4129056797122246,-0.35581407214025845
Grasubreen,2054-03-01,-0.3497429383553256,-0.32622015433384804,-0.29403075905422377
Grasubreen,2054-04-01,-0.3895759705781354,-0.40593066169750486,-0.3536714183921557
Grasubreen,2054-05-01,-0.3228113938784925,-0.4090083937966236,-0.3815117905304601
Grasubreen,2054-06-01,-0.3985923590221132,-0.3220299836949123,-0.3916800723411245
Grasubreen,2054-07-01,-0.3631802105372668,-0.33403596687841364,-0.32944476988875904
Grasubreen,2054-08-01,-0.3380973167364852,-0.33648763044772173,-0.36400123753705144
Grasubreen,2054-09-01,-0.3300982061958602,-0.36467793541905547,-0.3877271323603815
Grasubreen,2054-10-01,-0.3840373379862429,-0.2953957709845971,-0.35218350003159954
Grasubreen,2054-11-01,-0.40659535701946886,-0.36922955723759493,-0.3447488587123855
Grasubreen,2054-12-01,-0.3248077975111749,-0.3997673978442055,-0.371363282560449
Grasubreen,2055-01-01,-0.3618633699172867,-0.4155384219550268,-0.3343976286688907
Grasubreen,2055-02-01,-0.3462567578558941,-0.3763097954120254,-0.38464303998720006
Grasubreen,2055-03-01,-0.38349506449896625,-0.41757333723721346,-0.3639019371379397
Grasubreen,2055-04-01,-0.3321923850886933,-0.38186305020698325,-0.4199982613309059
Grasubreen,2055-05-01,-0.36133266484623155,-0.35954938850282653,-0.37653530638333116
Grasubreen,2055-06-01,-0.3906105262787265,-0.37544175391880197,-0.3702059640338969
Grasubreen,2055-07-01,-0.39360827948203553,-0.35437235073501444,-0.34518304582678155
Grasubreen,2055-08-01,-0.3681231335813302,-0.35953697210150964,-0.3574273974189785
Grasubreen,2055-09-01,-0.4406562928940483,-0.36397733595769605,-0.37413246341433665
Grasubreen,2055-10-01,-0.395331516293101,-0.3441269846508062,-0.3719591964677443
Grasubreen,2055-11-01,-0.4068978503289518,-0.3362406826896743,-0.38351093956249604
Grasubreen,2055-12-01,-0.3054992278026108,-0.3460790002608118,-0.32040957024771793
Grasubreen,2056-01-01,-0.37683112709347993,-0.35168038200456136,-0.3918411983873295
Grasubreen,2056-02-01,-0.315876825350857,-0.41025854970202724,-0.3555175504195623
Grasubreen,2056-03-01,-0.32645384908096786,-0.36406511962203286,-0.3453667004068357
Grasubreen,2056-04-01,-0.37236030977050155,-0.4179771380841278,-0.42517506585704323
Grasubreen,2056-05-01,-0.377948915237984,-0.37650709066510385,-0.34633521769740466
Grasubreen,2056-06-01,-0.3163560566161357,-0.33564987833791343,-0.36254978332071824
Grasubreen,2056-07-01,-0.35162165963285413,-0.33542024424725686,-0.3691307537421178
Grasubreen,2056-08-01,-0.35918436420178823,-0.3748773094421359,-0.3598063846427186
Grasubreen,2056-09-01,-0.40855745997962306,-0.34586357343394064,-0.37447024162443476
Grasubreen,2056-10-01,-0.41252000085006474,-0.4242029456436289,-0.41118906386151294
Grasubreen,2056-11-01,-0.417453073333389,-0.36225646230003566,-0.35331805572526725
Grasubreen,2056-12-01,-0.3418099315315461,-0.3397282416203731,-0.3670533199101293
Grasubreen,2057-01-01,-0.3296064197157751,-0.2051844685770289,-0.3533358016221002
Grasubreen,2057-02-01,-0.37398028565959573,-0.2945611532836039,-0.37498273065531657
Grasubreen,2057-03-01,-0.3788110357048409,-0.34612486316632224,-0.4366879885212874
Grasubreen,2057-04-01,-0.36986124467662723,-0.3821907513915859,-0.38374074867479174
Grasubreen,2057-05-01,-0.34733925811185307,-0.3664463967986101,-0.3525026543067218
Grasubreen,2057-06-01,-0.36835888585183757,-0.3705621819810361,-0.3706374650278743
Grasubreen,2057-07-01,-0.39760743825491485,-0.3678657477050511,-0.3221687180089512
Grasubreen,2057-08-01,-0.37582345766780056,-0.3345557698732089,-0.3198467973980636
Grasubreen,2057-09-01,-0.40652735889315544,-0.3888940263877216,-0.32969938343895144
Grasubreen,2057-10-01,-0.40274466355062605,-0.3861577967419159,-0.3837573543377035
Grasubreen,2057-11-01,-0.38019646393032724,-0.3722908558117551,-0.39544139561097796
Grasubreen,2057-12-01,-0.3189698759395825,-0.3817924188112242,-0.37238552376990613
Grasubreen,2058-01-01,-0.3350263879954914,-0.4306526389410372,-0.4026660637358546
Grasubreen,2058-02-01,-0.3327381644035814,-0.34091549373307134,-0.4126959005254211
Grasubreen,2058-03-01,-0.44829060774364865,-0.3207399838005162,-0.4263031856193719
Grasubreen,2058-04-01,-0.41026582039315534,-0.3356422288676024,-0.4719017103010139
Grasubreen,2058-05-01,-0.38630665599009717,-0.333519785858335,-0.37013215187721943
Grasubreen,2058-06-01,-0.3963605298884942,-0.3625967881865766,-0.38922465720490274
Grasubreen,2058-07-01,-0.3694410923380828,-0.3675960841313292,-0.3870099125632695
Grasubreen,2058-08-01,-0.3809632816772341,-0.37973594080764705,-0.37868202286831315
Grasubreen,2058-09-01,-0.38823291369500196,-0.3646259341828229,-0.36509504180842595
Grasubreen,2058-10-01,-0.3425268737957065,-0.34554797747450605,-0.4213611832497068
Grasubreen,2058-11-01,-0.38827299331598303,-0.301230861776528,-0.4006989148491809
Grasubreen,2058-12-01,-0.3975624979410455,-0.3447184859575092,-0.39447142676653807
Grasubreen,2059-01-01,-0.27384154659902377,-0.43457132883193045,-0.38517615888655543
Grasubreen,2059-02-01,-0.44140983569315234,-0.3850159364132783,-0.33947984129880754
Grasubreen,2059-03-01,-0.3538181531387578,-0.38029399578723216,-0.3181685296757067
Grasubreen,2059-04-01,-0.34470541381508685,-0.35235909707322427,-0.2921787695080192
Grasubreen,2059-05-01,-0.3942248639151516,-0.35592873636480143,-0.39561941351902075
Grasubreen,2059-06-01,-0.3147761294732618,-0.37334642836880055,-0.36589098247032775
Grasubreen,2059-07-01,-0.3887698728576841,-0.4068955499634823,-0.36754145612401407
Grasubreen,2059-08-01,-0.3563190526010495,-0.3788757607631282,-0.34835055815379357
Grasubreen,2059-09-01,-0.3050505627179976,-0.3546879498652726,-0.3951456153526746
Grasubreen,2059-10-01,-0.37748722336238805,-0.3865563815767485,-0.3192707520786568
Grasubreen,2059-11-01,-0.36258087238101644,-0.3744864613321653,-0.3847999426549183
Grasubreen,2059-12-01,-0.3377502744972262,-0.3502827788136873,-0.2993981521014848
Grasubreen,2060-01-01,-0.45946530596739993,-0.3863130783539294,-0.35956677760531647
Grasubreen,2060-02-01,-0.39612903812698286,-0.3307784355674977,-0.33414607864955764
Grasubreen,2060-03-01,-0.4272250780149667,-0.3243175995043011,-0.37323159093941816
Grasubreen,2060-04-01,-0.32303092459056715,-0.33638254029425885,-0.32043397405453
Grasubreen,2060-05-01,-0.36381261569303885,-0.3507893601814475,-0.36862023530907356
Grasubreen,2060-06-01,-0.3451998783514382,-0.33400648830943513,-0.3429195125866027
Grasubreen,2060-07-01,-0.3670907973281403,-0.36326638186015536,-0.36595144563774484
Grasubreen,2060-08-01,-0.36359681922164794,-0.3642508430306692,-0.34491036975058603
Grasubreen,2060-09-01,-0.37787746218783475,-0.37879549333850004,-0.37302073891863957
Grasubreen,2060-10-01,-0.3805041824108115,-0.3778941885737859,-0.35146456966817285
Grasubreen,2060-11-01,-0.3683182173717762,-0.41124210730747873,-0.3654667713975918
Grasubreen,2060-12-01,-0.4614767733687141,-0.284959297307839,-0.40219549062509286
Grasubreen,2061-01-01,-0.4759833630283681,-0.38492993457824753,-0.3578881435184984
Grasubreen,2061-02-01,-0.3897719770480099,-0.4185300200965527,-0.4135544738343566
Grasubreen,2061-03-01,-0.3257245721773859,-0.3924139597075566,-0.3273759861780083
Grasubreen,2061-04-01,-0.4073480190778396,-0.38720278027296134,-0.3266715714281438
Grasubreen,2061-05-01,-0.35606635548850857,-0.3817707936543036,-0.31809635360162164
Grasubreen,2061-06-01,-0.35227470082554646,-0.3078348493097986,-0.368513444987451
Grasubreen,2061-07-01,-0.3309506636290024,-0.355363719229957,-0.37249832638178243
Grasubreen,2061-08-01,-0.3797737964686334,-0.33502596295654724,-0.39961561198671075
Grasubreen,2061-09-01,-0.3595396125377317,-0.38075413799767266,-0.36618575132703857
Grasubreen,2061-10-01,-0.40853302730448054,-0.39626221794140454,-0.34704756390092584
Grasubreen,2061-11-01,-0.40397657323305697,-0.38464755518996196,-0.31399113065947054
Grasubreen,2061-12-01,-0.39882575539234355,-0.370513770572836,-0.29565357256308683
Grasubreen,2062-01-01,-0.32112602886623604,-0.37504488274003633,-0.27002100951429603
Grasubreen,2062-02-01,-0.3295936775543838,-0.4139886804018517,-0.37326428851461585
Grasubreen,2062-03-01,-0.37887594344424763,-0.31420889279899683,-0.2905169887983737
Grasubreen,2062-04-01,-0.4194193351502553,-0.3005663541244509,-0.335765924367607
Grasubreen,2062-05-01,-0.3572341125212482,-0.38199618368541716,-0.3466596060043919
Grasubreen,2062-06-01,-0.35866292500051755,-0.35428054292933825,-0.37006493502641336
Grasubreen,2062-07-01,-0.34018695351665923,-0.3715070784872723,-0.3524388709084991
Grasubreen,2062-08-01,-0.36506319755911104,-0.34249257115566767,-0.3855600385302706
Grasubreen,2062-09-01,-0.34146781934146203,-0.3591244117668013,-0.35843767968116946
Grasubreen,2062-10-01,-0.346860097327137,-0.3713172800384585,-0.3002395316684124
Grasubreen,2062-11-01,-0.3388282489090282,-0.3665249664050383,-0.3533788820085055
Grasubreen,2062-12-01,-0.31662194280907174,-0.46257674450653186,-0.3502478471240451
Grasubreen,2063-01-01,-0.324464510068915,-0.3912258769052252,-0.40487528093270697
Grasubreen,2063-02-01,-0.3224613790790282,-0.281190187170341,-0.30571638434340087
Grasubreen,2063-03-01,-0.388934597211305,-0.3060989959780179,-0.38982377537065926
Grasubreen,2063-04-01,-0.35292477145596707,-0.315155061301816,-0.32054093728487937
Grasubreen,2063-05-01,-0.3470063769257053,-0.38250212902256836,-0.3876168108935607
Grasubreen,2063-06-01,-0.3705174860521964,-0.37555338250731524,-0.3571912828544277
Grasubreen,2063-07-01,-0.371771161853453,-0.3593382262986829,-0.35553925349903887
Grasubreen,2063-08-01,-0.3668802923082888,-0.3997588674630874,-0.3541318864764997
Grasubreen,2063-09-01,-0.36946992175227217,-0.36653042623799426,-0.3658914048456922
Grasubreen,2063-10-01,-0.38876792571895336,-0.2789087634430183,-0.319371551282998
Grasubreen,2063-11-01,-0.36590731819954875,-0.3377839657887434,-0.42073412905641766
Grasubreen,2063-12-01,-0.38997280647445015,-0.32567786895757606,-0.3306476211885942
Grasubreen,2064-01-01,-0.29885965123936176,-0.34361391734661134,-0.3749917954369264
Grasubreen,2064-02-01,-0.3239021705113693,-0.39926938844148524,-0.3465799256989826
Grasubreen,2064-03-01,-0.3178125734774618,-0.41103150744134326,-0.434801194400396
Grasubreen,2064-04-01,-0.2733418707218225,-0.3478642605113464,-0.43533429551978603
Grasubreen,2064-05-01,-0.377588679826878,-0.39826927435070497,-0.40546370528822534
Grasubreen,2064-06-01,-0.3416228117217495,-0.35710703302356067,-0.40789110624538366
Grasubreen,2064-07-01,-0.37018284630970416,-0.3551630606731852,-0.3672298977201747
Grasubreen,2064-08-01,-0.3525855248222352,-0.3622533505168353,-0.36110068162181413
Grasubreen,2064-09-01,-0.34890225784112044,-0.38491986139958834,-0.33213342432820964
Grasubreen,2064-10-01,-0.3562343552776877,-0.36180723116084845,-0.35958608400285325
Grasubreen,2064-11-01,-0.4291549046010778,-0.3701807033127675,-0.3589346517206396
Grasubreen,2064-12-01,-0.372465524163039,-0.33868554981153043,-0.3607049409976267
Grasubreen,2065-01-01,-0.3709276860692435,-0.29216468407636753,-0.29737577855057523
Grasubreen,2065-02-01,-0.2881253932102377,-0.34817419587659687,-0.32678485199817814
Grasubreen,2065-03-01,-0.30288470526750116,-0.3503236047129574,-0.43025288095966613
Grasubreen,2065-04-01,-0.2983425000229134,-0.3735582179356834,-0.38137302244238236
Grasubreen,2065-05-01,-0.3114760191517427,-0.32521788290139525,-0.3599073645237098
Grasubreen,2065-06-01,-0.3643525428158316,-0.3509441591745673,-0.3303730898388881
Grasubreen,2065-07-01,-0.34945117404499654,-0.35951918707287644,-0.3605595090678153
Grasubreen,2065-08-01,-0.4208970746221077,-0.3500895792202654,-0.39270217309351424
Grasubreen,2065-09-01,-0.360790930528985,-0.40709448302112167,-0.379111479856627
Grasubreen,2065-10-01,-0.33786263893945295,-0.33694337849130673,-0.33253139105313784
Grasubreen,2065-11-01,-0.33640771333572156,-0.3401748057671417,-0.343034570710499
Grasubreen,2065-12-01,-0.35074480953141157,-0.3981842371293229,-0.2707156467766712
Grasubreen,2066-01-01,-0.37461274704597686,-0.38015650466865325,-0.3598739074594755
Grasubreen,2066-02-01,-0.30068317566661223,-0.33137612859749804,-0.36898018572987173
Grasubreen,2066-03-01,-0.3634280926732106,-0.3605040173477237,-0.3844549900926701
Grasubreen,2066-04-01,-0.41231039854931567,-0.4102461244361521,-0.3434876527952347
Grasubreen,2066-05-01,-0.3471753240088775,-0.30782492220750884,-0.4278768519182856
Grasubreen,2066-06-01,-0.3249398690538989,-0.3901458648558296,-0.3357011724328101
Grasubreen,2066-07-01,-0.3903396277102686,-0.3286206168154753,-0.3436381988369423
Grasubreen,2066-08-01,-0.36337594267953444,-0.36399112247137017,-0.3581769500773592
Grasubreen,2066-09-01,-0.34906259811861123,-0.4139843002615307,-0.34907848821201454
Grasubreen,2066-10-01,-0.3781616063533979,-0.37706251448686906,-0.3611334367363758
Grasubreen,2066-11-01,-0.36687266707226973,-0.45179316993250884,-0.3591647544398102
Grasubreen,2066-12-01,-0.4236605514350626,-0.34057888965386174,-0.3612496914820454
Grasubreen,2067-01-01,-0.4239148384309261,-0.3936093616022524,-0.3478932416630995
Grasubreen,2067-02-01,-0.34597541132721393,-0.4232821844557626,-0.3264805431688267
Grasubreen,2067-03-01,-0.2996080930662248,-0.372653948786017,-0.27784299407613394
Grasubreen,2067-04-01,-0.36112313818200886,-0.3888635934215761,-0.3308738950577423
Grasubreen,2067-05-01,-0.34581611066402473,-0.3837661600586176,-0.31361249173391187
Grasubreen,2067-06-01,-0.38776847119968866,-0.37710923170116684,-0.369375230701329
Grasubreen,2067-07-01,-0.3826790147824782,-0.38492250337107053,-0.36166833896077083
Grasubreen,2067-08-01,-0.38105747845506804,-0.3940528046102661,-0.3966840769518667
Grasubreen,2067-09-01,-0.3649120439839843,-0.36469201615966956,-0.3635873863433398
Grasubreen,2067-10-01,-0.3967253869234126,-0.3515068370942029,-0.411457925296926
Grasubreen,2067-11-01,-0.32674337712213425,-0.4288832282480855,-0.352351549405814
Grasubreen,2067-12-01,-0.2940169567602793,-0.36077083735358145,-0.3710108152997549
Grasubreen,2068-01-01,-0.28216129718354693,-0.3557146459358202,-0.37998104540191857
Grasubreen,2068-02-01,-0.38771748320937977,-0.2968353481303323,-0.35252879410154914
Grasubreen,2068-03-01,-0.39881874480022345,-0.3284006919927855,-0.43319710047945453
Grasubreen,2068-04-01,-0.35253448852911634,-0.38667372813456363,-0.3873204733694036
Grasubreen,2068-05-01,-0.35354110750012335,-0.34510971743355157,-0.3583312861241999
Grasubreen,2068-06-01,-0.3686335147076322,-0.34051113964248364,-0.35450952573378053
Grasubreen,2068-07-01,-0.3364677630654878,-0.3522874174303026,-0.3803579533219638
Grasubreen,2068-08-01,-0.38508909097302974,-0.3768420050676182,-0.35524674874428674
Grasubreen,2068-09-01,-0.3683257662041333,-0.3847221354645112,-0.3955325842690212
Grasubreen,2068-10-01,-0.3944605781279325,-0.3471464713667034,-0.38441749422746013
Grasubreen,2068-11-01,-0.42374768530877915,-0.33923081799963156,-0.3818277949427087
Grasubreen,2068-12-01,-0.3504316167951799,-0.3542493664805604,-0.40501317068871256
Grasubreen,2069-01-01,-0.43867257599948567,-0.36464936261894837,-0.4376442256655018
Grasubreen,2069-02-01,-0.256828417630559,-0.3490189431719835,-0.4211630351899154
Grasubreen,2069-03-01,-0.3784846249001206,-0.2848711300225845,-0.45299871617240556
Grasubreen,2069-04-01,-0.40970861010306764,-0.3529358129671696,-0.4203567612795657
Grasubreen,2069-05-01,-0.3758879949983083,-0.33570897461853266,-0.34311665172556743
Grasubreen,2069-06-01,-0.38719371556110754,-0.35463407497647687,-0.3629823339889337
Grasubreen,2069-07-01,-0.3722594569254622,-0.3704584426189002,-0.3569190234073898
Grasubreen,2069-08-01,-0.3664377296632733,-0.3674039127015288,-0.3868206762640985
Grasubreen,2069-09-01,-0.36233201228599876,-0.38689723002188753,-0.39427745791682384
Grasubreen,2069-10-01,-0.3588076935359336,-0.36872030952145335,-0.3635887677380145
Grasubreen,2069-11-01,-0.3430209982763122,-0.3675116494346818,-0.37490747804812846
Grasubreen,2069-12-01,-0.32105356345775726,-0.3125255928875957,-0.33414565231964605
Grasubreen,2070-01-01,-0.4091923955087721,-0.3457040765600669,-0.3055337737121291
Grasubreen,2070-02-01,-0.2782101206551142,-0.3211669302677558,-0.43286488707673615
Grasubreen,2070-03-01,-0.38278513995086233,-0.3560496437089317,-0.38437912419949827
Grasubreen,2070-04-01,-0.37010758447431397,-0.34345907737621434,-0.3716854082695172
Grasubreen,2070-05-01,-0.38664739424004385,-0.3586643724586612,-0.37803600564516193
Grasubreen,2070-06-01,-0.34713572033232226,-0.39992981937267574,-0.3288422509095119
Grasubreen,2070-07-01,-0.3622505488448237,-0.39815998818744625,-0.3591078791607109
Grasubreen,2070-08-01,-0.35869579326798035,-0.42048065738541734,-0.35652453617576874
Grasubreen,2070-09-01,-0.38520168565441454,-0.35939773089635896,-0.3247225667796487
Grasubreen,2070-10-01,-0.35957841803650686,-0.3921165525519801,-0.3843337289711833
Grasubreen,2070-11-01,-0.3873464514287231,-0.32926166409693824,-0.43662090819675653
Grasubreen,2070-12-01,-0.38199378173109305,-0.36787294362120343,-0.3590493592314303
Grasubreen,2071-01-01,-0.33792582228410045,-0.32630380272877474,-0.44928199417247655
Grasubreen,2071-02-01,-0.3714274027843569,-0.3111148796879449,-0.39916272903433425
Grasubreen,2071-03-01,-0.39877323849184815,-0.3904192861616955,-0.3217114123197527
Grasubreen,2071-04-01,-0.40297784877753823,-0.37606087606560035,-0.3418872837625851
Grasubreen,2071-05-01,-0.3853942748058545,-0.3655489113715071,-0.4351701417848968
Grasubreen,2071-06-01,-0.30761231257785326,-0.3692549233861668,-0.3889983483465181
Grasubreen,2071-07-01,-0.3365842824956724,-0.3940581917249741,-0.35079127258892756
Grasubreen,2071-08-01,-0.3655194979655125,-0.36751967185723694,-0.35942292615407573
Grasubreen,2071-09-01,-0.3382930413196865,-0.3792269190169139,-0.3513786362022387
Grasubreen,2071-10-01,-0.3421650406984849,-0.31392357620474853,-0.36474912659833114
Grasubreen,2071-11-01,-0.2934722640227599,-0.3487157230508693,-0.3607082138981262
Grasubreen,2071-12-01,-0.35534887762655415,-0.31967213791257315,-0.33515083797751144
Grasubreen,2072-01-01,-0.3736360892167052,-0.32641246251746464,-0.47194505010634685
Grasubreen,2072-02-01,-0.4022649652822882,-0.42575675252393436,-0.41496770733904603
Grasubreen,2072-03-01,-0.2951553568699768,-0.41772126261076953,-0.4607895072643433
Grasubreen,2072-04-01,-0.39381021365309204,-0.39620797764784393,-0.3882421444714912
Grasubreen,2072-05-01,-0.3212581635262761,-0.41719181698776414,-0.3479371752816161
Grasubreen,2072-06-01,-0.34487872997111757,-0.3494868498386618,-0.3663198435754556
Grasubreen,2072-07-01,-0.3930480236173756,-0.3632999686996139,-0.3423575854912297
Grasubreen,2072-08-01,-0.31723056398872534,-0.4116151265770917,-0.35077121209321915
Grasubreen,2072-09-01,-0.3445872861788322,-0.4003828115584673,-0.37035949047007627
Grasubreen,2072-10-01,-0.32701575119571835,-0.37307779194074264,-0.3661672642832941
Grasubreen,2072-11-01,-0.41137472139190595,-0.432538488717276,-0.3502847389854087
Grasubreen,2072-12-01,-0.3370076518953718,-0.4332881490477649,-0.42954293817391975
Grasubreen,2073-01-01,-0.32311844920191324,-0.4153302659751774,-0.4432779347819867
Grasubreen,2073-02-01,-0.4147989381830219,-0.38951045165788994,-0.30066798217777296
Grasubreen,2073-03-01,-0.35444342839508053,-0.4598332845500126,-0.3742373485938813
Grasubreen,2073-04-01,-0.40361093101960543,-0.34315662698760807,-0.34913559034321007
Grasubreen,2073-05-01,-0.4063323278806446,-0.3333910153289608,-0.37118796461035
Grasubreen,2073-06-01,-0.36444951589562197,-0.38920442162284347,-0.3841525782991731
Grasubreen,2073-07-01,-0.3992284506612634,-0.3162512731219681,-0.36810703436144343
Grasubreen,2073-08-01,-0.38817188067199176,-0.3806477443844222,-0.376756701132725
Grasubreen,2073-09-01,-0.3589065234659028,-0.38710534965125687,-0.3533058184993673
Grasubreen,2073-10-01,-0.36026962431325465,-0.3429113369108607,-0.3611640303586756
Grasubreen,2073-11-01,-0.3916745285620324,-0.36810540934556774,-0.32947482054559624
Grasubreen,2073-12-01,-0.31571853219207896,-0.3819908647096841,-0.34082035173635533
Grasubreen,2074-01-01,-0.3489725274459114,-0.36096426678513427,-0.4050904036177494
Grasubreen,2074-02-01,-0.2760722538553288,-0.39415365835408944,-0.3595446552788242
Grasubreen,2074-03-01,-0.39273923974448044,-0.37594396746104836,-0.3289673402914846
Grasubreen,2074-04-01,-0.3068331960668416,-0.36666458239347666,-0.34076956623650245
Grasubreen,2074-05-01,-0.37435464377082145,-0.35125432746018276,-0.3546820004590809
Grasubreen,2074-06-01,-0.3635051298065664,-0.36809121045441984,-0.3741538609418771
Grasubreen,2074-07-01,-0.3499486696822088,-0.38031614501200833,-0.3950619638413273
Grasubreen,2074-08-01,-0.3739777364643087,-0.3980285214755483,-0.39041887995229924
Grasubreen,2074-09-01,-0.38065071461411143,-0.4190544021191179,-0.3690844688917008
Grasubreen,2074-10-01,-0.30244267207138603,-0.38066572349109623,-0.3814578270668499
Grasubreen,2074-11-01,-0.3773492643637952,-0.3355562104724638,-0.4395284433328556
Grasubreen,2074-12-01,-0.3878393312951056,-0.3812438407130198,-0.4357735906101792
Grasubreen,2075-01-01,-0.2541041885992088,-0.42811609993683214,-0.39673498733690665
Grasubreen,2075-02-01,-0.22159730410756218,-0.314343381153309,-0.40260880613488204
Grasubreen,2075-03-01,-0.2936265995953438,-0.33790025038830124,-0.41819237721948266
Grasubreen,2075-04-01,-0.30052439522510194,-0.29836018618386645,-0.4146546654465155
Grasubreen,2075-05-01,-0.3453897993572068,-0.3900564430871789,-0.3287541517389796
Grasubreen,2075-06-01,-0.3717689608820685,-0.3958783284456531,-0.3617837919442053
Grasubreen,2075-07-01,-0.37661529749608896,-0.34165265358185604,-0.328412728472851
Grasubreen,2075-08-01,-0.38044375844842354,-0.38400901613075317,-0.3808153943618204
Grasubreen,2075-09-01,-0.3568188118821663,-0.3321663470670476,-0.36512634612680855
Grasubreen,2075-10-01,-0.31258718981788686,-0.27367948502169354,-0.29077438694643204
Grasubreen,2075-11-01,-0.3631426088415843,-0.3232473472102253,-0.3442151201554248
Grasubreen,2075-12-01,-0.3878566691610607,-0.3299727773050008,-0.3773890413330841
Grasubreen,2076-01-01,-0.37559066503800237,-0.39712864391118274,-0.33817429447644215
Grasubreen,2076-02-01,-0.46370436815508836,-0.41698084936520896,-0.33734347631613343
Grasubreen,2076-03-01,-0.419158874009445,-0.4187469464684373,-0.4142432067428563
Grasubreen,2076-04-01,-0.3943827935730501,-0.383890888694603,-0.34307834860766634
Grasubreen,2076-05-01,-0.38028155941181874,-0.3967410919088472,-0.34385346171894665
Grasubreen,2076-06-01,-0.3671738889200438,-0.36678759020351276,-0.3856439512506888
Grasubreen,2076-07-01,-0.35705845318932194,-0.34377666269172086,-0.37377639056317546
Grasubreen,2076-08-01,-0.35808484875154284,-0.34555969334261727,-0.36990311529487024
Grasubreen,2076-09-01,-0.35932237986535825,-0.3727787658512763,-0.3404230464640173
Grasubreen,2076-10-01,-0.35087358258620266,-0.3700627713355067,-0.3822622869327493
Grasubreen,2076-11-01,-0.39878281374928526,-0.35444585631843734,-0.3810742834015514
Grasubreen,2076-12-01,-0.38360227549410414,-0.34156459433754893,-0.34911002312642747
Grasubreen,2077-01-01,-0.25817482290294885,-0.3767016177025082,-0.2997817563349395
Grasubreen,2077-02-01,-0.29210478702576603,-0.35544748486974437,-0.3319911305328879
Grasubreen,2077-03-01,-0.3253060946647955,-0.36603500507453446,-0.4116302408179992
Grasubreen,2077-04-01,-0.3676732399948001,-0.3219045185325436,-0.31839500185304775
Grasubreen,2077-05-01,-0.3783398813408332,-0.3583848380652385,-0.33112391182927475
Grasubreen,2077-06-01,-0.35889417826255093,-0.3504067484642223,-0.34699957473460774
Grasubreen,2077-07-01,-0.3704849220015704,-0.3406040535505704,-0.3711612832777527
Grasubreen,2077-08-01,-0.37120332011695595,-0.3767574767179995,-0.3637629683344912
Grasubreen,2077-09-01,-0.37403122061853256,-0.37905844917862647,-0.3927059775064165
Grasubreen,2077-10-01,-0.3648164051048155,-0.3191178615985572,-0.4231076634407222
Grasubreen,2077-11-01,-0.3137374006726848,-0.33380371089625527,-0.49596260967965816
Grasubreen,2077-12-01,-0.4474301601278996,-0.322923709329185,-0.3850520106285075
Grasubreen,2078-01-01,-0.3760746023255923,-0.33775876034441543,-0.2772952077793623
Grasubreen,2078-02-01,-0.33510792083773905,-0.3445777639822323,-0.3370860120317178
Grasubreen,2078-03-01,-0.36814403144882757,-0.349106340138597,-0.30878500626685307
Grasubreen,2078-04-01,-0.34060499551093093,-0.30876041224022244,-0.3890307454501118
Grasubreen,2078-05-01,-0.41429036084815735,-0.35631648859172477,-0.3424458834027666
Grasubreen,2078-06-01,-0.36257969887890495,-0.3635785287014732,-0.3978380060283347
Grasubreen,2078-07-01,-0.3630304239657931,-0.3761208769650129,-0.3736090298290755
Grasubreen,2078-08-01,-0.37536564154655955,-0.3785492730925939,-0.33590121888787317
Grasubreen,2078-09-01,-0.3396507867796492,-0.4013420495423656,-0.3571449474783514
Grasubreen,2078-10-01,-0.3560872842397747,-0.39906315943364595,-0.3321843250027368
Grasubreen,2078-11-01,-0.35861614423076965,-0.39721050674642916,-0.413785744921184
Grasubreen,2078-12-01,-0.41546792397447785,-0.46082337837257975,-0.3925539376314034
Grasubreen,2079-01-01,-0.4080493322634972,-0.41128903537497746,-0.38380132961698177
Grasubreen,2079-02-01,-0.338963492147174,-0.3149209747750655,-0.3284701142560919
Grasubreen,2079-03-01,-0.25806435356988067,-0.34545070094762664,-0.4216627708464759
Grasubreen,2079-04-01,-0.3655588221853619,-0.3580744471028758,-0.36304900669585316
Grasubreen,2079-05-01,-0.3408019909216186,-0.34240272104313146,-0.34134691993223737
Grasubreen,2079-06-01,-0.33158318456206826,-0.36455925984034887,-0.36170960494512244
Grasubreen,2079-07-01,-0.3491115232126538,-0.3806893624559526,-0.38777275244334225
Grasubreen,2079-08-01,-0.3571572292323944,-0.36980078733570704,-0.3648081596933763
Grasubreen,2079-09-01,-0.3454589382000894,-0.4162817984745438,-0.380000461865021
Grasubreen,2079-10-01,-0.3126905106979619,-0.36944940414682476,-0.39024812237774814
Grasubreen,2079-11-01,-0.3751687367419478,-0.38012193021743695,-0.35304599622739613
Grasubreen,2079-12-01,-0.3565874320260846,-0.3346430253655812,-0.37428546912646254
Grasubreen,2080-01-01,-0.37842560402172865,-0.35730298090710805,-0.3278184802850666
Grasubreen,2080-02-01,-0.3753005048148775,-0.4228802873902618,-0.30031083998255476
Grasubreen,2080-03-01,-0.3889644368289573,-0.46671750488537,-0.30699462295628677
Grasubreen,2080-04-01,-0.36785416134239757,-0.43097657556159596,-0.30359872055205556
Grasubreen,2080-05-01,-0.3910961150173669,-0.3799134068426449,-0.4072751715226262
Grasubreen,2080-06-01,-0.3919967545733202,-0.35348054915850563,-0.3767911607247247
Grasubreen,2080-07-01,-0.34771175119993836,-0.36024906503951665,-0.3729782875918565
Grasubreen,2080-08-01,-0.3643353415531066,-0.3681439680215631,-0.37668740798384787
Grasubreen,2080-09-01,-0.38110061297462,-0.3610150411288621,-0.3592229099345212
Grasubreen,2080-10-01,-0.31461427867566827,-0.37261831374439974,-0.3800904554531716
Grasubreen,2080-11-01,-0.36610336733291615,-0.3633070196528112,-0.320322538809515
Grasubreen,2080-12-01,-0.2733578523482177,-0.2973239027832754,-0.37168083125589524
Grasubreen,2081-01-01,-0.2694825400641136,-0.31324793242706733,-0.34371180135502527
Grasubreen,2081-02-01,-0.34614625963470386,-0.3314283086589301,-0.3117245328393287
Grasubreen,2081-03-01,-0.42533228755672053,-0.35501593184675007,-0.3923481042942758
Grasubreen,2081-04-01,-0.3745176942026424,-0.3546576402809805,-0.3055138823277083
Grasubreen,2081-05-01,-0.345311924338372,-0.3837428123308464,-0.36365460704036073
Grasubreen,2081-06-01,-0.3641192917092541,-0.3696623874413782,-0.38366963777311186
Grasubreen,2081-07-01,-0.374087769035054,-0.3412785294122426,-0.351753430956193
Grasubreen,2081-08-01,-0.36315418754396633,-0.33033336986095135,-0.37766661600567697
Grasubreen,2081-09-01,-0.3196335534850339,-0.352477435610449,-0.35627299593267114
Grasubreen,2081-10-01,-0.404874815061343,-0.3823392510740811,-0.36116993141183645
Grasubreen,2081-11-01,-0.40864057254826447,-0.33636591994657344,-0.43553883219447903
Grasubreen,2081-12-01,-0.3578477810462109,-0.37652241839420286,-0.4176533820635633
Grasubreen,2082-01-01,-0.3614339789869698,-0.3849073083769378,-0.365081660300352
Grasubreen,2082-02-01,-0.35552530814040045,-0.40541536509779513,-0.36710564162198467
Grasubreen,2082-03-01,-0.4240626987852898,-0.3607467675369745,-0.41168449216535113
Grasubreen,2082-04-01,-0.3968033065938143,-0.31981631346321443,-0.3770913902370312
Grasubreen,2082-05-01,-0.3984655169504662,-0.3367249591535324,-0.3608228779866433
Grasubreen,2082-06-01,-0.3573104610728821,-0.35586654097806875,-0.3578391446655223
Grasubreen,2082-07-01,-0.3587806228605747,-0.3950784353519035,-0.3174488652212506
Grasubreen,2082-08-01,-0.3669862492809692,-0.36464671424633294,-0.36867471837182
Grasubreen,2082-09-01,-0.3904765741281108,-0.3583807512209806,-0.3172834039448135
Grasubreen,2082-10-01,-0.34741301127147856,-0.4130794971971099,-0.4038253129638272
Grasubreen,2082-11-01,-0.3914812129426437,-0.3420473258337178,-0.39681124493501607
Grasubreen,2082-12-01,-0.3849448462655512,-0.36151011672010086,-0.3736544136106505
Grasubreen,2083-01-01,-0.4229295907030606,-0.37569260068424,-0.341952848349639
Grasubreen,2083-02-01,-0.3950646118315722,-0.28279611159863133,-0.449246333409236
Grasubreen,2083-03-01,-0.35424890571735307,-0.30780098139012163,-0.33872587247378605
Grasubreen,2083-04-01,-0.33211384683765727,-0.30013514864468305,-0.35369276429063445
Grasubreen,2083-05-01,-0.3434585489001123,-0.34380915884993946,-0.32674605726907563
Grasubreen,2083-06-01,-0.3329981084542181,-0.39531921001144465,-0.32749119243780306
Grasubreen,2083-07-01,-0.35258404949587735,-0.3586750707018331,-0.35352844216228013
Grasubreen,2083-08-01,-0.3710159564901155,-0.36965288284282494,-0.394463045889367
Grasubreen,2083-09-01,-0.38069239273527167,-0.36762185269033515,-0.37740965230038154
Grasubreen,2083-10-01,-0.3926803374167755,-0.37119592473692836,-0.40505078083845786
Grasubreen,2083-11-01,-0.33970430606559515,-0.35584070898852166,-0.31501709414854745
Grasubreen,2083-12-01,-0.3451008435288756,-0.33017905892507976,-0.34545086092718735
Grasubreen,2084-01-01,-0.341691860051295,-0.4214062133091008,-0.4750865898385876
Grasubreen,2084-02-01,-0.36861134331513057,-0.38898121845416034,-0.3884919240926982
Grasubreen,2084-03-01,-0.3841063849923218,-0.3761320838953099,-0.3574602635599507
Grasubreen,2084-04-01,-0.35920715046384505,-0.3833627111622349,-0.3469584187330048
Grasubreen,2084-05-01,-0.33611104312360013,-0.3685214553819754,-0.3492464977554186
Grasubreen,2084-06-01,-0.34785486960095535,-0.38840808980520136,-0.39345222843306105
Grasubreen,2084-07-01,-0.3555817142012521,-0.3629111097535343,-0.34510854822853165
Grasubreen,2084-08-01,-0.3966426969697991,-0.33376584382061014,-0.36231528836810933
Grasubreen,2084-09-01,-0.34759585245793345,-0.33320400280966084,-0.3671123617615549
Grasubreen,2084-10-01,-0.3363316662229656,-0.3601498822730149,-0.39155732388896053
Grasubreen,2084-11-01,-0.29252721208349697,-0.3414263202822648,-0.42191795058290626
Grasubreen,2084-12-01,-0.28421288038800546,-0.3366564166728578,-0.429605690798289
Grasubreen,2085-01-01,-0.39070038625375575,-0.29073871109160115,-0.37801952398115707
Grasubreen,2085-02-01,-0.3769316783348014,-0.3203785879883376,-0.4421301245096363
Grasubreen,2085-03-01,-0.46357912964900394,-0.3126885534212615,-0.3769065712064818
Grasubreen,2085-04-01,-0.4308353579819593,-0.39871055967835217,-0.40162993836989863
Grasubreen,2085-05-01,-0.32973637690636987,-0.3472255222615037,-0.3613776014429051
Grasubreen,2085-06-01,-0.3585918554924832,-0.3444810680674523,-0.36205735665168265
Grasubreen,2085-07-01,-0.3618648885192526,-0.3894044374515054,-0.34205612851968775
Grasubreen,2085-08-01,-0.3453282547659096,-0.3376572877739077,-0.3629133127462147
Grasubreen,2085-09-01,-0.38484763846998343,-0.37312487238272446,-0.374360253020749
Grasubreen,2085-10-01,-0.3603999422064457,-0.37472020132500106,-0.4071018163636205
Grasubreen,2085-11-01,-0.35448306519197975,-0.4113367195472926,-0.39349237946303567
Grasubreen,2085-12-01,-0.38158805835513104,-0.428629884908221,-0.3983079189744605
Grasubreen,2086-01-01,-0.4154143803695365,-0.373743344787435,-0.375786187442521
Grasubreen,2086-02-01,-0.35638034078031494,-0.39447474167168134,-0.3006420209963465
Grasubreen,2086-03-01,-0.30314748937737507,-0.3800030179110374,-0.28655272067019927
Grasubreen,2086-04-01,-0.3853862518336382,-0.2864971736488256,-0.4039094131852245
Grasubreen,2086-05-01,-0.36207967585847617,-0.37223849673701476,-0.38039409387909395
Grasubreen,2086-06-01,-0.3672921381906192,-0.4056549099324873,-0.39003512851467237
Grasubreen,2086-07-01,-0.3763963423363897,-0.33798771611036127,-0.3559119137832498
Grasubreen,2086-08-01,-0.35732965746847345,-0.3424173120337066,-0.3489593783429899
Grasubreen,2086-09-01,-0.3592898898219677,-0.37854312114067845,-0.33854711125383474
Grasubreen,2086-10-01,-0.3344454249772995,-0.361871571778344,-0.37721059367904636
Grasubreen,2086-11-01,-0.3630180388193767,-0.3520774268798676,-0.34711536769896495
Grasubreen,2086-12-01,-0.3510998341801796,-0.3882202314306822,-0.39308983868900516
Grasubreen,2087-01-01,-0.335858311301307,-0.2540826069154179,-0.36078530650284707
Grasubreen,2087-02-01,-0.3320441286564512,-0.3082181646734798,-0.4100434578077124
Grasubreen,2087-03-01,-0.34718102759399166,-0.36822975058674595,-0.3556218266128897
Grasubreen,2087-04-01,-0.3663428943003755,-0.3941296578052311,-0.41731689367107716
Grasubreen,2087-05-01,-0.3323274083299514,-0.37127502483944097,-0.3658900216567154
Grasubreen,2087-06-01,-0.39234913273123845,-0.35444520261840934,-0.36862728321551536
Grasubreen,2087-07-01,-0.3336131130559721,-0.3563254352841918,-0.36104091987615455
Grasubreen,2087-08-01,-0.3481886270242513,-0.36015462157825456,-0.38387194918886985
Grasubreen,2087-09-01,-0.31679234841695747,-0.37311374390607915,-0.3547266705586458
Grasubreen,2087-10-01,-0.29941919981321047,-0.41492917152341063,-0.3153370160766304
Grasubreen,2087-11-01,-0.33486841095292436,-0.3806481564186559,-0.38259948278686084
Grasubreen,2087-12-01,-0.38924619535292965,-0.3497274825243421,-0.3540976245652913
Grasubreen,2088-01-01,-0.30265855190216623,-0.42023358353180235,-0.2908959702498805
Grasubreen,2088-02-01,-0.36454901828766656,-0.38936812943859195,-0.31769513904271385
Grasubreen,2088-03-01,-0.3644456364757636,-0.3906475345400569,-0.3595332645549632
Grasubreen,2088-04-01,-0.341503209767112,-0.3728798851165333,-0.37917395243440066
Grasubreen,2088-05-01,-0.3377030881706502,-0.37799534896526854,-0.396293070126698
Grasubreen,2088-06-01,-0.3925050548194471,-0.30245275796744403,-0.3830055549113458
Grasubreen,2088-07-01,-0.3724913040115547,-0.3505439221475893,-0.33160144032171757
Grasubreen,2088-08-01,-0.36163417456545327,-0.3694677476535218,-0.36607951140388223
Grasubreen,2088-09-01,-0.3477239570906801,-0.33762376149680096,-0.3450254691611456
Grasubreen,2088-10-01,-0.35292771827704184,-0.337204892109878,-0.31903579878237126
Grasubreen,2088-11-01,-0.33558668545981546,-0.33240982392979146,-0.42486095365945253
Grasubreen,2088-12-01,-0.3947443397132588,-0.39387009163898085,-0.41622069289865377
Grasubreen,2089-01-01,-0.4758083724233761,-0.4237590203230471,-0.3905855680138742
Grasubreen,2089-02-01,-0.4625509535559278,-0.37387262833298834,-0.4057897627177199
Grasubreen,2089-03-01,-0.4067749275312729,-0.34298041182924766,-0.28590577479981133
Grasubreen,2089-04-01,-0.38313105820434473,-0.27568499377832245,-0.3102809191764742
Grasubreen,2089-05-01,-0.38621218375968075,-0.3744100575090575,-0.37736092591771303
Grasubreen,2089-06-01,-0.3746971757774466,-0.35366026244806825,-0.3695660913124737
Grasubreen,2089-07-01,-0.3807978277823519,-0.3826536024349372,-0.3626033590864645
Grasubreen,2089-08-01,-0.36536059922154823,-0.35611631520537984,-0.36434257729658354
Grasubreen,2089-09-01,-0.3716450420251167,-0.3418075561516427,-0.3726276174383569
Grasubreen,2089-10-01,-0.3636786785267196,-0.4063960417566728,-0.39278945026635453
Grasubreen,2089-11-01,-0.3955170049113597,-0.31845844883627145,-0.3901363724038996
Grasubreen,2089-12-01,-0.3299219095489982,-0.33051271789676206,-0.3077420606174574
Grasubreen,2090-01-01,-0.2197885053967815,-0.3209102357652368,-0.39552372828469395
Grasubreen,2090-02-01,-0.3877973568200062,-0.4713965398958962,-0.36972243475538474
Grasubreen,2090-03-01,-0.2843411174980482,-0.44497668930233436,-0.3429833970611145
Grasubreen,2090-04-01,-0.3459399290286411,-0.3963846319293243,-0.3180807716761643
Grasubreen,2090-05-01,-0.3659472888894642,-0.3828701766592015,-0.40693705691073806
Grasubreen,2090-06-01,-0.3229741761803912,-0.3851176980921663,-0.39550169073018493
Grasubreen,2090-07-01,-0.3792710132927623,-0.3751890068518587,-0.37697039728472165
Grasubreen,2090-08-01,-0.35094576701280694,-0.3717970079610402,-0.369077982011232
Grasubreen,2090-09-01,-0.39691440508515097,-0.3317524051971843,-0.3820587481979138
Grasubreen,2090-10-01,-0.34781695914365823,-0.31654190897425405,-0.4467897468983902
Grasubreen,2090-11-01,-0.40882477364655817,-0.4009999778081401,-0.37896440069979925
Grasubreen,2090-12-01,-0.3131233480256818,-0.40049199683669706,-0.36408458222181617
Grasubreen,2091-01-01,-0.3040626099089603,-0.4731121928809397,-0.3689064402314391
Grasubreen,2091-02-01,-0.3905111420995328,-0.4810184317817005,-0.4492857251837503
Grasubreen,2091-03-01,-0.412687155509973,-0.3169541921508239,-0.3598667768212258
Grasubreen,2091-04-01,-0.40796317377843944,-0.37486768680004195,-0.3823324591574333
Grasubreen,2091-05-01,-0.36227887170034356,-0.3037823536529913,-0.38695511341738614
Grasubreen,2091-06-01,-0.3546430653949302,-0.3605671345553727,-0.3729130665957477
Grasubreen,2091-07-01,-0.4005718049768145,-0.3700005413974958,-0.35439352436539323
Grasubreen,2091-08-01,-0.3688738644683031,-0.35998917487357396,-0.3821741055944532
Grasubreen,2091-09-01,-0.30039707169132,-0.37512379480892205,-0.38897317008497634
Grasubreen,2091-10-01,-0.38769388375797725,-0.3337688431759644,-0.37682897744891236
Grasubreen,2091-11-01,-0.3666698464249271,-0.3577154842251602,-0.3420599977868643
Grasubreen,2091-12-01,-0.38729691572979896,-0.2918889077461268,-0.3566154091024003
Grasubreen,2092-01-01,-0.27398162707750284,-0.3914175333518566,-0.2904601401663784
Grasubreen,2092-02-01,-0.3383078645078694,-0.3665082223031919,-0.36781247624220564
Grasubreen,2092-03-01,-0.3127145656379701,-0.33422540428337805,-0.4498182273729235
Grasubreen,2092-04-01,-0.30949640111844096,-0.3041747162470956,-0.37936011240071715
Grasubreen,2092-05-01,-0.40070612771146735,-0.3771177555185055,-0.3843998602225918
Grasubreen,2092-06-01,-0.3546773047418139,-0.37119032118131523,-0.33766629436545004
Grasubreen,2092-07-01,-0.37188136498449825,-0.3640493362001605,-0.34400252301770706
Grasubreen,2092-08-01,-0.39149917204962464,-0.3687583354501218,-0.35061477596212715
Grasubreen,2092-09-01,-0.41221690082640855,-0.3751901143863991,-0.35203086459694194
Grasubreen,2092-10-01,-0.35286219038443684,-0.3942346541031436,-0.32754183667214165
Grasubreen,2092-11-01,-0.31538509435697243,-0.37151397580108103,-0.37715138674952353
Grasubreen,2092-12-01,-0.4306031281828451,-0.3487211466305709,-0.36302439558415633
Grasubreen,2093-01-01,-0.4049927467374635,-0.29283270115282417,-0.4473263380926313
Grasubreen,2093-02-01,-0.371268715170016,-0.37627514391767747,-0.3770968285881216
Grasubreen,2093-03-01,-0.3898011949872438,-0.2918780470735842,-0.3998141950541843
Grasubreen,2093-04-01,-0.3177904053137426,-0.3974336004462662,-0.41401854410468264
Grasubreen,2093-05-01,-0.3819058866459774,-0.4179021939290046,-0.35634559272895344
Grasubreen,2093-06-01,-0.38353356997572446,-0.38289447382024616,-0.38798349390409576
Grasubreen,2093-07-01,-0.36696870764306083,-0.3441213222266765,-0.35101229064192957
Grasubreen,2093-08-01,-0.34039782581340283,-0.3634869664234608,-0.35895133584892897
Grasubreen,2093-09-01,-0.3878145830456718,-0.38095571701096836,-0.3739426091587421
Grasubreen,2093-10-01,-0.4488210579252517,-0.3625395944664667,-0.3197225855054599
Grasubreen,2093-11-01,-0.430360073478317,-0.36149706192982656,-0.35158648446660606
Grasubreen,2093-12-01,-0.33550371297102255,-0.37048295207283655,-0.2946131367872999
Grasubreen,2094-01-01,-0.4412033988313615,-0.3739356152759485,-0.3588988739285184
Grasubreen,2094-02-01,-0.3990948411045423,-0.32291787863886956,-0.35699200043251444
Grasubreen,2094-03-01,-0.3621655316756012,-0.35671728612928116,-0.3451108264215725
Grasubreen,2094-04-01,-0.33813112813724366,-0.42792849352733336,-0.36278984241935025
Grasubreen,2094-05-01,-0.3834350831114209,-0.3956337926012175,-0.3922265924380104
Grasubreen,2094-06-01,-0.3322096458170524,-0.3564793465340932,-0.3741738178178296
Grasubreen,2094-07-01,-0.3589356251576743,-0.3586408692821326,-0.3924820571459741
Grasubreen,2094-08-01,-0.34529438462268863,-0.3630547376086759,-0.34649630118924285
Grasubreen,2094-09-01,-0.3905374561271457,-0.3097351433315195,-0.3573580133605751
Grasubreen,2094-10-01,-0.3314542662984708,-0.3798784846168804,-0.35752361135153093
Grasubreen,2094-11-01,-0.3021388966369545,-0.3789879742657327,-0.3846933206177541
Grasubreen,2094-12-01,-0.4162193804835475,-0.38231658462993273,-0.3691731612668598
Grasubreen,2095-01-01,-0.408229550608686,-0.26464976470661145,-0.38697138844842865
Grasubreen,2095-02-01,-0.37674221703238014,-0.37577580437788255,-0.3640833662911634
Grasubreen,2095-03-01,-0.3896110893181452,-0.40546230343254797,-0.35836506447516
Grasubreen,2095-04-01,-0.3583001566295138,-0.3937648127638249,-0.36509632775455375
Grasubreen,2095-05-01,-0.35206196409406704,-0.35291743855399665,-0.3170601647355548
Grasubreen,2095-06-01,-0.38633100316087127,-0.3772968663308233,-0.3688883643968195
Grasubreen,2095-07-01,-0.35165075270007967,-0.3546342161515248,-0.390272727090523
Grasubreen,2095-08-01,-0.33230867773135836,-0.34758787035069155,-0.36879415950959454
Grasubreen,2095-09-01,-0.37228922126206737,-0.3637279773430799,-0.3615283428683754
Grasubreen,2095-10-01,-0.400618761195019,-0.39066428199434416,-0.2988918174452496
Grasubreen,2095-11-01,-0.3384519553514725,-0.4089009084687163,-0.3515649892921437
Grasubreen,2095-12-01,-0.32386246725443835,-0.3579224982871588,-0.38777255801480853
Grasubreen,2096-01-01,-0.38246139853482436,-0.3953809593834597,-0.3510428010315317
Grasubreen,2096-02-01,-0.37906076155828616,-0.45094005091345984,-0.3237794161414294
Grasubreen,2096-03-01,-0.3521982627600908,-0.27892396077913845,-0.43028907230228697
Grasubreen,2096-04-01,-0.31970293357429874,-0.32634363199765487,-0.4108024604540898
Grasubreen,2096-05-01,-0.353580257230709,-0.3482047739234247,-0.40621688731781885
Grasubreen,2096-06-01,-0.3921221335751161,-0.38217659963611944,-0.4050154895627471
Grasubreen,2096-07-01,-0.38635060950766587,-0.39056176552785676,-0.37472897080453665
Grasubreen,2096-08-01,-0.40163229076062795,-0.38456550261161127,-0.37692756005336037
Grasubreen,2096-09-01,-0.41684297771940515,-0.345852143249413,-0.35900359844185387
Grasubreen,2096-10-01,-0.2972705403235329,-0.39077357287437503,-0.3319382138559378
Grasubreen,2096-11-01,-0.38913640520829723,-0.3538958864869091,-0.4439110500103962
Grasubreen,2096-12-01,-0.34765441677429704,-0.4093758151564426,-0.408731956434083
Grasubreen,2097-01-01,-0.3987117191819176,-0.3739151386060003,-0.41320467469374017
Grasubreen,2097-02-01,-0.35233306652627844,-0.4005171544821682,-0.36204873715042574
Grasubreen,2097-03-01,-0.309037178663687,-0.3754028482034412,-0.35774173203698684
Grasubreen,2097-04-01,-0.37524551244164206,-0.40991667582396807,-0.3676242543461079
Grasubreen,2097-05-01,-0.3725804371834512,-0.32590272486188304,-0.3968579428702063
Grasubreen,2097-06-01,-0.33373804893773945,-0.37659328369467593,-0.3758310657833452
Grasubreen,2097-07-01,-0.3387681125449304,-0.41323381730694847,-0.36882720351525516
Grasubreen,2097-08-01,-0.359592306435474,-0.3835413451986763,-0.3532140406671562
Grasubreen,2097-09-01,-0.330151939605763,-0.3966493901674257,-0.3589967698176164
Grasubreen,2097-10-01,-0.39423215133210254,-0.35746283454222305,-0.39840213540285685
Grasubreen,2097-11-01,-0.33109460830114407,-0.3726200893467528,-0.4213908272091155
Grasubreen,2097-12-01,-0.36410211371419865,-0.3813079676118914,-0.37998004234671096
Grasubreen,2098-01-01,-0.34094425928860844,-0.4031688197388021,-0.4402332952998183
Grasubreen,2098-02-01,-0.42716782605664233,-0.3661519048329971,-0.44648173105326405
Grasubreen,2098-03-01,-0.32668343699942176,-0.4928653788044443,-0.36578794646423
Grasubreen,2098-04-01,-0.34884099620962744,-0.38969550845533485,-0.37139729594081117
Grasubreen,2098-05-01,-0.37360005227146226,-0.35904335466267545,-0.3833599149024202
Grasubreen,2098-06-01,-0.37457555443754204,-0.3546002084954712,-0.3406802559473417
Grasubreen,2098-07-01,-0.35813836352220224,-0.3570967312896922,-0.35920848077174056
Grasubreen,2098-08-01,-0.336449423451392,-0.37191001524085415,-0.38143531024186267
Grasubreen,2098-09-01,-0.32864250256239885,-0.38073450636438194,-0.40249125108405065
Grasubreen,2098-10-01,-0.32755043961332553,-0.3403216072312463,-0.3859616723622124
Grasubreen,2098-11-01,-0.30176971029601457,-0.3438505329159906,-0.3920059232783762
Grasubreen,2098-12-01,-0.34618497125750375,-0.3488920602186387,-0.3569909871844945
Grasubreen,2099-01-01,-0.4570120147046748,-0.33105613280377627,-0.3640030660427123
Grasubreen,2099-02-01,-0.389366083032842,-0.40631795732234705,-0.4350147895370445
Grasubreen,2099-03-01,-0.40039241655047647,-0.3499042349022871,-0.40834596304569487
Grasubreen,2099-04-01,-0.32891631262771664,-0.37480454848547956,-0.359016440104791
Grasubreen,2099-05-01,-0.3518078400120092,-0.4154804591997478,-0.3326303481805796
Grasubreen,2099-06-01,-0.3234899087161526,-0.43249342248232997,-0.3865021700009404
Grasubreen,2099-07-01,-0.3702427405176561,-0.34681183757525397,-0.35471104903672906
Grasubreen,2099-08-01,-0.36978968981443067,-0.35088847542642726,-0.3511560233927939
Grasubreen,2099-09-01,-0.3517110714685748,-0.35953214009398965,-0.34001646991430423
Grasubreen,2099-10-01,-0.32860771047872467,-0.3555784945879707,-0.3026420670885012
Grasubreen,2099-11-01,-0.3347050128571507,-0.32828637900489605,-0.3455990140234013
Grasubreen,2099-12-01,-0.3440602535043101,-0.4022343462484414,-0.3988007713609827
Grasubreen,2100-01-01,-0.37308981536804975,-0.31920374614720953,-0.2904060618229551
Grasubreen,2100-02-01,-0.39611168217057213,-0.3604667953579954,-0.2937364888035907
Grasubreen,2100-03-01,-0.44082056944783427,-0.3543223049237638,-0.37415490102847065
Grasubreen,2100-04-01,-0.409313794097046,-0.36140922197471675,-0.33736177260253514
Grasubreen,2100-05-01,-0.3727619288996586,-0.36076235967494447,-0.3860823305534424
Grasubreen,2100-06-01,-0.3288214518694406,-0.3531361664941605,-0.3586698306419082
Grasubreen,2100-07-01,-0.38721890291576894,-0.33200144915305524,-0.3411701615712846
Grasubreen,2100-08-01,-0.3996315830272097,-0.39226032101894975,-0.33744957268264114
Grasubreen,2100-09-01,-0.38388113113751166,-0.3328364740266237,-0.34914313133574937
Grasubreen,2100-10-01,-0.39282705320820394,-0.3585955350760792,-0.36158360459567535
Grasubreen,2100-11-01,-0.2952972204916693,-0.3604494173444291,-0.3832872051885801
Grasubreen,2100-12-01,-0.33405669449357084,-0.4066889779265181,-0.4042966628022926
Hansebreen,2015-01-01,-0.4401828232811651,-0.02787444944499251,-0.10834586611546128
Hansebreen,2015-02-01,-0.8964801227720104,-0.2650246686690168,-0.6234216851886699
Hansebreen,2015-03-01,-0.4104202627074283,-0.28857357540726314,-0.6880489040702654
Hansebreen,2015-04-01,-0.3857392884500855,-0.4574529292448686,-0.41408856990370063
Hansebreen,2015-05-01,-0.690754364179166,-0.29676459277890843,-0.41616889436819293
Hansebreen,2015-06-01,-0.22882991401492245,-0.28087724383926316,-0.07603769216702604
Hansebreen,2015-07-01,-0.2533260628749743,-0.19875793322438884,-0.11241783959097995
Hansebreen,2015-08-01,-0.5058931890050012,-0.01852997160468998,-0.8265009718279673
Hansebreen,2015-09-01,-0.7334531242422164,0.11863936930634335,-0.15401268797982537
Hansebreen,2015-10-01,-0.9296287950591838,-0.35969033961977365,-0.7323450488825451
Hansebreen,2015-11-01,-0.020812460379271164,-0.22483331954374397,-0.6196518976392164
Hansebreen,2015-12-01,-0.6392293448464222,-0.2511109775635418,-0.49804536990121195
Hansebreen,2016-01-01,-0.3419743126111339,-0.11624060635945978,-0.3899904834004384
Hansebreen,2016-02-01,0.10526452120793317,0.02871404705515268,-0.5298531060596003
Hansebreen,2016-03-01,-0.15590854575824567,-0.27976770284807806,-0.274103992939814
Hansebreen,2016-04-01,-0.18049297882795745,-0.18158994236756598,-0.12375879019588594
Hansebreen,2016-05-01,-0.49544716124846433,0.4784694331539714,-0.15142272696347572
Hansebreen,2016-06-01,-0.6700736098203608,-0.47775034485472906,-0.20343306623666968
Hansebreen,2016-07-01,-0.7225682698100232,-0.23067769479171538,-0.08170273201281981
Hansebreen,2016-08-01,-0.6250104646203153,-0.004099740950976464,-0.6083242333954488
Hansebreen,2016-09-01,-0.6759305473964957,-0.41287624740739615,-0.7230383817928642
Hansebreen,2016-10-01,-0.2378961279911933,-0.5224442960560628,-0.14031060150071037
Hansebreen,2016-11-01,-0.32157730646642874,0.0113027406198792,-0.5898767201473564
Hansebreen,2016-12-01,-0.6281555486493322,-0.45655033533026645,-0.5973247264707758
Hansebreen,2017-01-01,-0.217793447293675,0.24128432670024158,-0.3753414912235109
Hansebreen,2017-02-01,-0.40610568094627375,-0.033338930863925476,-0.23816856206090195
Hansebreen,2017-03-01,-0.9828110388457416,0.29090320599856784,-0.44101857723078525
Hansebreen,2017-04-01,-0.6422943049991948,-0.3362513756190415,-0.3937722434195095
Hansebreen,2017-05-01,-0.2490697091539603,-0.09606241426986466,-0.36023301880250025
Hansebreen,2017-06-01,-0.6842190463172727,-0.17656265580819785,0.11682835571176842
Hansebreen,2017-07-01,-0.7435975378081768,-0.46062619965454504,-0.2624546099394993
Hansebreen,2017-08-01,-0.2573223786089854,-0.4591619455039009,-0.2052071529712547
Hansebreen,2017-09-01,-0.17061680036334922,-0.11426072582094576,-0.20852784607738795
Hansebreen,2017-10-01,-0.16756907509774244,-0.9748144514340412,0.035930801206622676
Hansebreen,2017-11-01,-0.7762670011047051,-0.40219378527198796,-0.19218987660144152
Hansebreen,2017-12-01,-0.6473652892360732,-0.266753581917012,-0.3934526895760788
Hansebreen,2018-01-01,-0.755706519662008,-0.634211592768434,0.09992447079243132
Hansebreen,2018-02-01,-0.47272856280734105,-0.4089487224293397,0.17431634917986405
Hansebreen,2018-03-01,-0.37111174567348987,-0.3741442321018466,-0.045984425771927184
Hansebreen,2018-04-01,-0.3747128251640714,-0.4035899911005842,-0.3684329522466818
Hansebreen,2018-05-01,-0.6430947974776835,-0.575901340234437,-0.18975462295602596
Hansebreen,2018-06-01,0.0899159257593455,-0.44401947481408693,-0.33682137957816743
Hansebreen,2018-07-01,-0.14608817092830714,-0.1295888296049484,-0.555210253683572
Hansebreen,2018-08-01,-0.4700122850561333,-0.06470075106081047,-0.6887970582124949
Hansebreen,2018-09-01,-0.7512354819112511,-0.7604692701314558,-0.7706795680866146
Hansebreen,2018-10-01,-0.8323561654110271,-0.30156740745160215,-0.2666055907900055
Hansebreen,2018-11-01,-0.5234417291402677,-0.5191896807452983,-0.04650894669014246
Hansebreen,2018-12-01,-0.15686676662026403,-0.4763400155760024,-0.126691028936523
Hansebreen,2019-01-01,-0.2769388876611631,-0.7464778180945887,-0.5519550491195839
Hansebreen,2019-02-01,0.008446563290756012,-0.5418827798286544,-0.24530773486900445
Hansebreen,2019-03-01,-0.4461841317655834,-0.20031801031560895,-0.5810124322120326
Hansebreen,2019-04-01,-0.4669706334662695,-0.1920571626656181,-0.02904084702873429
Hansebreen,2019-05-01,-0.32641356775149144,-0.8085230094594129,0.17071743539426476
Hansebreen,2019-06-01,-0.385965380351486,-0.18096543754350117,0.13991319329767263
Hansebreen,2019-07-01,-0.6862850670956048,-0.2269841886398758,-0.34368250869160333
Hansebreen,2019-08-01,-0.6808182391988394,-0.345381936037857,-0.3185036350745965
Hansebreen,2019-09-01,-0.17036029000144606,-0.37054743924842226,-0.4987848148423499
Hansebreen,2019-10-01,-0.5433594124377986,-0.048021073091379464,0.03362737880597555
Hansebreen,2019-11-01,-0.1947377122290582,-0.0719741064325174,-0.4915554630813858
Hansebreen,2019-12-01,-0.5368662247290503,-0.5142546546548977,-0.5250156363731813
Hansebreen,2020-01-01,-0.3534313093890678,0.11247962680387817,-0.351427590248859
Hansebreen,2020-02-01,-0.3672919658192784,0.44297290410953044,-0.3546981281221355
Hansebreen,2020-03-01,-0.9389309962076311,-0.356037781529402,-0.26360202546427763
Hansebreen,2020-04-01,-0.5595175805635896,-0.20512150609065985,-0.5104035967519217
Hansebreen,2020-05-01,-0.3365430547330992,-0.2576785378490843,-0.6233732123157463
Hansebreen,2020-06-01,-0.7200939431799173,-0.2013273461711825,-0.23311662793382082
Hansebreen,2020-07-01,-0.2111012677590802,-0.3982500866175684,-0.5986210552461831
Hansebreen,2020-08-01,-0.5210577353739995,-0.30990098117974346,-0.3577030361924581
Hansebreen,2020-09-01,-0.26685383347467184,-0.5349650519336709,0.14236250805139822
Hansebreen,2020-10-01,-1.0697924888465893,0.024209552146626085,-0.2290360067762481
Hansebreen,2020-11-01,-0.7098541217479593,-0.3600523411108103,-0.28956106761136496
Hansebreen,2020-12-01,-0.41874913809567754,-0.17295993123275896,-0.7845871178848324
Hansebreen,2021-01-01,-0.4362837135771233,-0.3762683665999789,0.07580122668127115
Hansebreen,2021-02-01,-0.7760961962995325,0.11932416729741391,-0.035632596686041386
Hansebreen,2021-03-01,-0.001642387971918698,-0.0667374996992021,-0.33174933663003686
Hansebreen,2021-04-01,-0.5341935205219873,-0.5547397157766746,0.14336742526397833
Hansebreen,2021-05-01,-0.1219251307024633,-0.16457429434835166,-0.1797824568720082
Hansebreen,2021-06-01,-0.4463339367614212,-0.12443792498382582,-0.48493297614102476
Hansebreen,2021-07-01,-0.3675046021321557,-0.5983636586689257,-0.12325950297148798
Hansebreen,2021-08-01,-0.3122364499307637,-0.6817683711233097,-0.19435957075916802
Hansebreen,2021-09-01,-0.2186668180981297,-0.68364702648384,-0.3079668295613898
Hansebreen,2021-10-01,0.0832913636351395,-0.2606662966634623,-0.8608208671957116
Hansebreen,2021-11-01,-0.158880361825568,-0.4647916575947235,-0.39241307686047505
Hansebreen,2021-12-01,0.3581399148625574,-0.7623962274975381,-0.41084144794314853
Hansebreen,2022-01-01,-0.4013478280202268,-0.46445962468787355,-0.5906438217584001
Hansebreen,2022-02-01,-0.3633988836060968,-0.8449187260169376,-0.3815226089541334
Hansebreen,2022-03-01,-0.5839089465813535,-0.6943951763048305,-0.9041628486492134
Hansebreen,2022-04-01,-0.6466286551699155,-0.600916481111156,-0.013609939197490465
Hansebreen,2022-05-01,-0.35321635334421825,-0.6365244269282923,-0.5682151457241786
Hansebreen,2022-06-01,-0.15562533093591224,-0.6781712463681888,-0.6288788494843083
Hansebreen,2022-07-01,-0.14128972473446674,-0.555048181081837,-0.3439219354635168
Hansebreen,2022-08-01,-0.2863402993783188,-0.4542653395140266,-0.6505489112942309
Hansebreen,2022-09-01,-0.3684899000204811,-0.632328703796126,-0.33458381272001847
Hansebreen,2022-10-01,0.24019393394006402,-0.5529593003727902,-0.08896474597367861
Hansebreen,2022-11-01,-0.23543454201156658,-1.1044850330850524,-0.34262947744922045
Hansebreen,2022-12-01,-0.28832612245259,-0.557902042065436,0.20444001777243206
Hansebreen,2023-01-01,-0.07393917127269385,-0.0640188850827496,0.23685430864854617
Hansebreen,2023-02-01,-0.16371127880730652,-0.15593658670737534,-0.38636937311922154
Hansebreen,2023-03-01,-0.05177686517704642,-0.9762909661840274,-0.36580548208559693
Hansebreen,2023-04-01,-0.7893809407264166,-0.20826047105700143,-0.17396832572996399
Hansebreen,2023-05-01,-0.371093445487709,-0.2694769638048324,-0.4682999384170325
Hansebreen,2023-06-01,-0.632091393963369,-0.4319188961834708,-0.7711766278492057
Hansebreen,2023-07-01,-0.8984151280595131,-0.5242205957845242,-0.15638742994865698
Hansebreen,2023-08-01,-0.3263683674720575,-0.46049448702475065,-0.5640615763820288
Hansebreen,2023-09-01,0.12163499122954859,-0.27486233844996427,-0.07117535381150498
Hansebreen,2023-10-01,0.2549259654328358,0.1739657687719066,-0.4275467453864574
Hansebreen,2023-11-01,-0.42384579633982816,-0.5264469267994362,-0.3279887515316102
Hansebreen,2023-12-01,-0.1563661071092607,-0.3692796761478761,-0.25416399727748296
Hansebreen,2024-01-01,-0.24386320125109004,0.3764503206011898,-0.8929296762663986
Hansebreen,2024-02-01,0.029205796709194116,-0.7637817984913343,-0.35362141336017344
Hansebreen,2024-03-01,-0.42767147811481004,-0.4934540701149386,-0.4266530255889565
Hansebreen,2024-04-01,-0.7672349635364618,-0.07218052275870106,-0.4781891753489465
Hansebreen,2024-05-01,0.09284234139227145,0.01923348925287967,-0.7481223350472206
Hansebreen,2024-06-01,-0.33917549258544283,-0.21472719861897782,-0.739738016894535
Hansebreen,2024-07-01,-0.37436746733311815,-0.19152191360761617,-0.19804871738357807
Hansebreen,2024-08-01,-0.3476978498376864,-0.21846380565916548,-0.4417982169023424
Hansebreen,2024-09-01,0.09141329736437032,-0.06498180742105708,-0.3442502502190401
Hansebreen,2024-10-01,-0.5406241999043272,-0.2795500022119907,-0.4149279969572326
Hansebreen,2024-11-01,-0.38769190983082114,-0.5456596988587176,-0.48584414185682445
Hansebreen,2024-12-01,-0.6658612519737143,-0.7524272401023121,-0.8533792045013054
Hansebreen,2025-01-01,-0.4734866747167754,-0.6214798979002766,-0.3673438120446482
Hansebreen,2025-02-01,-0.5334127872252995,-0.5249007762341504,0.2953831590565164
Hansebreen,2025-03-01,-0.32333783475022077,-0.06658169076175946,-0.1860892363171959
Hansebreen,2025-04-01,-0.49873611099027554,-0.5908409983810575,0.2701223076871455
Hansebreen,2025-05-01,-0.39025441548985523,-0.5884365474797247,-0.441993765621368
Hansebreen,2025-06-01,-0.0854430628656485,-0.3326454408579716,-0.23620025931798794
Hansebreen,2025-07-01,-0.7998843247155706,-0.4216338379243487,-0.45360450699986404
Hansebreen,2025-08-01,-0.35610492388067144,-0.6300564732350415,-0.09978489637456879
Hansebreen,2025-09-01,-0.20962887023559432,-0.6455282610826049,-0.1216260667154772
Hansebreen,2025-10-01,-0.33812376337323197,-0.4025107736734151,-0.19389437367642295
Hansebreen,2025-11-01,-0.4698021032270507,-0.20692561993486655,-0.5890740073540495
Hansebreen,2025-12-01,-0.7064265907962707,-0.0898346568595036,0.053472440559466504
Hansebreen,2026-01-01,-1.2074136185182185,-0.3638729480130222,0.2302722884133088
Hansebreen,2026-02-01,-0.9372023249851029,-0.3870040053185783,-0.9192666878419699
Hansebreen,2026-03-01,-0.9573395140453481,-0.44759938769792723,-0.610837249684745
Hansebreen,2026-04-01,-0.8487508161245071,-0.2770143116611041,-0.5001941414873552
Hansebreen,2026-05-01,-0.31555197579960514,-0.3072979046037079,-0.5217953730716817
Hansebreen,2026-06-01,-0.35926353366588715,-0.45819334135624956,-0.7825293291899283
Hansebreen,2026-07-01,-0.20110234615009462,-0.578050210588463,-0.3320918613737915
Hansebreen,2026-08-01,-0.9913347725905983,-0.2678841522308127,-0.3119525477372214
Hansebreen,2026-09-01,-0.44912498588653166,-0.44802415047958605,-0.16811856780458556
Hansebreen,2026-10-01,-0.780860704177066,-0.5924170374944836,-0.4865386816240879
Hansebreen,2026-11-01,-0.5250973945876599,-0.06131990483371589,-0.5185669770795339
Hansebreen,2026-12-01,-0.07939133854783247,-0.5790351398247948,0.2557047029480828
Hansebreen,2027-01-01,0.015586391387461448,-0.9995372123353302,-0.4480735278671717
Hansebreen,2027-02-01,-0.12062823501053903,-0.21980140211162916,-0.016578994222705406
Hansebreen,2027-03-01,-0.3285893840149818,-0.2933821241636638,-0.578727456498832
Hansebreen,2027-04-01,-0.48345040103440423,-0.5481783701200537,-0.11804426120876775
Hansebreen,2027-05-01,-0.23034558459368704,-0.11945909759849009,-0.32296980620932303
Hansebreen,2027-06-01,-0.5725076905648893,-0.6949867757349892,-0.5194259900650295
Hansebreen,2027-07-01,-0.47530537730479483,-0.49293140317515355,-0.37147463463188574
Hansebreen,2027-08-01,-0.5607984890096976,-0.45434505200967745,-0.32944231714298916
Hansebreen,2027-09-01,-0.20899811307131663,-0.5055185927581892,-0.3385123016711429
Hansebreen,2027-10-01,-0.9256062558965522,-0.6702297000744347,-0.5391040690782928
Hansebreen,2027-11-01,-0.3269686340235118,-0.7677997410191127,0.024816995379110418
Hansebreen,2027-12-01,-0.5978352833601434,-0.38895387036122897,0.0939567891881437
Hansebreen,2028-01-01,-0.10899517584191876,-0.15771949955854114,0.5309554621296408
Hansebreen,2028-02-01,-0.47624543320499857,0.047429900931795256,0.06058821310594842
Hansebreen,2028-03-01,-0.5427884956198773,-0.7134143461089671,0.014960179484698632
Hansebreen,2028-04-01,-0.24530711172566244,-0.5054029809360648,-0.5703619663985425
Hansebreen,2028-05-01,-0.551756782168924,-0.6886765269971534,-0.1673423573922845
Hansebreen,2028-06-01,-0.32571464230810704,-0.4887651771555251,-0.168113956709966
Hansebreen,2028-07-01,-0.13455857288847897,-0.4806381264456195,-0.583001281045188
Hansebreen,2028-08-01,-0.3605852140779009,-0.8278872545999724,-0.17260096328907393
Hansebreen,2028-09-01,-0.2568763641988852,-0.32883344342129456,-0.2751896190459633
Hansebreen,2028-10-01,-0.5357980101038525,-0.31803490071961077,-0.1505304836573427
Hansebreen,2028-11-01,-0.7260197051001903,-0.4995503550570104,-0.1560269172697792
Hansebreen,2028-12-01,-0.5502862359195063,-0.17127911331604273,0.30885851472834797
Hansebreen,2029-01-01,-0.6373333272130327,-0.589266786781832,-0.628747414015219
Hansebreen,2029-02-01,-0.5553786508156299,-0.3211823262278018,0.03954763870383229
Hansebreen,2029-03-01,-0.06004535791558633,-0.2931415939014143,0.0001912796498699428
Hansebreen,2029-04-01,-0.4337065001678322,-0.4366272457349585,-0.12842857126346985
Hansebreen,2029-05-01,-0.2072283548179076,-0.4981554803942136,-0.17338528162471809
Hansebreen,2029-06-01,-0.5744250065326845,-0.29110528083757453,-0.321794035483419
Hansebreen,2029-07-01,-0.5582334577578921,-0.23508005201804436,-0.47739451853558945
Hansebreen,2029-08-01,-0.42425545824768524,-0.3437028617216962,-0.3488688606717267
Hansebreen,2029-09-01,-0.1564821665260934,-0.4342045170314533,-0.14341679904505275
Hansebreen,2029-10-01,-0.7406347536717756,-0.6555589860445161,-0.3609566623348053
Hansebreen,2029-11-01,-1.1732629812117483,-0.1759084224691179,-0.13839812241869195
Hansebreen,2029-12-01,-0.7320019472196698,-0.21625912885789242,0.00548980848900434
Hansebreen,2030-01-01,-0.10471788552570964,-0.1273546427011474,-0.7176838148306043
Hansebreen,2030-02-01,-0.6796677809595751,-0.6194476171852402,-0.11419630623655541
Hansebreen,2030-03-01,-0.5608859893525151,-0.5804330074622196,0.03492422068754475
Hansebreen,2030-04-01,-0.7997367645689781,-0.8931983285156105,-0.20706256154161573
Hansebreen,2030-05-01,-0.3046814533239636,-0.07512559966816594,-0.2169233430555947
Hansebreen,2030-06-01,-0.24955353616269313,-0.6437318256924917,-0.37707549287556114
Hansebreen,2030-07-01,-0.8270198650569102,-0.2521121051034143,-0.5434907213232888
Hansebreen,2030-08-01,-0.5281861926395949,-0.4505335744530839,-0.33245999670810256
Hansebreen,2030-09-01,-0.4891429312438338,-0.5026753005694288,-0.2887094827630987
Hansebreen,2030-10-01,-0.8169362139390225,-0.5884496504186506,-0.35917662075356854
Hansebreen,2030-11-01,-0.7482721645114004,-0.3266288570979549,0.22542575947665622
Hansebreen,2030-12-01,0.024273434482963263,-0.06568266371358607,-0.6578230111100019
Hansebreen,2031-01-01,-0.7490947065452845,-0.2952284926810191,-0.0004695131827534005
Hansebreen,2031-02-01,-0.6256867521341335,-0.2084076424779331,-0.29957195012344684
Hansebreen,2031-03-01,-0.08565420675361375,-0.09612958402636151,-0.6110878844265734
Hansebreen,2031-04-01,-0.4535291236682728,-0.6360208911393306,-0.1311448717697455
Hansebreen,2031-05-01,-0.2270999353603246,-0.24893202360827194,-0.26748003287991134
Hansebreen,2031-06-01,-0.2770801998964913,-0.3793005804652383,-0.39756797041365183
Hansebreen,2031-07-01,-0.09406735149188623,-0.21814369257925245,-0.5946842467074812
Hansebreen,2031-08-01,-0.39529047238715825,-0.6605628435757139,-0.33363445889208593
Hansebreen,2031-09-01,-0.19990129319114802,-0.307663222005675,-0.5881830506164062
Hansebreen,2031-10-01,-0.5738014477461888,-0.4534720091754792,-0.33351732393453765
Hansebreen,2031-11-01,-0.6877891970672122,-0.4334741432464124,-0.459924071037113
Hansebreen,2031-12-01,-0.3716002915832452,-0.8219075388308879,-0.5530334661750336
Hansebreen,2032-01-01,-0.49710671227789094,-0.3756964855783223,-0.27660652752254117
Hansebreen,2032-02-01,0.04699857295664752,-0.085900071601225,0.3436723931538677
Hansebreen,2032-03-01,0.19442907337674575,-0.17616571251940905,-0.26586146157395707
Hansebreen,2032-04-01,-0.1162192696289011,-0.4958939403081124,-0.7062503702364723
Hansebreen,2032-05-01,-0.1881163829691983,-0.3778499401383198,-0.19282603433816936
Hansebreen,2032-06-01,-0.017874975193764426,-0.23199368048749372,-0.3009757622453097
Hansebreen,2032-07-01,-0.5280046954681518,-0.5346947462901167,-0.38789453142687097
Hansebreen,2032-08-01,-0.4528161031206905,-0.24683111258184676,-0.3850820750003168
Hansebreen,2032-09-01,-0.0960255639104662,-0.6400968214127674,-0.3108052393315441
Hansebreen,2032-10-01,-0.5451943688050184,-0.6332484351139561,-0.25071384842303973
Hansebreen,2032-11-01,-0.7335546420748308,-0.25128216494066924,-0.47575559617553664
Hansebreen,2032-12-01,-0.4370973820463488,-0.1061756436956034,-0.1388587495388747
Hansebreen,2033-01-01,-0.6330203970271028,-0.3068514507573153,-0.44771019759190667
Hansebreen,2033-02-01,-0.42464101111143204,-0.7153720574287935,-0.7384344492805113
Hansebreen,2033-03-01,-0.8446406160841513,0.26478077369708175,-0.7522944036042093
Hansebreen,2033-04-01,-0.36051282260373646,-0.34594088269743967,-0.45419606664624973
Hansebreen,2033-05-01,-0.5117574065200344,-0.5567555251741916,-0.6339561760836999
Hansebreen,2033-06-01,-0.17375321958487233,-0.8584139538202655,-0.42756851787829
Hansebreen,2033-07-01,-0.45526943181103136,-0.11851353791696478,-0.30943548174628693
Hansebreen,2033-08-01,-0.657976436943137,-0.5293086721371613,-0.5074286325200971
Hansebreen,2033-09-01,-0.4348577818014334,-0.5237111680339378,-0.6045362071278991
Hansebreen,2033-10-01,-0.12226642321233246,-0.6948048568346881,-0.6105184616926737
Hansebreen,2033-11-01,-0.5134496420619509,-0.523467358996576,-0.8958312576626192
Hansebreen,2033-12-01,0.2850555975960996,-0.3943498823396665,-0.5584744665247053
Hansebreen,2034-01-01,0.14596780377543989,-0.4948399031252457,-0.5794581986779473
Hansebreen,2034-02-01,-0.4548191770343148,-0.454265448012315,-0.26572932087633283
Hansebreen,2034-03-01,-0.2459145795898193,-0.5770259170874473,-1.0805698165646307
Hansebreen,2034-04-01,-0.3644624354215454,-0.08811850697533045,-0.4014575019637385
Hansebreen,2034-05-01,-0.7998246088611634,-0.43627152479768116,-0.2214423722309896
Hansebreen,2034-06-01,-0.10321879656835546,-0.31429133502379586,0.07610708266156552
Hansebreen,2034-07-01,-0.7699284472085283,0.017296916853353755,-0.2524754342626849
Hansebreen,2034-08-01,-0.8753395884860667,-0.5566073890937666,-0.4214635796230046
Hansebreen,2034-09-01,-0.4695169004049828,-0.7542169696723316,-0.24586854299734995
Hansebreen,2034-10-01,-0.5581216327210841,-0.30590183524598497,-0.23709380187238924
Hansebreen,2034-11-01,-0.3582984936786601,-0.3052222103051964,-0.6366965303805641
Hansebreen,2034-12-01,-0.6390396577531777,-0.5764018215200631,0.0816120692707241
Hansebreen,2035-01-01,-0.19831867417977167,-0.7547314900720209,-0.21289653079682816
Hansebreen,2035-02-01,-0.6169232998099513,-0.6720141140402339,-0.293141911985502
Hansebreen,2035-03-01,-0.5589619421285351,-0.2079477730180909,0.10737158940837212
Hansebreen,2035-04-01,-0.240566388348905,-0.5793705938857506,-0.38487551815961085
Hansebreen,2035-05-01,-0.9229385655333872,-0.7357741975444654,-0.5103280814930485
Hansebreen,2035-06-01,-0.4782154479724852,-0.21049282148293935,-0.04242294232927862
Hansebreen,2035-07-01,-0.6056832358924359,-0.5051519435769003,-0.4729783655477795
Hansebreen,2035-08-01,-0.1998537045085053,-0.3325372647496262,-0.1598444816664326
Hansebreen,2035-09-01,-0.6307843622818614,-0.6426457468213098,-0.11396876440324936
Hansebreen,2035-10-01,-0.5416020774675578,-0.3421528055464127,-0.46739539586593715
Hansebreen,2035-11-01,-0.26357676909425165,-0.2263529644983627,-0.16086734231144675
Hansebreen,2035-12-01,-0.17920897431573712,-0.9059169248507697,-0.7705296901059556
Hansebreen,2036-01-01,-0.769660123216668,-0.44385361593737427,-0.2282861135655437
Hansebreen,2036-02-01,-0.8864035892334382,-0.5378441051866472,-0.7802531709017265
Hansebreen,2036-03-01,-0.2204758777433733,-0.36160967027226776,-0.03866324321566228
Hansebreen,2036-04-01,-0.04392020926784668,-0.17369419321923,-0.7825787932862182
Hansebreen,2036-05-01,-0.7207099852173382,-0.4233153740509819,-0.5633125876915217
Hansebreen,2036-06-01,-0.47694107118049117,-0.2648181737819428,-0.7116614190384748
Hansebreen,2036-07-01,-0.38399210775117937,-0.06479577375988932,-0.3074100522834381
Hansebreen,2036-08-01,-0.4716968185950923,-0.5192740595437048,-0.43615614219572924
Hansebreen,2036-09-01,-0.2881438688916608,-0.21656022766505964,-0.706080423517934
Hansebreen,2036-10-01,-0.11055734618710607,0.07237668344825272,-0.5626421071970578
Hansebreen,2036-11-01,-0.5070222655453381,-0.38368163167212604,-0.5973155821104544
Hansebreen,2036-12-01,-0.7292262471316183,-0.40757788128304423,-0.28274249494410314
Hansebreen,2037-01-01,-0.4852705122547629,-0.2227423138181137,0.14049814405124778
Hansebreen,2037-02-01,-0.0370754506527012,-0.1587017443715708,-0.3878394909380251
Hansebreen,2037-03-01,0.2788146193784747,-0.6622568446244655,-0.30074817637059514
Hansebreen,2037-04-01,-0.4777098974429734,-0.10687062308606698,-0.6240711190290867
Hansebreen,2037-05-01,-0.28417919622004834,-0.6626958070432725,-0.23308037965338405
Hansebreen,2037-06-01,0.024399537452627112,-0.46691970982858594,-0.5521209595539927
Hansebreen,2037-07-01,0.014364373645716374,-0.3352049388013276,-0.43950046286931665
Hansebreen,2037-08-01,-0.7085084851306731,-0.37845437167773915,-0.4093950215549927
Hansebreen,2037-09-01,-0.8158225235765587,-0.3633137717159538,-0.3511920129778458
Hansebreen,2037-10-01,-0.026649292252343432,0.376885995383136,-0.4332731286545421
Hansebreen,2037-11-01,-0.5188688923928182,-0.4179427283980586,-0.8241328947333232
Hansebreen,2037-12-01,-0.3870619776247434,-0.14605523298488823,-0.503538037755662
Hansebreen,2038-01-01,-0.7488686748479291,-0.09588912250583485,-0.6035295995591904
Hansebreen,2038-02-01,-0.26864315281026574,-0.6273001126227901,-0.4973585522728307
Hansebreen,2038-03-01,-0.051741775225415565,-0.3922150184392252,-0.4404494674045572
Hansebreen,2038-04-01,-0.5549420295360442,-0.9783829427900427,-0.09666843803973035
Hansebreen,2038-05-01,-0.3452172972869419,-0.5184051765266816,-0.8558173194552768
Hansebreen,2038-06-01,-0.21749896472994448,-0.2478464177819346,-0.5364002899391916
Hansebreen,2038-07-01,-0.3428541172174692,-0.2696931280297979,-0.422697456546341
Hansebreen,2038-08-01,-0.20569256952156634,-0.09124537051939204,-0.5727250860966326
Hansebreen,2038-09-01,-0.12823173551328623,-0.4078105289717415,-0.23704136335956802
Hansebreen,2038-10-01,-0.3181655727377863,-0.4811121060416168,-0.17662057721052618
Hansebreen,2038-11-01,0.06215442868174803,-0.7064767701752164,0.20245804791836494
Hansebreen,2038-12-01,-0.9118295886193925,-0.27485323364597064,-0.19802566812225153
Hansebreen,2039-01-01,-0.2828233291477196,-0.14451631396574427,-0.30836359439563804
Hansebreen,2039-02-01,-0.6308473356397019,-0.8722686802851426,-0.08404401860303223
Hansebreen,2039-03-01,-0.5210245128794113,-0.8849632749754285,-0.7872076299766194
Hansebreen,2039-04-01,-0.39083510012729655,-0.694174429717199,-0.6324695749089028
Hansebreen,2039-05-01,-0.21221076778471515,-0.6091454172575155,-0.34714690335450155
Hansebreen,2039-06-01,-0.4254509436774148,-0.2326757456642586,-0.5932390452948951
Hansebreen,2039-07-01,-0.39013118757950743,-0.42300917462754967,-0.31519488401945034
Hansebreen,2039-08-01,-0.505328002587278,-0.28827542867029754,-0.5843212630373461
Hansebreen,2039-09-01,-0.6057850160607666,-0.3321269055412035,-0.4166709268543248
Hansebreen,2039-10-01,-0.7050097177005883,-0.2577450345173445,-0.16122902336980505
Hansebreen,2039-11-01,-0.3901804429243843,-0.5940278736465386,0.03249390610354189
Hansebreen,2039-12-01,-0.6065229901463827,-0.2077508853356528,-0.4951510897070288
Hansebreen,2040-01-01,-0.9081929205682061,-0.2324300320566294,0.4516975728183235
Hansebreen,2040-02-01,-0.8562473840859512,-0.6175862586275319,0.15330533995820764
Hansebreen,2040-03-01,-0.536735142419157,-0.19240204834148122,0.09653489228703592
Hansebreen,2040-04-01,-0.23426724521151895,-0.3547242661059052,-0.5910843162828082
Hansebreen,2040-05-01,-0.4337554629308274,-0.4273439246638144,-0.3903913083599455
Hansebreen,2040-06-01,-0.4073893618466613,-0.27922354385505804,-0.6004330521598004
Hansebreen,2040-07-01,-0.3810597319402454,-0.5922463586937728,-0.3790655613375451
Hansebreen,2040-08-01,-0.14930310219118137,-0.5032280553197143,-0.22864624115192642
Hansebreen,2040-09-01,-0.3686437361842816,-0.295391749101303,-0.14691735230919137
Hansebreen,2040-10-01,-0.4205609628026519,-0.13439935814832926,-0.24815792174245932
Hansebreen,2040-11-01,-0.1935010728094376,-0.14567912532594357,-0.1278241221846287
Hansebreen,2040-12-01,0.053396964620621136,-0.6685166216290318,-0.13909641665340056
Hansebreen,2041-01-01,-0.7371519120698271,-0.2488085104613739,-0.13976288933877778
Hansebreen,2041-02-01,-0.723347283490979,-0.2935442938435193,-0.6594455781086076
Hansebreen,2041-03-01,-0.4976762463183288,-0.6172069847737017,-0.1481163883817396
Hansebreen,2041-04-01,-0.28253250507681354,-0.11885445830413637,-0.5897872703635492
Hansebreen,2041-05-01,-0.5488251318491958,-0.660119654043844,-0.34500568875647253
Hansebreen,2041-06-01,-0.8414478496286714,-0.5127519841959082,-0.5062142400624471
Hansebreen,2041-07-01,-0.39827658651365433,-0.5485839880989107,-0.25536543684888513
Hansebreen,2041-08-01,-0.5078300506540542,-0.42819825357462515,-0.5271597378489686
Hansebreen,2041-09-01,-1.259480442795284,-0.38441501280091267,-0.30825896212341075
Hansebreen,2041-10-01,-0.46513206286565706,-0.40130608812446944,-0.194526354590019
Hansebreen,2041-11-01,-0.5232118628960002,0.0833035859040761,-0.6150668670722806
Hansebreen,2041-12-01,-0.63714042341068,-0.5538330373100494,-0.13389455265323838
Hansebreen,2042-01-01,-0.4018646689031058,-0.05949761659373398,0.2526123557930667
Hansebreen,2042-02-01,-0.5901130617677318,-0.0995485763632377,-1.1508025079112867
Hansebreen,2042-03-01,-0.5631941332955835,-0.16074411692623816,-0.32116042243121373
Hansebreen,2042-04-01,-0.42215482185615055,-0.31755792967992263,-0.7781779997799547
Hansebreen,2042-05-01,-0.7168827704513369,-0.3250473310076742,-0.7387262414170935
Hansebreen,2042-06-01,-0.5567033588986908,-0.5068312669813921,-0.3908238116525959
Hansebreen,2042-07-01,-0.038527033925874976,-0.4056031375319787,-0.39296558692101896
Hansebreen,2042-08-01,-0.602656636039357,-0.5015948475405253,-0.35249142187177496
Hansebreen,2042-09-01,-0.8275297958134787,-0.0287482210787021,-0.4881040866898571
Hansebreen,2042-10-01,-0.04506816344101253,-0.17334165413878636,-0.23058037026650324
Hansebreen,2042-11-01,-0.8129456433805845,-0.7229292557195768,-0.39324172758678433
Hansebreen,2042-12-01,0.09008792704167685,-0.4435001258229832,-0.5182623429157132
Hansebreen,2043-01-01,0.04778906288416703,-0.08273113569273617,-0.4397955705762695
Hansebreen,2043-02-01,0.2113962284009779,-0.6423259820746565,-0.20787166373997298
Hansebreen,2043-03-01,-0.33388765531144626,-0.19265866307893076,-0.03889491644968631
Hansebreen,2043-04-01,-0.31985584035841536,-0.4944288598891507,-0.8000573033399343
Hansebreen,2043-05-01,-0.8420920495778912,-0.13178115981968577,-0.273338022748906
Hansebreen,2043-06-01,-0.8081531637505869,-0.4663737699631681,-0.4150160623860877
Hansebreen,2043-07-01,-0.10070325205673146,-0.4380814269154218,-0.3342248954024034
Hansebreen,2043-08-01,-0.4677884402655271,-0.7022780780644141,-0.19274961724526252
Hansebreen,2043-09-01,-0.34723453976830276,-0.47388734324464554,-0.5471561467114459
Hansebreen,2043-10-01,-0.2825972807561962,-0.07705877449738356,0.10928100766841038
Hansebreen,2043-11-01,-0.330623974740677,-0.28419199534531764,-0.37313632224744026
Hansebreen,2043-12-01,-0.09933404382165582,-0.4514702466602764,-0.1883434005689101
Hansebreen,2044-01-01,-0.21626583779242003,-0.9081574344418573,-0.2092399220176849
Hansebreen,2044-02-01,0.21866099453254215,-0.18093127836033376,-0.10778967375523137
Hansebreen,2044-03-01,-0.7096821414036669,-0.20002116156272617,-0.9380949978653265
Hansebreen,2044-04-01,-0.1592230410014696,-0.3113348897300972,-0.6196676634644313
Hansebreen,2044-05-01,-0.5432944416011134,-0.6171309498132916,-0.589559194238464
Hansebreen,2044-06-01,-0.4066105152577415,-0.6244989360402866,-0.6529238061866557
Hansebreen,2044-07-01,-0.15662072455907552,-0.4846449058503115,-0.17848584287393846
Hansebreen,2044-08-01,-0.3224747112364837,-0.525226793137968,-0.2800426761295249
Hansebreen,2044-09-01,-0.8341534183259561,-0.3042284190944153,-0.35246536690420355
Hansebreen,2044-10-01,-0.6999796383438671,-0.5685185828957665,-0.36936338115359585
Hansebreen,2044-11-01,-0.3685409108790639,-0.3862361907741742,-0.7438300625513913
Hansebreen,2044-12-01,0.12112086103792719,-0.6539061636022914,-0.4576201136649483
Hansebreen,2045-01-01,-0.20033171867546043,-0.4688199363868948,-0.7293080348753705
Hansebreen,2045-02-01,0.0549725134020965,-1.048728888001207,-0.3773139742421184
Hansebreen,2045-03-01,-0.3007579072496931,-0.4534159069743094,-0.5018700464292934
Hansebreen,2045-04-01,-0.3808650050007678,-0.24130181218623836,-0.48311886777621266
Hansebreen,2045-05-01,-0.17105987698753575,-0.5869366675828919,-0.52176426524112
Hansebreen,2045-06-01,-0.38302006458097654,-0.591853958727674,-0.21951329780377118
Hansebreen,2045-07-01,-0.6170597702224101,-0.03407083065729658,-0.23634787878682806
Hansebreen,2045-08-01,-0.3790352990976121,-0.14334424253376363,-0.23110455051859388
Hansebreen,2045-09-01,-0.10183289634011283,-0.24908024246739144,-0.3243736823619409
Hansebreen,2045-10-01,-0.2605172780223058,-0.008454337217247754,-0.35967941319406976
Hansebreen,2045-11-01,-0.3716044127886223,-0.8876716801381456,-0.28604993824119523
Hansebreen,2045-12-01,-0.5416409274356736,-0.3293178611798699,-0.5038954359325463
Hansebreen,2046-01-01,-0.34614485813684287,-0.6852572998130334,-0.2724847546909343
Hansebreen,2046-02-01,-0.8842760555984851,-0.8127365016790257,0.0970604609674891
Hansebreen,2046-03-01,-0.9497433544068258,-0.4297144638404468,-0.5893101021459207
Hansebreen,2046-04-01,-0.44550124471084035,0.030102865841974507,-0.2409675629654786
Hansebreen,2046-05-01,-0.19934885842115416,-0.03094074278159849,-0.41649362147765795
Hansebreen,2046-06-01,-0.3854475384456353,-0.33455050422373395,-0.28358430526077455
Hansebreen,2046-07-01,-0.3675572078372202,-0.3306337363818699,-0.835679195125515
Hansebreen,2046-08-01,-0.25131091522133425,-0.12549069861332898,-0.0722689016894652
Hansebreen,2046-09-01,-0.5682365014341823,-0.3818168497013727,-0.5230195481155836
Hansebreen,2046-10-01,-0.06845937488598679,-0.3560864127350846,-0.4630202786068667
Hansebreen,2046-11-01,-0.819410574549146,-0.04003762912090473,-0.5535188878511113
Hansebreen,2046-12-01,-0.2770286469701488,-0.3957952611321061,-0.5266469264897191
Hansebreen,2047-01-01,-0.4861902380788972,-0.4823134004051031,0.2250261901820115
Hansebreen,2047-02-01,-0.909802335964185,-0.04739771015461384,0.013430198808578134
Hansebreen,2047-03-01,-0.15304862394926835,-0.3355101200667874,-0.1776158986722222
Hansebreen,2047-04-01,-0.6155727465322348,-0.593622083468607,-0.10061154561101064
Hansebreen,2047-05-01,-0.3723157619748572,-0.6730122487992852,-0.4979724343831824
Hansebreen,2047-06-01,-0.47791772107936503,-0.2933279197651901,-0.6956646542608524
Hansebreen,2047-07-01,-0.09546781424262092,-0.47266114967880685,-0.40927513652383435
Hansebreen,2047-08-01,-0.3515330327255717,-0.744933836559027,-0.59549121502444
Hansebreen,2047-09-01,-0.3771340855448771,-0.774144960244005,0.0804331297961861
Hansebreen,2047-10-01,-0.5057784663272623,-0.3569827162467097,-0.22307729877668017
Hansebreen,2047-11-01,-0.7958758304673923,-0.08162306399077968,-0.5062006470406172
Hansebreen,2047-12-01,-0.3616026266887455,-0.25391061357637806,-0.8278644185937822
Hansebreen,2048-01-01,-0.6441870435788712,-0.39684259540644423,0.0641916076146627
Hansebreen,2048-02-01,-0.7572196006958826,0.24311794931725803,0.61864975244384
Hansebreen,2048-03-01,-0.3789736545807725,-0.03384421132333663,-0.3323467085269435
Hansebreen,2048-04-01,-0.6651401482446645,0.02325430480716728,-0.30705178719462717
Hansebreen,2048-05-01,-0.818119349688118,-0.5670692588957978,-0.46468101352739327
Hansebreen,2048-06-01,-0.426779746413358,-0.769423660849813,-0.509345456167419
Hansebreen,2048-07-01,-0.4570525848268303,-0.6939486697832238,-0.4274634557412312
Hansebreen,2048-08-01,-0.23257236497017142,-0.5106687718298967,-0.5559830892393602
Hansebreen,2048-09-01,-0.6087335470062208,-0.28614805145802596,-0.5233229448682288
Hansebreen,2048-10-01,0.19939320855244258,-0.8943585713523289,-0.15079080926605393
Hansebreen,2048-11-01,-0.49379269358731576,-0.33492286379797065,-0.5388351647074514
Hansebreen,2048-12-01,0.003542892736395964,-0.10386406076898265,-0.48336585337142873
Hansebreen,2049-01-01,-0.34137468676126975,-0.3531012090697627,-0.5042795085980658
Hansebreen,2049-02-01,0.11221812714419761,-0.6563460327795153,-0.40984571506838313
Hansebreen,2049-03-01,0.010513798285438228,-0.20232336769924633,-0.12397894455906415
Hansebreen,2049-04-01,-0.181231216251083,-0.35442465715801424,-0.15594193172293128
Hansebreen,2049-05-01,-0.5924998567859332,-0.44646460260938053,-0.45309674137295114
Hansebreen,2049-06-01,0.061241054845161146,-0.37358002250940686,-0.7497647226059434
Hansebreen,2049-07-01,-0.7094501810733536,-0.5002608112459465,-0.20523594121714397
Hansebreen,2049-08-01,-0.4222660670081371,-0.5723943888410344,-0.052893566290176386
Hansebreen,2049-09-01,-0.22861782768557884,-0.920483403368098,-0.6593162616297498
Hansebreen,2049-10-01,-0.2791969390846912,-0.3630600681936004,-0.6782377886690346
Hansebreen,2049-11-01,-0.1736510670391563,-0.3003620821339748,-0.6478556301111543
Hansebreen,2049-12-01,-0.6972386657430975,-0.3940046497383143,-0.5766706000464698
Hansebreen,2050-01-01,-0.4094080529512916,-0.12670394352073883,-0.04104434439828386
Hansebreen,2050-02-01,-0.8826896489434631,-0.05513835653186614,-0.36942235075218877
Hansebreen,2050-03-01,-0.7664539036007487,-0.4611068381437829,-0.43558233167935406
Hansebreen,2050-04-01,-0.6671996277057657,-0.48211146746899775,-0.20444428386131397
Hansebreen,2050-05-01,-0.08295784420366607,-0.5643123149100254,0.08669887833001148
Hansebreen,2050-06-01,-0.20627980934914877,-0.26686530014451604,-0.578369924070793
Hansebreen,2050-07-01,-0.27848751437614777,-0.3112141959822386,-0.41036528084266427
Hansebreen,2050-08-01,-0.38332275162924895,-0.523318131290687,-0.2477110747195833
Hansebreen,2050-09-01,-0.3050534318567002,-0.3722330816639475,-0.7339703589536714
Hansebreen,2050-10-01,0.041790343129996244,-0.8219532137629132,-0.6060813210019286
Hansebreen,2050-11-01,-0.575115587435571,-0.42721764270484197,-0.29980734455631536
Hansebreen,2050-12-01,-0.1907598977790632,-0.14794698116573957,-0.047126143039668444
Hansebreen,2051-01-01,0.13380751085084627,-0.8603075430732746,-0.6717577685970918
Hansebreen,2051-02-01,-0.7684196423940722,-0.8871788674215928,-0.9057610620686484
Hansebreen,2051-03-01,-0.36779221836585957,-0.39186903166126025,-0.21836093173749527
Hansebreen,2051-04-01,-0.6897737114314859,-0.5180560306142684,-0.3552097279519149
Hansebreen,2051-05-01,-0.003085563247107681,-0.3176607445315003,-1.1698327984284764
Hansebreen,2051-06-01,-0.19550129021028584,-0.7138780505399579,-0.11044046722008348
Hansebreen,2051-07-01,-0.4505571818906768,-0.3352318161814485,-0.5148548398567696
Hansebreen,2051-08-01,-0.35233383793036216,-0.3096576284588257,-0.4469572887409041
Hansebreen,2051-09-01,-0.101260849840268,-0.5309440168495115,-0.3281720452754567
Hansebreen,2051-10-01,-0.01377477965588784,-0.3023260434115839,-0.6578721607985546
Hansebreen,2051-11-01,-0.48866806812971825,-0.9526814973974685,-0.39857516148222977
Hansebreen,2051-12-01,-0.6076119689789162,-0.6945018750727581,0.05817338276279305
Hansebreen,2052-01-01,-0.5929343587667074,0.08732528662656659,-0.1528393005812555
Hansebreen,2052-02-01,-0.32294012778944564,-0.19742740987133878,-0.6215174831046517
Hansebreen,2052-03-01,-0.12531541298455992,-0.5636721485192484,-0.3775131700223082
Hansebreen,2052-04-01,-0.061585862311016114,-0.23116247275546709,-0.28407508719464025
Hansebreen,2052-05-01,-0.6678262104510893,-0.790791568008013,-0.3526602104855083
Hansebreen,2052-06-01,-0.4973780221704027,-0.6243612958733845,-0.5824151715750693
Hansebreen,2052-07-01,-0.21510711658125592,-0.7055234304536485,-0.3294430091872158
Hansebreen,2052-08-01,-0.04915968539760825,-0.6542047969827999,-0.6203476660701578
Hansebreen,2052-09-01,-0.4170363178604199,-0.629283632394603,-0.603252063351023
Hansebreen,2052-10-01,-0.6678112391558685,-0.614705664788555,-0.11465621435883085
Hansebreen,2052-11-01,-0.888186712374473,-0.6388344366800601,-0.04836305443276778
Hansebreen,2052-12-01,-0.4464360839539831,-0.6870949187674271,-0.39685673605348537
Hansebreen,2053-01-01,-0.06440844308096143,-0.8563223009585537,-0.22959971239904312
Hansebreen,2053-02-01,-0.4745617312407186,-0.9722967313278116,-0.010429334332337151
Hansebreen,2053-03-01,-0.7116224339717144,-0.8231363019020694,-0.13684260174252402
Hansebreen,2053-04-01,-0.5142057279756225,-0.5010188422521616,-0.5512128768985273
Hansebreen,2053-05-01,-0.2492211360595292,-0.5087905139977066,-0.5712476593487282
Hansebreen,2053-06-01,-0.17127896317533745,-0.6591877966533098,-0.7629346633672446
Hansebreen,2053-07-01,-0.5893339633701911,-0.19259585234757873,-0.37684678804628646
Hansebreen,2053-08-01,-0.11846652106081289,-0.20948113743943322,-0.6959033294678014
Hansebreen,2053-09-01,-0.5557044274959729,-0.6949228929053382,-0.5429650125235952
Hansebreen,2053-10-01,-0.7143432644274516,-0.6342337258917671,-0.4434384573673358
Hansebreen,2053-11-01,-0.4163445534790904,-0.04366692397801967,-0.7106514752641709
Hansebreen,2053-12-01,-0.6288192200905095,0.22009155400807093,-0.18944339484521955
Hansebreen,2054-01-01,-0.4216896955036172,-0.4542786535407801,-0.49705936735654505
Hansebreen,2054-02-01,-0.36180462337724045,-0.7408494265885172,-0.5690066112154225
Hansebreen,2054-03-01,-0.7620238054477128,-0.9609890317248215,-0.34964709924125675
Hansebreen,2054-04-01,-0.24149014292836304,-0.08082748922308813,-0.42523985671274617
Hansebreen,2054-05-01,-0.6287442961749924,-0.022414508913684888,-0.1927721080234356
Hansebreen,2054-06-01,-0.10212015898445936,-0.7985152992295665,-0.29671537368556605
Hansebreen,2054-07-01,-0.4674977036006611,-0.46867820834597923,-0.635475195801171
Hansebreen,2054-08-01,-0.4310565101058165,-0.4443144697784531,-0.20733729673148737
Hansebreen,2054-09-01,-0.5940088553360867,-0.27776461832964355,0.07517406663742064
Hansebreen,2054-10-01,-0.42144447827006903,-0.7863768087370397,-0.2641478905544444
Hansebreen,2054-11-01,-0.2709829294592657,-0.6122263496344869,0.02940624715092799
Hansebreen,2054-12-01,-0.35247083772325233,-0.6295441578821024,-0.2429488665988114
Hansebreen,2055-01-01,-0.15463753578932202,-0.15531941876813646,-0.48475779428153265
Hansebreen,2055-02-01,0.231139681584418,-0.003585461921340738,0.07798712963475625
Hansebreen,2055-03-01,-0.10429873499484572,-0.06766499127156361,-0.23774517212089283
Hansebreen,2055-04-01,-0.3604055430295439,-0.2022751222147224,-0.21577214610916942
Hansebreen,2055-05-01,-0.3330064502021896,-0.5540064202919771,-0.19701925636301823
Hansebreen,2055-06-01,-0.44784242337183205,-0.29174023006013333,-0.2097694127345018
Hansebreen,2055-07-01,-0.3404519718611095,-0.5847103903971977,-0.6131378067420269
Hansebreen,2055-08-01,-0.27043106826656876,-0.47939597999359057,-0.5589027437237234
Hansebreen,2055-09-01,-0.10644747509046633,0.07217967873764036,-0.07224450589357878
Hansebreen,2055-10-01,-0.11449149064199848,-0.8144864866029367,-0.5044862525215973
Hansebreen,2055-11-01,0.12217456822619512,-0.4129838593366,-0.28720530684979023
Hansebreen,2055-12-01,-0.7169951437914174,-0.26855246150543893,-0.25094294978570314
Hansebreen,2056-01-01,-0.07268743209942474,-0.8449688050650396,-0.45434411401722025
Hansebreen,2056-02-01,-0.1827194897352684,-0.6232326440630602,0.023616292807118817
Hansebreen,2056-03-01,-0.39371097179888487,-0.43129744948952986,-0.6010919588468072
Hansebreen,2056-04-01,-0.8062352651336173,-0.1951116995287753,-0.3113357167974638
Hansebreen,2056-05-01,-0.5476687582798035,-0.06478364051879877,-0.5579864777561641
Hansebreen,2056-06-01,-0.4127841421108269,-0.4324018350652745,-0.3435502616394866
Hansebreen,2056-07-01,0.03849069374118239,-0.30291192139439627,-0.8201611962624091
Hansebreen,2056-08-01,-0.2505998455799853,-0.30261837797165925,-0.6867872457618146
Hansebreen,2056-09-01,-0.10456260231883967,-0.25924664189486235,-0.15594353063030586
Hansebreen,2056-10-01,-0.027799929262650624,-0.2393961754355114,0.3149953394449789
Hansebreen,2056-11-01,-0.41225335051948075,-0.11885466625743153,0.2094983735037345
Hansebreen,2056-12-01,-1.0130552412605784,0.07787841426584297,-0.11529890279949839
Hansebreen,2057-01-01,-0.8316843434379194,-0.24224053253016464,-0.7127759542082815
Hansebreen,2057-02-01,-1.2542260321251035,-0.7462486077811089,-0.18716268516745202
Hansebreen,2057-03-01,-0.9322463508600016,-0.6266175729401485,-0.31851021138671715
Hansebreen,2057-04-01,-0.6641282323532688,-0.3470290420919295,-0.4113912917835021
Hansebreen,2057-05-01,-0.5052509236584295,-0.48046191844541486,-0.6414160050451526
Hansebreen,2057-06-01,-0.6836225055410853,-0.19959611294234728,-0.15529845300471903
Hansebreen,2057-07-01,-0.6577678122488099,-0.47731229074626275,-0.625670496611506
Hansebreen,2057-08-01,-0.29672021375126645,-0.3985690311367902,-0.705838754321859
Hansebreen,2057-09-01,-0.5020104070645043,-0.02055207846532714,-0.4035151578644632
Hansebreen,2057-10-01,-0.5510086260221488,-0.12642686080287066,-0.18007492804902306
Hansebreen,2057-11-01,-0.562355015704738,-0.32154212520788666,-0.07365429159328891
Hansebreen,2057-12-01,-0.7221316928210927,-0.05028016893150019,-0.37502750360796266
Hansebreen,2058-01-01,-0.6829829880124961,-0.11824986478975093,-0.8718344063439183
Hansebreen,2058-02-01,-0.3680787941246256,-0.987631496038104,-0.8742311391268968
Hansebreen,2058-03-01,-0.6631215101853267,-0.37248229715100645,-0.6751425676090838
Hansebreen,2058-04-01,-0.0015247393703896606,-0.1769912241140378,-0.0579834083054539
Hansebreen,2058-05-01,-0.36865376036414804,-0.34737970649011635,-0.500384171092422
Hansebreen,2058-06-01,-0.3982948680701239,-0.7202787864110481,-0.5231255929189672
Hansebreen,2058-07-01,-0.2476053211284006,-0.9176202582854803,-0.378707157517721
Hansebreen,2058-08-01,-0.004371063860778124,-0.49722914052078027,-0.42597356034492534
Hansebreen,2058-09-01,-0.15177120480744924,-0.359367298812308,-0.4208413349019065
Hansebreen,2058-10-01,-0.25273622447514454,-0.2450788944374843,0.21049788866032748
Hansebreen,2058-11-01,-0.15571188894154306,-0.7546248299527759,-0.0974511927958334
Hansebreen,2058-12-01,-0.02877366555492165,-0.2875690881514415,-0.40816802342426756
Hansebreen,2059-01-01,-0.26268283611391186,-0.7488776891292447,-0.31004411415275707
Hansebreen,2059-02-01,0.062359215387992585,-0.4112117729508751,-0.7916378863328811
Hansebreen,2059-03-01,-1.0994749319184867,-0.48091987824144083,-0.19906201484021754
Hansebreen,2059-04-01,-0.17051803029285137,-0.4296410025568414,-0.7451543629893526
Hansebreen,2059-05-01,0.02269177844512447,-0.40465466430994534,-0.1563398975493091
Hansebreen,2059-06-01,-0.6439962202606677,-0.13960134163183538,-0.4085194064212394
Hansebreen,2059-07-01,-0.6062711903155247,-0.45098424861540526,-0.4925495613128617
Hansebreen,2059-08-01,-0.5079801901911302,-0.3604185992609989,-0.490701437274837
Hansebreen,2059-09-01,-0.257543775198136,-0.6862694514905748,-0.06731885279702803
Hansebreen,2059-10-01,-0.2908820723665103,-0.5443415876304428,-0.45693556093975535
Hansebreen,2059-11-01,-0.32595251981406137,-0.1046876893389419,-0.4278285749448183
Hansebreen,2059-12-01,-0.23789411327305843,-0.20587675870669905,-0.11355849584352502
Hansebreen,2060-01-01,0.1337237311842364,-0.4264785801105792,0.13799047604330025
Hansebreen,2060-02-01,0.046437632026356424,-0.35395894595056077,0.13587736984306478
Hansebreen,2060-03-01,-0.24564144296208004,-0.45592616956548193,-0.004356596341112388
Hansebreen,2060-04-01,-0.4499934352688218,-0.4890525328748116,-0.7246693142482102
Hansebreen,2060-05-01,-0.4426047303288417,-0.4613776350783514,-0.014779061988880904
Hansebreen,2060-06-01,-0.15489465198912525,-0.38544308774525726,-0.3309183924813705
Hansebreen,2060-07-01,-0.08976584699447633,-0.303139576164462,-0.3551655164027863
Hansebreen,2060-08-01,-0.3470649699050619,-0.4345334665643022,-0.16592013682227444
Hansebreen,2060-09-01,-0.17729325934886395,-0.24804042229845769,-0.28091296399942073
Hansebreen,2060-10-01,-0.7112336034724249,-0.5407048665262368,-0.5471078690153077
Hansebreen,2060-11-01,-0.6335153932979307,-0.39383025217765316,-0.2654769145773613
Hansebreen,2060-12-01,-0.036751149404077164,-0.41995183690433024,-0.5567442447446301
Hansebreen,2061-01-01,-0.3154351280609531,-0.6962704168179247,-0.5785650207529777
Hansebreen,2061-02-01,-0.6912965060354231,-0.5843111992372269,-0.5886956039450323
Hansebreen,2061-03-01,-0.8101367255750391,-0.42953062625956756,-0.1492917990288197
Hansebreen,2061-04-01,-0.5499198227834309,-0.4948910206511215,-0.4141976845654813
Hansebreen,2061-05-01,-0.3302234721233868,-0.3716119386580938,-0.7096905519019429
Hansebreen,2061-06-01,-0.32696040716721314,-0.16034644226842706,-0.586212769732817
Hansebreen,2061-07-01,-0.49699919215963756,-0.2870457436061497,-0.5347612901220267
Hansebreen,2061-08-01,-0.23932368991034592,-0.5691671774653845,-0.3028874747400392
Hansebreen,2061-09-01,-0.3322480939962938,-0.5401344892857413,-0.5619990269680413
Hansebreen,2061-10-01,0.15759386974117762,-0.32725961993476904,-0.5949527829306372
Hansebreen,2061-11-01,-0.6161274368362699,-0.39836093563339436,-0.6372666097738338
Hansebreen,2061-12-01,-0.8848451583497328,-0.3134428591933187,-0.4112470452165135
Hansebreen,2062-01-01,-0.6871907431311707,-0.6003135069623743,-0.32580352641338745
Hansebreen,2062-02-01,-0.8480634791738412,-0.5617007393739937,0.07229256195864064
Hansebreen,2062-03-01,-0.5373158993816919,-0.24874033720417374,-0.489741123436605
Hansebreen,2062-04-01,-0.32614002672749504,-0.4543994744768917,-0.2641075170172953
Hansebreen,2062-05-01,-0.08336322551193531,-0.6369887472277297,-0.19450232679709076
Hansebreen,2062-06-01,-0.3395796600317689,-0.8682976101267087,-0.48071164151789275
Hansebreen,2062-07-01,-0.1594038751915723,-0.5603984866369945,-0.44155149154231205
Hansebreen,2062-08-01,-0.43898110963375103,-0.9018697822008482,-0.41887537610799236
Hansebreen,2062-09-01,-0.4719891906084888,-0.300239985798561,-0.4038073429458975
Hansebreen,2062-10-01,-0.49569761069769225,-0.27518222855934577,-0.5880323865721339
Hansebreen,2062-11-01,-0.809849953031903,-0.45966400651942396,-0.6123908566934864
Hansebreen,2062-12-01,-0.5905438187738619,-0.18883619337875665,-0.6185394255681286
Hansebreen,2063-01-01,0.6504741264495437,-0.7828522804110478,-0.4157372141214224
Hansebreen,2063-02-01,-1.0277764374667746,-0.4715887952221561,-0.4922506958156705
Hansebreen,2063-03-01,-0.6626843536905599,-0.3704004033710587,-0.4639330873369925
Hansebreen,2063-04-01,0.06139260911425115,-0.4875765322074466,-0.7955224454878578
Hansebreen,2063-05-01,-0.8100921709054134,-0.5444185751219459,-0.20736866788021904
Hansebreen,2063-06-01,-0.6468675993352587,-0.3725205149383601,-0.1820279276807063
Hansebreen,2063-07-01,-0.8073703805608624,-0.7554326911607786,-0.3295553532265989
Hansebreen,2063-08-01,-0.23100195409652316,-0.3562901631359761,-0.5012690420811919
Hansebreen,2063-09-01,-0.3966415183112261,-0.629429170067176,-0.30885870403090976
Hansebreen,2063-10-01,-0.260123918762908,-1.2629829141868034,-0.2990386136529343
Hansebreen,2063-11-01,-0.46282063420208575,-0.14343854745683673,-0.2390869749957835
Hansebreen,2063-12-01,-0.07065364206791147,-0.9615561034787709,-0.5254105978662056
Hansebreen,2064-01-01,-0.5900081304734793,-0.6437199102562101,-0.6393529920868845
Hansebreen,2064-02-01,-0.2643044224299825,-0.37193713762972186,-0.963811675520048
Hansebreen,2064-03-01,0.00729253688132403,-0.43448649108476384,-0.0921842653077077
Hansebreen,2064-04-01,-0.26370871982524974,-0.6853913700822809,0.2808029444101198
Hansebreen,2064-05-01,-0.3316823686319225,-0.48410918127527897,-0.26696534109933484
Hansebreen,2064-06-01,-0.3950544997960937,-0.817655277325016,-0.060810002334568104
Hansebreen,2064-07-01,-0.4349345349406118,-0.8536229653866133,-0.20504742301543008
Hansebreen,2064-08-01,-0.25287988810750134,-0.44222363493781014,-0.5513412789407209
Hansebreen,2064-09-01,-1.010362448464078,-0.3305531257234601,-0.7414045444144755
Hansebreen,2064-10-01,-0.6603330464118325,-0.18043644375709314,-0.20634387450254518
Hansebreen,2064-11-01,-0.337371906947099,-0.2775912632887318,-0.7845100512303116
Hansebreen,2064-12-01,-0.41088722570132097,-0.757923047486566,-0.589662056581368
Hansebreen,2065-01-01,-0.808867316135335,-0.6299032525181487,-1.2668945885434948
Hansebreen,2065-02-01,-0.46262779046699953,-0.11700188058308991,-0.9126827417954457
Hansebreen,2065-03-01,-0.9356253775062923,-1.1001201983880005,-0.14926084603752535
Hansebreen,2065-04-01,-0.508133719952957,-0.24341400015383785,-0.45582147638104464
Hansebreen,2065-05-01,-0.6293836137188421,-0.7538071191634638,-0.30793179480715227
Hansebreen,2065-06-01,-0.8295760782790116,-0.8075693966979401,-0.5402577245470626
Hansebreen,2065-07-01,-0.4874561250266633,-0.7404190504026037,-0.8168067125133228
Hansebreen,2065-08-01,-0.3407448777906008,-0.4208784931332315,-0.680730425312963
Hansebreen,2065-09-01,-0.34750344686333207,-0.5833424418189319,-0.4062513921465137
Hansebreen,2065-10-01,-0.4740698719089453,-0.6022674717927924,-0.5116292053954178
Hansebreen,2065-11-01,-0.39393565072585063,-0.7846134548450804,-0.5699403261924899
Hansebreen,2065-12-01,-0.381354339233311,-0.5625920628989116,-0.8359472744837687
Hansebreen,2066-01-01,-0.5287804693737045,-0.6171373528902787,-0.10855161927637984
Hansebreen,2066-02-01,-0.64413260848032,-1.0253265645080505,-0.7709777255976231
Hansebreen,2066-03-01,-0.07594388049836698,-0.30465799380267183,-0.7855657267390423
Hansebreen,2066-04-01,-0.16025348058036637,-0.4631106770649876,-0.5354465901074096
Hansebreen,2066-05-01,-0.20436891135490062,-0.5414246692395529,0.17062228483894235
Hansebreen,2066-06-01,-0.34851799992182236,-0.4008306180442636,-0.2981326767993145
Hansebreen,2066-07-01,-0.2252394823095801,-0.7807000094517167,-0.21522402251015058
Hansebreen,2066-08-01,-0.3654190733702645,-0.5807864763429441,-0.23771758186770284
Hansebreen,2066-09-01,-0.7544333470642517,0.01517299731308791,-0.3815739799819508
Hansebreen,2066-10-01,-0.3850688230673711,-0.2833321621932308,-0.5982627891075841
Hansebreen,2066-11-01,0.12624313981177984,-0.4258873659063031,-0.7238927721469167
Hansebreen,2066-12-01,-0.4853207748623472,-0.389305269669856,-0.5254254925262879
Hansebreen,2067-01-01,-0.4623594438963019,-0.2938324325587738,-1.118377505989921
Hansebreen,2067-02-01,-0.17637740273267047,-0.15374169550652886,-0.3754994808223893
Hansebreen,2067-03-01,-0.5972967676305131,-0.2551971057291747,-0.41742335798422553
Hansebreen,2067-04-01,-0.5529982856764918,-0.4069971712260287,-0.8986940420931706
Hansebreen,2067-05-01,-0.5224272563929259,-0.59734122543819,-0.7081925810233196
Hansebreen,2067-06-01,-0.5495631763024356,0.11554144306877724,-0.7823632395174238
Hansebreen,2067-07-01,-0.3495000279084817,-0.5438023575360397,-0.6267730892667681
Hansebreen,2067-08-01,-0.6847410717495656,-0.2612278278671922,-0.8220841201014192
Hansebreen,2067-09-01,-0.5715299183006021,-0.27485642213686917,-0.685644603635871
Hansebreen,2067-10-01,-0.35793435114182753,-0.006846371059820518,0.0434959821443763
Hansebreen,2067-11-01,-0.7316671974523836,-0.05523574407319979,-0.8140437883783801
Hansebreen,2067-12-01,-0.37594780537171585,-0.4337922408868158,-0.5253091591381203
Hansebreen,2068-01-01,-0.5097313358376566,-0.096780250318797,-0.22229868364023767
Hansebreen,2068-02-01,-0.2588577072819576,-0.1247094700682974,-0.7357056258935386
Hansebreen,2068-03-01,-0.5805880857488291,-0.7813810041626716,-0.5564722337140752
Hansebreen,2068-04-01,-0.5122269708413346,-0.695684264717305,-0.4278522275575825
Hansebreen,2068-05-01,-0.44695708965464737,-0.687400162856289,-0.2451849495552386
Hansebreen,2068-06-01,-0.3619030367754498,-0.553449275854552,-0.610538493893773
Hansebreen,2068-07-01,-0.665194071692934,-0.4861950523965799,-0.7317569956667554
Hansebreen,2068-08-01,-0.37165916803607857,-0.33247756065377276,-0.28838875109524736
Hansebreen,2068-09-01,-0.46696604410036446,-0.4546715911552402,-0.24368747727058973
Hansebreen,2068-10-01,-0.032963488694367715,-0.4814683748590436,-0.5834128334478604
Hansebreen,2068-11-01,-0.16067279407340193,-0.5638292545518753,-0.25901792109139227
Hansebreen,2068-12-01,-0.7526680319484504,-0.4397705220267379,-0.5916278002789407
Hansebreen,2069-01-01,-0.39771148536407325,-0.7961136351561966,-0.8055008667612844
Hansebreen,2069-02-01,-0.1378055624221607,-0.9576900468654935,-0.7882230343807773
Hansebreen,2069-03-01,-0.35067331978086735,-0.4422768647953254,0.028365722008594108
Hansebreen,2069-04-01,-0.4239300762247824,-0.54381861813023,-0.7072940091522245
Hansebreen,2069-05-01,-0.4368504852859252,-0.5732712428822959,-0.27544689437073094
Hansebreen,2069-06-01,-0.09448002927787862,-0.9198479183648951,-0.7928778791841746
Hansebreen,2069-07-01,-0.35207922889286936,-0.3466548421332926,-0.5053913923299743
Hansebreen,2069-08-01,-0.5784660345878198,-0.3149858804948786,-0.3393081275874894
Hansebreen,2069-09-01,-0.4180392344109431,-0.3565515558232479,-0.6847439264867822
Hansebreen,2069-10-01,-0.3587529710567483,-0.6092626682908588,-0.7631064012904792
Hansebreen,2069-11-01,-0.5501508755530552,-0.41111576266421596,-0.7858016905979245
Hansebreen,2069-12-01,-0.12678073145385038,-1.0436432863161775,-0.8781123286293432
Hansebreen,2070-01-01,-0.44696029374431073,-0.6996756576115889,-0.3905176087171098
Hansebreen,2070-02-01,-0.4988961838029075,-0.6097643459419729,-0.08828700601837107
Hansebreen,2070-03-01,-0.5129201528603243,-0.13597340849020387,0.04154746695075936
Hansebreen,2070-04-01,-0.038831315719486136,-0.7723567432659789,-0.3090041754873314
Hansebreen,2070-05-01,-0.5284293804329496,-0.7651926196419371,-0.5492243986741747
Hansebreen,2070-06-01,-0.444708993502456,-0.25858897993561136,-0.8908332429865881
Hansebreen,2070-07-01,-0.1763670460885207,-0.41222610937930293,-0.590778049115818
Hansebreen,2070-08-01,-0.11413239563406068,-0.3295807416902296,-0.6942200674601139
Hansebreen,2070-09-01,-0.04322018397040428,-0.6274839884271503,-0.9146012704857812
Hansebreen,2070-10-01,-0.385117132435328,-0.38571417062323715,-0.3361375271073295
Hansebreen,2070-11-01,0.12868233117650363,-0.8370737748690145,-0.20952056605864522
Hansebreen,2070-12-01,-0.21981147839675752,-0.09291137703027419,-0.25620028266860256
Hansebreen,2071-01-01,-0.5378023162958026,-0.3125027811703958,-0.33593076598611676
Hansebreen,2071-02-01,-0.7934070068331277,-0.5489786147043705,-0.6566690762570945
Hansebreen,2071-03-01,-0.7044826761285125,-0.2007247439341975,-0.6323146137501844
Hansebreen,2071-04-01,-0.09363600180958061,-0.6249991466642874,-0.47095302267221967
Hansebreen,2071-05-01,-0.5300041765446398,-0.4805032581762732,-0.3177957349275466
Hansebreen,2071-06-01,-0.9445206843099917,-0.17768018232430952,-0.5026184366767035
Hansebreen,2071-07-01,-0.6837656373560002,-0.44810511921261376,-0.4960433195025778
Hansebreen,2071-08-01,-0.4993658454377714,-0.7502388276898543,-0.48263374028855965
Hansebreen,2071-09-01,-0.7864358046241883,-0.48388270422755125,-0.4562300134944331
Hansebreen,2071-10-01,-0.4954511543947436,-1.0067577925241842,-0.5180457555056347
Hansebreen,2071-11-01,-1.243765132775532,-0.36123303255029643,-0.6197724106639538
Hansebreen,2071-12-01,-0.2674595926256928,0.19994622525378603,-0.685058091870787
Hansebreen,2072-01-01,-0.13124274896929497,-0.601079639227147,-0.3855925381421
Hansebreen,2072-02-01,0.18768708057999425,-0.2585988286486644,-0.527245862189535
Hansebreen,2072-03-01,-0.2711588605007554,-0.3449635377765196,-0.5979029945881319
Hansebreen,2072-04-01,-0.5717359862583438,-0.8181306135592354,-0.2424629173313814
Hansebreen,2072-05-01,-0.6021543644977749,0.016461958943846406,-0.603373604908769
Hansebreen,2072-06-01,-1.0272897967473409,-0.6039327826609683,-0.019949193650145764
Hansebreen,2072-07-01,-0.2605568712197874,-0.7422194285544359,-0.18717406447464383
Hansebreen,2072-08-01,-0.791993860121868,-0.4744997124670687,-0.4409049364515512
Hansebreen,2072-09-01,-0.6176888704132488,-0.3880288504422616,-0.25318508048857163
Hansebreen,2072-10-01,-0.9703167392773425,-0.5121589795691524,0.2770668820484608
Hansebreen,2072-11-01,-0.4303597396450562,-0.12037082628708921,-0.7875428150475425
Hansebreen,2072-12-01,-0.5947520909471687,-0.42167690018189297,-0.34407431973008035
Hansebreen,2073-01-01,-0.6573097194859318,-0.7416120464049506,-0.31411117042633513
Hansebreen,2073-02-01,-0.4901938448283694,-0.7034891325623556,-1.032308997651404
Hansebreen,2073-03-01,-0.4989896628309813,-0.269902299922217,-0.7165312077968938
Hansebreen,2073-04-01,0.057142123804998855,-0.7219482463358194,-0.3798398190637586
Hansebreen,2073-05-01,-0.17518588163828938,-0.6612367417432813,-0.36247322048125613
Hansebreen,2073-06-01,-0.70818712359854,-0.2796764564338142,-0.21311680311612644
Hansebreen,2073-07-01,-0.19195603999041455,-0.48401310927425767,-0.5292223027415747
Hansebreen,2073-08-01,-0.3335417880618685,-0.2420600228927865,-0.4124215814292132
Hansebreen,2073-09-01,-0.45687849314986156,-0.2665140734283125,-0.2431956382276288
Hansebreen,2073-10-01,-0.6128698589520551,-0.3113265450902716,-0.7029367329411415
Hansebreen,2073-11-01,-0.2836454184675769,-0.2599613867749115,-0.5218797948297677
Hansebreen,2073-12-01,-0.5702925034762034,-0.8259689659323955,-0.28821497864544776
Hansebreen,2074-01-01,-0.7229452691583867,-0.47101470982036847,-0.18819710565468264
Hansebreen,2074-02-01,-0.4832458116513802,-0.6764440370696726,-0.8746128044670859
Hansebreen,2074-03-01,-0.34881480942994125,-0.8604021932586404,-0.689388773356637
Hansebreen,2074-04-01,-1.0596535988003255,-0.3319195015787794,-0.5972341393728048
Hansebreen,2074-05-01,-0.6533269957134998,-0.6212450304963794,-0.8277984060110972
Hansebreen,2074-06-01,-0.7846082681890358,-0.85301499036379,-0.26994448836507323
Hansebreen,2074-07-01,-0.40562738184556263,-0.4469596652654771,-0.2872118106002128
Hansebreen,2074-08-01,-0.2298975716995686,-0.38201038535917786,-0.32359139912010093
Hansebreen,2074-09-01,-0.3629019829458145,-0.16755698069889338,-0.9088369760609183
Hansebreen,2074-10-01,-0.6481042740145203,-0.4224205423606442,-0.18620812180755664
Hansebreen,2074-11-01,-0.22301826492287938,-0.2856239424201487,-0.21551569531293893
Hansebreen,2074-12-01,-0.5028271111702108,-0.5802473513635144,-0.24467332463075694
Hansebreen,2075-01-01,-0.6511550829443532,-0.2248586451388986,-0.7053373226453551
Hansebreen,2075-02-01,-0.5786232950597615,-0.4497012663895654,-0.719992918568576
Hansebreen,2075-03-01,-0.6190233934690801,-0.776931808067432,-0.6619206036209448
Hansebreen,2075-04-01,-0.4788478530426313,-0.6193264338522412,-0.04380163272826069
Hansebreen,2075-05-01,-0.6514252628190389,-0.38401734972868234,-0.5710000909535609
Hansebreen,2075-06-01,-0.05693654079440861,0.05201916530162953,-0.710339285277164
Hansebreen,2075-07-01,0.010367223311724405,-0.4438111475460338,-0.6239636623132488
Hansebreen,2075-08-01,-0.31557688585911164,-0.4014907313129126,-0.24831852156470183
Hansebreen,2075-09-01,-0.1935237205362467,-0.4850820844157992,-0.5251645974159619
Hansebreen,2075-10-01,-0.48670373980475184,-1.0647225731578567,-1.16849979340346
Hansebreen,2075-11-01,-0.6442740685153678,-0.5616164889076249,-0.7498877723610651
Hansebreen,2075-12-01,-0.3152855732342114,-0.24409616087983613,-1.0054694601164047
Hansebreen,2076-01-01,-0.8780462162543093,-0.4404815995359501,-1.0918129434842527
Hansebreen,2076-02-01,-0.3753375472750204,-0.4407195782715776,-0.6621551048087945
Hansebreen,2076-03-01,-0.5475572598381109,-0.7267371318506822,-0.3222553993100881
Hansebreen,2076-04-01,-0.2542303289907443,-0.6939646191612638,-0.6693983371928445
Hansebreen,2076-05-01,-0.29920900309454984,-0.37330590261097724,-0.5653815895606732
Hansebreen,2076-06-01,-0.5426302109074892,-0.358263041277948,-0.19066357938273626
Hansebreen,2076-07-01,-0.3372994109714131,-0.2337646527284263,-0.6123679418769646
Hansebreen,2076-08-01,-0.7078214811776595,-0.15716463423836952,-0.5444810570124328
Hansebreen,2076-09-01,-0.5478798715579347,-0.30232090701964137,-0.6721120313381893
Hansebreen,2076-10-01,-0.2889833720147284,-0.5677672970045042,-0.3673637023673783
Hansebreen,2076-11-01,-0.43373851119007556,-0.29560322945006584,-0.38610724411515446
Hansebreen,2076-12-01,-0.6432995448496726,-0.6511310597033051,-0.5383717076967941
Hansebreen,2077-01-01,-0.9363868496633012,-0.4438365650635053,-0.29458527417764263
Hansebreen,2077-02-01,-0.9205855891190896,-0.33455795063824695,-0.21579594386004167
Hansebreen,2077-03-01,-0.9352836194354603,-0.8112427015476266,-0.4500061555273926
Hansebreen,2077-04-01,-0.5846037681395044,-0.6235632727929947,-0.8915067266311251
Hansebreen,2077-05-01,-0.4467926694494859,-0.4583050996812326,-0.8658503274696315
Hansebreen,2077-06-01,-0.3768226537455111,-0.8488705494245344,-0.5472021213976423
Hansebreen,2077-07-01,-0.38184305778453637,-0.452551164073651,-0.3260075668005245
Hansebreen,2077-08-01,-0.3851214790138544,-0.25992605288950554,-0.5943131860820493
Hansebreen,2077-09-01,-0.5534089490330739,-0.597164900361077,-0.314277534648065
Hansebreen,2077-10-01,-0.7404151706052398,-0.9781959101627421,-0.216911527173577
Hansebreen,2077-11-01,-0.5023218316560601,-0.7899477682127598,0.3028020017704932
Hansebreen,2077-12-01,-0.0989950958354792,-0.96235215044854,-0.24776185919606084
Hansebreen,2078-01-01,-0.4003404963562763,-0.33208590989370873,-0.5332946828575548
Hansebreen,2078-02-01,-0.9862481538116095,-1.0065486758560107,-0.29297113620714993
Hansebreen,2078-03-01,-0.6978037009655411,-0.7549566737584121,-0.2784350591431472
Hansebreen,2078-04-01,-0.6497446250637535,-0.4827303104474597,-0.7226059433780222
Hansebreen,2078-05-01,-0.1768888583391932,-0.5637211518643498,-0.7400768332490854
Hansebreen,2078-06-01,-0.5500162936982761,-0.5691400498795257,-0.24847906066148015
Hansebreen,2078-07-01,-0.7523477283680639,-0.5251703415226264,-0.2439597198407213
Hansebreen,2078-08-01,-0.4942694138764083,-0.4667885998018802,-0.5375891407079955
Hansebreen,2078-09-01,-0.6585842916100322,-0.2621143984689141,-0.5873068147992807
Hansebreen,2078-10-01,-0.1574947267112484,-0.22276256922831947,-1.0327036195685408
Hansebreen,2078-11-01,-0.1249439515908305,-0.6103788350870277,-0.3672415881999638
Hansebreen,2078-12-01,-0.7227730009009071,-0.7511795531927442,-0.3650400891603387
Hansebreen,2079-01-01,-0.5336939832610539,-0.8543186401346873,-0.2820845270027716
Hansebreen,2079-02-01,-0.04653863309106084,-0.6741825070617619,-0.4512184662825411
Hansebreen,2079-03-01,-0.1915951542884655,-1.0165240599451615,-0.436107389277023
Hansebreen,2079-04-01,-0.7480026337619624,-0.5026531921434204,-0.3943411455674583
Hansebreen,2079-05-01,-0.3036190277622675,-0.7331650140707836,-0.6212886695889598
Hansebreen,2079-06-01,-0.830527488937071,-0.5632979682473094,-0.41537541792227195
Hansebreen,2079-07-01,-0.6291227445979743,-0.44252238741789857,-0.2094212816462203
Hansebreen,2079-08-01,-0.6093178102767173,-0.5447617675869894,-0.34945374981693494
Hansebreen,2079-09-01,-0.43221561308103346,-0.10884718242310865,-0.27480525575577747
Hansebreen,2079-10-01,-0.9337055169046002,-0.6643895494160273,-0.32391330175423866
Hansebreen,2079-11-01,-0.13944157483437694,-0.6913165061162191,-0.8424674524180983
Hansebreen,2079-12-01,-0.8758420102616995,-0.7091078235137553,-0.5710946041860978
Hansebreen,2080-01-01,-0.7264727279266624,-0.875622667601046,-0.6707542075589269
Hansebreen,2080-02-01,-0.6028370396494517,-0.7186222548116771,-0.13600903715314014
Hansebreen,2080-03-01,-0.50078466112399,-0.16179344240158633,-0.7872452518223785
Hansebreen,2080-04-01,-0.8039537591899245,-0.3737156704763997,-0.9279036258119729
Hansebreen,2080-05-01,-0.3625081012400015,-0.3352973328010967,-0.20033776216514795
Hansebreen,2080-06-01,-0.7085402894334668,-0.29110041705260886,-0.39351937989392477
Hansebreen,2080-07-01,-0.3829222611589942,-0.3373958247279712,-0.702669386912676
Hansebreen,2080-08-01,-0.4351399503580497,-0.49864846380007694,-0.31258788014956496
Hansebreen,2080-09-01,-0.23541591484908828,-0.5323849372196016,-0.4586233122876295
Hansebreen,2080-10-01,-0.9473041857630502,-0.5972970943367658,-0.4516589350317069
Hansebreen,2080-11-01,0.029092224297506058,-0.9403962841739218,-0.7615474543237352
Hansebreen,2080-12-01,-0.16772927823559639,-1.0020628032824186,-0.6670722619830189
Hansebreen,2081-01-01,-0.6244906913302607,-0.7166604236516209,-0.6408278521540535
Hansebreen,2081-02-01,-0.12820651323595536,-0.17271941308902902,-0.6876810294782105
Hansebreen,2081-03-01,0.2667658560054504,-0.5976727727903088,-0.729459503142059
Hansebreen,2081-04-01,-0.5997341454915008,-0.2353037760847527,-0.8244224203603082
Hansebreen,2081-05-01,-0.20519195112221592,-0.0992529291413252,-0.5721089092978162
Hansebreen,2081-06-01,-0.1820392254246653,-0.060472630842282014,-0.19840438968688523
Hansebreen,2081-07-01,-0.12269589953731667,-0.19463474262689226,-0.6123925443757586
Hansebreen,2081-08-01,-0.11351669531180963,-0.5896056305818911,-0.4737228252247871
Hansebreen,2081-09-01,-0.7775125962125783,-0.614085278011513,-0.5048415951326268
Hansebreen,2081-10-01,-0.10288302667819715,-0.33946731114678624,-0.2459348349891111
Hansebreen,2081-11-01,-0.0005746089615796257,-0.5879490118505849,-0.2964639853049363
Hansebreen,2081-12-01,0.052097864100330314,0.018801252710209753,-0.22006209662491485
Hansebreen,2082-01-01,-1.0179558012026377,-0.4373087746653481,-0.6610050620617559
Hansebreen,2082-02-01,-0.5524350522234022,-0.14157673917294278,-1.026122139479362
Hansebreen,2082-03-01,-0.32829894253297415,-0.39351097235663407,-0.3618045071532439
Hansebreen,2082-04-01,-0.38328890767785123,-0.4180082130736578,-0.6573065768415265
Hansebreen,2082-05-01,-0.31519385077088913,-0.9900158309566215,-0.5482157711046552
Hansebreen,2082-06-01,-0.7612425640479183,-0.25939569597586887,-0.32170625368034605
Hansebreen,2082-07-01,-0.7317342812604025,-0.39527340344860856,-0.34893798215263055
Hansebreen,2082-08-01,-0.46139529968787013,-0.37675924946589606,-0.4392718973655139
Hansebreen,2082-09-01,0.08971000124353795,-0.3788240783127637,-1.0143873764750826
Hansebreen,2082-10-01,-0.3802912441071797,-0.1515988852104023,-0.37427821748864937
Hansebreen,2082-11-01,-0.029945848731937025,-0.6068133309129251,-0.17887421823069075
Hansebreen,2082-12-01,-0.6158476864930286,-0.5819357518378806,-0.8138395754171093
Hansebreen,2083-01-01,-0.09282299074068283,-0.5120804815003812,-1.1180339325073634
Hansebreen,2083-02-01,-0.3118337065630195,0.23180160908586941,-0.24082050286653658
Hansebreen,2083-03-01,-0.23923904227131224,-0.6102562834737858,-0.9123695030150097
Hansebreen,2083-04-01,-0.4415029573854244,-0.36317252675806033,-0.2255326936225295
Hansebreen,2083-05-01,-0.40719025359079275,-0.22095814326076432,-0.7917997107037115
Hansebreen,2083-06-01,-0.4240028226144574,-0.38166428213731624,-0.652962965010757
Hansebreen,2083-07-01,-0.6696643484671636,-0.5482105588082896,-0.2632992673233357
Hansebreen,2083-08-01,-0.4791026789022094,-0.384122902786765,-0.6518842408990752
Hansebreen,2083-09-01,-0.4960562030330415,-0.5376682100173867,-0.47596897899202206
Hansebreen,2083-10-01,-0.46454034916584536,-0.6072608860968951,-0.2447970545392458
Hansebreen,2083-11-01,-0.5173623520258747,-0.40087690708037416,-0.8726651590109261
Hansebreen,2083-12-01,-0.7674304759316982,-0.9086871681851626,-0.8786719304648821
Hansebreen,2084-01-01,-0.711925240002674,-0.03261198254005384,-0.3411526941087984
Hansebreen,2084-02-01,-0.4410157071929684,-0.045082022393412045,-0.8012067555033476
Hansebreen,2084-03-01,-0.5357683575712929,-0.31736669229964964,-0.6375353392092057
Hansebreen,2084-04-01,-0.6613498737156599,-0.8351028607256775,-0.42744381920316094
Hansebreen,2084-05-01,-0.47193903269769305,-0.571208106763638,-0.8051119550582383
Hansebreen,2084-06-01,-0.28563317956360096,-0.7566755552000807,-0.43083214979661394
Hansebreen,2084-07-01,-0.43644282240232135,-0.5034983670049785,-0.960343504650694
Hansebreen,2084-08-01,-0.15992446424280718,-0.762375753562246,-0.574126094079053
Hansebreen,2084-09-01,-0.6389854814776724,-0.7865483462526303,-0.7529350802928585
Hansebreen,2084-10-01,-0.38954129996732006,-0.668892609511854,-0.9195682124746155
Hansebreen,2084-11-01,-0.457923670753518,-0.5519916274552965,-0.3760895521502512
Hansebreen,2084-12-01,-0.12628771073152703,0.1087559884099803,-0.28424084764652924
Hansebreen,2085-01-01,-0.5615906499164699,-0.5036427068582502,-0.8149503792128803
Hansebreen,2085-02-01,-0.4255513100339159,-0.19152280366758348,-0.5513438066690407
Hansebreen,2085-03-01,-0.11249872086969537,-0.5018690307754731,-0.5961743484692282
Hansebreen,2085-04-01,-0.17279205638448633,-0.5095143850727485,-0.44932289636434003
Hansebreen,2085-05-01,-0.4342264072914846,-0.38164050457352167,-0.486978192945674
Hansebreen,2085-06-01,-0.6408674598443636,-0.37784942862990206,-0.6683411480640605
Hansebreen,2085-07-01,-0.7739435622763824,-0.15532046188930723,-0.553094082780886
Hansebreen,2085-08-01,-0.7579000186150072,-0.5170625116258776,-0.4057221467501459
Hansebreen,2085-09-01,-0.3807350710406887,-0.3582205592007801,-0.4452219114255702
Hansebreen,2085-10-01,-0.4704395552193801,-0.05371626618059633,-0.30321886328781283
Hansebreen,2085-11-01,-0.23211183845342628,0.10217535137044569,-0.507147786529978
Hansebreen,2085-12-01,-0.08457890215514245,-0.2572357825830774,-0.30316724065804945
Hansebreen,2086-01-01,-0.38673296002633384,-0.41909959656393775,-0.6129107963637948
Hansebreen,2086-02-01,-0.6296901161860441,-0.5078295105369477,-0.5094996053830777
Hansebreen,2086-03-01,-0.6615982109449158,-0.40609034339649414,-0.24168965132349055
Hansebreen,2086-04-01,-0.7247670671283215,-0.6151564853333636,-0.023451732707808055
Hansebreen,2086-05-01,-0.35533809975412894,-0.22407670972505142,-0.3669599960997585
Hansebreen,2086-06-01,-0.2872144550437095,-0.4834851957633682,-0.41195129336926267
Hansebreen,2086-07-01,-0.5206492228718712,-0.6718895570644361,-0.39452855827022076
Hansebreen,2086-08-01,-0.5411450344738538,-0.48987628445843007,-0.4535920594669199
Hansebreen,2086-09-01,-0.7478861382747501,-0.20016926202402172,-0.44849817658995866
Hansebreen,2086-10-01,-0.07944155848152357,-0.3095248477340284,-0.39140722873744577
Hansebreen,2086-11-01,0.06888827166580618,-0.3182952918247844,-0.6896903335484228
Hansebreen,2086-12-01,-0.3109626862535064,-0.5724299756135737,-0.5933727580869802
Hansebreen,2087-01-01,-0.35702086219879264,-0.7915094770998694,-1.0227529052220585
Hansebreen,2087-02-01,-0.742979202332803,-0.12398641300096203,-0.45494973751305273
Hansebreen,2087-03-01,-0.6088786683290265,-0.24480778461179212,-0.5542521016166323
Hansebreen,2087-04-01,-0.3313746302334862,0.25129172561560265,-0.19147043160994492
Hansebreen,2087-05-01,-0.5819692733595806,-0.3906633722326423,-0.548847325913374
Hansebreen,2087-06-01,-0.07553702490804215,-0.36318863208940866,-0.3138284288000292
Hansebreen,2087-07-01,-0.5488955500527425,-0.40638970908640193,-0.21011305999816934
Hansebreen,2087-08-01,-0.5863433426867783,-0.3568767399248373,-0.20651187107256364
Hansebreen,2087-09-01,-0.6717701885484025,-0.6985474320634246,-0.7055082537333425
Hansebreen,2087-10-01,-0.7679824756765209,-0.2810869224619084,-0.968570995226115
Hansebreen,2087-11-01,-0.7413625195780321,-0.42442537039569905,-0.4820926525359395
Hansebreen,2087-12-01,-0.4896612231443383,-0.5793134534781927,-0.9594362359693119
Hansebreen,2088-01-01,-0.3117389687053615,-0.5960828823067627,-0.5939949469496261
Hansebreen,2088-02-01,-0.0739246005109403,-0.5662293591428269,-0.7210637987633595
Hansebreen,2088-03-01,0.0715498519973272,-0.6313218787685112,-0.0865195300156109
Hansebreen,2088-04-01,-0.4015207229794518,-0.7272997632955581,-0.13672255326450303
Hansebreen,2088-05-01,-0.5164174627841267,-0.1599438765864217,0.09221593495827068
Hansebreen,2088-06-01,-0.2657266387658787,-0.8070706565637225,-0.426115866643809
Hansebreen,2088-07-01,-0.5859114053589013,-0.19294344948236067,-0.33298620317630423
Hansebreen,2088-08-01,-0.49884911205758725,-0.27307596904788045,-0.49189087706108486
Hansebreen,2088-09-01,-0.5792049508541018,-0.24541633465852483,-0.6453921974840219
Hansebreen,2088-10-01,-0.532725015749253,-0.32114765930047323,-0.8856908596914121
Hansebreen,2088-11-01,-0.09681728010210666,-0.6512543071876138,-0.26572776101352524
Hansebreen,2088-12-01,-0.6342674396553896,-0.6118626266386108,-0.5506691019602796
Hansebreen,2089-01-01,-0.2839508080645667,-0.4807131794719042,-0.4934241977385792
Hansebreen,2089-02-01,-0.6168391960859215,-0.49307225177410513,-0.44530724120180726
Hansebreen,2089-03-01,-0.4847882255247616,-0.3538499761261072,-0.15981278343407457
Hansebreen,2089-04-01,-0.3519830860528534,-0.8038099123917103,-0.662705992753886
Hansebreen,2089-05-01,-0.6974449580746066,-0.8458726347424891,-0.40933125205412707
Hansebreen,2089-06-01,-0.3208929061314744,-0.6356474276321885,-0.6390591176404686
Hansebreen,2089-07-01,-0.3962731028319158,-0.24465582696924404,-0.5751664156794983
Hansebreen,2089-08-01,-0.8013330839289154,-0.7232740104430245,-0.5272767844106662
Hansebreen,2089-09-01,-0.5201501136891196,-0.3277634099435371,-0.4302954904817828
Hansebreen,2089-10-01,-0.21025932668002426,-0.05052736921138653,-0.39510276990562937
Hansebreen,2089-11-01,-0.5951414388796117,-0.8209115162508637,-0.5335444672742645
Hansebreen,2089-12-01,-0.08612526109655516,-0.7806081751325488,-0.8263006941758745
Hansebreen,2090-01-01,-0.4758754206354814,-0.5323743113001256,-0.6787445669645092
Hansebreen,2090-02-01,0.18023471756256595,-0.6544420331469628,-0.4395204937359609
Hansebreen,2090-03-01,-0.23486324631636699,-0.4787611451824099,-0.8570518954220322
Hansebreen,2090-04-01,-0.8393149003668103,0.04750593051581409,-0.7624695944276451
Hansebreen,2090-05-01,-0.6699448363945469,-0.348794968709878,-0.0724167387067311
Hansebreen,2090-06-01,-0.818585987430259,-0.46397174137826586,-0.22318959502296698
Hansebreen,2090-07-01,-0.5203228399868302,-0.32841316700620254,-0.5593923545844981
Hansebreen,2090-08-01,-0.6094614695854496,-0.3435467860119874,-0.3738497398440986
Hansebreen,2090-09-01,-0.30885675275236557,-0.3693523344858185,-0.4477913072122018
Hansebreen,2090-10-01,-0.5465907306923743,-0.6862673921203221,0.009493077082434298
Hansebreen,2090-11-01,-0.3031462337866632,-0.13182972542418203,-0.5956506167751647
Hansebreen,2090-12-01,-1.1012203878613986,-0.44916556717082323,-0.7297820426885121
Hansebreen,2091-01-01,-0.6336567532565737,-0.29248986188739284,-0.6402852830410223
Hansebreen,2091-02-01,-0.44557952267756246,-0.021068135382649494,-0.6274208961207172
Hansebreen,2091-03-01,-0.6617324664398834,-0.26076987410247127,-1.1774314963455488
Hansebreen,2091-04-01,-0.05288516046667372,-0.6691105335574932,-0.21153820657845268
Hansebreen,2091-05-01,-0.29334423120394404,-0.6998428315597748,-0.3069267570129091
Hansebreen,2091-06-01,-0.6676380253029475,-0.8133000660077601,-0.8090932673370066
Hansebreen,2091-07-01,-0.3028197784342072,-0.5947054057013318,-0.4795321543625201
Hansebreen,2091-08-01,-0.1320520500221337,-0.36497566512345186,-0.3290512748232268
Hansebreen,2091-09-01,-0.5875160084950443,-0.49630148950271974,-0.29457771441774266
Hansebreen,2091-10-01,-0.4337094836975018,-0.5388354600206146,-0.5915609957614628
Hansebreen,2091-11-01,-0.2390654719214319,-0.18129944607333012,-0.7845486658925823
Hansebreen,2091-12-01,-0.7697299199863606,-0.4217085845895225,-0.20129704896294032
Hansebreen,2092-01-01,-0.5787319357608799,-0.37431439916715675,-0.5704045008640376
Hansebreen,2092-02-01,0.1758743501805117,-0.6337037028325209,-0.6117489228773466
Hansebreen,2092-03-01,-0.3965838576275094,-0.085053430037821,-0.541711292041383
Hansebreen,2092-04-01,-0.4604052149894387,-0.3726936874969953,-0.505622543877812
Hansebreen,2092-05-01,-0.5799410455852856,-0.3644378396262136,-0.5430952007269823
Hansebreen,2092-06-01,-0.26871516880282703,-0.5990939579592363,-0.3085107649328555
Hansebreen,2092-07-01,-0.3705655514335749,-0.6186712739234915,-0.3896504883850089
Hansebreen,2092-08-01,-0.26465939262616933,-0.3990030417668969,-0.3567492342203132
Hansebreen,2092-09-01,-0.12298725128588302,-0.6437512183722894,-0.47228825697161786
Hansebreen,2092-10-01,-0.4222390366249591,-0.4450517895870349,-0.5938616735875245
Hansebreen,2092-11-01,-0.8855072919452466,-0.5181458953213122,-0.4730844682905679
Hansebreen,2092-12-01,-0.3772455890310588,-0.3387405786062545,-0.44375879206296037
Hansebreen,2093-01-01,0.03266283590646487,-0.1346936227768508,-0.4234311194640579
Hansebreen,2093-02-01,-0.3921330306963369,-0.144251490718316,-0.30140319535556737
Hansebreen,2093-03-01,0.06903625624729788,-0.27656803055761675,-0.6217833306996617
Hansebreen,2093-04-01,-0.7133960944751374,-0.2547449272845482,-0.20282056720146535
Hansebreen,2093-05-01,-0.6271182840078002,-0.17778152270457034,0.05994688228054649
Hansebreen,2093-06-01,-0.530225733182142,-0.24249021353513434,-0.13599959979993
Hansebreen,2093-07-01,-0.5183593160603727,-0.7574726157357542,-0.20099059126410193
Hansebreen,2093-08-01,-0.49532053039723634,-0.7196509301923921,-0.4053038330346838
Hansebreen,2093-09-01,-0.5545426672819892,-0.8635402867798398,-0.3105159204002802
Hansebreen,2093-10-01,-0.042137668063293186,-0.331060458930656,-1.075784310781059
Hansebreen,2093-11-01,-0.11477538670153316,-0.640729204622937,-0.8068260634912662
Hansebreen,2093-12-01,-0.6353096244310111,-0.050844541179480306,-0.3484471550590629
Hansebreen,2094-01-01,-0.45625405242591976,-0.8441886780529794,-0.7222106151403466
Hansebreen,2094-02-01,-0.429949985449866,0.1366516940236562,-1.0266892415466555
Hansebreen,2094-03-01,-0.5776409408411256,-0.5517360656591634,-0.52507390816123
Hansebreen,2094-04-01,-0.22109700236060784,-0.4338916840742697,-0.7523877700122464
Hansebreen,2094-05-01,-0.16574070055844467,-0.30602142878085026,-0.5974091545525826
Hansebreen,2094-06-01,-0.3967327113456292,-0.13701186539289423,-0.8416307420532579
Hansebreen,2094-07-01,-0.3989096555570136,-0.5315364221705946,-0.7029134906768714
Hansebreen,2094-08-01,-0.23944011056415004,-0.232789857123867,-0.25814590712431246
Hansebreen,2094-09-01,-0.21513850051066163,-0.5680809090356328,-0.2009943083952235
Hansebreen,2094-10-01,-0.3031837698032726,-0.3685339580822123,-0.5862733361874541
Hansebreen,2094-11-01,-0.8429913313996558,-0.7788469524088201,-0.16071210050155185
Hansebreen,2094-12-01,-0.15302725728351577,-0.4444168973553915,-0.8169102926855176
Hansebreen,2095-01-01,-0.46602070606065954,-0.08194226581912938,-0.7778757840548535
Hansebreen,2095-02-01,-0.8050607289632322,-0.7234666298655075,-0.35173383991306933
Hansebreen,2095-03-01,-0.550808368304922,-0.3720113969142429,-0.6676317689902126
Hansebreen,2095-04-01,-0.5686546345956669,-0.3919070832615262,-0.5521407402150786
Hansebreen,2095-05-01,-0.5040484500645291,-0.22500916345801258,-0.8698130947804784
Hansebreen,2095-06-01,-0.23773794703390363,-0.1439428279374678,-0.36362822534020295
Hansebreen,2095-07-01,-0.4935365604142581,-0.23977778383577966,-0.40718377081241514
Hansebreen,2095-08-01,-0.6351821637626074,-0.5643580943194625,-0.457459524610726
Hansebreen,2095-09-01,-0.3715538124249402,-0.23730611085229955,-0.7161630827366553
Hansebreen,2095-10-01,-0.3977320150368365,-0.47746988981957034,-1.114180979825923
Hansebreen,2095-11-01,-0.27204047821351995,-0.15267830137203275,-0.484996922483937
Hansebreen,2095-12-01,-0.8672223584665364,-0.14133372534629077,-0.4416021089763806
Hansebreen,2096-01-01,-0.6054432522785308,-0.3349461010451243,-0.7525897381882882
Hansebreen,2096-02-01,-0.9108912796597476,-0.516844294227249,-1.0517568652506462
Hansebreen,2096-03-01,-0.8645546403903813,-0.7244978883058479,-0.3560563824867171
Hansebreen,2096-04-01,-0.3190408444783207,-0.5993713866151954,-0.7207606094188668
Hansebreen,2096-05-01,-0.5536808031753008,-0.7096047206453487,-0.5942750044619665
Hansebreen,2096-06-01,-0.6991169254350393,-0.32188348563690095,-0.6648476265477276
Hansebreen,2096-07-01,-0.5069812211597172,-0.48869570776530985,-0.6460758307181216
Hansebreen,2096-08-01,-0.25913235896169856,-0.3658106061128077,-0.6449723900273548
Hansebreen,2096-09-01,-0.028799926328870185,-0.5826904869543047,-1.1701045353114399
Hansebreen,2096-10-01,-0.79624524809345,-0.3796151651383764,-1.2974384388951048
Hansebreen,2096-11-01,-0.47414011908332704,-0.516627923651593,-0.40933026961902624
Hansebreen,2096-12-01,-1.0328066151611373,-0.559283373372171,-0.7352214096777212
Hansebreen,2097-01-01,-0.1518841131662283,-0.6400573741463911,-0.7691382704628712
Hansebreen,2097-02-01,-0.5638353491856346,-0.8113513567530365,-1.1960917227606636
Hansebreen,2097-03-01,-0.2891461995358889,-0.4912337316905891,-0.7521981665559153
Hansebreen,2097-04-01,-0.29313357613353785,-0.7929407458994779,-0.7432045806351972
Hansebreen,2097-05-01,-0.7250748095985701,-0.35961151250931594,-0.4801135027852905
Hansebreen,2097-06-01,-0.525160221530427,-0.37030509982668103,-0.4905118499216367
Hansebreen,2097-07-01,-0.7126622657875282,-0.4433957461260121,-0.3531147632194565
Hansebreen,2097-08-01,-1.07386725528322,-0.2521219887494189,-0.7024953371180658
Hansebreen,2097-09-01,-1.0717242155303015,-0.1777158029017226,-0.5082292033288792
Hansebreen,2097-10-01,-0.7694972894442014,-0.19467654147869992,-0.30022598950937923
Hansebreen,2097-11-01,-0.46227971799420037,-0.7764770883717942,-0.5685122695820013
Hansebreen,2097-12-01,-0.3578841721139436,-0.5412141253893664,-0.4044299974861664
Hansebreen,2098-01-01,-0.302619366076977,-0.6582510110698726,-0.5133449053404181
Hansebreen,2098-02-01,0.015636248355998417,-0.4947301525981862,-0.4109708933290947
Hansebreen,2098-03-01,-0.21043895354015507,-0.38239848877983756,-0.9518170600259127
Hansebreen,2098-04-01,-0.06527875432719661,-0.23363070747385464,-0.7073744007005285
Hansebreen,2098-05-01,-0.3092911920289315,-0.4458956738237962,-0.4319622484558134
Hansebreen,2098-06-01,-0.29022755440057807,-0.21625475883086773,-0.46148574175688256
Hansebreen,2098-07-01,-0.4582719347922959,-0.18504955470981066,-0.404857074013319
Hansebreen,2098-08-01,-0.4017178150141721,-0.6082174964925116,-0.41860377871126997
Hansebreen,2098-09-01,-0.6521377144003369,-0.5376987111788171,-0.5815545087870785
Hansebreen,2098-10-01,-0.8859235809594841,-0.4905623434134083,-0.6849007388266939
Hansebreen,2098-11-01,0.036290601397803414,-0.6130639981095581,-0.4364258996535965
Hansebreen,2098-12-01,-0.4234095014774781,-0.23475668377929407,-0.5737941787520854
Hansebreen,2099-01-01,-0.39694137803573376,-0.5462613908569581,-0.8940742791816249
Hansebreen,2099-02-01,-0.044270479754883664,-0.5096067191513645,-0.39083578638530053
Hansebreen,2099-03-01,-0.24262111307512166,-0.6045656498595683,-0.3058539434507786
Hansebreen,2099-04-01,-0.4968681593557174,-0.502381492735333,-0.49939706789423727
Hansebreen,2099-05-01,-0.5860565945249087,0.08153293585846794,-0.6265075039745142
Hansebreen,2099-06-01,-0.5543117301756313,-0.18425560829402277,-0.6163202153089659
Hansebreen,2099-07-01,-0.6879096657470448,-0.24465944883420673,-0.42060547943424914
Hansebreen,2099-08-01,-0.6036176484692772,-0.1966628994086981,-0.48984222959026447
Hansebreen,2099-09-01,-0.7208808196931583,-0.6500938265809452,-0.3796060883386696
Hansebreen,2099-10-01,-0.568742674591079,-0.8058477970617575,-1.290902094534318
Hansebreen,2099-11-01,-0.9679559970407912,-0.46311843747064096,-0.38333669407631143
Hansebreen,2099-12-01,-1.216574742553156,-0.730341708695284,-0.5600012051587894
Hansebreen,2100-01-01,-0.3849627212210964,-0.3349177020739889,-0.7060625648092196
Hansebreen,2100-02-01,-0.6308276168317833,-0.6881964071331144,-0.9626288186790962
Hansebreen,2100-03-01,-0.028538553149444607,-0.683724548732174,-0.6871975374041627
Hansebreen,2100-04-01,-0.22207777957779443,-0.3275487033287959,-0.8696471329514684
Hansebreen,2100-05-01,-0.5002830510259216,-0.3498447949693599,-0.7432365544238042
Hansebreen,2100-06-01,-0.6452200328289148,-0.30974462282348497,-0.6272923475043429
Hansebreen,2100-07-01,-0.52691405267605,-0.7301785394361634,-0.499042327272055
Hansebreen,2100-08-01,-0.5172436025533081,-0.6028105254124148,-0.42962886209971085
Hansebreen,2100-09-01,-0.3846669495313361,-0.937636425236014,-0.7371935516605737
Hansebreen,2100-10-01,-0.7437264990840289,-0.4602198554491546,-0.9209797957474284
Hansebreen,2100-11-01,-0.7207549644602063,-0.49910330881121845,-0.9837997876244415
Hansebreen,2100-12-01,0.005502741260182724,-0.2939729118356438,-0.7844010805599758
Hellstugubreen,2015-01-01,-0.5172709597451289,-0.40494212573063476,-0.4680022318481647
Hellstugubreen,2015-02-01,-0.3253776067653848,-0.3079515483616821,-0.47559589501006266
Hellstugubreen,2015-03-01,-0.346179417990973,-0.3026199743806462,-0.38369130596486056
Hellstugubreen,2015-04-01,-0.3929833343216897,-0.42763682628559746,-0.2993610812457486
Hellstugubreen,2015-05-01,-0.39721463086416237,-0.3806910567745058,-0.36647826076746437
Hellstugubreen,2015-06-01,-0.342019548520079,-0.30712444960947616,-0.29353742504348
Hellstugubreen,2015-07-01,-0.3512822981944772,-0.3399969683606923,-0.3389064920506721
Hellstugubreen,2015-08-01,-0.36111754381018696,-0.38545759533217244,-0.43420403252732004
Hellstugubreen,2015-09-01,-0.36983746916744176,-0.27715152899726564,-0.2908459498101143
Hellstugubreen,2015-10-01,-0.31167338908471365,-0.35498435461977557,-0.3113680734145283
Hellstugubreen,2015-11-01,-0.3559741089734618,-0.39052529744675507,-0.3600622318190982
Hellstugubreen,2015-12-01,-0.42343257307865484,-0.33964929404879,-0.4148005694424414
Hellstugubreen,2016-01-01,-0.2312867166355684,-0.4382467968145823,-0.43341360687854036
Hellstugubreen,2016-02-01,-0.0872919506440154,-0.2957331403741997,-0.44858000776623275
Hellstugubreen,2016-03-01,-0.2950762851377274,-0.34341647762141475,-0.31072070428295834
Hellstugubreen,2016-04-01,-0.3652978393107748,-0.3993132032527335,-0.37167436160137823
Hellstugubreen,2016-05-01,-0.33668356047734266,-0.2399587393675592,-0.3079139150383156
Hellstugubreen,2016-06-01,-0.41774436986132724,-0.42038042395366126,-0.3728756417755508
Hellstugubreen,2016-07-01,-0.4435536384804912,-0.3707351602548356,-0.3577049736667293
Hellstugubreen,2016-08-01,-0.34948079355941025,-0.3548581421527565,-0.4285615283724169
Hellstugubreen,2016-09-01,-0.4135261066951054,-0.37059314534582644,-0.41833240000884314
Hellstugubreen,2016-10-01,-0.39359898215955474,-0.38435888530692175,-0.31406926528932727
Hellstugubreen,2016-11-01,-0.4905407240847334,-0.3219802258565438,-0.3541844990898925
Hellstugubreen,2016-12-01,-0.3966705996297357,-0.25011114656927314,-0.38157897886369424
Hellstugubreen,2017-01-01,-0.3890771454283753,-0.05806312144344161,-0.27678773165097453
Hellstugubreen,2017-02-01,-0.51607581480491,-0.18626431665654516,-0.3136604989337707
Hellstugubreen,2017-03-01,-0.4197360693100216,-0.13392461128755187,-0.39458731233176775
Hellstugubreen,2017-04-01,-0.3658687301689075,-0.3949082784799711,-0.396028394659627
Hellstugubreen,2017-05-01,-0.35920403982951044,-0.3130261402494905,-0.4045529696188363
Hellstugubreen,2017-06-01,-0.4284651166296703,-0.38060320074068593,-0.254413512377198
Hellstugubreen,2017-07-01,-0.4111157361797,-0.3971426872558328,-0.36372630873145706
Hellstugubreen,2017-08-01,-0.36496686064403133,-0.3865387050059093,-0.3786605405289046
Hellstugubreen,2017-09-01,-0.31851150325969435,-0.3178746919606142,-0.3428066549112081
Hellstugubreen,2017-10-01,-0.395562616350223,-0.3676968168275556,-0.29575537253785855
Hellstugubreen,2017-11-01,-0.29942792109268884,-0.3465060077038808,-0.2694878986862975
Hellstugubreen,2017-12-01,-0.451495484272396,-0.22398865766046736,-0.4101190959336292
Hellstugubreen,2018-01-01,-0.3486146832650661,-0.4579703134571578,-0.19164462892037326
Hellstugubreen,2018-02-01,-0.5367484028237843,-0.36556418452876854,-0.20960617246066612
Hellstugubreen,2018-03-01,-0.4043958237754676,-0.354108023355171,-0.26541900703267707
Hellstugubreen,2018-04-01,-0.3495635093736882,-0.26604246581817453,-0.3690836535905895
Hellstugubreen,2018-05-01,-0.4078928361993408,-0.38634538171267185,-0.37640176533178676
Hellstugubreen,2018-06-01,-0.35004238525173,-0.3359990971466698,-0.4115729128461992
Hellstugubreen,2018-07-01,-0.33990653622573525,-0.3038328415316747,-0.3868102230892085
Hellstugubreen,2018-08-01,-0.35470165522586905,-0.31049597252813316,-0.3549902994087351
Hellstugubreen,2018-09-01,-0.3685100179494853,-0.39632116746712676,-0.3591033341763972
Hellstugubreen,2018-10-01,-0.3535439060251462,-0.34280470197565993,-0.36045906173555786
Hellstugubreen,2018-11-01,-0.3748750190756353,-0.3910372235973563,-0.45002980867890313
Hellstugubreen,2018-12-01,-0.3429111090736361,-0.4163807159259261,-0.4305051420809079
Hellstugubreen,2019-01-01,-0.3838712101666899,-0.414954512841517,-0.33809712206672504
Hellstugubreen,2019-02-01,-0.37179724761954386,-0.31344886894329776,-0.18064982521947484
Hellstugubreen,2019-03-01,-0.3049256747906344,-0.3607663979078195,-0.2954010189516354
Hellstugubreen,2019-04-01,-0.2348545155305739,-0.2621203980270444,-0.3258837216014085
Hellstugubreen,2019-05-01,-0.32234013404484124,-0.38282412528629733,-0.2985904711673164
Hellstugubreen,2019-06-01,-0.35764666818903373,-0.3302891335652319,-0.24029523796181648
Hellstugubreen,2019-07-01,-0.3744306609075167,-0.30944223602527393,-0.3483894765040674
Hellstugubreen,2019-08-01,-0.4285139206192634,-0.3415884875477837,-0.3235966649042129
Hellstugubreen,2019-09-01,-0.3603679341115152,-0.30158829140090243,-0.30399771536871095
Hellstugubreen,2019-10-01,-0.32462852453273255,-0.3565262283381083,-0.28213944199179614
Hellstugubreen,2019-11-01,-0.4072512548421782,-0.2898294608523311,-0.35447361714546216
Hellstugubreen,2019-12-01,-0.4605215596711722,-0.33698672865870066,-0.31755870387689417
Hellstugubreen,2020-01-01,-0.4622851110133961,-0.14765051496620527,-0.31745137948667884
Hellstugubreen,2020-02-01,-0.4098303935650321,-0.07922126966751726,-0.3388825910364486
Hellstugubreen,2020-03-01,-0.4464343311898684,-0.2550334888969219,-0.4097830488701948
Hellstugubreen,2020-04-01,-0.36548222980385886,-0.3935250895963241,-0.3302704925998465
Hellstugubreen,2020-05-01,-0.31353109373667537,-0.28650567050721487,-0.33615394507465296
Hellstugubreen,2020-06-01,-0.35230367626993403,-0.39399001487906005,-0.3240785642711758
Hellstugubreen,2020-07-01,-0.37623584632265566,-0.3981288278459251,-0.3386250644081434
Hellstugubreen,2020-08-01,-0.3459945527646438,-0.3634738623662985,-0.30512224181207037
Hellstugubreen,2020-09-01,-0.2840460094142439,-0.39107186263639476,-0.3297858748909418
Hellstugubreen,2020-10-01,-0.41527713771354935,-0.29222955909915976,-0.3056769353061995
Hellstugubreen,2020-11-01,-0.37027662940639616,-0.3428875970457515,-0.2189910623837191
Hellstugubreen,2020-12-01,-0.3814979094350133,-0.22001997426033082,-0.41191790210836343
Hellstugubreen,2021-01-01,-0.34126382161253077,-0.2830558026476106,-0.38048067173390404
Hellstugubreen,2021-02-01,-0.30104490340110834,-0.20036543582884803,-0.32641453313310814
Hellstugubreen,2021-03-01,-0.29999198851935155,-0.24345122335466,-0.37080621295566524
Hellstugubreen,2021-04-01,-0.38953940728868525,-0.3548167253784336,-0.38013671871889326
Hellstugubreen,2021-05-01,-0.3109727431129074,-0.3346871471688532,-0.23387694424774508
Hellstugubreen,2021-06-01,-0.38974775675673873,-0.3461825177498375,-0.3156944180618528
Hellstugubreen,2021-07-01,-0.3439279042131047,-0.443842369546042,-0.3147953004121427
Hellstugubreen,2021-08-01,-0.39142847602390335,-0.40334850909750664,-0.3447709335083486
Hellstugubreen,2021-09-01,-0.35290519767626033,-0.3686297529180122,-0.3395414480419748
Hellstugubreen,2021-10-01,-0.29113283187360156,-0.3369829843004895,-0.3296114065874953
Hellstugubreen,2021-11-01,-0.2690694253890215,-0.37499742542610065,-0.376941834650637
Hellstugubreen,2021-12-01,-0.2388448673943709,-0.3478934474401296,-0.4376576304943171
Hellstugubreen,2022-01-01,-0.3765526599501397,-0.41395877552587873,-0.43687700215441133
Hellstugubreen,2022-02-01,-0.29687155242149277,-0.5927890819172975,-0.4156617286677357
Hellstugubreen,2022-03-01,-0.205794732484899,-0.3893874718565368,-0.4752941874164105
Hellstugubreen,2022-04-01,-0.3213111327805777,-0.36124440422241505,-0.30790833832090186
Hellstugubreen,2022-05-01,-0.35080428263166424,-0.3393360681757176,-0.3537431604885126
Hellstugubreen,2022-06-01,-0.3041369209928206,-0.4168372632320165,-0.37985486662862833
Hellstugubreen,2022-07-01,-0.32028397889103244,-0.3948561249311755,-0.37660207038049903
Hellstugubreen,2022-08-01,-0.3369395035143629,-0.33524630678078493,-0.42197124627332744
Hellstugubreen,2022-09-01,-0.37000474183429155,-0.3953702846785996,-0.3801488818831679
Hellstugubreen,2022-10-01,-0.29865685718770973,-0.40198550303797936,-0.3375876456617191
Hellstugubreen,2022-11-01,-0.30733949980662795,-0.40497640529149237,-0.3620428390306499
Hellstugubreen,2022-12-01,-0.2646410604292347,-0.3948008900332831,-0.2918036467536283
Hellstugubreen,2023-01-01,-0.46151721387805167,-0.2437174770514047,-0.19365432780190106
Hellstugubreen,2023-02-01,-0.4047457075049601,-0.37765310046180395,-0.14680914103289364
Hellstugubreen,2023-03-01,-0.23993415617911248,-0.3817627610980163,-0.3897704192698494
Hellstugubreen,2023-04-01,-0.3842871564310586,-0.30936748698267547,-0.3406744459200352
Hellstugubreen,2023-05-01,-0.26700030362125243,-0.27830724183915484,-0.3851544607427047
Hellstugubreen,2023-06-01,-0.3548438786927381,-0.4191332327063235,-0.3880371374906311
Hellstugubreen,2023-07-01,-0.40513071851101706,-0.41791325234222176,-0.3362190676797565
Hellstugubreen,2023-08-01,-0.3494620159235701,-0.389606327499503,-0.3887428614105984
Hellstugubreen,2023-09-01,-0.3470348034054462,-0.3068718255090184,-0.3273286871923813
Hellstugubreen,2023-10-01,-0.27594073451770657,-0.3484098082476059,-0.337974870856693
Hellstugubreen,2023-11-01,-0.3013785820438042,-0.34946379582804193,-0.35079130199300135
Hellstugubreen,2023-12-01,-0.33775112445179317,-0.31423715271537,-0.27299148212450447
Hellstugubreen,2024-01-01,-0.36363625640463804,-0.09211181838605342,-0.38224540976011007
Hellstugubreen,2024-02-01,-0.49896842665844,-0.4092587827319045,-0.40416438660523407
Hellstugubreen,2024-03-01,-0.4515291819889276,-0.3731116292023835,-0.3606551326279163
Hellstugubreen,2024-04-01,-0.3168026513988304,-0.2451682261171617,-0.32253295846409374
Hellstugubreen,2024-05-01,-0.36012468107905965,-0.21685454052889042,-0.38803577290992525
Hellstugubreen,2024-06-01,-0.31990499625669894,-0.3223891682162329,-0.37758773589027933
Hellstugubreen,2024-07-01,-0.31274247546466366,-0.2981685678164197,-0.35168205105402944
Hellstugubreen,2024-08-01,-0.37756913465042147,-0.3114407541123194,-0.33036849964133436
Hellstugubreen,2024-09-01,-0.33927843104352884,-0.29572240381315235,-0.36266213081096366
Hellstugubreen,2024-10-01,-0.34995759283745237,-0.30233094331469723,-0.36383090000427964
Hellstugubreen,2024-11-01,-0.3092655965683416,-0.4008762502160723,-0.24582711365143686
Hellstugubreen,2024-12-01,-0.3658651295853805,-0.3709049555899539,-0.3268921692558224
Hellstugubreen,2025-01-01,-0.30442785155616514,-0.3636384656320413,-0.3154000152771909
Hellstugubreen,2025-02-01,-0.3953800766304021,-0.3184557639597565,-0.1350096879321363
Hellstugubreen,2025-03-01,-0.3208856405063059,-0.27713208016078356,-0.3647441620936807
Hellstugubreen,2025-04-01,-0.3854563193678981,-0.3893421732181264,-0.3630606246051864
Hellstugubreen,2025-05-01,-0.43206293383317945,-0.41358716589698935,-0.3155658072644307
Hellstugubreen,2025-06-01,-0.2820879958506666,-0.36939497848616093,-0.31823472333990127
Hellstugubreen,2025-07-01,-0.3494500895645756,-0.37599360893451456,-0.3538934923000953
Hellstugubreen,2025-08-01,-0.3644541387237272,-0.34912582704859685,-0.30488043143820404
Hellstugubreen,2025-09-01,-0.32211028076971715,-0.34536394275608107,-0.25517268916752994
Hellstugubreen,2025-10-01,-0.3879450963636005,-0.39957917156467637,-0.36758838125748533
Hellstugubreen,2025-11-01,-0.3293115528679947,-0.25069219537299486,-0.3973205853958477
Hellstugubreen,2025-12-01,-0.35268943878775644,-0.25372926453078265,-0.24932594266397556
Hellstugubreen,2026-01-01,-0.48009557881336656,-0.28190508235895123,-0.05852373749781451
Hellstugubreen,2026-02-01,-0.3600120239277615,-0.4108812556512838,-0.2963824171786465
Hellstugubreen,2026-03-01,-0.47133284023472316,-0.3935007946482861,-0.34605896330727254
Hellstugubreen,2026-04-01,-0.4122211342228357,-0.34910226538258277,-0.391362294456771
Hellstugubreen,2026-05-01,-0.3126883714435205,-0.3316919443437492,-0.33906531409492774
Hellstugubreen,2026-06-01,-0.3713268201609179,-0.33175183719322865,-0.4252784022598109
Hellstugubreen,2026-07-01,-0.3505289797172972,-0.3469119114123993,-0.3750318447414119
Hellstugubreen,2026-08-01,-0.4069368975038674,-0.35312583074389253,-0.34146996763543197
Hellstugubreen,2026-09-01,-0.3851342444949994,-0.3169956035515031,-0.32308339674319403
Hellstugubreen,2026-10-01,-0.36970201337676606,-0.3619172891769929,-0.3960146852781226
Hellstugubreen,2026-11-01,-0.4356706048118226,-0.25334487787917737,-0.3464656462792613
Hellstugubreen,2026-12-01,-0.46224397561985003,-0.30191826841524666,-0.18359548907768033
Hellstugubreen,2027-01-01,-0.46304160711390036,-0.44462687960488484,-0.2543760071730196
Hellstugubreen,2027-02-01,-0.2617957136199231,-0.3077974090502571,-0.2576633429206494
Hellstugubreen,2027-03-01,-0.5161600723703712,-0.17384990035172945,-0.3267763010371388
Hellstugubreen,2027-04-01,-0.4643679042232593,-0.42797262581192036,-0.29136847227181956
Hellstugubreen,2027-05-01,-0.35048975979678226,-0.32492059783690114,-0.34377358944366737
Hellstugubreen,2027-06-01,-0.41699112822361956,-0.3932514962097006,-0.3442097370042126
Hellstugubreen,2027-07-01,-0.34624836977948187,-0.361641986255826,-0.3690223655748553
Hellstugubreen,2027-08-01,-0.3357803874529488,-0.3900360882500391,-0.33860431290691456
Hellstugubreen,2027-09-01,-0.3028330114856788,-0.4169653964974471,-0.37413177057915714
Hellstugubreen,2027-10-01,-0.3536113215088757,-0.3273079763403998,-0.31869755086006396
Hellstugubreen,2027-11-01,-0.393459797121926,-0.37140419212885906,-0.18359764931454026
Hellstugubreen,2027-12-01,-0.3013242190752083,-0.2523557177171929,-0.1437783618068963
Hellstugubreen,2028-01-01,-0.4845894187515663,-0.13267936145396686,-0.12289593343052503
Hellstugubreen,2028-02-01,-0.41864750771819564,-0.31245137195320827,-0.18761985826929528
Hellstugubreen,2028-03-01,-0.47886675082790636,-0.4457548209253866,-0.15736939320389
Hellstugubreen,2028-04-01,-0.3739491384264566,-0.48061849765183284,-0.2771350646896879
Hellstugubreen,2028-05-01,-0.371726695518646,-0.37005888001703147,-0.33990315648789576
Hellstugubreen,2028-06-01,-0.35035729216410044,-0.36346214866711063,-0.34219545124196715
Hellstugubreen,2028-07-01,-0.2892672307410907,-0.3935928609467534,-0.36239432153837153
Hellstugubreen,2028-08-01,-0.33917094155582905,-0.43827345727261724,-0.3463156417431108
Hellstugubreen,2028-09-01,-0.3338342649697703,-0.3715505759336208,-0.32609952329673236
Hellstugubreen,2028-10-01,-0.33697718811472216,-0.3456966086344186,-0.3825462865109837
Hellstugubreen,2028-11-01,-0.39415171108243213,-0.4039123410989595,-0.45256118052953437
Hellstugubreen,2028-12-01,-0.4009709786134839,-0.46791298318672875,-0.2988742997234071
Hellstugubreen,2029-01-01,-0.3555782551425101,-0.4162371375413943,-0.34117776331233096
Hellstugubreen,2029-02-01,-0.36186023036162934,-0.2965196503241785,-0.49628597785931117
Hellstugubreen,2029-03-01,-0.4318846562617163,-0.3202247577917306,-0.14809238251037068
Hellstugubreen,2029-04-01,-0.45744861802932535,-0.2876856690060452,-0.2632938616276302
Hellstugubreen,2029-05-01,-0.3425026889912952,-0.3769779923925716,-0.33661285072527525
Hellstugubreen,2029-06-01,-0.3927006442854252,-0.31747030480855004,-0.33322309494432895
Hellstugubreen,2029-07-01,-0.3541700248651715,-0.3507138093617989,-0.32569091415624546
Hellstugubreen,2029-08-01,-0.3287213053656523,-0.37074444733132256,-0.2852283969884289
Hellstugubreen,2029-09-01,-0.38866151614293315,-0.3775469144972237,-0.39435574615901814
Hellstugubreen,2029-10-01,-0.40791163829690796,-0.3571158823040246,-0.33958784104052614
Hellstugubreen,2029-11-01,-0.3898263721595323,-0.3476921201286916,-0.2765373877094477
Hellstugubreen,2029-12-01,-0.47742831916308276,-0.3288865681479679,-0.164702593342253
Hellstugubreen,2030-01-01,-0.31319310906475684,-0.3373711965931992,-0.3545569145018182
Hellstugubreen,2030-02-01,-0.41699822491812544,-0.2927044960563632,-0.3090921238670663
Hellstugubreen,2030-03-01,-0.46163639611531143,-0.4235713938587513,-0.128287361816785
Hellstugubreen,2030-04-01,-0.4326736837197933,-0.45547429979053716,-0.27386990071506484
Hellstugubreen,2030-05-01,-0.2759007039484624,-0.3971031557139568,-0.34080958494788155
Hellstugubreen,2030-06-01,-0.3762871061748312,-0.32997979448393694,-0.30422280788000433
Hellstugubreen,2030-07-01,-0.37561259833279714,-0.3115539559998203,-0.33049572832112595
Hellstugubreen,2030-08-01,-0.3683789039299896,-0.3953312396601198,-0.2966211276034469
Hellstugubreen,2030-09-01,-0.39680851242583803,-0.39343822790893435,-0.306018959812427
Hellstugubreen,2030-10-01,-0.4063014847676993,-0.359636533311787,-0.34899377095704476
Hellstugubreen,2030-11-01,-0.46250352980010306,-0.28665072089744287,-0.20653793224589734
Hellstugubreen,2030-12-01,-0.3495848560288168,-0.35155671514185666,-0.2991085915857629
Hellstugubreen,2031-01-01,-0.32703900274215236,-0.320979160109507,-0.3126000270450777
Hellstugubreen,2031-02-01,-0.33462217635749925,-0.3336197544600427,-0.23696398854758904
Hellstugubreen,2031-03-01,-0.29397211379430893,-0.34411881829199004,-0.21371676500566741
Hellstugubreen,2031-04-01,-0.3573588790826993,-0.41584004724228857,-0.3109385712559441
Hellstugubreen,2031-05-01,-0.31297133996640797,-0.33683256693589997,-0.3277032263894673
Hellstugubreen,2031-06-01,-0.41898623138385044,-0.30291217071051496,-0.2995606534742656
Hellstugubreen,2031-07-01,-0.3674761674138017,-0.35117907971242035,-0.3796110212467836
Hellstugubreen,2031-08-01,-0.3769988516553397,-0.3672310947310243,-0.3176448656960057
Hellstugubreen,2031-09-01,-0.3252135567661991,-0.3282933645506777,-0.3289542466812691
Hellstugubreen,2031-10-01,-0.39692696831554125,-0.3403604532457701,-0.3547602835315762
Hellstugubreen,2031-11-01,-0.3498864261530496,-0.34880489029203,-0.30131480160550717
Hellstugubreen,2031-12-01,-0.21674530792068336,-0.34670441108329375,-0.3925732290814124
Hellstugubreen,2032-01-01,-0.26563237748284396,-0.2512426351633126,-0.3445932949546496
Hellstugubreen,2032-02-01,-0.09560126801827858,-0.264815205508782,-0.26596398515519204
Hellstugubreen,2032-03-01,-0.09573340037966642,-0.2870390942704729,-0.34168806180586114
Hellstugubreen,2032-04-01,-0.31090853560303067,-0.3863497485508498,-0.3886440168281841
Hellstugubreen,2032-05-01,-0.3478852739951758,-0.3980108262806989,-0.3532941967792163
Hellstugubreen,2032-06-01,-0.3670340000790275,-0.2629625197265908,-0.308491630634437
Hellstugubreen,2032-07-01,-0.42308603579132925,-0.38032174442686734,-0.3332193550633234
Hellstugubreen,2032-08-01,-0.36059241975714956,-0.31343409127904553,-0.3411344746843445
Hellstugubreen,2032-09-01,-0.3107923035429638,-0.33014214576447537,-0.35733527504831253
Hellstugubreen,2032-10-01,-0.2927749022195208,-0.3975294643899789,-0.30893044457697644
Hellstugubreen,2032-11-01,-0.3194870667082333,-0.28845206384297334,-0.3228063779172016
Hellstugubreen,2032-12-01,-0.44523334449340296,-0.2652435787000919,-0.3838191874107307
Hellstugubreen,2033-01-01,-0.4519170856194406,-0.4059173389533027,-0.4541328933804573
Hellstugubreen,2033-02-01,-0.43653999321749287,-0.36490910947882443,-0.37251072846584327
Hellstugubreen,2033-03-01,-0.2961947191162511,-0.22457151729111116,-0.3989252328596517
Hellstugubreen,2033-04-01,-0.29476060543826477,-0.29593311982072223,-0.37469602013847614
Hellstugubreen,2033-05-01,-0.30171178423839345,-0.4122021999420801,-0.3870373660336636
Hellstugubreen,2033-06-01,-0.3586843819867387,-0.40622149171648037,-0.34523970964224415
Hellstugubreen,2033-07-01,-0.3540098173517718,-0.312734795337434,-0.3239490426202177
Hellstugubreen,2033-08-01,-0.3569532849757924,-0.4207318433049716,-0.31687240482237056
Hellstugubreen,2033-09-01,-0.36472828165447857,-0.3231541074498221,-0.34338753240200476
Hellstugubreen,2033-10-01,-0.38891099151971004,-0.4055045304953521,-0.28992184378928976
Hellstugubreen,2033-11-01,-0.3282521334946517,-0.38089808656302226,-0.3288080273313944
Hellstugubreen,2033-12-01,-0.18083189402343383,-0.4502585466450926,-0.31915335946909634
Hellstugubreen,2034-01-01,-0.15479680082430955,-0.3471511297649354,-0.329315589486207
Hellstugubreen,2034-02-01,-0.23759936582317395,-0.34838460985448455,-0.3338629089346747
Hellstugubreen,2034-03-01,-0.34537356288174753,-0.4576131044997209,-0.46786304130424855
Hellstugubreen,2034-04-01,-0.33635135527409504,-0.26121146245850396,-0.38809056750086296
Hellstugubreen,2034-05-01,-0.4288059029443915,-0.3740719051352202,-0.3204295818453835
Hellstugubreen,2034-06-01,-0.3172363979528345,-0.3463121278663068,-0.2712026879665493
Hellstugubreen,2034-07-01,-0.3858734646148807,-0.2641647841453148,-0.36147270239278817
Hellstugubreen,2034-08-01,-0.45640954232152403,-0.3084409409592204,-0.3357512908713948
Hellstugubreen,2034-09-01,-0.35363395585479346,-0.39392247510494793,-0.2780207587251502
Hellstugubreen,2034-10-01,-0.3780301788315746,-0.3592922867537816,-0.38872114465746854
Hellstugubreen,2034-11-01,-0.37494007157334425,-0.3903426619934703,-0.3710075597875056
Hellstugubreen,2034-12-01,-0.3833455830285144,-0.3899652338349173,-0.2119901840214353
Hellstugubreen,2035-01-01,-0.41903043306207177,-0.45339689238398423,-0.4419669331471767
Hellstugubreen,2035-02-01,-0.36637126387051794,-0.42473805610209575,-0.28515736862754376
Hellstugubreen,2035-03-01,-0.3256555439551114,-0.36165871057395743,-0.28267476172948863
Hellstugubreen,2035-04-01,-0.288255107850433,-0.34845436684019143,-0.28399563453136817
Hellstugubreen,2035-05-01,-0.37752697049247713,-0.3789688326947524,-0.34449368350791154
Hellstugubreen,2035-06-01,-0.356127339784818,-0.3793610637148625,-0.27579388805415894
Hellstugubreen,2035-07-01,-0.43024478542512806,-0.4261354926557191,-0.3466408927706344
Hellstugubreen,2035-08-01,-0.3808250212341256,-0.36034383963811584,-0.27565736190234397
Hellstugubreen,2035-09-01,-0.366610413655317,-0.3749600826364447,-0.33069050758916535
Hellstugubreen,2035-10-01,-0.36673378024916453,-0.35402196505187256,-0.3769057992898099
Hellstugubreen,2035-11-01,-0.26444281836416933,-0.309021079873063,-0.30477080110728666
Hellstugubreen,2035-12-01,-0.3991161245663462,-0.4911825360555442,-0.4054422616959874
Hellstugubreen,2036-01-01,-0.4471590517228073,-0.455733920746966,-0.32159805098368305
Hellstugubreen,2036-02-01,-0.4821665720607406,-0.4376401756107791,-0.42270587688991856
Hellstugubreen,2036-03-01,-0.4264066666119941,-0.44046175631901247,-0.3880512030966579
Hellstugubreen,2036-04-01,-0.3016024467999922,-0.36681662249797026,-0.33945089851094323
Hellstugubreen,2036-05-01,-0.434581810462346,-0.3478879018773757,-0.3857628711202267
Hellstugubreen,2036-06-01,-0.36445643348931034,-0.3286259154146014,-0.31494700463114994
Hellstugubreen,2036-07-01,-0.3675426843064881,-0.24499102792761426,-0.3068458971052901
Hellstugubreen,2036-08-01,-0.3970183059573766,-0.3201974774957675,-0.3400324932538518
Hellstugubreen,2036-09-01,-0.35259013298652836,-0.29718054357768503,-0.409082429519865
Hellstugubreen,2036-10-01,-0.37496792017564856,-0.29862682001025986,-0.3590845730654961
Hellstugubreen,2036-11-01,-0.3486669659179606,-0.29825493679141696,-0.27473675820491206
Hellstugubreen,2036-12-01,-0.24033860751128167,-0.3218071202557366,-0.36381889647548155
Hellstugubreen,2037-01-01,-0.27416963108009235,-0.2835882538183485,-0.2486342324701417
Hellstugubreen,2037-02-01,-0.5210340726830663,-0.36509477681716324,-0.34782149653029926
Hellstugubreen,2037-03-01,-0.32651555212193917,-0.29444744419606317,-0.3308381032460195
Hellstugubreen,2037-04-01,-0.3071550025677306,-0.29501283455007193,-0.27502466389959956
Hellstugubreen,2037-05-01,-0.29889140381502605,-0.4176207336125672,-0.33109213549758354
Hellstugubreen,2037-06-01,-0.30965466416389414,-0.403080242797416,-0.34474253945138184
Hellstugubreen,2037-07-01,-0.3292640963648892,-0.3614671606166136,-0.35020948839017635
Hellstugubreen,2037-08-01,-0.3500377325487238,-0.3334088784226427,-0.355158169688184
Hellstugubreen,2037-09-01,-0.4498308579216812,-0.36858634092324155,-0.31825148939039566
Hellstugubreen,2037-10-01,-0.39954940440438474,-0.3053210669177083,-0.3223150465456417
Hellstugubreen,2037-11-01,-0.3594663448197694,-0.3549264789282564,-0.33549351768076746
Hellstugubreen,2037-12-01,-0.27201714166036833,-0.37460413208429366,-0.3937219434831287
Hellstugubreen,2038-01-01,-0.40558445185894204,-0.2903999074831671,-0.3692454944996089
Hellstugubreen,2038-02-01,-0.47310887202739926,-0.3594280468368402,-0.4539947824510382
Hellstugubreen,2038-03-01,-0.32332605146489646,-0.3352660344631448,-0.434815144913808
Hellstugubreen,2038-04-01,-0.37646007078648197,-0.4232559772601716,-0.19178112221472943
Hellstugubreen,2038-05-01,-0.28712782905076567,-0.35596716995666666,-0.36977802032568713
Hellstugubreen,2038-06-01,-0.3513906670041118,-0.29347346227001364,-0.3461317689473164
Hellstugubreen,2038-07-01,-0.3879468530016447,-0.2832039546393724,-0.34761102674148364
Hellstugubreen,2038-08-01,-0.35750936809614847,-0.2282104237522725,-0.347566341404389
Hellstugubreen,2038-09-01,-0.3322370705458132,-0.34297000015545637,-0.2919650245643464
Hellstugubreen,2038-10-01,-0.3722695604646466,-0.3413612997261042,-0.32272710881633543
Hellstugubreen,2038-11-01,-0.44126821186869963,-0.3773737706766666,-0.1873639371843664
Hellstugubreen,2038-12-01,-0.4160947271762708,-0.3696627077380014,-0.4728323307370544
Hellstugubreen,2039-01-01,-0.3587922348481274,-0.3096158303652376,-0.5217565649062971
Hellstugubreen,2039-02-01,-0.4501460102463974,-0.4315335028616149,-0.23428632598412133
Hellstugubreen,2039-03-01,-0.3185861717824317,-0.48645076973079754,-0.34636598256181933
Hellstugubreen,2039-04-01,-0.3472328684055775,-0.4407926847925876,-0.397757908820672
Hellstugubreen,2039-05-01,-0.28760727383321516,-0.40468685752986727,-0.3744718692608116
Hellstugubreen,2039-06-01,-0.3921400745101245,-0.2757862812776317,-0.42785343627317046
Hellstugubreen,2039-07-01,-0.3910533306180067,-0.3617212312158155,-0.3685385417797291
Hellstugubreen,2039-08-01,-0.37004902988604843,-0.35024611855583004,-0.3415018163136659
Hellstugubreen,2039-09-01,-0.41452452784589466,-0.3480231390035347,-0.3395960406841098
Hellstugubreen,2039-10-01,-0.40837291550342103,-0.38470153965407095,-0.32341181780514866
Hellstugubreen,2039-11-01,-0.4632823112327121,-0.41552043715172965,-0.18626913659120772
Hellstugubreen,2039-12-01,-0.4383533507251626,-0.3163114969277195,-0.31224374888456163
Hellstugubreen,2040-01-01,-0.39025458949569186,-0.3795217845118799,-0.2625949052080373
Hellstugubreen,2040-02-01,-0.4483643454686266,-0.3889832284814494,-0.2257006702484793
Hellstugubreen,2040-03-01,-0.48729986445988804,-0.3254840727270257,-0.2794692216638316
Hellstugubreen,2040-04-01,-0.3558856480570752,-0.3464047921781628,-0.37384812989756105
Hellstugubreen,2040-05-01,-0.41688001164373256,-0.3291730727890603,-0.35092832898646803
Hellstugubreen,2040-06-01,-0.3572676721024355,-0.3369591467545625,-0.341883226374949
Hellstugubreen,2040-07-01,-0.3582708702300224,-0.3710829063890458,-0.38142950560495326
Hellstugubreen,2040-08-01,-0.29901408181208217,-0.40669692848615496,-0.37892581629055294
Hellstugubreen,2040-09-01,-0.38137110032195487,-0.3707721853791038,-0.33455968762477406
Hellstugubreen,2040-10-01,-0.36561149024109013,-0.3385754214119426,-0.3169978765626126
Hellstugubreen,2040-11-01,-0.4167036364850391,-0.35980602766109476,-0.24453596338686476
Hellstugubreen,2040-12-01,-0.4921024467236568,-0.4151935002507474,-0.3410737399057963
Hellstugubreen,2041-01-01,-0.4039589548856514,-0.43868924062553694,-0.3059422402170006
Hellstugubreen,2041-02-01,-0.44232995014722715,-0.37308847051594024,-0.42292960084006426
Hellstugubreen,2041-03-01,-0.38311857366563135,-0.4051920169239591,-0.25253623582475343
Hellstugubreen,2041-04-01,-0.37906306179453164,-0.43528870792956426,-0.30998968532246174
Hellstugubreen,2041-05-01,-0.35921622018221705,-0.3057883232997182,-0.3064214811726668
Hellstugubreen,2041-06-01,-0.4407103174755956,-0.2886364939398047,-0.3885906308081058
Hellstugubreen,2041-07-01,-0.35916827549115116,-0.3670091322683752,-0.31133948736251776
Hellstugubreen,2041-08-01,-0.32328272186263,-0.3437472034367742,-0.36109720077597623
Hellstugubreen,2041-09-01,-0.4019217565910134,-0.33425595444304523,-0.3416172600167931
Hellstugubreen,2041-10-01,-0.3714281447006107,-0.38833508919932896,-0.31052157716750384
Hellstugubreen,2041-11-01,-0.4004497821442263,-0.3465529402007738,-0.2978099650517431
Hellstugubreen,2041-12-01,-0.4503234403121663,-0.301674810402818,-0.3036088479649565
Hellstugubreen,2042-01-01,-0.3307580665079434,-0.25282874313858983,-0.2239595700073442
Hellstugubreen,2042-02-01,-0.36127985026695986,-0.1619638348425657,-0.42098776630990015
Hellstugubreen,2042-03-01,-0.5032284667233746,-0.2699811101126824,-0.3515076275164963
Hellstugubreen,2042-04-01,-0.41843452781466733,-0.3073494742392097,-0.40648405069103766
Hellstugubreen,2042-05-01,-0.42584220477192614,-0.36982271440403536,-0.41104481658364794
Hellstugubreen,2042-06-01,-0.3561187332282427,-0.35865751871582113,-0.32297362144236014
Hellstugubreen,2042-07-01,-0.3021556829687666,-0.2959942990522044,-0.35450546048172726
Hellstugubreen,2042-08-01,-0.35605443352597294,-0.3790286354729182,-0.30317201297799445
Hellstugubreen,2042-09-01,-0.3964152109600167,-0.3253371627378339,-0.38470936053892585
Hellstugubreen,2042-10-01,-0.3878029320417302,-0.322425241226627,-0.42524112321644675
Hellstugubreen,2042-11-01,-0.4118252142780836,-0.28338438626375095,-0.3519400293956622
Hellstugubreen,2042-12-01,-0.4340378269658362,-0.3777417837310218,-0.33723614915497263
Hellstugubreen,2043-01-01,-0.23855954650848898,-0.3667609582823097,-0.3051530187600321
Hellstugubreen,2043-02-01,-0.3855097766196452,-0.31449696633943586,-0.25591950683058506
Hellstugubreen,2043-03-01,-0.3330076776743269,-0.36094843918097014,-0.19893328870245788
Hellstugubreen,2043-04-01,-0.4313491044409239,-0.30605525674024586,-0.3527057328988225
Hellstugubreen,2043-05-01,-0.3869002711308405,-0.3371590665377317,-0.34810045517677496
Hellstugubreen,2043-06-01,-0.4389741577495168,-0.3142659359157313,-0.4148383149070347
Hellstugubreen,2043-07-01,-0.3312720069366401,-0.30074360971243347,-0.4185990409785851
Hellstugubreen,2043-08-01,-0.30599158738253746,-0.34532644423383657,-0.3851582944973388
Hellstugubreen,2043-09-01,-0.35088847039751797,-0.3268382821397368,-0.34533462205655335
Hellstugubreen,2043-10-01,-0.35314287046944165,-0.2890576930803199,-0.3236103741620187
Hellstugubreen,2043-11-01,-0.3779839519850022,-0.3738151016775275,-0.3830478844139946
Hellstugubreen,2043-12-01,-0.2824813174315944,-0.40621486894141773,-0.37241804888728014
Hellstugubreen,2044-01-01,-0.25154679278095987,-0.3571676371467869,-0.3727724751200892
Hellstugubreen,2044-02-01,-0.108250873293303,-0.20929712387981314,-0.3555898745932224
Hellstugubreen,2044-03-01,-0.29190930307258384,-0.46348403082383677,-0.4304458637036283
Hellstugubreen,2044-04-01,-0.38319234651448214,-0.39773612512725903,-0.4279466117599686
Hellstugubreen,2044-05-01,-0.380981843083071,-0.4691035330959916,-0.40610724961629757
Hellstugubreen,2044-06-01,-0.3044978870866502,-0.38623621958391974,-0.37679627811275046
Hellstugubreen,2044-07-01,-0.28292054130517047,-0.3336601913025902,-0.35184313155053487
Hellstugubreen,2044-08-01,-0.35336862155679766,-0.3494380521817971,-0.3439651161738946
Hellstugubreen,2044-09-01,-0.3722581701707683,-0.32142870484182035,-0.38787331404022846
Hellstugubreen,2044-10-01,-0.40471215588723597,-0.3822827624389938,-0.3896154649309694
Hellstugubreen,2044-11-01,-0.42760299584199196,-0.42801779902300985,-0.41416581832663724
Hellstugubreen,2044-12-01,-0.39015341170431855,-0.47931721962746116,-0.45891781443656576
Hellstugubreen,2045-01-01,-0.3154549723851711,-0.5320459231290603,-0.376769672019589
Hellstugubreen,2045-02-01,-0.4317610399293362,-0.4780082621222263,-0.4303926241055202
Hellstugubreen,2045-03-01,-0.4017222958912412,-0.401288051382849,-0.41434397934762157
Hellstugubreen,2045-04-01,-0.3834724448536077,-0.3231709851701337,-0.3639148591340158
Hellstugubreen,2045-05-01,-0.3151572442288431,-0.38093252615081674,-0.35045226160492476
Hellstugubreen,2045-06-01,-0.3733233295892134,-0.3791073049537597,-0.3045202932312163
Hellstugubreen,2045-07-01,-0.40311146956333493,-0.3007762961235244,-0.3191690889875099
Hellstugubreen,2045-08-01,-0.3246018326379419,-0.2761314396357061,-0.29681300729968635
Hellstugubreen,2045-09-01,-0.3459417851433704,-0.3269843690811789,-0.32946478367207693
Hellstugubreen,2045-10-01,-0.37561214930775083,-0.28816637931516925,-0.3243636902609302
Hellstugubreen,2045-11-01,-0.3089641798541829,-0.3876180780288792,-0.39132947152673814
Hellstugubreen,2045-12-01,-0.2732276878515267,-0.44721988481790337,-0.21625424762156278
Hellstugubreen,2046-01-01,-0.3963927853077423,-0.3773099216058336,-0.1947197970194201
Hellstugubreen,2046-02-01,-0.4673798862598633,-0.5269667055783787,-0.32716846983795395
Hellstugubreen,2046-03-01,-0.4104338950455048,-0.5171740353521356,-0.2665775318033525
Hellstugubreen,2046-04-01,-0.41124902137310043,-0.27139858963334623,-0.33466889586247844
Hellstugubreen,2046-05-01,-0.31441921977193305,-0.31023366545042574,-0.3358584876085213
Hellstugubreen,2046-06-01,-0.37994867830963663,-0.37056618892144183,-0.3642922826600275
Hellstugubreen,2046-07-01,-0.31227138295740453,-0.33276843468542266,-0.41963412393864835
Hellstugubreen,2046-08-01,-0.36093966117992354,-0.2623008004538893,-0.3225998201587225
Hellstugubreen,2046-09-01,-0.3691540055900096,-0.38731408606067746,-0.41212453725267933
Hellstugubreen,2046-10-01,-0.2920977343427995,-0.3509134535349095,-0.394721658958074
Hellstugubreen,2046-11-01,-0.31112427196808684,-0.26723506971079486,-0.3408740275057885
Hellstugubreen,2046-12-01,-0.289169085562784,-0.3906186911332723,-0.38884329110549154
Hellstugubreen,2047-01-01,-0.29422483255498477,-0.37870287370491473,-0.19753816589836384
Hellstugubreen,2047-02-01,-0.33846621655320464,-0.2436068865835257,-0.2589713072744972
Hellstugubreen,2047-03-01,-0.42239391880352345,-0.37854715463277594,-0.313044985254326
Hellstugubreen,2047-04-01,-0.40262818371946013,-0.3445535586146795,-0.31595577246384693
Hellstugubreen,2047-05-01,-0.4034337971645496,-0.3956566034685554,-0.3266034101747085
Hellstugubreen,2047-06-01,-0.3872218950302866,-0.32860506956391755,-0.4245816257801441
Hellstugubreen,2047-07-01,-0.31776322123578016,-0.3939185585509355,-0.34096628342547236
Hellstugubreen,2047-08-01,-0.34207369868785337,-0.38022213116963827,-0.41794008919902775
Hellstugubreen,2047-09-01,-0.3294361105025811,-0.422584296500584,-0.361148244654992
Hellstugubreen,2047-10-01,-0.4196108214881204,-0.4454797478634757,-0.37180568115007834
Hellstugubreen,2047-11-01,-0.29888638729814015,-0.36427627953393554,-0.32692100193248264
Hellstugubreen,2047-12-01,-0.3207668601744081,-0.29045463771018426,-0.43702986213588035
Hellstugubreen,2048-01-01,-0.3923015547363247,-0.23526518328861803,-0.16079619909958612
Hellstugubreen,2048-02-01,-0.39507205618804503,-0.13192220808822666,0.014434263281233614
Hellstugubreen,2048-03-01,-0.21954994594909427,-0.2262423084743869,-0.37437211000539694
Hellstugubreen,2048-04-01,-0.28238892123482096,-0.21684698806418803,-0.3530173640989494
Hellstugubreen,2048-05-01,-0.41289247703827336,-0.40639544125495175,-0.34017538825115573
Hellstugubreen,2048-06-01,-0.31859828550047664,-0.4407759377415534,-0.3425769649565045
Hellstugubreen,2048-07-01,-0.3200943968557119,-0.43977883865105777,-0.3993953435386646
Hellstugubreen,2048-08-01,-0.3395080603790977,-0.31524439415004113,-0.3374193900866939
Hellstugubreen,2048-09-01,-0.33870965217459714,-0.35024004662535546,-0.34925375316038715
Hellstugubreen,2048-10-01,-0.3394919592276698,-0.41302152743667975,-0.324690360101379
Hellstugubreen,2048-11-01,-0.2949998659030973,-0.441545721823974,-0.37836784383175043
Hellstugubreen,2048-12-01,-0.1672783891106524,-0.22825529820998014,-0.29484107487428507
Hellstugubreen,2049-01-01,-0.2550259835829377,-0.2831410802002487,-0.4594354313419156
Hellstugubreen,2049-02-01,-0.28282993633352344,-0.3570432761088598,-0.3570846031680664
Hellstugubreen,2049-03-01,-0.14944711948228284,-0.29374485620857077,-0.2668019683976565
Hellstugubreen,2049-04-01,-0.24951315446972291,-0.3871692918023357,-0.3509942574078638
Hellstugubreen,2049-05-01,-0.44050203168934243,-0.3877397538809047,-0.3591355308895785
Hellstugubreen,2049-06-01,-0.2788084192493891,-0.43951352638888874,-0.38587404991791513
Hellstugubreen,2049-07-01,-0.30805936403260203,-0.4087410089152588,-0.35727511323504063
Hellstugubreen,2049-08-01,-0.30411359518859976,-0.42732370897671856,-0.3261991947446932
Hellstugubreen,2049-09-01,-0.3165831375403503,-0.41656407786090854,-0.3787548727581518
Hellstugubreen,2049-10-01,-0.35380381969564434,-0.2570785002076726,-0.3400314883976589
Hellstugubreen,2049-11-01,-0.4684349636266625,-0.3654986614632705,-0.28737829939843706
Hellstugubreen,2049-12-01,-0.3751230440040219,-0.45702119936622226,-0.3672973606279056
Hellstugubreen,2050-01-01,-0.42277061960069123,-0.401494450441133,-0.4100453969339544
Hellstugubreen,2050-02-01,-0.329471745318276,-0.2539735971683561,-0.3732699932753456
Hellstugubreen,2050-03-01,-0.3296997296741672,-0.3933152230849566,-0.2801293548766104
Hellstugubreen,2050-04-01,-0.44771983010248767,-0.41594400804475734,-0.3086006009317024
Hellstugubreen,2050-05-01,-0.29995839972161487,-0.4061877628243846,-0.3164965178461004
Hellstugubreen,2050-06-01,-0.331640680434355,-0.40909178184151257,-0.3435437543438297
Hellstugubreen,2050-07-01,-0.33996808290996033,-0.3819343293102972,-0.4086297101303073
Hellstugubreen,2050-08-01,-0.4117289632838223,-0.35272380224516686,-0.33850505030815525
Hellstugubreen,2050-09-01,-0.30624865036475873,-0.329766559125066,-0.3967605264799043
Hellstugubreen,2050-10-01,-0.355382893984251,-0.36991778095463945,-0.3777655101412833
Hellstugubreen,2050-11-01,-0.40840357279303113,-0.3621789041466366,-0.31933553941561227
Hellstugubreen,2050-12-01,-0.4391067280515258,-0.3274876990619759,-0.2424027662269135
Hellstugubreen,2051-01-01,-0.4608258252915199,-0.4841022505685198,-0.24245100065582625
Hellstugubreen,2051-02-01,-0.44787057740734276,-0.5568238550600798,-0.4565035025831042
Hellstugubreen,2051-03-01,-0.2610531106006991,-0.42688950489083394,-0.3677005968327079
Hellstugubreen,2051-04-01,-0.40611068308569304,-0.3301363786415266,-0.41140143875038976
Hellstugubreen,2051-05-01,-0.3054596125253061,-0.34261893996799797,-0.4183278947578501
Hellstugubreen,2051-06-01,-0.3535365934461933,-0.3410010373386189,-0.3236703627778654
Hellstugubreen,2051-07-01,-0.3740089491724908,-0.3187818029457949,-0.36534284637807374
Hellstugubreen,2051-08-01,-0.30568745346504556,-0.3587084810294234,-0.3465521416014799
Hellstugubreen,2051-09-01,-0.3212451430825074,-0.35094915430153745,-0.3573057592736073
Hellstugubreen,2051-10-01,-0.31107838837027196,-0.3837125992018871,-0.3532243026398055
Hellstugubreen,2051-11-01,-0.35683055754633947,-0.4166803627099151,-0.37794013000384935
Hellstugubreen,2051-12-01,-0.2744226830541388,-0.3820604151046228,-0.2996574383577478
Hellstugubreen,2052-01-01,-0.35143672760838296,-0.23720081686988323,-0.3153416036423717
Hellstugubreen,2052-02-01,-0.5158971824439443,-0.3518489482185296,-0.39672304607432785
Hellstugubreen,2052-03-01,-0.301780890424723,-0.39402248674362134,-0.4451465906029175
Hellstugubreen,2052-04-01,-0.29282757642123314,-0.40017380802309344,-0.4059067296565257
Hellstugubreen,2052-05-01,-0.4473535061758362,-0.3624645172502802,-0.38441159754562865
Hellstugubreen,2052-06-01,-0.3645758324494177,-0.40727183221236135,-0.40732065038601056
Hellstugubreen,2052-07-01,-0.23539297085141583,-0.37190891263930864,-0.3029775139627124
Hellstugubreen,2052-08-01,-0.30842769821766575,-0.37464809272091903,-0.399256619438858
Hellstugubreen,2052-09-01,-0.36456257277218945,-0.3699835608158459,-0.36448967188530174
Hellstugubreen,2052-10-01,-0.38107857508184323,-0.3844169133884166,-0.34968109963487565
Hellstugubreen,2052-11-01,-0.4241050985402633,-0.4412860006769228,-0.3808048721993222
Hellstugubreen,2052-12-01,-0.43827193159296135,-0.46848418498046634,-0.4805035134803406
Hellstugubreen,2053-01-01,-0.18287112461795194,-0.5314901541910183,-0.36731568062839176
Hellstugubreen,2053-02-01,-0.23118559775390488,-0.45176373013071897,-0.49379235838974683
Hellstugubreen,2053-03-01,-0.42534040500993525,-0.3462901564769447,-0.3294000561143007
Hellstugubreen,2053-04-01,-0.37878291387403645,-0.3355324435916239,-0.32572239584956564
Hellstugubreen,2053-05-01,-0.40170092126658036,-0.31487824340569043,-0.36405508949814064
Hellstugubreen,2053-06-01,-0.2707179392559172,-0.36785828954454497,-0.4129850679470534
Hellstugubreen,2053-07-01,-0.3044364679273921,-0.347535419911907,-0.3566656997353841
Hellstugubreen,2053-08-01,-0.2998017195417441,-0.3028570019130288,-0.3760005567943012
Hellstugubreen,2053-09-01,-0.3386711596512317,-0.34334801414114774,-0.37529240079706727
Hellstugubreen,2053-10-01,-0.3419835881685854,-0.39411677972053494,-0.34316820587598196
Hellstugubreen,2053-11-01,-0.38022923445584006,-0.306091157049338,-0.35118919074837524
Hellstugubreen,2053-12-01,-0.40542935780745054,-0.3183255010097079,-0.222425364663734
Hellstugubreen,2054-01-01,-0.3817859795809615,-0.416405983631795,-0.29667682067036805
Hellstugubreen,2054-02-01,-0.3709480336770008,-0.5031104589621335,-0.37780662960526407
Hellstugubreen,2054-03-01,-0.39061044353455615,-0.3898468313913024,-0.24743413784109758
Hellstugubreen,2054-04-01,-0.37695865113653565,-0.34638659423667134,-0.3311123894178924
Hellstugubreen,2054-05-01,-0.33880457521862106,-0.3424882562421714,-0.35116749769311956
Hellstugubreen,2054-06-01,-0.34526825748184087,-0.38380890579016286,-0.3882912082356224
Hellstugubreen,2054-07-01,-0.3680635700854184,-0.3166802514070867,-0.34637804773412206
Hellstugubreen,2054-08-01,-0.32439713381192886,-0.31624414559342046,-0.3174169265245648
Hellstugubreen,2054-09-01,-0.33572943174653974,-0.3365425933528076,-0.3160542478940384
Hellstugubreen,2054-10-01,-0.38592472624139723,-0.3204960130784914,-0.318842968369951
Hellstugubreen,2054-11-01,-0.4111340445881153,-0.39488786188835295,-0.25291182380551785
Hellstugubreen,2054-12-01,-0.2798875049669682,-0.4632278104924226,-0.33910831494438604
Hellstugubreen,2055-01-01,-0.32767506440876965,-0.39286515764287894,-0.3364534889316708
Hellstugubreen,2055-02-01,-0.2157919956204067,-0.2909391982658785,-0.31378703453001283
Hellstugubreen,2055-03-01,-0.3525423924986919,-0.376603479011709,-0.32512652412540965
Hellstugubreen,2055-04-01,-0.30857419641840306,-0.344108123405321,-0.4085599831461961
Hellstugubreen,2055-05-01,-0.3358140143014318,-0.3845251778900903,-0.32927921784170455
Hellstugubreen,2055-06-01,-0.39980149484026967,-0.3380606456907829,-0.33389734035453067
Hellstugubreen,2055-07-01,-0.3913084943696689,-0.38198209436006575,-0.3710600435309934
Hellstugubreen,2055-08-01,-0.3435647671600235,-0.36352648494294487,-0.37751268698199403
Hellstugubreen,2055-09-01,-0.43348165953303214,-0.2740252391320111,-0.3167179124633516
Hellstugubreen,2055-10-01,-0.3534137251180718,-0.40045605819584323,-0.3891221687166821
Hellstugubreen,2055-11-01,-0.3467346751483152,-0.3150736423728933,-0.3664259315898781
Hellstugubreen,2055-12-01,-0.33932561170697056,-0.3071466124435636,-0.27725141196670283
Hellstugubreen,2056-01-01,-0.3207968759319913,-0.42272576863800254,-0.37525802452652274
Hellstugubreen,2056-02-01,-0.23309751597810183,-0.4644456264952101,-0.27850701516440457
Hellstugubreen,2056-03-01,-0.2931897900189676,-0.355038350338116,-0.3601739957210189
Hellstugubreen,2056-04-01,-0.4279425031625639,-0.4035851498510503,-0.42985906148926273
Hellstugubreen,2056-05-01,-0.41172821312258945,-0.3199955618311902,-0.37744611170499964
Hellstugubreen,2056-06-01,-0.27180915082782836,-0.31459000160511086,-0.35014260906516975
Hellstugubreen,2056-07-01,-0.25254569810092947,-0.28538841444188917,-0.46225356141646384
Hellstugubreen,2056-08-01,-0.3194852316334588,-0.37306937997578205,-0.40102665216693617
Hellstugubreen,2056-09-01,-0.37525608565233043,-0.31349988903455733,-0.3324055569055402
Hellstugubreen,2056-10-01,-0.3679129164363422,-0.41918516531072597,-0.31131700270661394
Hellstugubreen,2056-11-01,-0.43397699539883344,-0.3018365545244343,-0.2406303366101521
Hellstugubreen,2056-12-01,-0.43162112648038065,-0.2360345874602614,-0.3106075333524759
Hellstugubreen,2057-01-01,-0.36970371398030805,-0.09623880596697443,-0.40967360796568025
Hellstugubreen,2057-02-01,-0.5011336635217041,-0.3225884114988667,-0.33000993776806126
Hellstugubreen,2057-03-01,-0.46545344643733494,-0.3789308184337736,-0.4469377038350153
Hellstugubreen,2057-04-01,-0.4078800911966938,-0.368377741133042,-0.396309111287068
Hellstugubreen,2057-05-01,-0.3687574348732287,-0.3844039973897438,-0.3571427588512404
Hellstugubreen,2057-06-01,-0.4237526461915091,-0.3213799695570285,-0.317738408703552
Hellstugubreen,2057-07-01,-0.4643551245631945,-0.40223684873934246,-0.3357851529170444
Hellstugubreen,2057-08-01,-0.35067542456274436,-0.3052977620904887,-0.34232293311580636
Hellstugubreen,2057-09-01,-0.43708096042059225,-0.3231272279831161,-0.30554025554752307
Hellstugubreen,2057-10-01,-0.44223148143829377,-0.34353695297384895,-0.35190163597003704
Hellstugubreen,2057-11-01,-0.4151822477803895,-0.3542221503015184,-0.36374444179523047
Hellstugubreen,2057-12-01,-0.3100993489018909,-0.33044651702072986,-0.3753339964846807
Hellstugubreen,2058-01-01,-0.35327755013558254,-0.418933325713956,-0.5003059515003555
Hellstugubreen,2058-02-01,-0.28303698762187723,-0.44567901981982433,-0.5118763082842906
Hellstugubreen,2058-03-01,-0.5228440787974619,-0.29425710069145444,-0.48472952030237765
Hellstugubreen,2058-04-01,-0.34383379589907576,-0.27352976430863357,-0.45034906229854244
Hellstugubreen,2058-05-01,-0.3789499052577181,-0.28203490268982584,-0.3949650069028876
Hellstugubreen,2058-06-01,-0.388213739356496,-0.41353041596698553,-0.42196377046445593
Hellstugubreen,2058-07-01,-0.3355190360552247,-0.4654182094513593,-0.39016017508629625
Hellstugubreen,2058-08-01,-0.32123021358955084,-0.3991189923164325,-0.38393272306596904
Hellstugubreen,2058-09-01,-0.3585483094677946,-0.34917664898814577,-0.3656883243864761
Hellstugubreen,2058-10-01,-0.30172252225350665,-0.29335518784078535,-0.34078549644138123
Hellstugubreen,2058-11-01,-0.352369405074416,-0.32132928472149125,-0.3594096230536164
Hellstugubreen,2058-12-01,-0.3450260865077896,-0.2948653244152564,-0.4135140834966318
Hellstugubreen,2059-01-01,-0.18462076783432527,-0.5143206610557477,-0.3693724567535845
Hellstugubreen,2059-02-01,-0.4010953380806052,-0.3886186870997815,-0.400059290551728
Hellstugubreen,2059-03-01,-0.45710054254264193,-0.416692231826747,-0.2560692194138686
Hellstugubreen,2059-04-01,-0.2842637499470909,-0.3613398303213287,-0.31370738177385865
Hellstugubreen,2059-05-01,-0.32818764476148465,-0.3296328026727986,-0.35771727860422375
Hellstugubreen,2059-06-01,-0.3331517405308603,-0.3152553933829268,-0.3580243891649009
Hellstugubreen,2059-07-01,-0.4333873500777479,-0.4280394189761864,-0.38028651285102927
Hellstugubreen,2059-08-01,-0.35744849278943946,-0.37268612245106914,-0.345829275540116
Hellstugubreen,2059-09-01,-0.2454822807799408,-0.3999584543821148,-0.35304853955856147
Hellstugubreen,2059-10-01,-0.36149666618475385,-0.40964351049415365,-0.30117771266687804
Hellstugubreen,2059-11-01,-0.35013364005331277,-0.31884627767312174,-0.3922906750382112
Hellstugubreen,2059-12-01,-0.2956774368481679,-0.3237908854459923,-0.20060340815578773
Hellstugubreen,2060-01-01,-0.4298995491350781,-0.4014920472520022,-0.2813764899107721
Hellstugubreen,2060-02-01,-0.3415732364852,-0.2843552756976916,-0.2260671612999592
Hellstugubreen,2060-03-01,-0.42896543189993225,-0.30680949046741396,-0.30078977760608044
Hellstugubreen,2060-04-01,-0.30362041112442434,-0.32667671105993246,-0.3294887444633177
Hellstugubreen,2060-05-01,-0.36789747028717407,-0.35165865397404933,-0.2816820773658101
Hellstugubreen,2060-06-01,-0.27835683185288024,-0.30896376339835346,-0.3188092766723873
Hellstugubreen,2060-07-01,-0.3049231998017658,-0.3409499882388906,-0.349354374922521
Hellstugubreen,2060-08-01,-0.34869123324654266,-0.3598782255514983,-0.28797516783517924
Hellstugubreen,2060-09-01,-0.34103768220744196,-0.34400923547643364,-0.34878164383395327
Hellstugubreen,2060-10-01,-0.41861985733358015,-0.3993801613505563,-0.3524474977970806
Hellstugubreen,2060-11-01,-0.4106867868741831,-0.4390848384536401,-0.3332191494058306
Hellstugubreen,2060-12-01,-0.4651498079016958,-0.25134867614591777,-0.44935272224249934
Hellstugubreen,2061-01-01,-0.5302656275809197,-0.4358968301371493,-0.3845085116271337
Hellstugubreen,2061-02-01,-0.44738158191901517,-0.480871395046046,-0.46675827985921786
Hellstugubreen,2061-03-01,-0.37283164419742726,-0.3882006302513708,-0.2682649056125695
Hellstugubreen,2061-04-01,-0.44035960894485476,-0.41725475536651074,-0.2994206233519029
Hellstugubreen,2061-05-01,-0.3449017949405475,-0.3778026337832125,-0.3504147476992899
Hellstugubreen,2061-06-01,-0.33275186609619994,-0.20525679450610634,-0.39197016997616635
Hellstugubreen,2061-07-01,-0.30166793535421416,-0.323740489520649,-0.3897581791946327
Hellstugubreen,2061-08-01,-0.36183464505815727,-0.3384743106323251,-0.4056670792080664
Hellstugubreen,2061-09-01,-0.34326503062536795,-0.40099428505242846,-0.3786611117148911
Hellstugubreen,2061-10-01,-0.3336245038767595,-0.4001396242340816,-0.3604695895880403
Hellstugubreen,2061-11-01,-0.4601162123392946,-0.3880436162868984,-0.3302841622014055
Hellstugubreen,2061-12-01,-0.49989188942374696,-0.3398373800260805,-0.23505508181555568
Hellstugubreen,2062-01-01,-0.34328647522157857,-0.3964391372130629,-0.185615883277196
Hellstugubreen,2062-02-01,-0.3842065155814289,-0.46869550725624265,-0.3058678619667303
Hellstugubreen,2062-03-01,-0.4021701369812239,-0.26534373675588663,-0.272613523374082
Hellstugubreen,2062-04-01,-0.41136913341022036,-0.2805016641083889,-0.2816143090774663
Hellstugubreen,2062-05-01,-0.2766768494876429,-0.4310435537663631,-0.28945774979723427
Hellstugubreen,2062-06-01,-0.329164145770878,-0.42979648385324953,-0.39233309605953526
Hellstugubreen,2062-07-01,-0.27586973125701814,-0.38909399066945055,-0.34461003947275914
Hellstugubreen,2062-08-01,-0.37582601434775986,-0.4232499399298984,-0.39566314497525384
Hellstugubreen,2062-09-01,-0.3375596401864099,-0.33857849296447506,-0.34287684327735696
Hellstugubreen,2062-10-01,-0.3426780625509382,-0.3444061068361637,-0.28621377587278934
Hellstugubreen,2062-11-01,-0.3690301033483568,-0.36935381609749474,-0.3780396283757326
Hellstugubreen,2062-12-01,-0.3262726968305886,-0.4755614445824918,-0.36809561009444
Hellstugubreen,2063-01-01,-0.11928986494760592,-0.45006405636155344,-0.43167679340738246
Hellstugubreen,2063-02-01,-0.3983842828578504,-0.24878986099667175,-0.27964061609787266
Hellstugubreen,2063-03-01,-0.4268705467423937,-0.24702730657292618,-0.40406223027067883
Hellstugubreen,2063-04-01,-0.2596820847623255,-0.3048437132991775,-0.37742076683695075
Hellstugubreen,2063-05-01,-0.4136605333940872,-0.39290030485582483,-0.3477021080636922
Hellstugubreen,2063-06-01,-0.4202197404874391,-0.36330036897645607,-0.3154829802908205
Hellstugubreen,2063-07-01,-0.44639813978216014,-0.4082500530852804,-0.3361518781287269
Hellstugubreen,2063-08-01,-0.33744383216117574,-0.3983983895389946,-0.35726412370177923
Hellstugubreen,2063-09-01,-0.3674351765619739,-0.3939242118983435,-0.34515368545671105
Hellstugubreen,2063-10-01,-0.3774330008617659,-0.36354349698920335,-0.27832384881663513
Hellstugubreen,2063-11-01,-0.3708762175702394,-0.26788511549444743,-0.41857395800544356
Hellstugubreen,2063-12-01,-0.337689487112107,-0.40813041311960374,-0.3208916292500579
Hellstugubreen,2064-01-01,-0.271665799203575,-0.35979697739154043,-0.41766995647948907
Hellstugubreen,2064-02-01,-0.28717225135052443,-0.39806059830713353,-0.42750177860126176
Hellstugubreen,2064-03-01,-0.2309266649018217,-0.44341936373506213,-0.41232991712064065
Hellstugubreen,2064-04-01,-0.2075430896718539,-0.3804926441290876,-0.35748987945911304
Hellstugubreen,2064-05-01,-0.3766281410598744,-0.42053226816595196,-0.39977734673337295
Hellstugubreen,2064-06-01,-0.29586963425975626,-0.4330913876382667,-0.3647476850295895
Hellstugubreen,2064-07-01,-0.3811906914911152,-0.4353766385274059,-0.32451358111314593
Hellstugubreen,2064-08-01,-0.3054831179219676,-0.3547756935047613,-0.38114681812131246
Hellstugubreen,2064-09-01,-0.4248216117621304,-0.38379968849219104,-0.37103890098881726
Hellstugubreen,2064-10-01,-0.394554551445383,-0.3267825945502712,-0.31916561042260944
Hellstugubreen,2064-11-01,-0.45022287186127236,-0.35288468107367094,-0.41641125152413716
Hellstugubreen,2064-12-01,-0.3942959223815903,-0.39763329796591335,-0.3739141817143096
Hellstugubreen,2065-01-01,-0.42813775515694047,-0.282662201366107,-0.4053338934124772
Hellstugubreen,2065-02-01,-0.27539620435947887,-0.2873473396806054,-0.392310887546945
Hellstugubreen,2065-03-01,-0.34711714935253224,-0.46735814464435815,-0.4138734209277406
Hellstugubreen,2065-04-01,-0.2795726304374335,-0.34135993970066325,-0.38076152147992054
Hellstugubreen,2065-05-01,-0.29936364561731066,-0.37200255977393604,-0.3379605836872966
Hellstugubreen,2065-06-01,-0.4370910469654617,-0.4146872573152349,-0.3358773533544961
Hellstugubreen,2065-07-01,-0.3438799597065881,-0.41768765117743945,-0.4287679576129639
Hellstugubreen,2065-08-01,-0.4347248862308506,-0.34113124044212734,-0.4539895307193326
Hellstugubreen,2065-09-01,-0.34277269202100497,-0.45910725395696755,-0.38106497929052296
Hellstugubreen,2065-10-01,-0.3291558898007465,-0.3569770351207806,-0.32811819552484695
Hellstugubreen,2065-11-01,-0.3100810987452226,-0.3868465417681333,-0.3269250680677569
Hellstugubreen,2065-12-01,-0.3196470552895272,-0.4441760913632156,-0.28519898973811625
Hellstugubreen,2066-01-01,-0.3831786527174584,-0.4260838714239275,-0.31405444883512096
Hellstugubreen,2066-02-01,-0.28350171190494344,-0.42872165192803324,-0.42041309675126487
Hellstugubreen,2066-03-01,-0.29092692736163683,-0.33838098017593704,-0.4527132882346912
Hellstugubreen,2066-04-01,-0.386921187488314,-0.42485512826080346,-0.34049721066035654
Hellstugubreen,2066-05-01,-0.2978177018011268,-0.3099544905148059,-0.35125711291595074
Hellstugubreen,2066-06-01,-0.28399150394867695,-0.39357971374566175,-0.2835405542259016
Hellstugubreen,2066-07-01,-0.37656300233473594,-0.37321604697533894,-0.28380535831610393
Hellstugubreen,2066-08-01,-0.34598688084686663,-0.3955935353588705,-0.3229634859128923
Hellstugubreen,2066-09-01,-0.39076775619291326,-0.3643043994990552,-0.33497371646686647
Hellstugubreen,2066-10-01,-0.37099420460794974,-0.3626856778090957,-0.383432786395887
Hellstugubreen,2066-11-01,-0.2676779751197304,-0.49662050453590084,-0.4030382215858448
Hellstugubreen,2066-12-01,-0.4683658700085658,-0.3204070378832088,-0.3687025910218488
Hellstugubreen,2067-01-01,-0.457367947205447,-0.3939916376869966,-0.4537878859285949
Hellstugubreen,2067-02-01,-0.3033349386130498,-0.3984641651363711,-0.3025509294004784
Hellstugubreen,2067-03-01,-0.2841023298907497,-0.345811146357104,-0.22357970249522585
Hellstugubreen,2067-04-01,-0.39322604786413246,-0.38598605451927676,-0.37787407161877135
Hellstugubreen,2067-05-01,-0.3434409794988796,-0.43331632128101355,-0.3384067848728704
Hellstugubreen,2067-06-01,-0.42584459403388064,-0.2762296035736676,-0.4481761331533871
Hellstugubreen,2067-07-01,-0.3712612825135186,-0.4298840117844309,-0.40054790857002637
Hellstugubreen,2067-08-01,-0.4448099424244334,-0.3827409282085375,-0.5070974628978743
Hellstugubreen,2067-09-01,-0.3907398821716252,-0.34699498737600143,-0.4102550483674217
Hellstugubreen,2067-10-01,-0.3982732188447781,-0.27724912730515866,-0.3600507634171257
Hellstugubreen,2067-11-01,-0.3539378023944211,-0.3961974365500302,-0.41460127264831864
Hellstugubreen,2067-12-01,-0.24110982470852438,-0.3743324055097596,-0.3880232596485739
Hellstugubreen,2068-01-01,-0.2536415852320855,-0.3035803826523175,-0.360410287128803
Hellstugubreen,2068-02-01,-0.3754244268520989,-0.206467829912827,-0.37898139898825584
Hellstugubreen,2068-03-01,-0.4447475389573521,-0.3744040746087472,-0.4926728991339299
Hellstugubreen,2068-04-01,-0.36893431665198007,-0.4414765739227778,-0.4125047445208751
Hellstugubreen,2068-05-01,-0.3488222416221977,-0.37277129016711963,-0.3029980558256301
Hellstugubreen,2068-06-01,-0.38154004856790386,-0.3540497674277052,-0.3808178926558176
Hellstugubreen,2068-07-01,-0.35830055113017995,-0.3564049613920132,-0.4580795379452363
Hellstugubreen,2068-08-01,-0.4013123326543462,-0.3729811748552643,-0.31728394179730746
Hellstugubreen,2068-09-01,-0.3784651319034067,-0.39698041718507265,-0.3780156262647445
Hellstugubreen,2068-10-01,-0.34980307661732485,-0.3364450046237164,-0.4173711331617942
Hellstugubreen,2068-11-01,-0.4102822933682506,-0.3449376848379641,-0.3568619856004715
Hellstugubreen,2068-12-01,-0.3734876285744284,-0.32776379362349123,-0.4537153754203227
Hellstugubreen,2069-01-01,-0.4831044134088887,-0.4209293997535963,-0.543394419727806
Hellstugubreen,2069-02-01,-0.16127817835178074,-0.4424516400679421,-0.498124394203213
Hellstugubreen,2069-03-01,-0.3666709372551315,-0.2509713026072153,-0.4227884329920147
Hellstugubreen,2069-04-01,-0.4225051295136905,-0.37853144449527254,-0.48955847247463896
Hellstugubreen,2069-05-01,-0.37805282234688126,-0.3638306728089571,-0.2974872576426698
Hellstugubreen,2069-06-01,-0.3334842671729124,-0.4336919345063608,-0.4320206631277448
Hellstugubreen,2069-07-01,-0.3778992949511679,-0.3413292422655125,-0.37229546537565605
Hellstugubreen,2069-08-01,-0.40350602360972615,-0.3396701451401127,-0.3867993712163955
Hellstugubreen,2069-09-01,-0.3517790901467978,-0.38156419098423416,-0.4410984091164207
Hellstugubreen,2069-10-01,-0.33938972811249557,-0.38791729446005335,-0.4184949096173758
Hellstugubreen,2069-11-01,-0.34981112956798416,-0.34699112080016814,-0.439937413425388
Hellstugubreen,2069-12-01,-0.2385802306148376,-0.3796085482275228,-0.4076524837587752
Hellstugubreen,2070-01-01,-0.4343963574771725,-0.38471023382320135,-0.27903514824233655
Hellstugubreen,2070-02-01,-0.26407470312874826,-0.3204716343617818,-0.4229083095182835
Hellstugubreen,2070-03-01,-0.4121867559923422,-0.2922936432117309,-0.33075329658205216
Hellstugubreen,2070-04-01,-0.3119104947083117,-0.3816416453949089,-0.36712467529536547
Hellstugubreen,2070-05-01,-0.40667814995977475,-0.4062723063587243,-0.41240430755646784
Hellstugubreen,2070-06-01,-0.32445872081292954,-0.37663028849478847,-0.3829126087628982
Hellstugubreen,2070-07-01,-0.30908662328449615,-0.42227705322380676,-0.38871507266870986
Hellstugubreen,2070-08-01,-0.30339921220145677,-0.4318080207470502,-0.38968691170143366
Hellstugubreen,2070-09-01,-0.33162754250887794,-0.38171782810871413,-0.38122680565695893
Hellstugubreen,2070-10-01,-0.35058924632327443,-0.39829483865843507,-0.3824371017596208
Hellstugubreen,2070-11-01,-0.31462133045876234,-0.3959484240999,-0.43989077164407586
Hellstugubreen,2070-12-01,-0.3639802460598684,-0.3054979239230275,-0.31015601704295354
Hellstugubreen,2071-01-01,-0.320166873740983,-0.26777469503146784,-0.484868029275463
Hellstugubreen,2071-02-01,-0.43630407565874707,-0.31542161856419676,-0.44788909327065435
Hellstugubreen,2071-03-01,-0.44924018189977577,-0.3749113153499158,-0.3397397254604777
Hellstugubreen,2071-04-01,-0.35679758259693095,-0.4258883623056337,-0.3392738091324147
Hellstugubreen,2071-05-01,-0.41959789021596244,-0.3953557315118526,-0.43260739140985244
Hellstugubreen,2071-06-01,-0.3917750785780485,-0.33527749002344115,-0.41911206645287763
Hellstugubreen,2071-07-01,-0.36822822629500535,-0.4215829763786854,-0.3510915755361825
Hellstugubreen,2071-08-01,-0.36478743600626434,-0.4212553165111193,-0.3676588355924222
Hellstugubreen,2071-09-01,-0.3711257241496229,-0.39465919938117744,-0.35944009672569566
Hellstugubreen,2071-10-01,-0.35212124051468785,-0.38076673017703766,-0.3656996945422082
Hellstugubreen,2071-11-01,-0.37577507469128774,-0.30853557346149796,-0.3964656335523881
Hellstugubreen,2071-12-01,-0.3218672474597777,-0.19458537517503718,-0.37180393136415857
Hellstugubreen,2072-01-01,-0.322160413007973,-0.35042115394917905,-0.5395702948836972
Hellstugubreen,2072-02-01,-0.3394526845638907,-0.4279533075768309,-0.44460089426339494
Hellstugubreen,2072-03-01,-0.24204670662158642,-0.43164157842280454,-0.5158114043518901
Hellstugubreen,2072-04-01,-0.44032035215278914,-0.4742739216729705,-0.35363489720677727
Hellstugubreen,2072-05-01,-0.3355401081857883,-0.34591883938541107,-0.36783812067732796
Hellstugubreen,2072-06-01,-0.43283057281562937,-0.38516799846939903,-0.2916455854863593
Hellstugubreen,2072-07-01,-0.3618235934784402,-0.41515119825196956,-0.2937585301742817
Hellstugubreen,2072-08-01,-0.35563627350423355,-0.44686190923852775,-0.35332106362222965
Hellstugubreen,2072-09-01,-0.37087026178184385,-0.40021246378624836,-0.3458971294037174
Hellstugubreen,2072-10-01,-0.3867783588941442,-0.3771184167310501,-0.24624155409586598
Hellstugubreen,2072-11-01,-0.4264870142803609,-0.41669994650049524,-0.38537174980408234
Hellstugubreen,2072-12-01,-0.3569568573112519,-0.4745757285918623,-0.44777335378813293
Hellstugubreen,2073-01-01,-0.3204017976098322,-0.4909231580979811,-0.4750389095980559
Hellstugubreen,2073-02-01,-0.4442537299995882,-0.4601144101635674,-0.3611275600702508
Hellstugubreen,2073-03-01,-0.351349593594795,-0.47075745753304404,-0.43108800197234887
Hellstugubreen,2073-04-01,-0.3386514982724764,-0.380900436902981,-0.333155225289983
Hellstugubreen,2073-05-01,-0.3870304815807075,-0.3614866633855091,-0.3682085791940093
Hellstugubreen,2073-06-01,-0.4205590888148613,-0.36596738398995016,-0.34884893226462027
Hellstugubreen,2073-07-01,-0.3698304557342989,-0.29317107144535354,-0.3927544944547558
Hellstugubreen,2073-08-01,-0.3876713370122902,-0.34905237145086104,-0.37930528856512713
Hellstugubreen,2073-09-01,-0.36574522344988347,-0.3767682743566836,-0.3152550223563899
Hellstugubreen,2073-10-01,-0.3889272939869626,-0.320092453980605,-0.41879497575413754
Hellstugubreen,2073-11-01,-0.39039369663659235,-0.3520387612143763,-0.32515204312240154
Hellstugubreen,2073-12-01,-0.3093453411690694,-0.4563226205670676,-0.278156971520741
Hellstugubreen,2074-01-01,-0.3916650021422565,-0.3761238990016276,-0.3714181201582892
Hellstugubreen,2074-02-01,-0.2358371664890717,-0.45168669469204153,-0.4375546408871432
Hellstugubreen,2074-03-01,-0.38134829371336104,-0.450631436196198,-0.3572531494854559
Hellstugubreen,2074-04-01,-0.37389226784956425,-0.3581631945816565,-0.37118441641526917
Hellstugubreen,2074-05-01,-0.421301688754822,-0.38065987832924736,-0.4131907599323387
Hellstugubreen,2074-06-01,-0.42679873969047516,-0.4573743105871116,-0.3364248611024851
Hellstugubreen,2074-07-01,-0.32908639584174687,-0.39608534748860497,-0.39317608122332287
Hellstugubreen,2074-08-01,-0.342716119657923,-0.40530891144967723,-0.3871378720347587
Hellstugubreen,2074-09-01,-0.37917321865245096,-0.4034706937034507,-0.46118145418103657
Hellstugubreen,2074-10-01,-0.30790707960198677,-0.38660093918299404,-0.3426402486538924
Hellstugubreen,2074-11-01,-0.3492737315805829,-0.3100899223443688,-0.44210803918531144
Hellstugubreen,2074-12-01,-0.41788876184388907,-0.4105755276891077,-0.45217643110284583
Hellstugubreen,2075-01-01,-0.24611980665014496,-0.4250140524715211,-0.45348945636298565
Hellstugubreen,2075-02-01,-0.1636037567082762,-0.2944064910471301,-0.47582209341966913
Hellstugubreen,2075-03-01,-0.2876954466524963,-0.39434024414008967,-0.4742694854100738
Hellstugubreen,2075-04-01,-0.26660982604650224,-0.3086854242962984,-0.38389948122438383
Hellstugubreen,2075-05-01,-0.3799378776794824,-0.38781687409939813,-0.32535652842108026
Hellstugubreen,2075-06-01,-0.3100551224741336,-0.3266506154387909,-0.4047720648647397
Hellstugubreen,2075-07-01,-0.29298490823150214,-0.32354660234832266,-0.33314533587362133
Hellstugubreen,2075-08-01,-0.3778981408755298,-0.3830223338822106,-0.35366632360343697
Hellstugubreen,2075-09-01,-0.318210424978424,-0.31955936141992275,-0.37731068259600004
Hellstugubreen,2075-10-01,-0.2958026742197731,-0.3305962596543637,-0.3702998114027245
Hellstugubreen,2075-11-01,-0.39267269117480513,-0.3278101535192859,-0.35715772569122267
Hellstugubreen,2075-12-01,-0.35493438787833265,-0.2731172691733232,-0.47052993593454245
Hellstugubreen,2076-01-01,-0.43602072332246117,-0.4100981197376734,-0.42915580435423034
Hellstugubreen,2076-02-01,-0.5120224066823688,-0.4477353952405534,-0.34841996796755553
Hellstugubreen,2076-03-01,-0.46096383448831874,-0.5097328702783521,-0.4203444975493844
Hellstugubreen,2076-04-01,-0.3674411063871407,-0.4455280305249946,-0.3568477008336474
Hellstugubreen,2076-05-01,-0.37866044678869865,-0.4077380873380814,-0.3476045852824147
Hellstugubreen,2076-06-01,-0.39859358976350584,-0.34433456490281483,-0.3401458570904831
Hellstugubreen,2076-07-01,-0.3412629514884502,-0.2903561635848358,-0.43991352937529343
Hellstugubreen,2076-08-01,-0.3975406923517686,-0.28087505047658035,-0.40066007710981383
Hellstugubreen,2076-09-01,-0.36599520356874193,-0.35941975707953183,-0.36907753001238963
Hellstugubreen,2076-10-01,-0.3152163447930834,-0.39754552035185364,-0.3844413939822089
Hellstugubreen,2076-11-01,-0.41635830814130137,-0.3307126075948748,-0.3865473467687428
Hellstugubreen,2076-12-01,-0.445434555745315,-0.3758114798220478,-0.37197121731914734
Hellstugubreen,2077-01-01,-0.2541329467850521,-0.39053647095146493,-0.24373921994163136
Hellstugubreen,2077-02-01,-0.2976372263128996,-0.3266769314965906,-0.28201150279703197
Hellstugubreen,2077-03-01,-0.38453016677065704,-0.43793589714745423,-0.44140551033881176
Hellstugubreen,2077-04-01,-0.38874375741465855,-0.350161569292825,-0.3941239697562331
Hellstugubreen,2077-05-01,-0.370601137623685,-0.35275096320745086,-0.3939775166261281
Hellstugubreen,2077-06-01,-0.3294067187755569,-0.4246213853358771,-0.35857027654180146
Hellstugubreen,2077-07-01,-0.35693618327196197,-0.3351615101913877,-0.3537297371014551
Hellstugubreen,2077-08-01,-0.36261813115510005,-0.34698706595579365,-0.39452046272933705
Hellstugubreen,2077-09-01,-0.39046456223655945,-0.41793723563410223,-0.3928381768565939
Hellstugubreen,2077-10-01,-0.4122466264324685,-0.3808573743424899,-0.4140195085956289
Hellstugubreen,2077-11-01,-0.3011698966314383,-0.38785725051506964,-0.4472875150543281
Hellstugubreen,2077-12-01,-0.439851835077023,-0.39561635898440334,-0.349460850552396
Hellstugubreen,2078-01-01,-0.3822117794773073,-0.29282076984844657,-0.2529107611117818
Hellstugubreen,2078-02-01,-0.43177747271043554,-0.41067404570960325,-0.2946243724335087
Hellstugubreen,2078-03-01,-0.4090746714025422,-0.3914226099496167,-0.2638897746872002
Hellstugubreen,2078-04-01,-0.3676233400160504,-0.29993120486870545,-0.45902698802499486
Hellstugubreen,2078-05-01,-0.39897273086340834,-0.38536204031455173,-0.3824039196059473
Hellstugubreen,2078-06-01,-0.38350295421452424,-0.39133533042679575,-0.39082286625475976
Hellstugubreen,2078-07-01,-0.4337812017332179,-0.40864724758406473,-0.3475548783863697
Hellstugubreen,2078-08-01,-0.38670382549072607,-0.37776335336754463,-0.329231722658842
Hellstugubreen,2078-09-01,-0.3563245813473257,-0.3820322752112719,-0.3748697923467191
Hellstugubreen,2078-10-01,-0.3037014923134775,-0.3730096873946435,-0.4215053557730766
Hellstugubreen,2078-11-01,-0.31435128931745887,-0.43330046951757395,-0.4383460740550522
Hellstugubreen,2078-12-01,-0.4851809880471887,-0.5720506298081995,-0.3847732746119859
Hellstugubreen,2079-01-01,-0.44504332238004585,-0.5209423349879291,-0.36303850161934026
Hellstugubreen,2079-02-01,-0.2578872030976791,-0.32598864774888014,-0.3108647045114515
Hellstugubreen,2079-03-01,-0.1679354501421079,-0.42805082981019477,-0.4538194648673892
Hellstugubreen,2079-04-01,-0.43757935158500655,-0.36465767462678517,-0.34871888020241143
Hellstugubreen,2079-05-01,-0.3068860373687152,-0.3951858257770169,-0.3817636939567583
Hellstugubreen,2079-06-01,-0.38179044788474786,-0.38948660939339863,-0.3457369826534376
Hellstugubreen,2079-07-01,-0.3921966594319937,-0.37090437027932205,-0.3554777756674159
Hellstugubreen,2079-08-01,-0.38924004048951816,-0.38726048457621226,-0.3429472798881486
Hellstugubreen,2079-09-01,-0.34123723834042136,-0.3848955318399558,-0.3590023569206687
Hellstugubreen,2079-10-01,-0.3667735930983899,-0.4037234475360841,-0.374704688953348
Hellstugubreen,2079-11-01,-0.3179611649150031,-0.43422895961317165,-0.4254851195672808
Hellstugubreen,2079-12-01,-0.426911479868093,-0.37924900230923236,-0.4160574256022147
Hellstugubreen,2080-01-01,-0.4231602550530287,-0.431027057990285,-0.3294445355615599
Hellstugubreen,2080-02-01,-0.41141863749365104,-0.5022211978106369,-0.2216230795253563
Hellstugubreen,2080-03-01,-0.4048800210006809,-0.48017643987450725,-0.3408892395958086
Hellstugubreen,2080-04-01,-0.4361798243504403,-0.43753555738101557,-0.36895147897581354
Hellstugubreen,2080-05-01,-0.3919284643368251,-0.3702461425415445,-0.37920179831112083
Hellstugubreen,2080-06-01,-0.46562478165732607,-0.32270714935908407,-0.3692470896449234
Hellstugubreen,2080-07-01,-0.3193251639926409,-0.3373825871870486,-0.4387359040755372
Hellstugubreen,2080-08-01,-0.3657755768092663,-0.38308740296661287,-0.3570310211261433
Hellstugubreen,2080-09-01,-0.35675488392302723,-0.3792397022520648,-0.3632761122562147
Hellstugubreen,2080-10-01,-0.3759652752698728,-0.4142149854556345,-0.38572187674732095
Hellstugubreen,2080-11-01,-0.296503685279345,-0.4485454902909654,-0.33725839628853665
Hellstugubreen,2080-12-01,-0.17457590459276148,-0.3800346517555808,-0.4125599757437395
Hellstugubreen,2081-01-01,-0.25541122395200494,-0.34789431554795475,-0.36351944292577154
Hellstugubreen,2081-02-01,-0.29833651259430516,-0.25021309149810705,-0.32118194676793094
Hellstugubreen,2081-03-01,-0.3614541589928389,-0.37193128331755965,-0.4555481944175211
Hellstugubreen,2081-04-01,-0.4073321072283271,-0.3216158634219403,-0.3482744213458065
Hellstugubreen,2081-05-01,-0.27282492691263593,-0.3300265344628483,-0.396996575846087
Hellstugubreen,2081-06-01,-0.3293593536511802,-0.2845349048627213,-0.3472386836471944
Hellstugubreen,2081-07-01,-0.3149568533609907,-0.2765149821505926,-0.3971366980279723
Hellstugubreen,2081-08-01,-0.31630997548708534,-0.34104771200419143,-0.39698038399218355
Hellstugubreen,2081-09-01,-0.34538113220659433,-0.3768215642487546,-0.35772321029139414
Hellstugubreen,2081-10-01,-0.38268489231283626,-0.3743914565025201,-0.332267375685633
Hellstugubreen,2081-11-01,-0.3662087114769654,-0.31951185932933807,-0.4530147738927534
Hellstugubreen,2081-12-01,-0.2681634186227328,-0.2866061739235064,-0.4049199134499073
Hellstugubreen,2082-01-01,-0.44851296212645275,-0.4058416292094161,-0.4059496311937177
Hellstugubreen,2082-02-01,-0.34638960427580895,-0.36958647645594117,-0.46447367996786376
Hellstugubreen,2082-03-01,-0.4446545266621411,-0.3408735943416492,-0.4240728173006478
Hellstugubreen,2082-04-01,-0.39814819248471384,-0.2936662715038827,-0.4236585018710883
Hellstugubreen,2082-05-01,-0.3953501144384272,-0.43302491414205035,-0.3823336587573041
Hellstugubreen,2082-06-01,-0.4145091989122385,-0.30690604578429026,-0.3162451297316598
Hellstugubreen,2082-07-01,-0.4271496718035195,-0.4063502039027836,-0.2623722832242508
Hellstugubreen,2082-08-01,-0.37704476485993393,-0.352109242567415,-0.37871473646289644
Hellstugubreen,2082-09-01,-0.3204296555301311,-0.3375051727201541,-0.4029126720157077
Hellstugubreen,2082-10-01,-0.3378110634854037,-0.38613717487427723,-0.4171389745346374
Hellstugubreen,2082-11-01,-0.3405829055746996,-0.3617903591882948,-0.38512023912682136
Hellstugubreen,2082-12-01,-0.4347968596136125,-0.3883683792587524,-0.4476209848496229
Hellstugubreen,2083-01-01,-0.41089543392616656,-0.3956672154461906,-0.4523336165497198
Hellstugubreen,2083-02-01,-0.38485676303660815,-0.14806452505452608,-0.47654821846109635
Hellstugubreen,2083-03-01,-0.32107485290562543,-0.31356731279360434,-0.4200917971518212
Hellstugubreen,2083-04-01,-0.32371694837693626,-0.2560675403737727,-0.33456732023569646
Hellstugubreen,2083-05-01,-0.3181632609135287,-0.30642475291630783,-0.39028199383560874
Hellstugubreen,2083-06-01,-0.3059734820684142,-0.3921579423887736,-0.36536525222680855
Hellstugubreen,2083-07-01,-0.39887049527859036,-0.3781195461648011,-0.30841764195872473
Hellstugubreen,2083-08-01,-0.3838471437307822,-0.36396514808972963,-0.45593249903188315
Hellstugubreen,2083-09-01,-0.40183097459222794,-0.38426186793928635,-0.395261406501153
Hellstugubreen,2083-10-01,-0.3964782459228348,-0.3909546280277311,-0.3983934164373875
Hellstugubreen,2083-11-01,-0.335878253250869,-0.3534329727428865,-0.377331034770886
Hellstugubreen,2083-12-01,-0.37875008937440074,-0.39108118432477085,-0.41369686240631526
Hellstugubreen,2084-01-01,-0.36302546951563447,-0.3870227033417016,-0.5232167099814361
Hellstugubreen,2084-02-01,-0.36897710119576876,-0.3342108148304536,-0.4760670899160164
Hellstugubreen,2084-03-01,-0.41831024132704336,-0.35379033725194325,-0.4054280770532735
Hellstugubreen,2084-04-01,-0.4023581444025721,-0.45863654171003615,-0.354726601220783
Hellstugubreen,2084-05-01,-0.3249558496206324,-0.3967657429674765,-0.4086863124454394
Hellstugubreen,2084-06-01,-0.2885771069547743,-0.4655490350833456,-0.4010922045824498
Hellstugubreen,2084-07-01,-0.35201591034587826,-0.3646462138388791,-0.44116605070512493
Hellstugubreen,2084-08-01,-0.3694718051678784,-0.37462510096715224,-0.38403820119382376
Hellstugubreen,2084-09-01,-0.3845351356836906,-0.3695888940587961,-0.4278923963510531
Hellstugubreen,2084-10-01,-0.31239099542802434,-0.385554420132822,-0.4829021482919374
Hellstugubreen,2084-11-01,-0.2272260147195674,-0.32804156994059386,-0.4542579824387376
Hellstugubreen,2084-12-01,-0.18864100742288148,-0.2241040505092473,-0.4418142807872916
Hellstugubreen,2085-01-01,-0.4203700301071047,-0.2528997899491859,-0.4248170351774447
Hellstugubreen,2085-02-01,-0.37473733637100515,-0.2502714453105063,-0.5116108287112983
Hellstugubreen,2085-03-01,-0.47442727289789666,-0.29462443640649166,-0.44457004371798914
Hellstugubreen,2085-04-01,-0.4174867933088306,-0.416729800112078,-0.4026712640521788
Hellstugubreen,2085-05-01,-0.3094340924223737,-0.32072405273710064,-0.361576261949089
Hellstugubreen,2085-06-01,-0.4056110847212289,-0.3177989709388695,-0.40225901886044996
Hellstugubreen,2085-07-01,-0.4256843045462994,-0.3445632394926818,-0.3407729820592871
Hellstugubreen,2085-08-01,-0.38796024428730486,-0.3268540663888344,-0.3562831117432612
Hellstugubreen,2085-09-01,-0.3749983600522997,-0.3630456294095546,-0.38188105935962957
Hellstugubreen,2085-10-01,-0.35658149363400066,-0.31303282269726335,-0.4063944154550718
Hellstugubreen,2085-11-01,-0.3105952619488795,-0.3503940572342865,-0.4399359468837957
Hellstugubreen,2085-12-01,-0.343901527965051,-0.43943711546398506,-0.39867050391520253
Hellstugubreen,2086-01-01,-0.44600698805974054,-0.3439963513073711,-0.41548225272992817
Hellstugubreen,2086-02-01,-0.39133867011747525,-0.4443226636464761,-0.29143577349091915
Hellstugubreen,2086-03-01,-0.3065123762948262,-0.37982417058758683,-0.2117302126254519
Hellstugubreen,2086-04-01,-0.4410652633167118,-0.2788874547012176,-0.3585538031807734
Hellstugubreen,2086-05-01,-0.3597475916987401,-0.3370234601149915,-0.395071838978795
Hellstugubreen,2086-06-01,-0.36958929704057986,-0.4511491622212252,-0.3996721880701472
Hellstugubreen,2086-07-01,-0.39752669041426447,-0.35983098910335537,-0.34303224443391694
Hellstugubreen,2086-08-01,-0.37071892996211436,-0.3438021438116316,-0.34800799228248236
Hellstugubreen,2086-09-01,-0.3998569327757895,-0.34160569139083075,-0.3281421696029985
Hellstugubreen,2086-10-01,-0.27658320125199115,-0.34612135512120656,-0.38077466110245206
Hellstugubreen,2086-11-01,-0.27892466084549483,-0.31879166492350136,-0.36708462336214986
Hellstugubreen,2086-12-01,-0.3133529690909366,-0.42813470575371904,-0.44738835644275227
Hellstugubreen,2087-01-01,-0.3037520947509042,-0.2604761112160054,-0.46357376838019365
Hellstugubreen,2087-02-01,-0.36390092900619636,-0.21552171553204433,-0.46292003761530465
Hellstugubreen,2087-03-01,-0.37200737308665294,-0.33525269162931765,-0.37668891175409636
Hellstugubreen,2087-04-01,-0.34816570854424,-0.2853553632722587,-0.38995323419603256
Hellstugubreen,2087-05-01,-0.35672834829433375,-0.37499108153793737,-0.3787770065985027
Hellstugubreen,2087-06-01,-0.34594434271199087,-0.33352587251341587,-0.34562320004205943
Hellstugubreen,2087-07-01,-0.34745033286579985,-0.34794009703190626,-0.312094019270444
Hellstugubreen,2087-08-01,-0.35727856517669787,-0.34626990897523874,-0.36302515736465724
Hellstugubreen,2087-09-01,-0.32365958989532134,-0.41047172864391973,-0.4102154476858811
Hellstugubreen,2087-10-01,-0.3105297439637316,-0.41868179171818193,-0.3751348128763172
Hellstugubreen,2087-11-01,-0.36221080195533806,-0.36507710234941526,-0.39482444987066434
Hellstugubreen,2087-12-01,-0.42539256647757967,-0.3509409486149829,-0.44736431953083167
Hellstugubreen,2088-01-01,-0.2576976083616725,-0.4841200008933579,-0.278347730368171
Hellstugubreen,2088-02-01,-0.31105912224636334,-0.4240802688050655,-0.34107194430839405
Hellstugubreen,2088-03-01,-0.26899259370354284,-0.427688848040773,-0.30028560902479673
Hellstugubreen,2088-04-01,-0.3299779246654981,-0.42401317178061326,-0.343337377910768
Hellstugubreen,2088-05-01,-0.3453977329641278,-0.335193484917599,-0.31394351967205275
Hellstugubreen,2088-06-01,-0.36850004049402735,-0.3278416361927308,-0.3934971789845545
Hellstugubreen,2088-07-01,-0.4058068251104074,-0.2902204161927863,-0.2891997435456075
Hellstugubreen,2088-08-01,-0.363576613277689,-0.3388204925125807,-0.3812449862170124
Hellstugubreen,2088-09-01,-0.3610914294801531,-0.2987574965004209,-0.3730655482681425
Hellstugubreen,2088-10-01,-0.3602538737811516,-0.32248284557903634,-0.38371482662849665
Hellstugubreen,2088-11-01,-0.2505309808287713,-0.35160454709929634,-0.438010623496609
Hellstugubreen,2088-12-01,-0.43836684216751615,-0.44037274028248286,-0.4791521766625939
Hellstugubreen,2089-01-01,-0.5153417127137067,-0.47321445283133484,-0.41549367238572543
Hellstugubreen,2089-02-01,-0.5529301908895382,-0.3874499965385427,-0.4379662563712472
Hellstugubreen,2089-03-01,-0.4527852664630034,-0.31954714151024194,-0.2052344713951121
Hellstugubreen,2089-04-01,-0.39915647083193956,-0.30163719211649503,-0.31955399640798027
Hellstugubreen,2089-05-01,-0.4608230122188483,-0.463626878556983,-0.3685834369665068
Hellstugubreen,2089-06-01,-0.34653393776329217,-0.3850308221421719,-0.4150226916882828
Hellstugubreen,2089-07-01,-0.3867376475080551,-0.3462070105291613,-0.3961061877744463
Hellstugubreen,2089-08-01,-0.42407699079124184,-0.3998912555316958,-0.38531563280041065
Hellstugubreen,2089-09-01,-0.3878248950489282,-0.306069939898406,-0.3757843571084953
Hellstugubreen,2089-10-01,-0.33229601123563096,-0.35970418938308174,-0.3952617342629647
Hellstugubreen,2089-11-01,-0.42920722205655215,-0.3611869631524441,-0.4318005697165665
Hellstugubreen,2089-12-01,-0.24515877252314996,-0.37953547138288424,-0.34776134653097657
Hellstugubreen,2090-01-01,-0.13175038900658764,-0.32434167925065477,-0.4696903729485113
Hellstugubreen,2090-02-01,-0.3068624053844932,-0.5634985185314282,-0.37912106125164774
Hellstugubreen,2090-03-01,-0.20931570420300064,-0.4872917101807004,-0.41888754851569937
Hellstugubreen,2090-04-01,-0.3992919282390903,-0.31019223502966903,-0.36448512111801473
Hellstugubreen,2090-05-01,-0.39849111313965246,-0.3734179767087862,-0.35776695917722234
Hellstugubreen,2090-06-01,-0.365843907216886,-0.39499841352335646,-0.38397666002757486
Hellstugubreen,2090-07-01,-0.3913254266064497,-0.36576051648435914,-0.4158763998619732
Hellstugubreen,2090-08-01,-0.37697912123607624,-0.3563840154787681,-0.3690653119109719
Hellstugubreen,2090-09-01,-0.3880896612764848,-0.2974524966620619,-0.4018809350900217
Hellstugubreen,2090-10-01,-0.3567801980844149,-0.33103985979726064,-0.42068860548829656
Hellstugubreen,2090-11-01,-0.4105933344834072,-0.36848483814156596,-0.4258620987229585
Hellstugubreen,2090-12-01,-0.39751429970555624,-0.4099776415645538,-0.4043160273218811
Hellstugubreen,2091-01-01,-0.32132145342642493,-0.5003283863414266,-0.38359175563698417
Hellstugubreen,2091-02-01,-0.4036451538549907,-0.48173635813062327,-0.5219251045459978
Hellstugubreen,2091-03-01,-0.4684285425863603,-0.2744848555861347,-0.48129277056720615
Hellstugubreen,2091-04-01,-0.3591249465391411,-0.4247182539988719,-0.3595943734620845
Hellstugubreen,2091-05-01,-0.3386329163091315,-0.3103985546233334,-0.38632049105261085
Hellstugubreen,2091-06-01,-0.390514048207703,-0.4308975024901555,-0.45671416510354784
Hellstugubreen,2091-07-01,-0.3946652733603595,-0.40789700228247,-0.3531376889282723
Hellstugubreen,2091-08-01,-0.33049088791594433,-0.3485850060245374,-0.37673420423555326
Hellstugubreen,2091-09-01,-0.2992750269703029,-0.40245819474555317,-0.3803445451488956
Hellstugubreen,2091-10-01,-0.4018611158519451,-0.33228084035415,-0.4160726665215433
Hellstugubreen,2091-11-01,-0.346926903489359,-0.29538641582471287,-0.36724120784878317
Hellstugubreen,2091-12-01,-0.4560209338383072,-0.25307496344419983,-0.31440925295734207
Hellstugubreen,2092-01-01,-0.24887798364577732,-0.38656774930690146,-0.2647975860209053
Hellstugubreen,2092-02-01,-0.2075397800922797,-0.3965202054198356,-0.3928666718365635
Hellstugubreen,2092-03-01,-0.28719651773669935,-0.24761988069058008,-0.506592309292005
Hellstugubreen,2092-04-01,-0.29344355790043425,-0.27263642225700213,-0.40461179019572285
Hellstugubreen,2092-05-01,-0.43907102268395076,-0.3714212157304752,-0.4232419660319791
Hellstugubreen,2092-06-01,-0.29775701583706393,-0.4091983180458976,-0.3010851004473814
Hellstugubreen,2092-07-01,-0.3645690740617173,-0.39915292875259273,-0.32208873646233876
Hellstugubreen,2092-08-01,-0.3717190569885631,-0.3648248725052808,-0.33875333282414255
Hellstugubreen,2092-09-01,-0.38320169674201915,-0.42150404237839406,-0.34425700193112546
Hellstugubreen,2092-10-01,-0.3380107092861246,-0.41457037610243486,-0.34262809394227617
Hellstugubreen,2092-11-01,-0.3547777916202958,-0.40562140277885605,-0.3822326389373136
Hellstugubreen,2092-12-01,-0.4566324428886966,-0.32534124528743263,-0.3623803494672944
Hellstugubreen,2093-01-01,-0.3655718360480031,-0.21854992275510754,-0.4967232680235811
Hellstugubreen,2093-02-01,-0.35948461132074727,-0.3477499362392307,-0.3564226267107475
Hellstugubreen,2093-03-01,-0.3299626749151949,-0.22522500687772143,-0.44339991863268907
Hellstugubreen,2093-04-01,-0.354224030407394,-0.3802335472927858,-0.39519209560247726
Hellstugubreen,2093-05-01,-0.41027373814771156,-0.3913653446193706,-0.2689363808231545
Hellstugubreen,2093-06-01,-0.4105812439567284,-0.3566407603412836,-0.33836993478632293
Hellstugubreen,2093-07-01,-0.38499047201420894,-0.39234532200862215,-0.3050919827423593
Hellstugubreen,2093-08-01,-0.3281914030962305,-0.4171272867179092,-0.355834786195224
Hellstugubreen,2093-09-01,-0.4135825765709355,-0.47360910117682375,-0.3628672151794603
Hellstugubreen,2093-10-01,-0.43142437552080665,-0.33696170506806983,-0.39238010844660653
Hellstugubreen,2093-11-01,-0.4168702505867299,-0.39980791728777443,-0.4043656725263185
Hellstugubreen,2093-12-01,-0.3429688221547542,-0.2956836541525361,-0.2359982817987162
Hellstugubreen,2094-01-01,-0.4939809372527677,-0.447624640325116,-0.4030836785176983
Hellstugubreen,2094-02-01,-0.43084341046949026,-0.22265799949732598,-0.4547568845496263
Hellstugubreen,2094-03-01,-0.3997033174671274,-0.38592024640292033,-0.35980986613461824
Hellstugubreen,2094-04-01,-0.29982777198127925,-0.4600714041209098,-0.4233796355696265
Hellstugubreen,2094-05-01,-0.32739439442262275,-0.3871497400377805,-0.4442315858264316
Hellstugubreen,2094-06-01,-0.29192923454252034,-0.2980326962438072,-0.4575865532422725
Hellstugubreen,2094-07-01,-0.3577495458098401,-0.37616246425248545,-0.4585515800266377
Hellstugubreen,2094-08-01,-0.29651198970910697,-0.32711348093467585,-0.3046836863938
Hellstugubreen,2094-09-01,-0.3750883211726814,-0.30892657655653427,-0.31663842202668974
Hellstugubreen,2094-10-01,-0.2935221251344255,-0.38545007180432517,-0.3736792623224943
Hellstugubreen,2094-11-01,-0.3311482996226837,-0.4597852170818401,-0.3592294127642955
Hellstugubreen,2094-12-01,-0.38805789834948784,-0.4076105557642069,-0.45757697891208543
Hellstugubreen,2095-01-01,-0.4484506819737262,-0.16116619341575544,-0.4655587223376502
Hellstugubreen,2095-02-01,-0.39801223406026165,-0.44258675344341764,-0.36167283029842556
Hellstugubreen,2095-03-01,-0.4190073623390238,-0.4110399400042068,-0.3966823933796777
Hellstugubreen,2095-04-01,-0.36815593864324114,-0.39715940752348283,-0.38729090239507197
Hellstugubreen,2095-05-01,-0.36075142133220234,-0.2909884763515788,-0.374381539514908
Hellstugubreen,2095-06-01,-0.3681328360844047,-0.32639294411485126,-0.3588105513423165
Hellstugubreen,2095-07-01,-0.36134582390848696,-0.3120121705795951,-0.38789511678306887
Hellstugubreen,2095-08-01,-0.3591889296805168,-0.3685522111801743,-0.394108927229605
Hellstugubreen,2095-09-01,-0.37333196626123377,-0.3231432396913547,-0.4027027339527496
Hellstugubreen,2095-10-01,-0.419520905173661,-0.41834754128035434,-0.40230485463295107
Hellstugubreen,2095-11-01,-0.2813414706696397,-0.3914179560695104,-0.3563758075374201
Hellstugubreen,2095-12-01,-0.37712451063156377,-0.3172252519008265,-0.39913999781040427
Hellstugubreen,2096-01-01,-0.42799024690760407,-0.3967668956271564,-0.4028342889903898
Hellstugubreen,2096-02-01,-0.47515616783656917,-0.522238468,-0.4116104475676021
Hellstugubreen,2096-03-01,-0.41035016832205046,-0.2894903663803015,-0.457877081852676
Hellstugubreen,2096-04-01,-0.3073063768712287,-0.3440285601265649,-0.47814926645099504
Hellstugubreen,2096-05-01,-0.3691182266082278,-0.3801575701630324,-0.4710140043063238
Hellstugubreen,2096-06-01,-0.468603189229121,-0.3716540818164318,-0.48799946325688176
Hellstugubreen,2096-07-01,-0.4248237031567474,-0.4122075809652233,-0.4446005877932828
Hellstugubreen,2096-08-01,-0.39470004502697376,-0.39409954355579996,-0.41924696455381155
Hellstugubreen,2096-09-01,-0.3743751653371247,-0.3590670911181652,-0.4874109650945662
Hellstugubreen,2096-10-01,-0.32477737130094214,-0.386932712351747,-0.4543755686279753
Hellstugubreen,2096-11-01,-0.41560700190147,-0.3657639273132222,-0.4910954525525814
Hellstugubreen,2096-12-01,-0.4346231076366467,-0.4672554769365976,-0.4996638116610475
Hellstugubreen,2097-01-01,-0.37262512762745575,-0.43080462990196305,-0.4985635247124192
Hellstugubreen,2097-02-01,-0.3444170715895485,-0.5071453503755999,-0.49500487410123845
Hellstugubreen,2097-03-01,-0.25723143119103564,-0.39056351524952443,-0.4072946002815152
Hellstugubreen,2097-04-01,-0.3482366471508012,-0.4830332249152489,-0.41683836930266605
Hellstugubreen,2097-05-01,-0.42277800493440987,-0.29351149475840826,-0.4221333198325527
Hellstugubreen,2097-06-01,-0.3213275474436754,-0.3761693008545463,-0.39669806545526837
Hellstugubreen,2097-07-01,-0.3684315092029291,-0.45417876372518395,-0.3683043789142175
Hellstugubreen,2097-08-01,-0.4668534713170114,-0.35555638650339244,-0.4083999911733108
Hellstugubreen,2097-09-01,-0.398725847534517,-0.36858016986985054,-0.3721774991122251
Hellstugubreen,2097-10-01,-0.4475162747490617,-0.32302249397535404,-0.39708161010968923
Hellstugubreen,2097-11-01,-0.31221681959872366,-0.42772545975952775,-0.46642973348865474
Hellstugubreen,2097-12-01,-0.3490337480613639,-0.3934216468035514,-0.3874102518383642
Hellstugubreen,2098-01-01,-0.2907031033187939,-0.4815504306974509,-0.4999539406388706
Hellstugubreen,2098-02-01,-0.4006491679233755,-0.3844022787863391,-0.48886347766698807
Hellstugubreen,2098-03-01,-0.26225389782912045,-0.549812773008755,-0.45364775801065277
Hellstugubreen,2098-04-01,-0.2727527277758311,-0.37383172887856775,-0.4268736222217142
Hellstugubreen,2098-05-01,-0.3585958253722444,-0.34028324457941883,-0.3760703381591437
Hellstugubreen,2098-06-01,-0.3617877696210597,-0.32144431984733174,-0.33831899148513367
Hellstugubreen,2098-07-01,-0.3509036904583585,-0.3058345048227534,-0.3582521788578303
Hellstugubreen,2098-08-01,-0.30901414828034046,-0.39679091096126307,-0.3909087647107576
Hellstugubreen,2098-09-01,-0.3417507195260248,-0.4020183931927819,-0.45692278094928307
Hellstugubreen,2098-10-01,-0.3771159174769408,-0.3355802689599207,-0.43863313540724747
Hellstugubreen,2098-11-01,-0.1913315823159154,-0.37161210883288476,-0.39862214549977143
Hellstugubreen,2098-12-01,-0.31661205282138943,-0.3051830916150852,-0.37167037937895714
Hellstugubreen,2099-01-01,-0.5049724038248363,-0.32063992842280103,-0.4516010216817777
Hellstugubreen,2099-02-01,-0.3281752583525636,-0.45015456311941887,-0.4801011430148742
Hellstugubreen,2099-03-01,-0.3975312075360731,-0.3639822857086252,-0.4152988274823448
Hellstugubreen,2099-04-01,-0.3302690883868818,-0.3947126604450986,-0.38402364457039934
Hellstugubreen,2099-05-01,-0.38507522690995283,-0.32678176693570027,-0.3408132991972106
Hellstugubreen,2099-06-01,-0.3157570496375149,-0.4295528424581084,-0.4327545680205474
Hellstugubreen,2099-07-01,-0.41616372678743413,-0.29149604392440864,-0.3334116546441117
Hellstugubreen,2099-08-01,-0.40362747451482023,-0.30112514496698933,-0.3696546772846152
Hellstugubreen,2099-09-01,-0.38345283136509734,-0.3914824997523383,-0.3206997898186375
Hellstugubreen,2099-10-01,-0.3236583145786038,-0.41325213510592773,-0.4155482269358816
Hellstugubreen,2099-11-01,-0.4082826480080213,-0.32158304081888556,-0.3461247090269975
Hellstugubreen,2099-12-01,-0.46987402026942454,-0.46957677863237973,-0.43448889257398476
Hellstugubreen,2100-01-01,-0.3644437958824452,-0.27453892536835495,-0.3010147438710129
Hellstugubreen,2100-02-01,-0.42107342598258457,-0.3893036125133711,-0.33240730897574755
Hellstugubreen,2100-03-01,-0.41565523105102686,-0.4023015041957969,-0.4310206542537665
Hellstugubreen,2100-04-01,-0.4079054660780395,-0.33204945927599067,-0.40831794992022247
Hellstugubreen,2100-05-01,-0.41250322294462766,-0.3334451978961452,-0.46229469928384276
Hellstugubreen,2100-06-01,-0.3608726012264862,-0.3278762793485115,-0.3975599508128509
Hellstugubreen,2100-07-01,-0.4135593516829692,-0.36528516257398586,-0.33645600914778634
Hellstugubreen,2100-08-01,-0.4291087444077779,-0.44868807141169115,-0.32664562891671434
Hellstugubreen,2100-09-01,-0.38248316493520323,-0.40216818770172114,-0.4027712311442891
Hellstugubreen,2100-10-01,-0.46483684704583844,-0.3583863687584065,-0.4384607985773867
Hellstugubreen,2100-11-01,-0.31685525450977153,-0.37948347095021107,-0.4942964891946951
Hellstugubreen,2100-12-01,-0.25179914732297887,-0.41986154415441357,-0.49050422054259285
Langfjordjokelen,2015-01-01,-1.120239576464268,-0.774260781946518,-1.084348493631661
Langfjordjokelen,2015-02-01,-0.5990158407579266,-0.7436152708353808,-0.9382479672877891
Langfjordjokelen,2015-03-01,-0.8546900905860629,-0.8660720808161507,-0.8536904742062504
Langfjordjokelen,2015-04-01,-1.123482196660088,-0.977576290273985,-0.7275490413801368
Langfjordjokelen,2015-05-01,-0.8422251264611936,-1.0867338161747007,-0.8630766363326282
Langfjordjokelen,2015-06-01,-0.9174896617123781,-0.9346225756294256,-0.8755429036324497
Langfjordjokelen,2015-07-01,-0.8414281675349041,-0.9251043210229577,-0.9533553331301272
Langfjordjokelen,2015-08-01,-0.8956919790927679,-1.035813530445563,-0.7993464786081116
Langfjordjokelen,2015-09-01,-0.9094045029272357,-0.9282786479531122,-0.855248262528958
Langfjordjokelen,2015-10-01,-0.6219771355977659,-1.0347717375617955,-0.7596402186745509
Langfjordjokelen,2015-11-01,-1.036720080211179,-0.9966879264806968,-0.9871154833183557
Langfjordjokelen,2015-12-01,-0.7651305964812688,-0.991469585791604,-1.2092146498597771
Langfjordjokelen,2016-01-01,-0.8591852252651732,-0.9575643170027122,-0.9166471973979503
Langfjordjokelen,2016-02-01,-0.7528100027080139,-0.9752124447363034,-1.0749524713425653
Langfjordjokelen,2016-03-01,-0.9938163144247459,-0.901205113341347,-0.6738478492976827
Langfjordjokelen,2016-04-01,-0.9612239524016748,-1.046370108722387,-0.8464885467601057
Langfjordjokelen,2016-05-01,-0.8400066078918694,-0.7679338400159974,-0.8890838078705506
Langfjordjokelen,2016-06-01,-0.9156451447327524,-0.8874759909696742,-0.868939571940432
Langfjordjokelen,2016-07-01,-0.9156126292373944,-0.9304899601079498,-0.8077948238250151
Langfjordjokelen,2016-08-01,-0.8057650741706387,-0.8386295214094975,-0.8622684853941505
Langfjordjokelen,2016-09-01,-0.9787597367336632,-1.022255603929603,-0.7523390886937089
Langfjordjokelen,2016-10-01,-1.0772377336510595,-1.040580629242831,-1.0720388850729374
Langfjordjokelen,2016-11-01,-1.2231723857109522,-0.7310418071298747,-0.7230427929292875
Langfjordjokelen,2016-12-01,-1.0082512711026592,-0.7047362498416513,-0.8446936016375713
Langfjordjokelen,2017-01-01,-1.0348976549458924,-0.516841135153757,-0.7655373963017088
Langfjordjokelen,2017-02-01,-1.2780646074578994,-0.4734811794573955,-0.9133848913942094
Langfjordjokelen,2017-03-01,-0.9025789748933374,-0.5088740562541093,-0.9515288760667099
Langfjordjokelen,2017-04-01,-0.8837473454128973,-1.0311166169109198,-1.052658532067107
Langfjordjokelen,2017-05-01,-0.8526595533693541,-0.8133262920742016,-0.8176220337785466
Langfjordjokelen,2017-06-01,-0.8382429554540245,-0.9881639341159963,-0.9050313647262072
Langfjordjokelen,2017-07-01,-0.8488334556649475,-1.0655935173529478,-0.8358111712338934
Langfjordjokelen,2017-08-01,-0.979439897276973,-0.9768833025374472,-0.839164364607964
Langfjordjokelen,2017-09-01,-0.9154448225289574,-1.0346104897579105,-0.8254426909985885
Langfjordjokelen,2017-10-01,-0.9985396769835434,-1.0352947247356388,-0.6797360922778442
Langfjordjokelen,2017-11-01,-0.6005171700158206,-0.8901530152324333,-0.7502229264319826
Langfjordjokelen,2017-12-01,-1.0301753721764186,-0.7212859752789488,-1.0274760361757609
Langfjordjokelen,2018-01-01,-0.7604852962350893,-1.2645102365480942,-0.8665996357293749
Langfjordjokelen,2018-02-01,-1.0640021781450626,-1.0716227817554163,-0.5741594849108652
Langfjordjokelen,2018-03-01,-0.902766615677976,-0.9300257390625059,-0.8032990695473131
Langfjordjokelen,2018-04-01,-0.8338021697711565,-0.6903444338861733,-0.8531252767371805
Langfjordjokelen,2018-05-01,-1.0097928893441142,-1.0030817772829266,-0.9179249127267989
Langfjordjokelen,2018-06-01,-0.865947052561606,-0.9928613368273691,-0.8283752348480328
Langfjordjokelen,2018-07-01,-0.9226610300638317,-0.8905244053175546,-0.7539026728452051
Langfjordjokelen,2018-08-01,-0.7961437757146578,-0.8397190538691506,-0.7634917997862924
Langfjordjokelen,2018-09-01,-0.8476932271574565,-0.9934510607065578,-0.6987040619035527
Langfjordjokelen,2018-10-01,-0.7571734503364566,-0.9683944834127094,-0.8176037118610674
Langfjordjokelen,2018-11-01,-1.0457457670326114,-0.9570254643888116,-0.9154039332156367
Langfjordjokelen,2018-12-01,-0.9162687311461905,-0.9127676029363293,-0.9697639504872448
Langfjordjokelen,2019-01-01,-0.8225707906038203,-1.28637883941962,-0.7214681449355319
Langfjordjokelen,2019-02-01,-0.9864636462970182,-1.0144014112707656,-0.6236217203088334
Langfjordjokelen,2019-03-01,-0.8843673158455297,-0.6882774129004253,-0.8796181028098141
Langfjordjokelen,2019-04-01,-0.7383992392051285,-0.9608649186563151,-0.834910932684665
Langfjordjokelen,2019-05-01,-0.9351241789599154,-1.0626866997831423,-1.04795455208233
Langfjordjokelen,2019-06-01,-0.839129410198015,-0.9626681071243545,-0.946811331144963
Langfjordjokelen,2019-07-01,-0.8617653345440165,-0.8219336790133843,-0.8415075534798248
Langfjordjokelen,2019-08-01,-0.8996431915794556,-0.9458280077192258,-0.8588286791979552
Langfjordjokelen,2019-09-01,-0.9976123790673225,-0.8211917631256931,-0.7912615312223461
Langfjordjokelen,2019-10-01,-0.8078345328543074,-0.9386799930188182,-0.7867251220670202
Langfjordjokelen,2019-11-01,-0.9914260607876043,-0.7850973683624575,-0.9174327882770817
Langfjordjokelen,2019-12-01,-0.9170129981540641,-0.7417410447345524,-0.8690479187700886
Langfjordjokelen,2020-01-01,-1.1609651767341,-0.5701182359598839,-0.7195031569913262
Langfjordjokelen,2020-02-01,-1.1221901241276357,-0.726219570235005,-0.6843749935356008
Langfjordjokelen,2020-03-01,-1.0401985159306404,-0.868934092948379,-1.1250222259290505
Langfjordjokelen,2020-04-01,-0.8796672526272263,-1.0935033470035658,-1.1510983481610424
Langfjordjokelen,2020-05-01,-0.821791283607129,-0.965709658056987,-0.815588339591791
Langfjordjokelen,2020-06-01,-0.8422877064370691,-0.8804170240439194,-0.9095052228682325
Langfjordjokelen,2020-07-01,-0.9950437593501634,-1.0376524045516515,-0.9027548817631473
Langfjordjokelen,2020-08-01,-0.9194686999634655,-0.950815390928767,-0.8832208014839885
Langfjordjokelen,2020-09-01,-0.9056286414475011,-1.0483389652752093,-0.8485909700285723
Langfjordjokelen,2020-10-01,-0.7617153632834194,-0.8732702624202421,-0.6343482419685221
Langfjordjokelen,2020-11-01,-1.0397606032868696,-0.8375330263140984,-0.6575126930176808
Langfjordjokelen,2020-12-01,-1.0120008338004525,-0.7332868354587241,-1.226501309600468
Langfjordjokelen,2021-01-01,-0.9155393426042426,-0.9570590060636676,-0.9191252964878611
Langfjordjokelen,2021-02-01,-0.7503892737386874,-0.9217438306498728,-0.9230571620972089
Langfjordjokelen,2021-03-01,-1.0568024704875616,-1.020868580291985,-1.077000583227771
Langfjordjokelen,2021-04-01,-0.7416486426758642,-0.8584668766729776,-1.071632115078679
Langfjordjokelen,2021-05-01,-1.0696772196407505,-0.9559382151452253,-0.9500812693475745
Langfjordjokelen,2021-06-01,-0.906738709392652,-0.9731344154030835,-0.823058150633312
Langfjordjokelen,2021-07-01,-0.9239393302939023,-0.9998046651260779,-0.7779578673811808
Langfjordjokelen,2021-08-01,-0.9331657124434827,-1.0652946187133596,-0.9069089663368249
Langfjordjokelen,2021-09-01,-0.9806653293365205,-1.1263464424345868,-0.8393399154438979
Langfjordjokelen,2021-10-01,-1.0081129996324047,-1.0114797315446322,-0.919333019702024
Langfjordjokelen,2021-11-01,-0.7965167299233812,-1.0075500116346106,-1.1257032964589324
Langfjordjokelen,2021-12-01,-0.741790128926426,-1.0321286414348336,-1.0731831000947425
Langfjordjokelen,2022-01-01,-0.7983133707812624,-0.9092847063728399,-0.8628977081512407
Langfjordjokelen,2022-02-01,-0.8210270955313762,-1.0690880662164017,-1.0750287645139087
Langfjordjokelen,2022-03-01,-0.811348372090608,-0.9509020239584217,-1.0138909510940317
Langfjordjokelen,2022-04-01,-0.8633488893674311,-1.122122951825978,-0.8067368765594477
Langfjordjokelen,2022-05-01,-0.8659835042168739,-1.0052640009148164,-0.7385806652631919
Langfjordjokelen,2022-06-01,-0.8306268883535101,-0.8931612390913845,-0.7492719935988741
Langfjordjokelen,2022-07-01,-0.8878449798508559,-0.9358512384649154,-0.9153355650646856
Langfjordjokelen,2022-08-01,-0.8721229035324649,-0.8870201471870486,-0.7480598446720093
Langfjordjokelen,2022-09-01,-0.8852897712639889,-0.8811503295107491,-0.9140240253425572
Langfjordjokelen,2022-10-01,-1.0815283790585175,-1.0497057073412523,-0.9423646782204337
Langfjordjokelen,2022-11-01,-0.7757542622221361,-1.1386398741545147,-0.9664750868464567
Langfjordjokelen,2022-12-01,-0.8195292582960381,-1.1541840045765588,-0.7294710275050287
Langfjordjokelen,2023-01-01,-1.1540126528932029,-0.8165696262436066,-0.6832581898559029
Langfjordjokelen,2023-02-01,-1.0648528401073032,-0.8627866860325321,-0.7757364414571212
Langfjordjokelen,2023-03-01,-0.8156872418404685,-1.1721115821045847,-0.9575094422140059
Langfjordjokelen,2023-04-01,-0.943220315241554,-1.0022880660273963,-0.9091601989434528
Langfjordjokelen,2023-05-01,-0.8413515515409866,-0.8285451530103408,-0.8139954843534376
Langfjordjokelen,2023-06-01,-0.8288070440830291,-0.905766775042737,-0.8594488549425674
Langfjordjokelen,2023-07-01,-0.827327710267889,-0.9233942914682022,-0.8740528942756617
Langfjordjokelen,2023-08-01,-0.9226040101304026,-1.0092857235270951,-0.9160997136831955
Langfjordjokelen,2023-09-01,-1.1373717386973983,-0.9058161954299888,-0.8002812928051593
Langfjordjokelen,2023-10-01,-0.9668239818267151,-0.8196952770182073,-0.7471894639073504
Langfjordjokelen,2023-11-01,-0.8706002790377004,-0.8130225923802267,-0.8866466591673879
Langfjordjokelen,2023-12-01,-0.9852256696868205,-0.7615461380464649,-0.9306129200498142
Langfjordjokelen,2024-01-01,-0.9796819715117545,-0.49589527138185824,-1.1080931631447073
Langfjordjokelen,2024-02-01,-1.2487569409032535,-1.258714295563003,-0.9296270836213624
Langfjordjokelen,2024-03-01,-0.9626175333323669,-0.9837581542083184,-0.8226079500107911
Langfjordjokelen,2024-04-01,-1.0194586097492302,-0.7156277123124948,-0.7845421996587468
Langfjordjokelen,2024-05-01,-0.9997619245929471,-0.7639425349909503,-0.8378938642059062
Langfjordjokelen,2024-06-01,-0.8366118959855715,-0.9933720559678809,-0.8030529172157893
Langfjordjokelen,2024-07-01,-0.9416663929457288,-0.939711269489858,-0.9458501777698309
Langfjordjokelen,2024-08-01,-0.986186456945504,-0.8950085859219205,-0.9462621184694934
Langfjordjokelen,2024-09-01,-1.0363344930627127,-0.9739200730951842,-0.882938621753957
Langfjordjokelen,2024-10-01,-0.7255840219360756,-0.9298592791676364,-0.959728261622368
Langfjordjokelen,2024-11-01,-0.9753823347323082,-0.9747233091295989,-0.6822084573310812
Langfjordjokelen,2024-12-01,-0.8142897033679292,-0.939522126844365,-1.0035968264161088
Langfjordjokelen,2025-01-01,-0.7671035405707088,-0.8957636969809553,-0.7449719229433457
Langfjordjokelen,2025-02-01,-1.1510296709877827,-0.8228453747763061,-0.5105912605746932
Langfjordjokelen,2025-03-01,-0.9729999700923191,-0.7378045505848733,-0.8508332588481068
Langfjordjokelen,2025-04-01,-0.7183808865714117,-1.1267471672560319,-0.8850276170675287
Langfjordjokelen,2025-05-01,-0.8984896786713904,-0.9209848964759488,-0.9478106852350843
Langfjordjokelen,2025-06-01,-0.8573377211620127,-0.9327103389954593,-0.9297539514101545
Langfjordjokelen,2025-07-01,-0.7852423829399058,-0.7995242860558457,-0.9745629324093409
Langfjordjokelen,2025-08-01,-0.9302471036024107,-1.0420184257394904,-0.9286423009746576
Langfjordjokelen,2025-09-01,-0.9161419280678939,-1.0016797993806499,-0.8340278013882244
Langfjordjokelen,2025-10-01,-0.8590405936657667,-1.0899427795865086,-0.8169861859431746
Langfjordjokelen,2025-11-01,-0.7226436606375257,-0.7031473794944274,-0.8887806771592014
Langfjordjokelen,2025-12-01,-0.6205853282193236,-0.6987281320264817,-0.8595368424015107
Langfjordjokelen,2026-01-01,-0.8346139952809777,-0.9882864859776559,-0.7478399088456876
Langfjordjokelen,2026-02-01,-0.7126550317907282,-1.0122440321449544,-0.5433276589667092
Langfjordjokelen,2026-03-01,-0.7771266377994642,-0.8151029619622764,-0.8673014117599855
Langfjordjokelen,2026-04-01,-1.0266703464565354,-1.0522570499951533,-0.80117039375938
Langfjordjokelen,2026-05-01,-1.0105154765420377,-0.9403093194628754,-1.0063072583591381
Langfjordjokelen,2026-06-01,-0.8969483438953905,-0.8526567827027192,-0.9002169930466124
Langfjordjokelen,2026-07-01,-0.9292108846322527,-0.8576657325101937,-0.9851425000464841
Langfjordjokelen,2026-08-01,-0.8579739117694288,-0.8206683428059603,-0.8838320332002082
Langfjordjokelen,2026-09-01,-0.9173665895973944,-0.8966030653617123,-0.8971221418459772
Langfjordjokelen,2026-10-01,-0.8628610821535198,-0.9683688743818676,-1.047997169394443
Langfjordjokelen,2026-11-01,-0.9217212626186263,-0.895333108643662,-0.9143692007108372
Langfjordjokelen,2026-12-01,-1.2879840417553212,-0.7617725585392238,-0.695819658825552
Langfjordjokelen,2027-01-01,-1.0596433411071662,-1.2761914087757529,-0.6674362170557298
Langfjordjokelen,2027-02-01,-0.7867520244322259,-0.6005285111020787,-0.656744917391494
Langfjordjokelen,2027-03-01,-1.1544134595189908,-0.6646018625833015,-1.0482805687899701
Langfjordjokelen,2027-04-01,-0.9490624407205717,-0.9266428692681119,-0.875844752454169
Langfjordjokelen,2027-05-01,-0.8707666427882844,-0.8364329730434626,-0.772994578540111
Langfjordjokelen,2027-06-01,-0.9590452075210948,-0.8771462873582655,-0.7753741075679557
Langfjordjokelen,2027-07-01,-0.905567763366859,-0.829122634385163,-0.7159455175526498
Langfjordjokelen,2027-08-01,-0.8409067731052585,-1.029975283479015,-0.8248055486223489
Langfjordjokelen,2027-09-01,-0.9306564549806645,-0.9914186919744706,-0.7539850393801261
Langfjordjokelen,2027-10-01,-0.8411316632383299,-0.98809761836498,-0.926678270253333
Langfjordjokelen,2027-11-01,-1.1044876917015796,-0.8111440238822151,-0.7006828857261281
Langfjordjokelen,2027-12-01,-0.7213345506828617,-0.6369526431152647,-0.7797596656059186
Langfjordjokelen,2028-01-01,-1.370688582284193,-0.41848208743615306,-0.8241637238008184
Langfjordjokelen,2028-02-01,-1.0645883977408375,-0.42653276406850216,-0.8749772607663497
Langfjordjokelen,2028-03-01,-0.9919980802292191,-1.1755274075176143,-0.7254871751382982
Langfjordjokelen,2028-04-01,-0.9550731109264294,-0.9126223320611585,-0.7098678402333416
Langfjordjokelen,2028-05-01,-0.8530923090374474,-0.8253889297228834,-0.8117730339694739
Langfjordjokelen,2028-06-01,-1.0312895624801939,-0.9211301331275713,-0.8246337369530927
Langfjordjokelen,2028-07-01,-0.8587877049297189,-1.0045106421047296,-0.8500822009771375
Langfjordjokelen,2028-08-01,-0.908666281135525,-1.0680422725522847,-0.8558098107373914
Langfjordjokelen,2028-09-01,-1.0210640119955159,-1.0692676515106552,-0.7723136260080002
Langfjordjokelen,2028-10-01,-0.8744857167663126,-0.9856941146558243,-0.9465081868727472
Langfjordjokelen,2028-11-01,-0.9148842501376445,-0.9094824925656031,-0.9821567318434333
Langfjordjokelen,2028-12-01,-0.9520078957479109,-0.9319182346831015,-0.7058200590763656
Langfjordjokelen,2029-01-01,-0.8438768254204293,-1.1138370168481009,-0.7382947024158666
Langfjordjokelen,2029-02-01,-0.8750490382778274,-1.0490589764566576,-1.059046683726627
Langfjordjokelen,2029-03-01,-1.0787474382588431,-1.0391878823340785,-0.8203297328984821
Langfjordjokelen,2029-04-01,-1.0966784300402077,-0.7016013043857127,-0.7419496475128744
Langfjordjokelen,2029-05-01,-0.9185919033949457,-0.9987395087419152,-0.8573359880687952
Langfjordjokelen,2029-06-01,-0.7210867215026165,-0.9806080883874774,-0.915260317420609
Langfjordjokelen,2029-07-01,-0.8356324799811038,-0.9635298855407024,-0.9497444977505191
Langfjordjokelen,2029-08-01,-0.8576159804942942,-0.9447090829259693,-0.8691640750112318
Langfjordjokelen,2029-09-01,-0.9810199453194272,-1.0485914280390203,-0.8508563178988985
Langfjordjokelen,2029-10-01,-0.8615179900547818,-1.0079355036697415,-0.8068410539421366
Langfjordjokelen,2029-11-01,-0.6923976921753513,-0.9570279297694427,-0.7910769186143268
Langfjordjokelen,2029-12-01,-1.0217449528643934,-0.8703987975202132,-0.7913498883439929
Langfjordjokelen,2030-01-01,-0.9574797987706959,-0.9286884595783294,-0.8329687338404786
Langfjordjokelen,2030-02-01,-0.9041356756774293,-0.9953888366454405,-0.9423351436063472
Langfjordjokelen,2030-03-01,-0.982530025976604,-0.9813739804244852,-0.7897330885953812
Langfjordjokelen,2030-04-01,-0.9471774496175352,-0.9745189267599993,-0.7273786418249925
Langfjordjokelen,2030-05-01,-1.0123636236982516,-0.8661363736884099,-0.904050051552047
Langfjordjokelen,2030-06-01,-0.8547551016504927,-0.9884425552821092,-0.7800423145482394
Langfjordjokelen,2030-07-01,-0.8519134258596894,-0.9005800678121476,-0.8987165393229294
Langfjordjokelen,2030-08-01,-0.9507072349689235,-0.8870473986160269,-0.9975913710054286
Langfjordjokelen,2030-09-01,-0.8239439696571677,-0.8468152876445857,-0.9037487610802161
Langfjordjokelen,2030-10-01,-0.899328948635797,-0.860308635008459,-0.9114203095325516
Langfjordjokelen,2030-11-01,-1.0368839570993693,-0.7843472027017594,-0.7727062189332518
Langfjordjokelen,2030-12-01,-1.1665795398852579,-0.7189498766402146,-0.8403991701885333
Langfjordjokelen,2031-01-01,-0.6454976315228879,-0.6099885881639143,-0.8623201792407315
Langfjordjokelen,2031-02-01,-1.0890052344390024,-0.7535157570776718,-0.9631156417319557
Langfjordjokelen,2031-03-01,-0.9983503039500242,-0.9702851714442294,-0.7931587290474705
Langfjordjokelen,2031-04-01,-0.951618966125504,-1.1306833732733894,-0.942015078434681
Langfjordjokelen,2031-05-01,-1.0396503595102313,-0.9490394534367185,-0.6827781605396052
Langfjordjokelen,2031-06-01,-1.037442096906154,-1.0072529525021914,-0.8684966112310407
Langfjordjokelen,2031-07-01,-0.8902421893273192,-0.8489244976378157,-0.7624381616951155
Langfjordjokelen,2031-08-01,-0.8905989231629446,-0.9739240077667762,-0.8568986692079702
Langfjordjokelen,2031-09-01,-0.880002199862126,-0.9401572344612809,-0.7164820256631211
Langfjordjokelen,2031-10-01,-0.9446554415177787,-1.1797288919717213,-0.774447648833962
Langfjordjokelen,2031-11-01,-0.5803980011616278,-0.9404898322186792,-0.8310278251672633
Langfjordjokelen,2031-12-01,-0.7485304495502684,-1.0696024157206372,-0.7762139501713993
Langfjordjokelen,2032-01-01,-0.6713664462550818,-0.8034051178963798,-0.9257100721465658
Langfjordjokelen,2032-02-01,-0.6347038715661196,-0.9019463579995638,-0.9841775844573171
Langfjordjokelen,2032-03-01,-0.7503272440367627,-0.917679704289397,-0.8260968917581932
Langfjordjokelen,2032-04-01,-0.838493092381044,-0.9359649865294459,-1.1108279884840568
Langfjordjokelen,2032-05-01,-1.0050547685906956,-1.0034597964729282,-0.805682952263091
Langfjordjokelen,2032-06-01,-1.021282037124961,-1.0208806749010388,-0.8222487179992611
Langfjordjokelen,2032-07-01,-0.9384596167129974,-0.8786865902222948,-0.8280973603371989
Langfjordjokelen,2032-08-01,-0.9521768935033266,-0.9063307671181929,-0.8612392676949043
Langfjordjokelen,2032-09-01,-0.9753181131232133,-1.0387875048329687,-0.8392291738710677
Langfjordjokelen,2032-10-01,-0.774553318082554,-1.0338105418403691,-0.7947122990738705
Langfjordjokelen,2032-11-01,-0.8547230481325232,-0.8880742963744055,-0.8566791483835999
Langfjordjokelen,2032-12-01,-0.9725112749555694,-0.48852317882555196,-1.0129548669439776
Langfjordjokelen,2033-01-01,-0.8005078773019111,-0.8595289773536342,-1.064498268745161
Langfjordjokelen,2033-02-01,-0.8899185147510069,-1.0309480148522427,-0.9116129898501061
Langfjordjokelen,2033-03-01,-0.6846963342034522,-0.670234494259354,-1.0248755439445203
Langfjordjokelen,2033-04-01,-0.7596517166026424,-0.8427883124746461,-0.9388491425962768
Langfjordjokelen,2033-05-01,-0.8554287512796916,-0.9319022094359751,-0.9782586380318405
Langfjordjokelen,2033-06-01,-1.0164019239188755,-0.8117808187405734,-0.9096195010038141
Langfjordjokelen,2033-07-01,-0.8744947281820026,-1.049111539269318,-0.9193676612126488
Langfjordjokelen,2033-08-01,-0.9728027753614868,-0.9043317162438739,-0.8975323645198046
Langfjordjokelen,2033-09-01,-1.0057972067901126,-0.9717515617594429,-0.8995141715325817
Langfjordjokelen,2033-10-01,-0.9346296023901873,-0.9973616868098171,-0.9830341658238622
Langfjordjokelen,2033-11-01,-0.8491019928925931,-0.8591202811294979,-0.8709543932411119
Langfjordjokelen,2033-12-01,-0.7771857250410594,-0.9607858811787743,-0.8487792924668635
Langfjordjokelen,2034-01-01,-0.6508479288034591,-0.8119622874099027,-0.9885526799079817
Langfjordjokelen,2034-02-01,-0.6083759481883195,-0.9244921839905244,-0.7962211802958432
Langfjordjokelen,2034-03-01,-0.9441225698893936,-1.0167827260528342,-0.79834757304574
Langfjordjokelen,2034-04-01,-0.8784553471611916,-0.5724589343282737,-1.155843361628941
Langfjordjokelen,2034-05-01,-0.9847725036178309,-1.1008060732768057,-0.9886394356038369
Langfjordjokelen,2034-06-01,-1.0010893097396272,-0.901019827347176,-0.874106469265434
Langfjordjokelen,2034-07-01,-0.8812183268603523,-0.9906020276798474,-0.9315871438302922
Langfjordjokelen,2034-08-01,-0.8253662854463873,-0.9733188279346526,-0.8841879715168787
Langfjordjokelen,2034-09-01,-1.042533951841942,-0.8773879152060914,-0.7805032473459456
Langfjordjokelen,2034-10-01,-0.8843985818779189,-0.9329513625786426,-0.9052604215185059
Langfjordjokelen,2034-11-01,-1.0248514057357803,-0.9159290503786676,-0.7099676032445048
Langfjordjokelen,2034-12-01,-0.8999839254730538,-1.085841958142639,-0.8339318570013212
Langfjordjokelen,2035-01-01,-1.2552458357045588,-1.042662799729958,-1.0315516113695753
Langfjordjokelen,2035-02-01,-0.787120958523325,-1.0950693843872876,-0.7195040126581698
Langfjordjokelen,2035-03-01,-0.8564860395718341,-1.085462431076886,-0.8001160919187154
Langfjordjokelen,2035-04-01,-0.7806678409292319,-1.0218125633331414,-0.9725707315619787
Langfjordjokelen,2035-05-01,-0.8734852200544925,-1.0034841703613384,-0.8934070072799326
Langfjordjokelen,2035-06-01,-0.8548751492203409,-0.8630527133154207,-0.933984577376639
Langfjordjokelen,2035-07-01,-0.9628761442347885,-0.8222880372492863,-0.8953280035738026
Langfjordjokelen,2035-08-01,-0.9187552081482714,-0.8538526406151302,-0.8575882527131555
Langfjordjokelen,2035-09-01,-0.8020054200923669,-0.718730628446174,-0.9381667464450412
Langfjordjokelen,2035-10-01,-0.8331229504731975,-0.8840145621205325,-1.046188229869739
Langfjordjokelen,2035-11-01,-0.7157893145646387,-0.7607026414642485,-1.1097406849348468
Langfjordjokelen,2035-12-01,-0.9798101802106066,-1.1592764137347658,-0.971299448797971
Langfjordjokelen,2036-01-01,-1.0725832972287284,-0.9845479244004771,-0.9884133288290758
Langfjordjokelen,2036-02-01,-1.044174867461497,-0.8392533782395941,-0.8186640156085546
Langfjordjokelen,2036-03-01,-1.0666626780989008,-0.7716246020091705,-0.7629045222847446
Langfjordjokelen,2036-04-01,-1.0263745364574577,-0.7263679159634767,-0.7564440397346724
Langfjordjokelen,2036-05-01,-0.6698030860771098,-1.0234461002520636,-0.94133028554772
Langfjordjokelen,2036-06-01,-0.9398880996205717,-0.9221786861114366,-0.9130679760287088
Langfjordjokelen,2036-07-01,-0.8436348550615023,-0.7791166028851334,-0.8630191981271379
Langfjordjokelen,2036-08-01,-0.7806786327217573,-0.8217494982879584,-0.7423208923167243
Langfjordjokelen,2036-09-01,-0.8613743577567429,-0.8033220873086285,-0.9094199189800886
Langfjordjokelen,2036-10-01,-1.0557732004611209,-0.6902339469071236,-0.8483175737831082
Langfjordjokelen,2036-11-01,-0.7314480715100009,-0.8034862179472005,-0.7033769409165642
Langfjordjokelen,2036-12-01,-0.5878823050589478,-0.8368138867472901,-1.0305136564324089
Langfjordjokelen,2037-01-01,-0.6791425146295409,-0.768476469694431,-0.9227978339988804
Langfjordjokelen,2037-02-01,-1.388990102920029,-0.5485569130281953,-0.9117406730404164
Langfjordjokelen,2037-03-01,-1.1442167655220545,-0.909874729854872,-1.0372052430379606
Langfjordjokelen,2037-04-01,-0.9520245811518547,-0.9611743840577693,-0.7141308464657611
Langfjordjokelen,2037-05-01,-0.9486381613422908,-1.0224897244439064,-0.9344217472202182
Langfjordjokelen,2037-06-01,-1.072947663877134,-0.8761970889174743,-0.8235227031835167
Langfjordjokelen,2037-07-01,-0.8921516542748621,-0.8854579225271989,-0.8740375717083749
Langfjordjokelen,2037-08-01,-0.7451987090289466,-0.7578256356397999,-0.7168843576231362
Langfjordjokelen,2037-09-01,-1.0005049320783728,-0.6538071994549849,-0.8042386907454905
Langfjordjokelen,2037-10-01,-1.0920687303844634,-0.674922309389059,-1.002949313363435
Langfjordjokelen,2037-11-01,-1.016387588897871,-0.9245631305779236,-0.603697281122448
Langfjordjokelen,2037-12-01,-0.6960255033437384,-0.9944418714022752,-0.8848623037427844
Langfjordjokelen,2038-01-01,-1.0021242310394767,-0.8280637092255946,-0.9091355074184665
Langfjordjokelen,2038-02-01,-1.1132631161514965,-0.8938418669021848,-1.06594641013345
Langfjordjokelen,2038-03-01,-0.8791333342925673,-0.6916773039942369,-1.2575281935922495
Langfjordjokelen,2038-04-01,-0.7693547482892579,-0.8215363535789386,-1.0018744667186146
Langfjordjokelen,2038-05-01,-0.7239661053465781,-0.790288907175552,-0.906193413551882
Langfjordjokelen,2038-06-01,-0.9492657012259439,-0.9335053320129468,-0.8347251498902439
Langfjordjokelen,2038-07-01,-0.9726428376843167,-0.9023126566039877,-0.9309113795719656
Langfjordjokelen,2038-08-01,-1.0076625650638131,-0.9018870331355426,-0.8469923040879479
Langfjordjokelen,2038-09-01,-0.9465028582413012,-0.6722981630613306,-0.9417584292429915
Langfjordjokelen,2038-10-01,-1.0193706847319346,-0.9584749178839219,-0.8089882044642103
Langfjordjokelen,2038-11-01,-1.172016565927251,-0.9112289150090298,-0.6362059121715354
Langfjordjokelen,2038-12-01,-0.9008871639726946,-0.42243243540731745,-1.1075331405091784
Langfjordjokelen,2039-01-01,-1.030753799347247,-0.5567935148352599,-1.1829640403143327
Langfjordjokelen,2039-02-01,-1.1734434292899627,-1.0260682951557651,-0.5880313299712877
Langfjordjokelen,2039-03-01,-0.7843533429620911,-1.3474903847768818,-0.6561702832429169
Langfjordjokelen,2039-04-01,-0.9881563921961902,-1.184172945302488,-0.7640910223677473
Langfjordjokelen,2039-05-01,-0.8316147841369435,-0.9614375879089646,-0.906883807333732
Langfjordjokelen,2039-06-01,-0.9669120224447697,-0.8381107847079003,-0.8966217780722981
Langfjordjokelen,2039-07-01,-0.9306604775228458,-0.980588725321148,-0.9934708028443117
Langfjordjokelen,2039-08-01,-0.8816541905963496,-0.8624269091205866,-0.8692781014221974
Langfjordjokelen,2039-09-01,-0.8617967831663886,-1.008750478524868,-0.8457574220106059
Langfjordjokelen,2039-10-01,-0.9520808551091916,-1.0840223366141288,-0.7972820138319306
Langfjordjokelen,2039-11-01,-1.0771054973054808,-1.1195437518280806,-0.7363040583412621
Langfjordjokelen,2039-12-01,-1.0741997208513157,-0.5893368545764534,-0.6649144446118999
Langfjordjokelen,2040-01-01,-0.8593981887235548,-0.7867851156077497,-0.8407207000213287
Langfjordjokelen,2040-02-01,-0.8912197916771657,-0.9329408388116285,-1.079165594562606
Langfjordjokelen,2040-03-01,-1.0107492970243575,-0.6391923588459995,-0.7956540629209563
Langfjordjokelen,2040-04-01,-0.745753329664039,-0.8014312606844894,-0.8844620880406343
Langfjordjokelen,2040-05-01,-0.8601565702349894,-1.044966558558116,-0.9699017088071121
Langfjordjokelen,2040-06-01,-0.9077759971433074,-0.9138025860577118,-0.8822011178017534
Langfjordjokelen,2040-07-01,-0.8594845113231764,-0.9614510655010707,-0.8448822997770874
Langfjordjokelen,2040-08-01,-0.9672632245911669,-0.9797913532100897,-0.8339252670836315
Langfjordjokelen,2040-09-01,-0.8513300879981966,-0.9155693908954922,-0.7641778928967233
Langfjordjokelen,2040-10-01,-0.855087513293269,-0.8240600863599155,-0.9255317677239727
Langfjordjokelen,2040-11-01,-1.0912038312665997,-0.7695148514447175,-0.5996072861203425
Langfjordjokelen,2040-12-01,-1.223399121030219,-0.9724520255095245,-0.9617186487280414
Langfjordjokelen,2041-01-01,-0.967268203474699,-1.0176721782509672,-0.8287872426828936
Langfjordjokelen,2041-02-01,-0.9124864208180564,-0.7851295198382026,-1.0926662328101837
Langfjordjokelen,2041-03-01,-0.7935504165363488,-0.9873750417481411,-1.0381727211776766
Langfjordjokelen,2041-04-01,-1.0013718553108533,-0.9646188779044725,-0.7424319249863842
Langfjordjokelen,2041-05-01,-0.9505797385063719,-0.8553549070619749,-0.9298588269742809
Langfjordjokelen,2041-06-01,-0.7782980662440178,-1.024557992670623,-0.8209603414743474
Langfjordjokelen,2041-07-01,-0.9172790216018788,-1.0946114083824308,-0.9051158660449784
Langfjordjokelen,2041-08-01,-0.8525798831004647,-1.0055996678953594,-0.8196671921922688
Langfjordjokelen,2041-09-01,-0.7178429952817047,-1.072288213933845,-0.8352549695505885
Langfjordjokelen,2041-10-01,-0.8650331007765052,-1.0892598363872328,-0.8478585619321674
Langfjordjokelen,2041-11-01,-0.9760758632863474,-1.0521684636407107,-0.7603480626828795
Langfjordjokelen,2041-12-01,-1.047694121378848,-0.8990595182800692,-0.745029455178226
Langfjordjokelen,2042-01-01,-0.7278292655888413,-0.7263190338069275,-0.9569520667506556
Langfjordjokelen,2042-02-01,-0.9079466681017504,-0.6521746885170505,-0.9685966436713179
Langfjordjokelen,2042-03-01,-1.0236798403785896,-0.800644242889203,-0.8786653358070121
Langfjordjokelen,2042-04-01,-0.9547316845030887,-0.8676733813046814,-1.0553495577346046
Langfjordjokelen,2042-05-01,-0.8522342578294815,-0.8265812950615797,-0.8908389437147983
Langfjordjokelen,2042-06-01,-0.7644444214411076,-0.9317882064096442,-0.8838785683814981
Langfjordjokelen,2042-07-01,-0.9309095377914955,-1.0601922873377783,-0.8644339624326104
Langfjordjokelen,2042-08-01,-0.8522827583871521,-0.9757490280812773,-0.8650957985758924
Langfjordjokelen,2042-09-01,-0.8808620767385539,-0.9540355471708858,-0.7883099129324197
Langfjordjokelen,2042-10-01,-1.0079429359871408,-0.9375459592538196,-0.9569701908890321
Langfjordjokelen,2042-11-01,-0.7978522598160068,-0.8094859496934438,-0.7378999349361862
Langfjordjokelen,2042-12-01,-1.2591603299912357,-1.0704540130608322,-0.7011219251005048
Langfjordjokelen,2043-01-01,-0.7722386051738267,-0.7759941082860408,-0.6554599341461979
Langfjordjokelen,2043-02-01,-1.1316611938391203,-0.6664111036046614,-0.7902877612642438
Langfjordjokelen,2043-03-01,-0.863647382234663,-0.7462984531362348,-0.6005721154276479
Langfjordjokelen,2043-04-01,-0.9681066504417194,-0.796236744536397,-0.8554656929322443
Langfjordjokelen,2043-05-01,-0.9195934742247003,-0.9862298939646373,-0.8160709704031164
Langfjordjokelen,2043-06-01,-0.8812522556808841,-0.8848484753625319,-0.8037899106523564
Langfjordjokelen,2043-07-01,-0.9578526479323143,-1.0073669983532871,-0.7545414867540011
Langfjordjokelen,2043-08-01,-0.9203222334766386,-0.9674845529665562,-0.888517396613049
Langfjordjokelen,2043-09-01,-0.8505746223859628,-0.9288797368503929,-0.9162108710436282
Langfjordjokelen,2043-10-01,-0.9076572674728985,-0.6931563077179398,-1.0680599648974383
Langfjordjokelen,2043-11-01,-1.0027838874208266,-0.8080739808833988,-1.032923247238305
Langfjordjokelen,2043-12-01,-0.893343303230853,-0.7329472278520024,-1.1158849079655184
Langfjordjokelen,2044-01-01,-0.8807140840502976,-0.9628239339073487,-1.166918744437644
Langfjordjokelen,2044-02-01,-0.8184879204150639,-1.0218374182080794,-0.884178240238566
Langfjordjokelen,2044-03-01,-0.8461172173810843,-1.08025789249906,-0.8261102277104643
Langfjordjokelen,2044-04-01,-1.1160992938184673,-1.0527665943866247,-0.8061249517211487
Langfjordjokelen,2044-05-01,-0.68348532463781,-0.9670074062129183,-0.8146188184923716
Langfjordjokelen,2044-06-01,-0.9508166629900335,-0.9239192297855485,-0.8616232963438382
Langfjordjokelen,2044-07-01,-0.884851984835317,-0.9385681418209004,-0.8701204090354411
Langfjordjokelen,2044-08-01,-0.8841171293922185,-0.8388915831934421,-0.8816658050912219
Langfjordjokelen,2044-09-01,-0.899050717779256,-0.8887749885661247,-0.9618255336489314
Langfjordjokelen,2044-10-01,-0.9918213133179444,-0.9615635026581989,-0.8610288025799319
Langfjordjokelen,2044-11-01,-1.0551181029297336,-0.8995893044392401,-0.9468769966209507
Langfjordjokelen,2044-12-01,-1.1256281053779924,-1.1683363393135329,-1.0029411612629406
Langfjordjokelen,2045-01-01,-1.020814809414081,-1.2428167775358505,-0.9054473860932504
Langfjordjokelen,2045-02-01,-1.2778709742453291,-0.9798978918612377,-1.0228389842527796
Langfjordjokelen,2045-03-01,-1.1311937895836488,-0.8809673033092259,-1.0292200481011138
Langfjordjokelen,2045-04-01,-0.9489236391523356,-1.0202295819748635,-0.9380124097647649
Langfjordjokelen,2045-05-01,-0.8079454141319466,-0.964122025224646,-0.8424723451254975
Langfjordjokelen,2045-06-01,-0.9447637454272524,-0.894628736262788,-0.9954306459213654
Langfjordjokelen,2045-07-01,-0.9866537248400524,-0.7910880828105958,-0.9619577780323144
Langfjordjokelen,2045-08-01,-0.9381732133571877,-0.8831245753274904,-0.9677058655672308
Langfjordjokelen,2045-09-01,-0.9485118228545937,-0.7434644306013269,-0.7522301287765482
Langfjordjokelen,2045-10-01,-0.9735852801705169,-0.5767947341803735,-0.868376725052204
Langfjordjokelen,2045-11-01,-0.7292082206201296,-1.036352647445941,-0.9261706761296118
Langfjordjokelen,2045-12-01,-0.6974246649233152,-0.9203758358368139,-0.9413683522431385
Langfjordjokelen,2046-01-01,-1.0892103291264947,-0.7255884957686947,-0.6187297838454809
Langfjordjokelen,2046-02-01,-1.0787980077096233,-1.1246119686030716,-1.112138281805684
Langfjordjokelen,2046-03-01,-0.8604357245268623,-1.139977090161315,-0.7202286523333662
Langfjordjokelen,2046-04-01,-1.032547867357753,-0.6763100622978966,-0.7546921557581238
Langfjordjokelen,2046-05-01,-0.9442716339237499,-0.8227142322321228,-1.0716671258608452
Langfjordjokelen,2046-06-01,-0.9291655119679318,-0.9472425452335634,-0.8266513395286473
Langfjordjokelen,2046-07-01,-0.8914242135040243,-0.8792033690552078,-0.9001769828961157
Langfjordjokelen,2046-08-01,-0.8398878095207255,-0.7551624769698203,-0.9668757952478394
Langfjordjokelen,2046-09-01,-0.8917272925588531,-0.8132264113244508,-0.9105012943531149
Langfjordjokelen,2046-10-01,-0.856712445045491,-0.8358118746168155,-0.8540582588472376
Langfjordjokelen,2046-11-01,-0.6929343953902922,-0.9555996799428583,-1.123079835821198
Langfjordjokelen,2046-12-01,-0.8866284173741007,-0.7884701614855931,-1.0538568987096097
Langfjordjokelen,2047-01-01,-0.6692495660977157,-1.09610903669981,-0.8010534156135778
Langfjordjokelen,2047-02-01,-0.6095791482502452,-0.30787094825909617,-0.9561941940023657
Langfjordjokelen,2047-03-01,-1.1547387037170262,-0.8170243204705114,-0.784284663710709
Langfjordjokelen,2047-04-01,-1.0025577463168593,-1.006458698994036,-0.7508140549109003
Langfjordjokelen,2047-05-01,-0.8102724550058689,-0.9574554237725197,-0.7736607444840228
Langfjordjokelen,2047-06-01,-0.9711218406914043,-1.071642182165,-1.0192807663080214
Langfjordjokelen,2047-07-01,-1.0091407387730147,-0.9175747558750306,-0.8914641719045443
Langfjordjokelen,2047-08-01,-0.7482025916861418,-1.1020897037246817,-0.9612541154575597
Langfjordjokelen,2047-09-01,-0.9643905016220112,-0.8316610938375621,-0.987502014256813
Langfjordjokelen,2047-10-01,-1.0903808125499788,-0.9318718786592243,-0.9704093440823348
Langfjordjokelen,2047-11-01,-0.6404457782957488,-0.6546597710752687,-0.8212910279732002
Langfjordjokelen,2047-12-01,-0.9372439476328651,-0.7580688128781281,-1.1062074751325637
Langfjordjokelen,2048-01-01,-0.9670476943329079,-0.8963022565043216,-0.8469479460581192
Langfjordjokelen,2048-02-01,-0.9919164657887692,-0.6071095870497126,-0.5367664524838801
Langfjordjokelen,2048-03-01,-0.8806877666521565,-0.8369317164825812,-0.9340144022360821
Langfjordjokelen,2048-04-01,-0.8198059689166258,-0.705323318623836,-0.9176483230869308
Langfjordjokelen,2048-05-01,-0.8099725021335549,-1.0051013892705907,-0.7627388494744568
Langfjordjokelen,2048-06-01,-0.8587350963334671,-0.9286543327858512,-0.8174471609765167
Langfjordjokelen,2048-07-01,-0.8752358220137643,-0.9785377722068644,-0.9824795806008932
Langfjordjokelen,2048-08-01,-0.9276019557837841,-0.8844123767440054,-0.8219697433561364
Langfjordjokelen,2048-09-01,-0.8421478043376408,-0.8758997759095445,-0.9377341002173019
Langfjordjokelen,2048-10-01,-0.9610518032569898,-0.9572419081282227,-0.8224869233077655
Langfjordjokelen,2048-11-01,-0.8180635977654713,-0.9666199355495069,-0.8806728653648156
Langfjordjokelen,2048-12-01,-0.7207734755123555,-0.8126948109488299,-0.5548392015604645
Langfjordjokelen,2049-01-01,-0.7714604238453644,-0.8193415996235037,-0.9211516301104128
Langfjordjokelen,2049-02-01,-0.841386889810649,-1.0237512384682328,-0.9544799425917846
Langfjordjokelen,2049-03-01,-0.782627896957281,-0.9543998104918989,-0.8301300402027557
Langfjordjokelen,2049-04-01,-0.7339675241015251,-1.0686242863592876,-0.894602132858274
Langfjordjokelen,2049-05-01,-0.8402942159934274,-1.0613681239876265,-0.8961068522595855
Langfjordjokelen,2049-06-01,-0.9143435699235859,-0.9217979395243812,-0.8931027362673961
Langfjordjokelen,2049-07-01,-0.8552264667273587,-0.9716917002977302,-0.9301694877804513
Langfjordjokelen,2049-08-01,-0.8822965154362752,-0.9040535423263178,-0.9815634293872476
Langfjordjokelen,2049-09-01,-0.8969167890685602,-0.8975874593285313,-0.8883669729013147
Langfjordjokelen,2049-10-01,-1.0267050041451802,-0.8211620861343659,-0.8497053475873736
Langfjordjokelen,2049-11-01,-1.2203275181269817,-0.933953789679042,-0.834820044972762
Langfjordjokelen,2049-12-01,-0.901469470034435,-1.0544710848349275,-0.8110059201969738
Langfjordjokelen,2050-01-01,-0.9543566850408594,-0.5496700258695344,-1.104483005895652
Langfjordjokelen,2050-02-01,-0.6761327430673904,-0.8213394376617522,-0.8072198101974827
Langfjordjokelen,2050-03-01,-0.6162791785627209,-0.968735708231096,-0.7951010146060771
Langfjordjokelen,2050-04-01,-1.0404396767661008,-0.8607778470291348,-1.0317156521075221
Langfjordjokelen,2050-05-01,-0.9114956836581145,-0.971911519578493,-0.8443524710832944
Langfjordjokelen,2050-06-01,-0.9208658745043689,-0.8490497455751574,-0.9165363113319814
Langfjordjokelen,2050-07-01,-0.9081251830936582,-0.9201691177808661,-0.9238068910512137
Langfjordjokelen,2050-08-01,-0.9606298496412554,-0.9189342954026781,-0.8640803049004679
Langfjordjokelen,2050-09-01,-0.9698358070858316,-0.7646167674482668,-0.8354668575702453
Langfjordjokelen,2050-10-01,-0.9896830301994216,-0.9839978208141961,-0.829435843777051
Langfjordjokelen,2050-11-01,-0.8351664997425962,-1.0066907784505623,-0.7887424751818242
Langfjordjokelen,2050-12-01,-1.1737569405952526,-0.8139669142326821,-0.7173825781193215
Langfjordjokelen,2051-01-01,-1.3041215973093228,-1.171184977132988,-0.6589301429356872
Langfjordjokelen,2051-02-01,-0.9081302324025806,-1.2137858629914926,-1.0738993589430204
Langfjordjokelen,2051-03-01,-0.7804914368275467,-0.8277699589349347,-0.8938281119693804
Langfjordjokelen,2051-04-01,-1.0500609657948743,-0.8501830661462738,-0.8140967586264352
Langfjordjokelen,2051-05-01,-0.8793085337240992,-0.7252298502439976,-0.8517744110172739
Langfjordjokelen,2051-06-01,-0.973617181806039,-0.887100893264056,-0.8837180709067529
Langfjordjokelen,2051-07-01,-0.9253586969090003,-0.7752585559036979,-0.8274577243231466
Langfjordjokelen,2051-08-01,-0.9169519605579097,-0.8243267567324336,-0.8749360954999742
Langfjordjokelen,2051-09-01,-0.8661409898389465,-0.8991673902000294,-0.7197441447802634
Langfjordjokelen,2051-10-01,-1.0634855314496132,-0.980891434783452,-0.9468917395609631
Langfjordjokelen,2051-11-01,-0.8445612865023847,-1.0126546789110804,-1.1443096705474738
Langfjordjokelen,2051-12-01,-0.6700592128840585,-0.8741444234264009,-0.7702931538932112
Langfjordjokelen,2052-01-01,-0.7773243881541063,-0.6479138130179064,-0.6923901131607147
Langfjordjokelen,2052-02-01,-1.2581701382279642,-0.7426354408392841,-0.6559298012597043
Langfjordjokelen,2052-03-01,-0.9813963505016959,-0.9797746286301622,-0.940201980456155
Langfjordjokelen,2052-04-01,-0.8098947228172205,-0.9028378413147887,-0.9687844646886945
Langfjordjokelen,2052-05-01,-0.9809286314085975,-0.8654099624112659,-0.9297670956580765
Langfjordjokelen,2052-06-01,-0.8949262788302388,-0.7821349937580844,-0.8777703539984651
Langfjordjokelen,2052-07-01,-0.8008540699879667,-0.9836728404620537,-0.9132584736469292
Langfjordjokelen,2052-08-01,-0.8715015673493274,-0.6787553068488048,-0.8864325113684975
Langfjordjokelen,2052-09-01,-0.8873297117773551,-0.8049647957811309,-1.0142919324549908
Langfjordjokelen,2052-10-01,-1.0777651599411424,-0.8571417175243154,-0.9918845149678289
Langfjordjokelen,2052-11-01,-0.8539973273233533,-1.0451213082599147,-1.0877177231000303
Langfjordjokelen,2052-12-01,-0.9958188668286851,-1.1008871413043146,-0.9917423015765472
Langfjordjokelen,2053-01-01,-0.9880376780974206,-1.2409935392608358,-1.0274766452468886
Langfjordjokelen,2053-02-01,-0.8170826416570159,-1.053790475361467,-1.197306175286279
Langfjordjokelen,2053-03-01,-0.8005242759017573,-0.9655149645115841,-0.8275506019926216
Langfjordjokelen,2053-04-01,-0.8326927253996761,-0.8570966917688464,-0.9292772511555182
Langfjordjokelen,2053-05-01,-0.9791933273974891,-0.7291569012159114,-0.932951025637892
Langfjordjokelen,2053-06-01,-0.9172112955920624,-0.9254401711381601,-0.8524130385893608
Langfjordjokelen,2053-07-01,-0.8250520126397275,-0.8807105794235932,-0.9524861564783151
Langfjordjokelen,2053-08-01,-1.0150251007677804,-0.9392907951292688,-0.9006192177601923
Langfjordjokelen,2053-09-01,-0.9600681114592322,-0.8800758723060897,-0.8508491433989805
Langfjordjokelen,2053-10-01,-0.8652184139974999,-0.9067800632187745,-0.8866034843660322
Langfjordjokelen,2053-11-01,-0.8984671789320376,-0.7205825637751238,-0.709235913314755
Langfjordjokelen,2053-12-01,-0.9023379047025065,-0.5950782466374408,-0.7699750398237334
Langfjordjokelen,2054-01-01,-0.9826930402395888,-0.8952112979908614,-0.7487600955915107
Langfjordjokelen,2054-02-01,-0.8830156732854503,-1.2472354864138462,-0.9387710540667511
Langfjordjokelen,2054-03-01,-1.0196132170950167,-1.0929877366476743,-0.6751484282719914
Langfjordjokelen,2054-04-01,-1.1654054488983123,-0.9822935547964716,-0.783557131877835
Langfjordjokelen,2054-05-01,-0.8860830542372184,-0.8879810647672813,-0.9356891928424765
Langfjordjokelen,2054-06-01,-1.1010258162886197,-0.885802536894265,-0.8134007307918522
Langfjordjokelen,2054-07-01,-0.8814095488191814,-0.7949719307528499,-0.9088210619017535
Langfjordjokelen,2054-08-01,-0.8487317683051573,-0.9948220415975692,-0.853861159582201
Langfjordjokelen,2054-09-01,-0.8759616895029949,-0.9196954036803655,-0.9212825055357312
Langfjordjokelen,2054-10-01,-0.9523203905272792,-0.9258887502912797,-0.9001370371721774
Langfjordjokelen,2054-11-01,-1.0327571477605304,-0.7446929927244904,-0.666227253635876
Langfjordjokelen,2054-12-01,-0.7873498461439548,-1.1283626656339336,-0.749183182635169
Langfjordjokelen,2055-01-01,-0.9283098445304071,-0.7729214611853576,-0.9032828689842077
Langfjordjokelen,2055-02-01,-0.6414968158689579,-0.6178474451449637,-0.879027843768364
Langfjordjokelen,2055-03-01,-1.0408587230591768,-0.7322411819692981,-0.8258478829391162
Langfjordjokelen,2055-04-01,-0.7249269205537282,-1.1162062923229394,-1.0297017135854436
Langfjordjokelen,2055-05-01,-0.9810726450435169,-0.8458688761337602,-0.9437952205078367
Langfjordjokelen,2055-06-01,-0.791459462732084,-0.9457853210853591,-0.9201164947682502
Langfjordjokelen,2055-07-01,-0.8210927184737938,-0.7554982097177533,-0.914912258769513
Langfjordjokelen,2055-08-01,-1.0230931013451965,-0.8022987485181104,-0.8933222156445865
Langfjordjokelen,2055-09-01,-1.146912088248332,-0.7472681348027882,-1.0144773460034262
Langfjordjokelen,2055-10-01,-0.9565514368999996,-1.025636908314095,-0.9158827540249007
Langfjordjokelen,2055-11-01,-0.8990354761563033,-0.610124180079323,-0.999855196616887
Langfjordjokelen,2055-12-01,-0.8297803434280437,-1.1046899802133474,-1.0184503640395417
Langfjordjokelen,2056-01-01,-0.7868127682868667,-1.1829103360001734,-1.1004082544369673
Langfjordjokelen,2056-02-01,-0.6542214197224804,-1.1264473909708461,-1.0112197083377739
Langfjordjokelen,2056-03-01,-0.7876855347263191,-0.9897313166951301,-0.8371486327998591
Langfjordjokelen,2056-04-01,-0.9792254695192621,-0.9092813265659826,-0.9032355857496666
Langfjordjokelen,2056-05-01,-0.9591607064113484,-0.6579049590917582,-0.920384934603307
Langfjordjokelen,2056-06-01,-0.8918434127818466,-0.7946709693647138,-0.9053996624433008
Langfjordjokelen,2056-07-01,-0.885469464731433,-0.7226105449078233,-0.9652830593741969
Langfjordjokelen,2056-08-01,-0.8218512116949563,-0.850511395220531,-0.8533718017679904
Langfjordjokelen,2056-09-01,-0.9600028842284334,-0.7895483313288151,-0.8838191049113905
Langfjordjokelen,2056-10-01,-0.8954392049972425,-0.871759721831225,-0.7767829327939771
Langfjordjokelen,2056-11-01,-1.1070839817551605,-0.862422264244386,-0.7397207557175453
Langfjordjokelen,2056-12-01,-0.8217757886199871,-0.5988647894427847,-0.8449569816071122
Langfjordjokelen,2057-01-01,-0.8633475464354138,-0.6871504031161565,-0.9658941118501826
Langfjordjokelen,2057-02-01,-0.7217124289426701,-0.9243476968904041,-0.8259203216069962
Langfjordjokelen,2057-03-01,-0.9419616271652244,-0.9727698476119414,-1.0516312203682199
Langfjordjokelen,2057-04-01,-0.9492543360272121,-0.6593723482603248,-0.9481658518437763
Langfjordjokelen,2057-05-01,-0.9183443143203354,-0.9432808595654502,-0.9202972751085495
Langfjordjokelen,2057-06-01,-0.7367938602885631,-0.8019720773607769,-0.8761499246342304
Langfjordjokelen,2057-07-01,-0.8991372545591432,-0.8571022414047343,-0.8897371255496234
Langfjordjokelen,2057-08-01,-0.9696893776450337,-0.8976124267177382,-0.8655213220086339
Langfjordjokelen,2057-09-01,-0.8911421158703648,-0.7733551451853679,-0.9401648067189633
Langfjordjokelen,2057-10-01,-0.9433755022784537,-0.8809853704141211,-1.0306790755156554
Langfjordjokelen,2057-11-01,-0.9570224575464071,-0.7837069981928718,-1.0616682552285035
Langfjordjokelen,2057-12-01,-0.7120492052596695,-0.8332691780303686,-1.1064965816416183
Langfjordjokelen,2058-01-01,-0.7100051943903676,-0.901966982329658,-1.0155117854141005
Langfjordjokelen,2058-02-01,-0.8747064170795923,-1.3044345212263186,-1.0228754124917234
Langfjordjokelen,2058-03-01,-1.1431950435951508,-0.7338241625699785,-0.9547784183044921
Langfjordjokelen,2058-04-01,-0.9248267066884633,-0.9268833513851114,-1.1254643699007612
Langfjordjokelen,2058-05-01,-0.8646762243508149,-0.8332496036438567,-0.9175601212838663
Langfjordjokelen,2058-06-01,-0.9307225565103696,-0.7001343316689638,-0.989575907946025
Langfjordjokelen,2058-07-01,-0.9209754940205345,-0.9180484234327029,-0.9685528337357167
Langfjordjokelen,2058-08-01,-0.9688816261379536,-0.9276158699108903,-0.9306238736508967
Langfjordjokelen,2058-09-01,-1.1096982712490726,-0.8531730926611916,-0.8786678282941601
Langfjordjokelen,2058-10-01,-0.8427680015554776,-0.6594548427611157,-0.9977532864611213
Langfjordjokelen,2058-11-01,-1.0016500959887094,-0.8245099505509041,-0.8666850797140858
Langfjordjokelen,2058-12-01,-1.043405825213909,-0.9905021222006334,-0.952516752803452
Langfjordjokelen,2059-01-01,-0.757405892962213,-1.3397822070757013,-0.9527291494227091
Langfjordjokelen,2059-02-01,-1.0401660066804521,-1.0060548498961082,-1.1201878286476712
Langfjordjokelen,2059-03-01,-0.8666803666322614,-1.1762691866554769,-0.9094521162126789
Langfjordjokelen,2059-04-01,-0.8486112252785215,-0.9244668389181928,-0.7671872763331455
Langfjordjokelen,2059-05-01,-1.03676134850247,-0.8800772550919201,-0.9470060172602933
Langfjordjokelen,2059-06-01,-0.7497885067536737,-1.0201817377721247,-0.8560625180837885
Langfjordjokelen,2059-07-01,-0.8605880144430271,-1.0022884838105786,-0.9218688625757824
Langfjordjokelen,2059-08-01,-0.8771766163893889,-0.9950518595959411,-0.9635877248661183
Langfjordjokelen,2059-09-01,-0.8308479619447907,-1.0673906574523946,-0.963739676229674
Langfjordjokelen,2059-10-01,-1.008458793350189,-0.9436945820749658,-0.9677638217284152
Langfjordjokelen,2059-11-01,-1.0475061767266192,-0.7286112358931934,-1.1048770363795404
Langfjordjokelen,2059-12-01,-0.9494323259038017,-1.213741952507608,-0.5528525830301511
Langfjordjokelen,2060-01-01,-1.2622418681834673,-1.0723749023903717,-1.1777679893086215
Langfjordjokelen,2060-02-01,-1.066460114850688,-0.8410287159452575,-0.6687045395191723
Langfjordjokelen,2060-03-01,-1.0239117460070826,-0.8525550808523595,-0.7103527840849422
Langfjordjokelen,2060-04-01,-0.8183971719061865,-0.8325441755123552,-0.9585373982341299
Langfjordjokelen,2060-05-01,-0.9551946706079706,-0.8896806469050347,-1.01394655859632
Langfjordjokelen,2060-06-01,-0.9693844030882307,-0.7878359644583584,-0.8936547597572141
Langfjordjokelen,2060-07-01,-0.9737584518008283,-0.9008980428745423,-0.8864866392653564
Langfjordjokelen,2060-08-01,-0.8811710055784584,-0.8894306285554334,-0.8364701707178132
Langfjordjokelen,2060-09-01,-0.9640496042508917,-0.8891812086295947,-1.0446081483627836
Langfjordjokelen,2060-10-01,-0.959099869215985,-0.9729576041837845,-0.8807780967824455
Langfjordjokelen,2060-11-01,-1.0765771636085157,-1.1055209276065974,-0.7908290242728723
Langfjordjokelen,2060-12-01,-1.3178372577547783,-0.8679770141641651,-1.1574605561975837
Langfjordjokelen,2061-01-01,-1.3564634448647048,-1.0693051931890503,-0.9424675455470389
Langfjordjokelen,2061-02-01,-0.7425792270503274,-1.1812916408063332,-0.9341075738320025
Langfjordjokelen,2061-03-01,-0.9122637062164056,-0.9680519528675511,-0.7707668162855438
Langfjordjokelen,2061-04-01,-1.021897703256049,-0.9716356629176898,-0.6830947617886718
Langfjordjokelen,2061-05-01,-1.013618746227868,-0.9152161778462462,-0.8043789351558872
Langfjordjokelen,2061-06-01,-0.95620413547495,-0.8718454982486209,-0.9842794602775499
Langfjordjokelen,2061-07-01,-0.8690029643015816,-0.8351205455572822,-0.9517218933299968
Langfjordjokelen,2061-08-01,-0.9965236357508132,-0.9302512683147194,-0.9508699357609328
Langfjordjokelen,2061-09-01,-0.8855206554530289,-0.8705391478286345,-0.9336184041469666
Langfjordjokelen,2061-10-01,-1.0457541290983283,-0.7840647338315501,-0.907603036920868
Langfjordjokelen,2061-11-01,-1.0697078058111191,-1.0344510569102316,-0.7862633957163582
Langfjordjokelen,2061-12-01,-0.9323998554930363,-0.9559696643693592,-0.6531439406718431
Langfjordjokelen,2062-01-01,-0.9121542548244518,-1.0337089784162872,-0.8556059833242284
Langfjordjokelen,2062-02-01,-0.6117643792622969,-1.0333204993267295,-0.9655035069763752
Langfjordjokelen,2062-03-01,-0.8998326200553431,-0.8164099235458977,-0.8522923176030494
Langfjordjokelen,2062-04-01,-1.004561933714306,-0.8253089452263415,-0.7821839642658851
Langfjordjokelen,2062-05-01,-0.8768535934999263,-0.8138040441920525,-0.8184975244433303
Langfjordjokelen,2062-06-01,-0.8840220740164076,-0.8633038234419823,-0.7921858270463852
Langfjordjokelen,2062-07-01,-0.8738578191868367,-0.9077757676277433,-0.9422866386896253
Langfjordjokelen,2062-08-01,-0.9043982321990743,-0.8742169257317477,-1.0143334958517316
Langfjordjokelen,2062-09-01,-0.9837601566105422,-0.9785546571478535,-0.8622123396538944
Langfjordjokelen,2062-10-01,-0.7912977484714249,-0.7198677957964513,-0.6131726240322486
Langfjordjokelen,2062-11-01,-0.8221303383765997,-0.8859573523463546,-0.956079191971226
Langfjordjokelen,2062-12-01,-0.821406610964771,-0.7740233052754517,-1.01176241250684
Langfjordjokelen,2063-01-01,-0.7501827593390726,-0.8742285843061738,-0.9992130002790979
Langfjordjokelen,2063-02-01,-0.7274449682834646,-0.5615431483258112,-0.8404836482862356
Langfjordjokelen,2063-03-01,-0.8711522898134191,-0.5738747083547499,-1.0690234037339459
Langfjordjokelen,2063-04-01,-0.7736529353488354,-1.0259442498780336,-0.8825915938887188
Langfjordjokelen,2063-05-01,-0.9693466029206141,-0.9751107952474563,-0.9411907753809555
Langfjordjokelen,2063-06-01,-1.0321505873539103,-1.0136232284106976,-0.9397551469233902
Langfjordjokelen,2063-07-01,-1.0221941541504929,-0.9485452704065681,-0.8964516876971148
Langfjordjokelen,2063-08-01,-0.998172518119875,-1.066904144462183,-0.9037472333051362
Langfjordjokelen,2063-09-01,-0.952297678430554,-1.0297482050516031,-0.936595979717591
Langfjordjokelen,2063-10-01,-0.9972802411837405,-0.8907076484829114,-0.8419467008546068
Langfjordjokelen,2063-11-01,-0.7794894475108607,-0.8610455305414632,-1.083417389128299
Langfjordjokelen,2063-12-01,-0.9811786919547073,-1.3197560331173832,-0.6954889624219444
Langfjordjokelen,2064-01-01,-0.7869383931645914,-0.8729272659815538,-0.7695959386526839
Langfjordjokelen,2064-02-01,-0.7846481041505154,-0.7695233577879698,-0.913453395360808
Langfjordjokelen,2064-03-01,-0.9881904257252364,-0.8899955926028545,-1.1440572311864166
Langfjordjokelen,2064-04-01,-0.7486215340365078,-0.8214937154794272,-1.193988165016715
Langfjordjokelen,2064-05-01,-0.9836062362341026,-0.8009203591158803,-0.9432377245940953
Langfjordjokelen,2064-06-01,-0.9631929560541842,-0.8778354029430937,-0.9765491258130385
Langfjordjokelen,2064-07-01,-0.9301709909487789,-0.8940969789652872,-0.957979211839926
Langfjordjokelen,2064-08-01,-0.9075536195846529,-1.0193397340092194,-0.9849185383283023
Langfjordjokelen,2064-09-01,-0.8047273964798641,-1.042768991886923,-0.8431830010931641
Langfjordjokelen,2064-10-01,-0.9264951519348746,-0.9305004243262318,-0.9588374734939796
Langfjordjokelen,2064-11-01,-1.0582534061101276,-0.9542028582206168,-1.065852610248359
Langfjordjokelen,2064-12-01,-1.0851198140047666,-0.9763659604635686,-0.8800987844197251
Langfjordjokelen,2065-01-01,-0.9172591176800884,-0.813804983760579,-0.8752330893142194
Langfjordjokelen,2065-02-01,-0.89578660564543,-0.7881726224399931,-0.9017666034487205
Langfjordjokelen,2065-03-01,-0.7207250546121494,-1.2337790076768893,-1.0244989477877444
Langfjordjokelen,2065-04-01,-0.6094321442889963,-1.087138080370495,-1.0509829346135418
Langfjordjokelen,2065-05-01,-0.7972235042971093,-0.7631103160441383,-0.9894505887919522
Langfjordjokelen,2065-06-01,-0.9698358043114803,-0.900792996393898,-0.8847950045871223
Langfjordjokelen,2065-07-01,-0.9862559652937112,-0.8948313348773272,-0.8463077399114107
Langfjordjokelen,2065-08-01,-0.9434512320888079,-0.9802637987827673,-0.890460385991709
Langfjordjokelen,2065-09-01,-0.8413491597854369,-0.977681713965764,-1.015830537276931
Langfjordjokelen,2065-10-01,-0.8828110226945439,-0.9419197171939011,-0.8997835750512969
Langfjordjokelen,2065-11-01,-0.8050787184573388,-1.1243346308385713,-0.8644934109922119
Langfjordjokelen,2065-12-01,-0.9632092725274334,-1.080381560031762,-0.7083006759020716
Langfjordjokelen,2066-01-01,-0.8405355376521916,-0.8839155246834535,-1.0515688246004877
Langfjordjokelen,2066-02-01,-0.6585164788855251,-1.2008944980159273,-0.9595496803756648
Langfjordjokelen,2066-03-01,-0.9651662237613986,-0.8103196826433781,-0.9878035595012701
Langfjordjokelen,2066-04-01,-0.7818280327250978,-1.192564985377074,-0.7830336759240734
Langfjordjokelen,2066-05-01,-0.8867395359083634,-0.8692371062656062,-1.0154302270958386
Langfjordjokelen,2066-06-01,-0.9304789592807357,-0.9895610758891289,-0.9255285241354558
Langfjordjokelen,2066-07-01,-0.9939581088634087,-1.0001930844171956,-0.8833141486665288
Langfjordjokelen,2066-08-01,-1.0014938808050111,-0.9427639355224825,-0.9381097823244972
Langfjordjokelen,2066-09-01,-0.8190850673388912,-0.8418908438355001,-0.8983127967317914
Langfjordjokelen,2066-10-01,-0.9127106734251753,-0.947349777664933,-0.856442168574579
Langfjordjokelen,2066-11-01,-1.0155077313083443,-1.1430369056046106,-0.890633520704417
Langfjordjokelen,2066-12-01,-1.0075222334781417,-0.6752251100735839,-0.7935108020919547
Langfjordjokelen,2067-01-01,-1.0014248411919446,-0.7704664537857479,-1.0246597862973335
Langfjordjokelen,2067-02-01,-1.037999647829091,-0.7044361275268467,-0.83672589926099
Langfjordjokelen,2067-03-01,-0.7329153672233598,-0.9122916656649803,-0.7436343749513825
Langfjordjokelen,2067-04-01,-0.7308452615165603,-1.0010913768599605,-0.9549938936712404
Langfjordjokelen,2067-05-01,-0.9252970358242641,-0.9638793855844489,-0.8439819890631947
Langfjordjokelen,2067-06-01,-0.9048313336127825,-0.9676626745455201,-0.9883591219783187
Langfjordjokelen,2067-07-01,-0.8770622003373302,-0.8989208284249878,-0.9761283147980291
Langfjordjokelen,2067-08-01,-0.8868393188601988,-0.8911561113669001,-1.0136141064727735
Langfjordjokelen,2067-09-01,-0.9441395817168283,-0.8484868517810541,-1.0439018352309442
Langfjordjokelen,2067-10-01,-1.0220322956278782,-0.7049611793467564,-1.0060578865944139
Langfjordjokelen,2067-11-01,-0.7965394972381166,-0.9393948016763743,-0.8952476690871758
Langfjordjokelen,2067-12-01,-0.7906845248808924,-1.0080497792890764,-1.0750803106335323
Langfjordjokelen,2068-01-01,-0.6238072583781907,-0.8648116607921077,-0.8707027286671756
Langfjordjokelen,2068-02-01,-0.9676656632859304,-0.9053702232416393,-0.9274331597003473
Langfjordjokelen,2068-03-01,-1.0694295242489382,-0.9812869364502991,-0.9769449333980837
Langfjordjokelen,2068-04-01,-1.0883838851503251,-1.0385380850181634,-1.2246342115596276
Langfjordjokelen,2068-05-01,-0.9988546460572837,-1.066388548506327,-0.9508598154978936
Langfjordjokelen,2068-06-01,-0.8858010398361628,-0.9074067123868798,-0.8868834065853618
Langfjordjokelen,2068-07-01,-0.7992888575955863,-0.8836733090222727,-0.9438182293033616
Langfjordjokelen,2068-08-01,-0.9871584875894506,-0.8859894736617919,-0.9516245895325154
Langfjordjokelen,2068-09-01,-0.9786168293962086,-0.9476149495073402,-0.8669301920734549
Langfjordjokelen,2068-10-01,-1.093124221432087,-0.8259750145355357,-0.9285896723759651
Langfjordjokelen,2068-11-01,-1.1292079599955118,-0.797912096967683,-0.6561988341628836
Langfjordjokelen,2068-12-01,-0.8712675174067543,-0.8598464866585681,-1.0417375513709999
Langfjordjokelen,2069-01-01,-1.0412518454477624,-1.0872186789441367,-1.1181409755112044
Langfjordjokelen,2069-02-01,-0.6440638559349947,-1.3459597673004489,-1.335046879315393
Langfjordjokelen,2069-03-01,-0.8801630111371277,-0.8066472762204917,-0.9924987863246962
Langfjordjokelen,2069-04-01,-0.9617105490499851,-0.8460141832007583,-1.0475118864484958
Langfjordjokelen,2069-05-01,-0.8783678587790962,-0.886926992184543,-0.9095123139252109
Langfjordjokelen,2069-06-01,-1.02143070990227,-0.8562910657197095,-0.8625052734181704
Langfjordjokelen,2069-07-01,-1.0676485836719145,-0.8532413651151898,-0.9279610544696094
Langfjordjokelen,2069-08-01,-0.8035958410032252,-0.9739480808316969,-0.9029793798143434
Langfjordjokelen,2069-09-01,-0.8729292019265102,-0.940417330127179,-0.8680647723642463
Langfjordjokelen,2069-10-01,-0.8623751133413927,-0.9245569141186721,-0.8733601520200255
Langfjordjokelen,2069-11-01,-0.8885665373077988,-1.0695247580102216,-0.9348253422068694
Langfjordjokelen,2069-12-01,-0.7681050968944292,-0.9238404918992779,-1.0334471541303216
Langfjordjokelen,2070-01-01,-0.9890706683342397,-0.9903677694043145,-0.7281763028273266
Langfjordjokelen,2070-02-01,-0.8680018916545925,-0.8203636552074345,-0.9907570771122084
Langfjordjokelen,2070-03-01,-1.0075860422087766,-0.6099095457948656,-0.9392480833784425
Langfjordjokelen,2070-04-01,-0.9039097909683163,-1.0057742531064446,-0.7964847498464853
Langfjordjokelen,2070-05-01,-0.8154634598372971,-0.8598376015975008,-0.9153562634342087
Langfjordjokelen,2070-06-01,-1.0300253341368022,-1.0468376873821272,-0.8446925037322295
Langfjordjokelen,2070-07-01,-1.0227208433439177,-0.9820048204227044,-0.8282821325535871
Langfjordjokelen,2070-08-01,-0.8547045663550641,-1.008413655689925,-0.977662850830264
Langfjordjokelen,2070-09-01,-0.9685343470214893,-1.054167980804581,-0.9795356820001819
Langfjordjokelen,2070-10-01,-0.9188394312659582,-0.9607575724881453,-1.0633596692670357
Langfjordjokelen,2070-11-01,-0.9880012818410541,-1.0284102468637981,-0.9864452717634352
Langfjordjokelen,2070-12-01,-1.0307965741289014,-0.8297067489187308,-0.6838496892593141
Langfjordjokelen,2071-01-01,-0.9479139138257623,-0.6246466546836528,-1.03087767938806
Langfjordjokelen,2071-02-01,-0.9678997679901923,-1.1425939624384374,-0.9983500084399757
Langfjordjokelen,2071-03-01,-0.713214809413266,-1.0194220095368414,-0.7322145773633569
Langfjordjokelen,2071-04-01,-0.9951255175507487,-0.8732938571680992,-0.9725614329373733
Langfjordjokelen,2071-05-01,-1.0134002634693247,-0.9294684732088015,-0.9107518460939507
Langfjordjokelen,2071-06-01,-0.84573675451671,-0.9003359027707699,-1.0461292563803835
Langfjordjokelen,2071-07-01,-0.9208923276384087,-1.0064320953686756,-1.0058492987559084
Langfjordjokelen,2071-08-01,-0.931146555197104,-1.0395350262723966,-1.039173983853708
Langfjordjokelen,2071-09-01,-0.8259934836844978,-1.0570548277776581,-0.995100767102636
Langfjordjokelen,2071-10-01,-0.968035189248341,-1.0720790420757575,-0.749608330640478
Langfjordjokelen,2071-11-01,-0.7353522009867371,-0.7946841169534701,-0.9924236285024465
Langfjordjokelen,2071-12-01,-0.7955193587495769,-0.7988065203368167,-0.830803434491815
Langfjordjokelen,2072-01-01,-0.9883511656828868,-1.0090874942009345,-1.102074768550499
Langfjordjokelen,2072-02-01,-1.035750802877036,-0.8715095976925139,-0.7297982094534584
Langfjordjokelen,2072-03-01,-0.7653797381447868,-0.9048746950713665,-1.1586555913564722
Langfjordjokelen,2072-04-01,-0.9895273306340616,-1.2494099095922706,-1.0527453390065284
Langfjordjokelen,2072-05-01,-0.9629742579828514,-0.8653385658215599,-0.9144065993154441
Langfjordjokelen,2072-06-01,-0.7122890803078215,-1.0035528078212703,-0.9003892773729771
Langfjordjokelen,2072-07-01,-0.8626221537978704,-0.8576666085707866,-0.9159461308913021
Langfjordjokelen,2072-08-01,-0.841392996376218,-0.8356177859314838,-0.9692866399833697
Langfjordjokelen,2072-09-01,-0.9985016296610993,-0.8815019221112118,-0.8851653669221636
Langfjordjokelen,2072-10-01,-0.7476350933618118,-0.7406371641435062,-0.7349251180138171
Langfjordjokelen,2072-11-01,-1.0861479043090105,-1.1623490696591448,-0.9503108998563282
Langfjordjokelen,2072-12-01,-0.8814977397919335,-0.9621222749235366,-1.1747906599767453
Langfjordjokelen,2073-01-01,-0.7654179284128594,-1.142628917113795,-0.9769717877097793
Langfjordjokelen,2073-02-01,-0.9526011976599423,-1.0515277969049537,-0.8233257515974425
Langfjordjokelen,2073-03-01,-0.8674483258349225,-0.8332132943533254,-0.9469707505414043
Langfjordjokelen,2073-04-01,-1.0986679955647913,-0.6491174150068872,-0.9583513031730395
Langfjordjokelen,2073-05-01,-1.059675505101452,-1.021018373728367,-0.9763914112033566
Langfjordjokelen,2073-06-01,-0.9579353357323658,-0.9941920829749643,-1.083844876248263
Langfjordjokelen,2073-07-01,-0.9126009397895415,-0.9699593001690373,-0.9254303469029425
Langfjordjokelen,2073-08-01,-0.9728625382053089,-0.9056272851483209,-0.8987217426667563
Langfjordjokelen,2073-09-01,-0.909826250562511,-0.8622557835220124,-1.0072327142105673
Langfjordjokelen,2073-10-01,-1.0078255165517307,-1.05546943962102,-0.9862887656555084
Langfjordjokelen,2073-11-01,-0.9441201096658133,-0.9589333461297654,-0.8885175180975123
Langfjordjokelen,2073-12-01,-0.7449898019781149,-1.082318172515729,-0.5208012994352197
Langfjordjokelen,2074-01-01,-0.9397189900450867,-1.1612579337894173,-0.9105699351676818
Langfjordjokelen,2074-02-01,-0.67814195486688,-1.005820869844614,-1.1178658414203684
Langfjordjokelen,2074-03-01,-0.8340791800675852,-1.0541798118390966,-1.0417080524019209
Langfjordjokelen,2074-04-01,-0.8078506229857525,-0.7936669768008292,-0.8408255498961648
Langfjordjokelen,2074-05-01,-0.7068591133175266,-0.555384600799926,-0.9848267981668003
Langfjordjokelen,2074-06-01,-0.9549468774319033,-1.1702208996299055,-1.019663362999121
Langfjordjokelen,2074-07-01,-0.9725526422157772,-0.9129368749779413,-0.9644528521946519
Langfjordjokelen,2074-08-01,-0.9805468924822135,-0.9581090496797353,-0.9310623705908251
Langfjordjokelen,2074-09-01,-0.9180099390095361,-0.8204037840576602,-1.00217128468306
Langfjordjokelen,2074-10-01,-0.7089096890586366,-0.9067158271271993,-0.993531335783373
Langfjordjokelen,2074-11-01,-0.9566597590290034,-1.0287985253679375,-1.122947040974325
Langfjordjokelen,2074-12-01,-0.9018112012333864,-1.0372235068715554,-0.9972391591392707
Langfjordjokelen,2075-01-01,-0.7506241943163222,-0.9076158877610142,-1.0518876853715236
Langfjordjokelen,2075-02-01,-0.4789748533742581,-0.6602267304269807,-0.848209375251738
Langfjordjokelen,2075-03-01,-0.8132609043044928,-1.1269402748552082,-0.8975693522439595
Langfjordjokelen,2075-04-01,-0.8038115067992248,-0.9423671751883331,-0.9943253855985454
Langfjordjokelen,2075-05-01,-0.9833704627404827,-1.110302584469563,-0.8066022610551556
Langfjordjokelen,2075-06-01,-1.0045280202878673,-0.8884628437672865,-0.8087367319342388
Langfjordjokelen,2075-07-01,-0.9818877108729165,-1.0151131303210221,-0.8623943281701233
Langfjordjokelen,2075-08-01,-0.8644114015326562,-0.8823027958433959,-0.9579821329281533
Langfjordjokelen,2075-09-01,-1.0239511594818576,-0.9389790049712894,-0.9129217841251088
Langfjordjokelen,2075-10-01,-0.8857757168702056,-0.9774149833818747,-0.7794698319093815
Langfjordjokelen,2075-11-01,-0.8074882743101982,-0.8740387111919089,-0.7727750511737798
Langfjordjokelen,2075-12-01,-0.9140751674734219,-0.77451732531198,-0.989214104822241
Langfjordjokelen,2076-01-01,-0.8060598027067765,-0.710585023879292,-0.6143279956679518
Langfjordjokelen,2076-02-01,-1.2210498917868855,-0.9840186526728089,-0.7588621775257544
Langfjordjokelen,2076-03-01,-1.1555576512476462,-1.2692492734474834,-0.9797570749758094
Langfjordjokelen,2076-04-01,-1.0514120333619907,-0.9199488496876868,-0.855863576767444
Langfjordjokelen,2076-05-01,-0.9150973475352332,-1.0731395649488036,-0.9903127285455812
Langfjordjokelen,2076-06-01,-0.9934102032027406,-0.941880826535038,-0.9243123063078263
Langfjordjokelen,2076-07-01,-0.9638025852473963,-0.8951096003478295,-0.8880850523680097
Langfjordjokelen,2076-08-01,-0.8884084215934894,-0.7653973204126299,-0.9200646968778341
Langfjordjokelen,2076-09-01,-0.6553132378852607,-1.000440079657671,-0.7629042306701438
Langfjordjokelen,2076-10-01,-0.8608165705742454,-0.9135692834729495,-0.8337218031395907
Langfjordjokelen,2076-11-01,-1.0439193345086195,-0.8673298589429584,-0.9221821963758448
Langfjordjokelen,2076-12-01,-1.0738700613230303,-0.7827682531137737,-0.8010658876652342
Langfjordjokelen,2077-01-01,-0.5855084362668433,-0.8110834699148285,-0.9062837500748367
Langfjordjokelen,2077-02-01,-0.6247206205290444,-0.5886041698618597,-0.9110721188348595
Langfjordjokelen,2077-03-01,-0.7746389892155845,-0.9551330279253899,-1.085570707320292
Langfjordjokelen,2077-04-01,-0.9815230640306277,-0.6836952956220447,-1.031622251808289
Langfjordjokelen,2077-05-01,-0.888089048919518,-0.9410177535840797,-0.8726148706503056
Langfjordjokelen,2077-06-01,-0.8449410230829405,-0.7720910877445532,-0.9714622161086265
Langfjordjokelen,2077-07-01,-0.8412101352739869,-0.9373698247933224,-0.956494821579429
Langfjordjokelen,2077-08-01,-1.0995373684895033,-0.8186941450135583,-0.8104944857291988
Langfjordjokelen,2077-09-01,-0.8352883845557315,-0.8997861654309701,-1.0608584325235852
Langfjordjokelen,2077-10-01,-0.8363800882830802,-0.9472518250670648,-1.0953099096662995
Langfjordjokelen,2077-11-01,-0.6333153639784569,-1.094251946451761,-1.0991485183854444
Langfjordjokelen,2077-12-01,-1.0759325083073599,-1.1391199307319293,-0.8221119690024462
Langfjordjokelen,2078-01-01,-1.021257015851656,-0.7723739115816413,-0.6106554360011068
Langfjordjokelen,2078-02-01,-1.151314395456825,-1.1685603214019031,-0.8964648757483561
Langfjordjokelen,2078-03-01,-0.8459911131651686,-0.9530246405861101,-0.8947521291989501
Langfjordjokelen,2078-04-01,-0.868019440464042,-0.6660929934742473,-0.9019300822600304
Langfjordjokelen,2078-05-01,-0.9513517790547542,-0.930867350175876,-0.915992738064589
Langfjordjokelen,2078-06-01,-0.8837454311149484,-0.9669414705765265,-1.0240560058190338
Langfjordjokelen,2078-07-01,-0.9586127787454033,-1.035107736663595,-0.9605609389099193
Langfjordjokelen,2078-08-01,-0.8593919146962578,-1.0163077102566882,-1.0048759664978542
Langfjordjokelen,2078-09-01,-0.8177402900892456,-0.9053894156571065,-1.043621813297799
Langfjordjokelen,2078-10-01,-0.8054071293931967,-0.6197869740871603,-1.0046956413337924
Langfjordjokelen,2078-11-01,-0.9807881588835498,-0.8501564543071756,-1.1169181603077418
Langfjordjokelen,2078-12-01,-1.0570629749456744,-1.218916088331222,-0.8848750115224226
Langfjordjokelen,2079-01-01,-1.0382655476147162,-1.2519034127680857,-1.059674404349425
Langfjordjokelen,2079-02-01,-0.7994670933610895,-0.6611814236427417,-0.6975719894257858
Langfjordjokelen,2079-03-01,-0.6985340525703064,-1.0697631637101663,-1.1995728274652364
Langfjordjokelen,2079-04-01,-0.8066887473431067,-0.7214767832201653,-1.04713564280805
Langfjordjokelen,2079-05-01,-0.879308742782996,-0.9924641341067962,-0.8783510846624019
Langfjordjokelen,2079-06-01,-0.8012205354247178,-1.007199836143642,-0.9842840518186918
Langfjordjokelen,2079-07-01,-0.9239348669326285,-0.8760160495004,-0.9105074538917659
Langfjordjokelen,2079-08-01,-0.9605069109421875,-0.9369334548564673,-0.9059958198916931
Langfjordjokelen,2079-09-01,-0.8667334086855764,-0.7989726807607078,-0.9133401382960424
Langfjordjokelen,2079-10-01,-0.7752764901662442,-1.0104685849393868,-0.863150819777773
Langfjordjokelen,2079-11-01,-0.8674786981919121,-0.9331791788294277,-1.004116291824674
Langfjordjokelen,2079-12-01,-0.7411862142397457,-1.0227133990149895,-1.185087054085056
Langfjordjokelen,2080-01-01,-0.828336097669519,-1.1941463523917941,-1.1158174096325848
Langfjordjokelen,2080-02-01,-0.9280945153369924,-1.1356733620368542,-0.8873420688487931
Langfjordjokelen,2080-03-01,-0.8285654328203899,-1.0108914437827174,-0.7636578142267952
Langfjordjokelen,2080-04-01,-0.9622346842129404,-0.8623736242116941,-0.7114722927623003
Langfjordjokelen,2080-05-01,-0.9304517275819505,-0.7507653470723458,-0.8711977553806808
Langfjordjokelen,2080-06-01,-0.8235643894636998,-0.960465310407423,-1.0379848907823563
Langfjordjokelen,2080-07-01,-0.8780394943837182,-0.8192688391158948,-0.8920744707197761
Langfjordjokelen,2080-08-01,-0.835227692115699,-0.973702107726163,-1.0405144897697582
Langfjordjokelen,2080-09-01,-0.9512959108384488,-1.0362343368457436,-1.122461791106578
Langfjordjokelen,2080-10-01,-0.8619830775982962,-1.0125620103532467,-1.1215043987411077
Langfjordjokelen,2080-11-01,-0.9372503537967155,-1.0380688158756772,-1.0112253484982687
Langfjordjokelen,2080-12-01,-0.6021622765207032,-1.2022640938150555,-0.8957763957897532
Langfjordjokelen,2081-01-01,-0.612961630424052,-0.9086710199742204,-0.6521062235802696
Langfjordjokelen,2081-02-01,-0.973047890512403,-0.9852278892612764,-0.8742451036504728
Langfjordjokelen,2081-03-01,-1.195659994412637,-0.8583018409990125,-0.8865434251919065
Langfjordjokelen,2081-04-01,-1.1594309381251637,-0.8464182266765117,-0.7285299535061421
Langfjordjokelen,2081-05-01,-0.9085439085988237,-0.7853938299111206,-0.9331178701842081
Langfjordjokelen,2081-06-01,-1.0220893350975824,-0.860776630999552,-1.0540799324235566
Langfjordjokelen,2081-07-01,-0.9535602513646757,-0.9615415738043707,-0.9554216429473241
Langfjordjokelen,2081-08-01,-0.9870181859404159,-0.8124306600016569,-0.9440200708988556
Langfjordjokelen,2081-09-01,-0.8274627694688181,-0.8635143980701051,-1.0292561597696703
Langfjordjokelen,2081-10-01,-0.9785782600373604,-1.0707102911554445,-0.9984909332251973
Langfjordjokelen,2081-11-01,-1.1370517298807532,-0.8626954250981699,-1.0782141482042322
Langfjordjokelen,2081-12-01,-0.8765735653408905,-0.7550303025174729,-1.1029136008278486
Langfjordjokelen,2082-01-01,-0.7701470861208272,-0.8652268826711715,-0.8844663110295495
Langfjordjokelen,2082-02-01,-0.8927685252608538,-0.6545578880121672,-0.9206788043570887
Langfjordjokelen,2082-03-01,-1.0810565853827936,-0.9547456233401369,-1.1210964561448689
Langfjordjokelen,2082-04-01,-1.0464411607487902,-0.8031527752752495,-0.9534113699486394
Langfjordjokelen,2082-05-01,-0.9513140238988823,-1.0199005656896862,-0.9559316098771697
Langfjordjokelen,2082-06-01,-0.8363202162544091,-0.9783795298210937,-0.9497919831165303
Langfjordjokelen,2082-07-01,-0.9252678015900552,-0.9786415358563985,-0.9005091394428971
Langfjordjokelen,2082-08-01,-1.0446654617632458,-0.9021379710770866,-0.9449834474882137
Langfjordjokelen,2082-09-01,-1.0043543024377741,-1.0261718788436516,-1.0532191896225822
Langfjordjokelen,2082-10-01,-0.9915977050350927,-0.8858181947827118,-0.8853435375219832
Langfjordjokelen,2082-11-01,-0.9683364581988436,-0.8681522857768772,-0.8773707724080996
Langfjordjokelen,2082-12-01,-1.12837138283307,-1.0747743904908973,-1.0918771269971275
Langfjordjokelen,2083-01-01,-1.0424513982296648,-1.0322590581421744,-1.0958444411093644
Langfjordjokelen,2083-02-01,-1.0685762801166383,-0.6373175636249283,-1.0966186739514228
Langfjordjokelen,2083-03-01,-0.8925765232559179,-1.0399008341595128,-0.9212635896626337
Langfjordjokelen,2083-04-01,-0.7507929988785277,-0.8916088724358486,-0.9060814961596032
Langfjordjokelen,2083-05-01,-0.7533759377152703,-0.8329533533617819,-0.8050970524761434
Langfjordjokelen,2083-06-01,-0.83311465909508,-0.9010121976783063,-1.0283352692246146
Langfjordjokelen,2083-07-01,-0.8927198239213573,-0.8860758450345937,-0.9312781998133718
Langfjordjokelen,2083-08-01,-0.9279618377758078,-0.9129167306954846,-0.9317455165179881
Langfjordjokelen,2083-09-01,-0.9238653056771323,-1.0225469531413138,-1.1005400091225581
Langfjordjokelen,2083-10-01,-1.0153476711949059,-0.9012145481213171,-1.1036504026077474
Langfjordjokelen,2083-11-01,-0.7255082872792933,-1.0065632859221918,-0.8876929129468442
Langfjordjokelen,2083-12-01,-0.6939137941611575,-1.0933068652664848,-0.8319813331858071
Langfjordjokelen,2084-01-01,-0.8460385243403841,-0.7506258495090704,-1.1139060783456567
Langfjordjokelen,2084-02-01,-0.825112175372048,-0.7511554532396033,-0.9584563135180061
Langfjordjokelen,2084-03-01,-1.0592712436425962,-0.8579874177060338,-0.9429213574337977
Langfjordjokelen,2084-04-01,-0.7858915173266231,-0.9670316586043497,-1.1007528921912744
Langfjordjokelen,2084-05-01,-1.0110194719645127,-0.8462294054197895,-0.8913487350747209
Langfjordjokelen,2084-06-01,-1.007447445055303,-0.8788498492795966,-0.9524770887413032
Langfjordjokelen,2084-07-01,-0.9701510135993759,-0.7906948036265811,-0.8884047569802918
Langfjordjokelen,2084-08-01,-1.034371771754202,-0.7272436437454383,-1.0467305091842274
Langfjordjokelen,2084-09-01,-0.9230647695144638,-0.8724362776897193,-1.031945206598411
Langfjordjokelen,2084-10-01,-0.7903575582835237,-1.0174519287055679,-1.0933262088290319
Langfjordjokelen,2084-11-01,-0.5820138539479204,-0.8427821322665151,-1.182859999476409
Langfjordjokelen,2084-12-01,-0.8437776189703152,-0.7982739620297005,-1.09388275929576
Langfjordjokelen,2085-01-01,-0.7951426479322539,-0.8841573700281066,-0.8955783979641554
Langfjordjokelen,2085-02-01,-0.8906716413785306,-1.0103927200715652,-1.1116282224654106
Langfjordjokelen,2085-03-01,-1.3081672508171591,-1.0202128512363584,-1.2716469030966995
Langfjordjokelen,2085-04-01,-1.0515315013024473,-1.0024107445084633,-1.014675186445404
Langfjordjokelen,2085-05-01,-0.7915333799806558,-0.9203213563710507,-0.98524569348208
Langfjordjokelen,2085-06-01,-1.1059330484882162,-0.7317857245846602,-0.9034820514030201
Langfjordjokelen,2085-07-01,-1.0072185193220273,-0.8536916630889939,-0.9582167262702234
Langfjordjokelen,2085-08-01,-0.9405466859592965,-0.7663391232186081,-0.9927976491815489
Langfjordjokelen,2085-09-01,-0.9180484224841502,-0.8183366436167153,-0.9937399524193248
Langfjordjokelen,2085-10-01,-0.8541894817413072,-0.8155682716494067,-0.9055583962541851
Langfjordjokelen,2085-11-01,-0.8584170590210971,-0.749861856496766,-1.1372296929206087
Langfjordjokelen,2085-12-01,-1.0316074763362189,-0.8628227461107865,-0.6619614403075645
Langfjordjokelen,2086-01-01,-0.993893004842849,-0.7621921954899235,-1.0481561583751653
Langfjordjokelen,2086-02-01,-0.8452853906767256,-1.1784857147025454,-0.7076992353625037
Langfjordjokelen,2086-03-01,-0.6855249930138223,-0.986849763634078,-0.7524087972808795
Langfjordjokelen,2086-04-01,-0.8725802632983114,-0.7686437322623236,-0.9028068418206908
Langfjordjokelen,2086-05-01,-0.9216572262237542,-0.9709959290655782,-0.9858503993780237
Langfjordjokelen,2086-06-01,-0.8582115413931591,-0.7768689269558043,-0.9150799768856452
Langfjordjokelen,2086-07-01,-0.9169767538711026,-0.8287832332418743,-0.9310322707104594
Langfjordjokelen,2086-08-01,-0.9096133558504235,-0.8392703991059586,-0.8685078838910337
Langfjordjokelen,2086-09-01,-0.8177593768168219,-0.8325628018771573,-0.8653922219906086
Langfjordjokelen,2086-10-01,-0.8613193954525306,-0.8404578849974186,-1.024882235842937
Langfjordjokelen,2086-11-01,-1.0638926200127774,-0.6239317732526063,-0.9363677623920648
Langfjordjokelen,2086-12-01,-0.6180028960793319,-0.8660107906806586,-1.074049281834738
Langfjordjokelen,2087-01-01,-0.6112488294812594,-0.844241947794345,-0.8544396294865075
Langfjordjokelen,2087-02-01,-0.8922915653425556,-0.6577895272920263,-1.1705938076079916
Langfjordjokelen,2087-03-01,-0.7567183707606279,-0.9464084336302402,-0.6856543149932491
Langfjordjokelen,2087-04-01,-0.8207539280899252,-0.7047533310771277,-0.9386590328863718
Langfjordjokelen,2087-05-01,-1.0296254401077471,-1.0358397741942318,-1.0070700868566922
Langfjordjokelen,2087-06-01,-0.824257459854446,-0.8808373719070924,-0.9206423126806872
Langfjordjokelen,2087-07-01,-0.8777734537139096,-0.8872443920607247,-0.9148087378903605
Langfjordjokelen,2087-08-01,-0.8852941174899173,-0.8564697780486865,-0.9898336303431728
Langfjordjokelen,2087-09-01,-0.851863386497572,-0.9441289671394206,-0.9909763187453219
Langfjordjokelen,2087-10-01,-0.7716200879912716,-0.9864636849894625,-0.7282582289480576
Langfjordjokelen,2087-11-01,-0.746852879300774,-0.8822415441865038,-0.8996612620350465
Langfjordjokelen,2087-12-01,-1.059937682981423,-1.059640414195275,-1.1003627252777557
Langfjordjokelen,2088-01-01,-0.814432322373638,-1.0574073203903274,-0.749849708703291
Langfjordjokelen,2088-02-01,-0.8692050019879902,-1.0275460726086754,-0.7342197142148882
Langfjordjokelen,2088-03-01,-0.8565710297847415,-0.9984177324676642,-0.7917282151745866
Langfjordjokelen,2088-04-01,-0.9562793099205319,-1.0623801620109652,-1.0509237834506233
Langfjordjokelen,2088-05-01,-1.0051973987250638,-0.7642015192513633,-0.8301108994137664
Langfjordjokelen,2088-06-01,-0.8322458364132316,-0.8817380313075701,-0.8755208331218918
Langfjordjokelen,2088-07-01,-0.9854762751600691,-0.9389417595809321,-0.9355681281428389
Langfjordjokelen,2088-08-01,-0.8931618063078487,-0.8705112369745788,-0.9756256607618811
Langfjordjokelen,2088-09-01,-0.753406666660438,-0.9744444388141872,-1.0401538151767997
Langfjordjokelen,2088-10-01,-0.7867658904427278,-0.9593789805311804,-0.9045064943049504
Langfjordjokelen,2088-11-01,-0.7268102130923874,-0.8349307628734649,-1.0834559130871557
Langfjordjokelen,2088-12-01,-1.0487844581333692,-1.0763660127808656,-1.0343026673070461
Langfjordjokelen,2089-01-01,-1.2993811469698797,-1.0408306568714325,-0.998013474123918
Langfjordjokelen,2089-02-01,-1.3107100283422453,-0.8296542967653617,-1.0166421854203136
Langfjordjokelen,2089-03-01,-0.8899135080366207,-0.6980237077688195,-0.7379468210674686
Langfjordjokelen,2089-04-01,-1.0301238423075356,-0.8158130919772121,-0.6423930591539665
Langfjordjokelen,2089-05-01,-1.085394975847796,-0.9571405845823732,-1.10790904122098
Langfjordjokelen,2089-06-01,-1.0274680443695625,-0.8355828374618831,-0.8892357806051064
Langfjordjokelen,2089-07-01,-0.9783395013543871,-0.9269448979528914,-0.8982107463375613
Langfjordjokelen,2089-08-01,-0.9215511710606572,-0.8761944708502972,-0.9506739367989806
Langfjordjokelen,2089-09-01,-0.7853920904010487,-0.8652959960583019,-0.832287713593573
Langfjordjokelen,2089-10-01,-0.9264771978038119,-0.8103705720103567,-1.0592832471141544
Langfjordjokelen,2089-11-01,-1.0043146148423945,-0.9961853811708128,-1.0578102225307664
Langfjordjokelen,2089-12-01,-0.9029299619693939,-1.0820504669717952,-0.8804456513317597
Langfjordjokelen,2090-01-01,-0.34488105292526505,-0.7526001310811014,-1.1274169824880025
Langfjordjokelen,2090-02-01,-0.8977320531123603,-1.1693529362534063,-0.909206495133696
Langfjordjokelen,2090-03-01,-0.6912446741933483,-0.9282956987206972,-1.024568008516269
Langfjordjokelen,2090-04-01,-0.7425781287320258,-0.8149963480390049,-0.7911984772668084
Langfjordjokelen,2090-05-01,-0.9118671250420558,-0.9246166317519989,-1.0087966097639087
Langfjordjokelen,2090-06-01,-0.9528966451188255,-0.7186594962887937,-0.906446263462057
Langfjordjokelen,2090-07-01,-0.9430666513015474,-0.8150457285064557,-0.9689564200894188
Langfjordjokelen,2090-08-01,-0.8254325049199043,-0.9193743547803894,-1.0527063624880448
Langfjordjokelen,2090-09-01,-0.9702710043917463,-0.8319218231243343,-1.018261585699822
Langfjordjokelen,2090-10-01,-0.8640088321337261,-0.7732467736050941,-1.0636653315170528
Langfjordjokelen,2090-11-01,-1.000308533800503,-0.7703654104482371,-1.075294508686272
Langfjordjokelen,2090-12-01,-0.7404944289454836,-1.0523812426656691,-0.9213608217567927
Langfjordjokelen,2091-01-01,-0.9675752357708364,-0.9176441550773967,-1.0235129983217632
Langfjordjokelen,2091-02-01,-0.9130797292849181,-0.6699768555391312,-0.8738029357936569
Langfjordjokelen,2091-03-01,-0.8835190381413022,-0.5728335273226978,-0.9411707058667496
Langfjordjokelen,2091-04-01,-0.9576963670048935,-0.9647886453442881,-0.8674044176743055
Langfjordjokelen,2091-05-01,-0.9522437685732967,-0.9779707551537822,-0.9735181486835066
Langfjordjokelen,2091-06-01,-0.8315207097238022,-0.8866099555340972,-1.0867419253757686
Langfjordjokelen,2091-07-01,-0.8354495365106512,-0.7914550061335824,-0.9169163793171821
Langfjordjokelen,2091-08-01,-1.019436577186731,-0.9026778987314491,-0.978762761950921
Langfjordjokelen,2091-09-01,-0.8083496916288498,-0.7460756101346969,-1.028149320799013
Langfjordjokelen,2091-10-01,-1.0245928532510973,-0.7072886780939386,-1.003632485875994
Langfjordjokelen,2091-11-01,-0.8628188388626062,-0.7547995860995309,-1.1191227583792591
Langfjordjokelen,2091-12-01,-0.7780103632045637,-1.0470432514561139,-0.9715169362019246
Langfjordjokelen,2092-01-01,-0.7804837444571083,-0.7755111130926107,-0.7283217019553067
Langfjordjokelen,2092-02-01,-0.9059140393047912,-0.7198373753718826,-0.9062747322446939
Langfjordjokelen,2092-03-01,-0.8568361568539737,-0.7594989515639753,-1.008405512796519
Langfjordjokelen,2092-04-01,-0.8795682622734687,-1.0062975337177973,-1.0360875022146292
Langfjordjokelen,2092-05-01,-0.8116139258829064,-0.8682003045615336,-0.9312243971588932
Langfjordjokelen,2092-06-01,-0.8051951318027868,-1.1311620337884127,-0.9619685157733633
Langfjordjokelen,2092-07-01,-0.9380007444232711,-0.9767228435774236,-0.9740800318618703
Langfjordjokelen,2092-08-01,-0.915056005241969,-0.980774615196068,-0.836386237893196
Langfjordjokelen,2092-09-01,-1.0077725339684425,-1.005093491371011,-0.8590136948581311
Langfjordjokelen,2092-10-01,-0.8045496789533698,-1.0445765107764877,-0.8788030199908788
Langfjordjokelen,2092-11-01,-0.7897327035653707,-1.0840101679246266,-1.0594329553364752
Langfjordjokelen,2092-12-01,-1.0247424972762198,-0.9262551729634806,-0.8429807768300033
Langfjordjokelen,2093-01-01,-1.1642256558735695,-0.9254283220733438,-0.9980193435676511
Langfjordjokelen,2093-02-01,-0.8139617711373935,-0.7401810570233006,-1.0500912057759832
Langfjordjokelen,2093-03-01,-1.0899708860121244,-0.6980486961305138,-1.0200383672735436
Langfjordjokelen,2093-04-01,-0.7603076792463522,-0.9790240593149421,-1.2225707191135708
Langfjordjokelen,2093-05-01,-0.8883452801078686,-0.9724368264902115,-1.0061969099882644
Langfjordjokelen,2093-06-01,-0.9916263517877146,-0.8566253346933812,-1.02049269264317
Langfjordjokelen,2093-07-01,-0.9080448715419309,-0.9278071992431348,-0.9848919167267772
Langfjordjokelen,2093-08-01,-0.9090277251639284,-1.026513050866537,-0.9547263092960904
Langfjordjokelen,2093-09-01,-0.9267923024864207,-0.9973651561182572,-0.9994820796387729
Langfjordjokelen,2093-10-01,-1.077711924880075,-0.7599655659715414,-0.9383600315079946
Langfjordjokelen,2093-11-01,-1.005248412866706,-1.0447169690118812,-0.9839084033298992
Langfjordjokelen,2093-12-01,-0.6738659093761018,-0.684341244218151,-0.5491266644979379
Langfjordjokelen,2094-01-01,-1.1702432067263877,-1.3163255048671982,-0.8743023019069263
Langfjordjokelen,2094-02-01,-0.9931404473269722,-0.8904414433956531,-0.8710912226609441
Langfjordjokelen,2094-03-01,-0.893084613289077,-1.0507452965847113,-0.7827821145312956
Langfjordjokelen,2094-04-01,-0.936956824614576,-0.8309078204665026,-0.8650724634309838
Langfjordjokelen,2094-05-01,-0.9594062542921389,-0.8346637379628087,-0.8781541921771711
Langfjordjokelen,2094-06-01,-0.9373990867300259,-0.8281861010871654,-0.9649463459728193
Langfjordjokelen,2094-07-01,-0.9247794250715625,-0.8805752439230973,-1.0107709087070225
Langfjordjokelen,2094-08-01,-0.8995118056001656,-0.7585239649069493,-0.9577720354656346
Langfjordjokelen,2094-09-01,-0.8734269282645827,-1.0517452753929613,-1.0797336974120215
Langfjordjokelen,2094-10-01,-0.866049602347318,-0.9648580924225308,-0.796728409090151
Langfjordjokelen,2094-11-01,-0.8982314962840819,-1.2037508423818297,-0.7762441532857715
Langfjordjokelen,2094-12-01,-0.9977836926686144,-0.8599886033555256,-1.2988850265988081
Langfjordjokelen,2095-01-01,-1.2963928059563938,-0.5650856434533088,-0.9901491640268355
Langfjordjokelen,2095-02-01,-0.6782466077065686,-1.1143464989665093,-0.9040469109450481
Langfjordjokelen,2095-03-01,-0.9303506407973495,-0.7090694363308749,-0.9610033463420539
Langfjordjokelen,2095-04-01,-0.8056674119049329,-1.103964647421148,-0.7232205991333535
Langfjordjokelen,2095-05-01,-0.8500960074182777,-1.0034049197111097,-0.8946921666572979
Langfjordjokelen,2095-06-01,-0.9619179077942025,-0.9280920785189494,-0.9306546390300546
Langfjordjokelen,2095-07-01,-0.9074299718472479,-0.8623405323546622,-0.9472742336732777
Langfjordjokelen,2095-08-01,-0.8975000075687595,-0.8501821829151712,-0.9162269759522038
Langfjordjokelen,2095-09-01,-1.003182935837424,-0.8830642077232347,-0.9014411081119582
Langfjordjokelen,2095-10-01,-0.9761344587615426,-1.0372306429825924,-1.024312078299549
Langfjordjokelen,2095-11-01,-0.7621470630988075,-0.8379365129989935,-0.9452625197988219
Langfjordjokelen,2095-12-01,-0.8657774374980726,-0.8938181558028019,-0.8677284175323218
Langfjordjokelen,2096-01-01,-0.8311686893619393,-0.9260357197120967,-0.887319748370126
Langfjordjokelen,2096-02-01,-1.0455792276302145,-1.2056684626159218,-0.8934701979029652
Langfjordjokelen,2096-03-01,-0.937977142652573,-0.9077170386780989,-1.081128890289712
Langfjordjokelen,2096-04-01,-0.9622406061433798,-0.7788684529126136,-0.9116032971115784
Langfjordjokelen,2096-05-01,-0.9081118065174488,-0.8150623750108404,-1.000062114432328
Langfjordjokelen,2096-06-01,-0.912263729702163,-0.9488802454198173,-1.109120293389423
Langfjordjokelen,2096-07-01,-1.0465367481969998,-0.9558669269819474,-1.065915381303819
Langfjordjokelen,2096-08-01,-0.9376480102862036,-0.9731929490315939,-1.0079953991799557
Langfjordjokelen,2096-09-01,-0.9411024967773965,-0.7909091815351239,-0.9920485880221411
Langfjordjokelen,2096-10-01,-0.8244387571182773,-0.7811674804932164,-1.0314236163239376
Langfjordjokelen,2096-11-01,-0.9356615716699578,-1.049596743661468,-1.1883662744331493
Langfjordjokelen,2096-12-01,-0.7946874687967806,-1.110089336633051,-1.1369028978426488
Langfjordjokelen,2097-01-01,-1.113852647480405,-1.1288946994052669,-0.8471165139306295
Langfjordjokelen,2097-02-01,-0.7562990505610756,-1.326076298468804,-1.323101000929085
Langfjordjokelen,2097-03-01,-0.6586532353842807,-0.7497762676233268,-0.8485129129641446
Langfjordjokelen,2097-04-01,-1.0061878855154047,-1.1237062393342823,-0.9036216700010593
Langfjordjokelen,2097-05-01,-0.8697940499673823,-0.7822388865104669,-1.0283496164881958
Langfjordjokelen,2097-06-01,-0.7960941385039512,-0.935447911133444,-1.0782874209071414
Langfjordjokelen,2097-07-01,-0.7686650976598135,-1.0070774011714239,-0.9296812438901462
Langfjordjokelen,2097-08-01,-0.7906835610703801,-0.965490814802468,-1.0366744483462513
Langfjordjokelen,2097-09-01,-0.6736190683027549,-0.8926657110495796,-0.8868431031484026
Langfjordjokelen,2097-10-01,-0.9280809201605543,-0.8055185746493669,-0.9581527613520088
Langfjordjokelen,2097-11-01,-0.9533191301309905,-0.8681210798385862,-0.9771927342752212
Langfjordjokelen,2097-12-01,-0.9950777586793569,-0.6880105412885111,-0.9768315201032444
Langfjordjokelen,2098-01-01,-0.734141852923149,-1.2283858239747267,-1.1101062700777033
Langfjordjokelen,2098-02-01,-1.1792365927417772,-0.8934639963836007,-1.1467487308340525
Langfjordjokelen,2098-03-01,-0.805013821789908,-1.0634413843151038,-1.1222968748438162
Langfjordjokelen,2098-04-01,-0.9002386830716781,-0.8820268714618145,-1.0311973651183657
Langfjordjokelen,2098-05-01,-0.9995587552846991,-1.101962117787672,-0.9185629467679894
Langfjordjokelen,2098-06-01,-0.8951150381961571,-0.8223180905773524,-0.8969205557171408
Langfjordjokelen,2098-07-01,-0.8386632782562637,-0.8248976232601192,-0.8951952560208132
Langfjordjokelen,2098-08-01,-0.8352220141527239,-0.8314173805604703,-0.9473491412701375
Langfjordjokelen,2098-09-01,-0.8739442800234247,-0.8440700805996041,-1.0268757097358547
Langfjordjokelen,2098-10-01,-0.7522403552718403,-0.8074226548456221,-0.9349645778673527
Langfjordjokelen,2098-11-01,-0.8095407476194153,-1.0913146703979606,-0.7420199355058346
Langfjordjokelen,2098-12-01,-1.0376050458059582,-0.7928546452467028,-0.7922319317907979
Langfjordjokelen,2099-01-01,-1.1038862646529772,-0.875758950682861,-1.0086110104197632
Langfjordjokelen,2099-02-01,-0.8145277487041179,-0.9545782791929955,-1.3102040130430648
Langfjordjokelen,2099-03-01,-0.8694919145638306,-0.8803791494398618,-1.1132575983533741
Langfjordjokelen,2099-04-01,-0.8332829661984734,-0.8595604990986739,-0.9705534271266109
Langfjordjokelen,2099-05-01,-0.9130449834691236,-0.8763892965658023,-1.0249109915847339
Langfjordjokelen,2099-06-01,-0.967809581138028,-0.7974880755690114,-0.841843990301283
Langfjordjokelen,2099-07-01,-0.8679266439113432,-0.820612676908838,-0.9421329559607564
Langfjordjokelen,2099-08-01,-0.9288580740879676,-0.7658750318512816,-0.970536841319587
Langfjordjokelen,2099-09-01,-0.9069003421271434,-0.8393128761989411,-0.9305219707511118
Langfjordjokelen,2099-10-01,-0.7549366679847632,-0.8743344058048491,-1.036456804900009
Langfjordjokelen,2099-11-01,-0.8023104053094897,-0.8597407505494066,-0.9121169061379591
Langfjordjokelen,2099-12-01,-0.816618999765728,-1.028282823054101,-0.951242972148011
Langfjordjokelen,2100-01-01,-0.8509800264085671,-0.9710181144642083,-0.8507406759314505
Langfjordjokelen,2100-02-01,-1.0660663744699985,-1.286835987100344,-0.8122255070288334
Langfjordjokelen,2100-03-01,-0.9945780160888789,-0.9803706257051733,-1.0312864248286697
Langfjordjokelen,2100-04-01,-0.97966908889333,-0.7669142193278238,-0.999145088339341
Langfjordjokelen,2100-05-01,-0.9580565480952016,-0.7990963426929194,-0.946740245308467
Langfjordjokelen,2100-06-01,-0.941743835006137,-0.8802522736146408,-0.9890609138077974
Langfjordjokelen,2100-07-01,-0.9882395484319874,-0.9094206652302089,-0.9772553838781833
Langfjordjokelen,2100-08-01,-1.0028488129059263,-0.8709308008216667,-0.8833332807208318
Langfjordjokelen,2100-09-01,-0.9115887884523554,-0.9023156696663627,-1.0030352791371377
Langfjordjokelen,2100-10-01,-0.9759227843573018,-0.9164561244163122,-0.9548051013630463
Langfjordjokelen,2100-11-01,-0.9956155569546085,-1.0038258629648285,-1.058690207356858
Langfjordjokelen,2100-12-01,-1.0396608412290749,-0.9288292671807454,-1.1500430631088856
Nigardsbreen,2015-01-01,0.0904278868842292,0.5438462353628494,0.3006373995611312
Nigardsbreen,2015-02-01,0.05192301943254576,0.40568472862808197,0.2832694987527891
Nigardsbreen,2015-03-01,-0.005882524305025445,0.24691981233384921,-0.028820044021220834
Nigardsbreen,2015-04-01,0.19410115290190597,-0.13339915136638927,0.03619339976038526
Nigardsbreen,2015-05-01,0.1862195004212993,-0.04345799118001175,-0.010831873215186616
Nigardsbreen,2015-06-01,0.2318605603863119,0.10994444975900952,0.1753910452121412
Nigardsbreen,2015-07-01,0.16643507256482495,0.19285713609371335,0.04154255446028353
Nigardsbreen,2015-08-01,0.051818941572651704,0.045804326149180896,-0.2274919051475485
Nigardsbreen,2015-09-01,-0.0671766968710386,0.05382091981959549,0.2992000261763217
Nigardsbreen,2015-10-01,-0.09283200039180232,0.19375205764959555,-0.09568595967454645
Nigardsbreen,2015-11-01,0.2249521471311965,0.1842142321693597,-0.022936706454620582
Nigardsbreen,2015-12-01,0.11346864482432979,0.22154654463798493,0.39967362016021707
Nigardsbreen,2016-01-01,0.08270310021092721,0.4789016501508672,0.1697552544870862
Nigardsbreen,2016-02-01,0.08467412914518875,-0.24658047494297566,0.3615812667942264
Nigardsbreen,2016-03-01,-0.01792416306186644,0.18798551068227054,-0.1234957240999884
Nigardsbreen,2016-04-01,0.21899957579476478,0.15060709778983347,-0.0721271013023161
Nigardsbreen,2016-05-01,0.06810372228748983,0.6583911560190374,0.26498906482117557
Nigardsbreen,2016-06-01,0.0565526653922373,-0.20038075103061007,0.10708218928743722
Nigardsbreen,2016-07-01,-0.13734575448602812,-0.030083480943178694,0.18829214754666723
Nigardsbreen,2016-08-01,0.12469190753608801,0.1569499507719146,-0.06479556280332414
Nigardsbreen,2016-09-01,-0.16916006023647703,-0.3243573938519409,-0.07850005868494729
Nigardsbreen,2016-10-01,0.029230428537896286,-0.1253428818990823,0.40135635589794755
Nigardsbreen,2016-11-01,0.07622242191046545,0.05254109036974245,0.05146772597431059
Nigardsbreen,2016-12-01,0.2784006780251904,0.24515093271878738,-0.04232674563950497
Nigardsbreen,2017-01-01,0.04523721091080755,0.4448355917544659,-0.01454056715724727
Nigardsbreen,2017-02-01,-0.139845622556075,0.5120885837379417,0.32345618020354383
Nigardsbreen,2017-03-01,0.2813409173722508,0.39629107871792285,-0.09135308098427532
Nigardsbreen,2017-04-01,0.022464196380285666,-0.037510323676119915,0.029297261739937023
Nigardsbreen,2017-05-01,0.016951942409695383,0.28341363650248846,-0.06477275266745065
Nigardsbreen,2017-06-01,-0.049616009511040275,-0.04840584917865367,0.3180575157476816
Nigardsbreen,2017-07-01,-0.037683237439331316,-0.004373359457155582,0.07658746806557076
Nigardsbreen,2017-08-01,0.09321265923964171,-0.04023731728916615,0.0691077405456807
Nigardsbreen,2017-09-01,0.2536467584195276,0.2978699379084289,0.27785973885842163
Nigardsbreen,2017-10-01,0.17064868844401251,-0.18336371420150774,-0.053363236796583446
Nigardsbreen,2017-11-01,0.197796246334031,0.30584214259536907,0.039559580724957556
Nigardsbreen,2017-12-01,-0.19801538706639454,-0.41000477113364403,0.06261830105467293
Nigardsbreen,2018-01-01,0.0860266764559089,-0.03092878744176586,0.07578414288792894
Nigardsbreen,2018-02-01,0.25424710908766945,-0.009976829125275777,0.01257175489512904
Nigardsbreen,2018-03-01,-0.23899546210712674,0.2753835148564392,0.21725813736824665
Nigardsbreen,2018-04-01,-0.11908913716106417,0.2473308439336305,-0.020902853417748266
Nigardsbreen,2018-05-01,-0.11838623174374141,-0.00781048141499852,0.09524984332919982
Nigardsbreen,2018-06-01,0.11366246283060266,0.16059425914896022,-0.004777334147055746
Nigardsbreen,2018-07-01,0.1640420141344194,0.18101860276821766,-0.04328413601786296
Nigardsbreen,2018-08-01,0.25038851360525943,0.37530887150758013,0.032925134501873426
Nigardsbreen,2018-09-01,0.01879176653063644,-0.2879052492043979,-0.16084674150570988
Nigardsbreen,2018-10-01,0.2229726765747517,0.2191334008528655,0.0793931787932676
Nigardsbreen,2018-11-01,0.14423815613572255,0.1504528593577507,0.16481910122049256
Nigardsbreen,2018-12-01,0.16489809533780023,-0.377932776791134,0.36320913799138826
Nigardsbreen,2019-01-01,0.05108343195293307,-0.3846665043586821,-0.09780968326126573
Nigardsbreen,2019-02-01,-0.11289387103049187,-0.3158016423930148,0.39274961333441055
Nigardsbreen,2019-03-01,0.30880657184948773,0.04485679890352485,-0.15726985328910767
Nigardsbreen,2019-04-01,0.084509422562791,0.10183202626080572,0.09446827325725977
Nigardsbreen,2019-05-01,0.16062896547265218,-0.21209775743471063,0.38599614902881596
Nigardsbreen,2019-06-01,-0.042436420789695416,0.28441139570296275,0.4108041132523619
Nigardsbreen,2019-07-01,0.09347005562127515,0.17808439952649266,-0.10672890074866992
Nigardsbreen,2019-08-01,-0.0967153631816597,-0.037334093278300846,0.030913786328582587
Nigardsbreen,2019-09-01,0.14477101049629246,0.11051872446782231,0.1053012743570547
Nigardsbreen,2019-10-01,0.1346177900084181,0.17018098019219322,0.14451472164408607
Nigardsbreen,2019-11-01,-0.17253837621345328,0.5852707933245259,-0.04056458567647186
Nigardsbreen,2019-12-01,0.2513319968901726,0.016019540603467126,0.20675236981269665
Nigardsbreen,2020-01-01,0.4155562341505154,0.33072288608172934,-0.177581657956279
Nigardsbreen,2020-02-01,0.28898662651314505,0.3517585718270517,0.37778457555298023
Nigardsbreen,2020-03-01,-0.24007365929292587,0.12162473058998786,0.1494609097211762
Nigardsbreen,2020-04-01,-0.14671255360540533,0.11072323770123756,0.11106226616413277
Nigardsbreen,2020-05-01,0.1421667169957229,0.31182371435460343,-0.01930721683858871
Nigardsbreen,2020-06-01,0.0293184182977239,0.013654519165222723,0.12179630221804251
Nigardsbreen,2020-07-01,0.09052224764278821,-0.08581082424282056,-0.026438722061671804
Nigardsbreen,2020-08-01,0.12111309581243933,0.0804945746225682,0.09007446584486772
Nigardsbreen,2020-09-01,0.34180594651435653,-0.1700700100679604,0.3467506012603572
Nigardsbreen,2020-10-01,-0.18240068302758816,0.09381628759643257,0.20565945799100818
Nigardsbreen,2020-11-01,-0.035037025182355665,0.21134739044802717,0.07986913948289254
Nigardsbreen,2020-12-01,-0.0760371965146876,0.23403931349408733,-0.14195099671019806
Nigardsbreen,2021-01-01,0.14456546405146217,-0.0600621444526252,0.4688064204666473
Nigardsbreen,2021-02-01,0.15244362448528653,0.2288869525941218,0.1841378657621494
Nigardsbreen,2021-03-01,0.3060838440462451,0.29700302727759725,0.16927340930604626
Nigardsbreen,2021-04-01,-0.2356629770165389,0.08753223113547526,0.375112660022962
Nigardsbreen,2021-05-01,0.15457026282839698,0.15723615774602145,0.25053957027047036
Nigardsbreen,2021-06-01,0.04917251018069078,-0.06725566933391584,0.10507720798083446
Nigardsbreen,2021-07-01,0.06371935366187138,-0.2243305637700049,0.12371326089760148
Nigardsbreen,2021-08-01,0.11594377955628506,-0.3143811889504151,0.04508800446091819
Nigardsbreen,2021-09-01,0.1734713847152913,-0.12779850534724954,0.022720351871070483
Nigardsbreen,2021-10-01,0.11098258437478019,-0.30903664014079707,-0.013881227639478522
Nigardsbreen,2021-11-01,-0.13885857969902485,0.0005235331807040741,0.03406223945332225
Nigardsbreen,2021-12-01,0.019510239045209547,-0.11136176463162123,0.43535467805468775
Nigardsbreen,2022-01-01,0.0787303103075674,-0.22818201952668904,0.1817287254637947
Nigardsbreen,2022-02-01,0.2209504544332214,0.03905302336950295,0.018402918683914922
Nigardsbreen,2022-03-01,-0.23708354712386667,0.07346576127311431,-0.21422477998803444
Nigardsbreen,2022-04-01,0.20077938559834344,-0.35850281730615663,0.25694911646410623
Nigardsbreen,2022-05-01,0.05112694450241204,-0.06403511602946287,0.06396911449658155
Nigardsbreen,2022-06-01,0.12382603905772162,-0.02391397103161684,0.13823233265143467
Nigardsbreen,2022-07-01,0.2541294301636718,0.05833968206471587,0.06826469597662804
Nigardsbreen,2022-08-01,0.1452038155620492,0.21521128853600113,-0.13200769206172133
Nigardsbreen,2022-09-01,-0.06722380727505746,-0.14119614586552728,0.03573446602438675
Nigardsbreen,2022-10-01,0.04205662510563004,-0.17704322158376815,0.28782224048734345
Nigardsbreen,2022-11-01,-0.05199012708175585,-0.2954534057201751,0.2056444472502987
Nigardsbreen,2022-12-01,0.32929734780214887,0.3057066429557809,0.3081006494665175
Nigardsbreen,2023-01-01,0.27133267009971057,0.1381496037099927,0.1902854748115955
Nigardsbreen,2023-02-01,0.12440788058016387,-0.10654719211656723,0.21027991586469286
Nigardsbreen,2023-03-01,0.1630969394410075,-0.4433171825591194,0.29848978923378183
Nigardsbreen,2023-04-01,-0.00482272844474158,-0.08797529640907509,0.011535182059207718
Nigardsbreen,2023-05-01,0.3929882933823274,0.2546576297335286,0.0007333556470676683
Nigardsbreen,2023-06-01,0.1562176254834388,-0.05861873557380907,-0.017361768206118487
Nigardsbreen,2023-07-01,-0.04088851806142913,0.05201995922953573,0.27737502804044417
Nigardsbreen,2023-08-01,0.13340694266348216,-0.05488310946754437,-0.15104960176295548
Nigardsbreen,2023-09-01,0.1265266972341938,0.416869406875276,0.32076148391272424
Nigardsbreen,2023-10-01,0.047990939280967114,0.5883526933261288,0.11363821567245876
Nigardsbreen,2023-11-01,0.11046271312189332,-0.014397042417730377,-0.0030456851285527164
Nigardsbreen,2023-12-01,-0.02469855724701799,0.12544166386856678,0.13131156236714572
Nigardsbreen,2024-01-01,0.03839783112008747,0.6141351523401283,-0.2599789259423809
Nigardsbreen,2024-02-01,0.02278777182059301,-0.28130033076479094,0.006813532848322377
Nigardsbreen,2024-03-01,0.09101161493231325,0.06879495101731942,0.0789372646709231
Nigardsbreen,2024-04-01,0.14763332342201474,0.32403341038673067,0.18274976828808828
Nigardsbreen,2024-05-01,0.2195699583535057,0.4244200207257989,0.008300558598430352
Nigardsbreen,2024-06-01,0.09506621273055348,0.12748984198233518,0.012683638583120938
Nigardsbreen,2024-07-01,0.04044329641441278,0.15250227752433967,0.18928416731067085
Nigardsbreen,2024-08-01,-0.12330258255566591,0.20778838943070885,0.03766730467148948
Nigardsbreen,2024-09-01,0.22678706073461777,0.08255181089899982,0.13183780423027533
Nigardsbreen,2024-10-01,0.07371081560045678,0.20141902004548626,-0.1885003644198576
Nigardsbreen,2024-11-01,0.1989485988793039,0.3591599494255002,0.0929333452273512
Nigardsbreen,2024-12-01,0.2771142590343453,0.21585233217773525,-0.11079290445494965
Nigardsbreen,2025-01-01,0.1524250021290733,0.18113854281900685,0.2519832050309332
Nigardsbreen,2025-02-01,0.2190730379187477,0.1065074652182264,0.04761189252619061
Nigardsbreen,2025-03-01,0.34241799394428124,-0.16879598854170694,0.14347691721785852
Nigardsbreen,2025-04-01,-0.12242058123936911,-0.4094761523289658,0.43431146235034895
Nigardsbreen,2025-05-01,-0.15374302030415957,-0.013521902989267842,0.2059367690470326
Nigardsbreen,2025-06-01,0.36943184469899865,0.09326846174282495,0.2445553344357632
Nigardsbreen,2025-07-01,0.17124834492338006,-0.0016843139513440474,0.10710604052957189
Nigardsbreen,2025-08-01,0.1482507879999481,0.009352930534581203,0.22610546185878486
Nigardsbreen,2025-09-01,0.3332594678078495,-0.14353095018472695,0.4648379391483948
Nigardsbreen,2025-10-01,-0.09259477344919388,0.11970078342458822,0.10393972834575105
Nigardsbreen,2025-11-01,0.13586863336032665,0.07570461425226076,0.11517920480327515
Nigardsbreen,2025-12-01,-0.015485005227469909,0.0608465113704612,0.00256802853510237
Nigardsbreen,2026-01-01,0.22487111781470018,-0.37242891659938354,0.26950370706840654
Nigardsbreen,2026-02-01,0.20774456012508127,0.10257659858106742,-0.035117827070511365
Nigardsbreen,2026-03-01,-0.05020998325544615,0.2868057357369445,0.201203266019517
Nigardsbreen,2026-04-01,-0.15386079130575792,0.03801928406387685,0.13203336964461024
Nigardsbreen,2026-05-01,0.1791057537838389,0.10885776138313015,0.045659828163139383
Nigardsbreen,2026-06-01,0.05640361003068817,0.19933181556036414,-0.14510725252757625
Nigardsbreen,2026-07-01,0.16970292296837386,0.03607664117253528,0.06810724669687464
Nigardsbreen,2026-08-01,-0.08904537029706738,0.2041271633727834,0.21285047007968347
Nigardsbreen,2026-09-01,0.2118106774142732,0.35996894423461767,0.18465663462852042
Nigardsbreen,2026-10-01,-0.05473149714462719,-0.2095573556354807,-0.04116867195991108
Nigardsbreen,2026-11-01,0.01998056195201388,0.019205188664286926,-0.02453925383910041
Nigardsbreen,2026-12-01,0.05017656854571012,-0.13850974119277765,0.1467036825133167
Nigardsbreen,2027-01-01,0.12559746073443442,-0.5026439999580261,0.17815382735350702
Nigardsbreen,2027-02-01,0.052402510243784485,0.639440406113856,0.16612245168002218
Nigardsbreen,2027-03-01,0.15219268875128353,0.40340901337798823,-0.0743046023371276
Nigardsbreen,2027-04-01,-0.06131944150261623,-0.01247918213232182,0.4890968224802634
Nigardsbreen,2027-05-01,0.05615644182878083,0.2218456016028154,0.09023632937960153
Nigardsbreen,2027-06-01,-0.06802383703728139,-0.012042922501989342,0.19652695816758203
Nigardsbreen,2027-07-01,0.15568146918930287,0.03299052099664394,0.04575592446068879
Nigardsbreen,2027-08-01,0.09468870299637634,0.023729073982411534,0.19334489212434333
Nigardsbreen,2027-09-01,0.2885907922598886,-0.37071972920734514,0.01726049029030236
Nigardsbreen,2027-10-01,0.09401759705939679,0.14393479165802137,-0.018514949301031924
Nigardsbreen,2027-11-01,0.20428986225568888,0.014369863982527445,-0.06360396009569169
Nigardsbreen,2027-12-01,0.1834428469269487,0.14030997462222314,0.07751984831690185
Nigardsbreen,2028-01-01,0.11731631456581858,0.3902021941400547,0.34850052017681127
Nigardsbreen,2028-02-01,0.1904368290941504,0.9724845636213374,-0.07361145983203714
Nigardsbreen,2028-03-01,0.2155057271667542,-0.09517973129156425,0.45991536900607216
Nigardsbreen,2028-04-01,0.4237782276738736,0.11131986179666485,0.14610128542521164
Nigardsbreen,2028-05-01,0.0005546880819767055,0.07051440887329538,0.12897570123108099
Nigardsbreen,2028-06-01,0.15250268857165136,0.28106844776565265,0.18041383213382553
Nigardsbreen,2028-07-01,0.2604974233176542,0.04921124374286797,0.08042349646310908
Nigardsbreen,2028-08-01,0.13654932650263255,-0.25241681334217086,0.27785265293832245
Nigardsbreen,2028-09-01,-0.001515713557293713,-0.24435340665153302,0.23056180066451404
Nigardsbreen,2028-10-01,0.22850155407208336,0.2607382643512834,0.4728247081333987
Nigardsbreen,2028-11-01,0.24657534130666967,0.2227182621639583,0.3803142633264885
Nigardsbreen,2028-12-01,-0.027421838151876637,0.4543515086225675,0.41086410345882696
Nigardsbreen,2029-01-01,0.047996059514081486,-0.19283092532800414,-0.11547204341464778
Nigardsbreen,2029-02-01,-0.020655925783894195,-0.33996660836072995,0.24347269616591624
Nigardsbreen,2029-03-01,0.17169946935563227,-0.1487632078422861,0.23894272601891528
Nigardsbreen,2029-04-01,0.05944705030314871,0.2398244307656865,0.3884892869722601
Nigardsbreen,2029-05-01,0.3567262953417192,-0.09755772610781639,0.17300858609347103
Nigardsbreen,2029-06-01,0.11495410455361739,0.06001925073833351,0.09956432986474889
Nigardsbreen,2029-07-01,0.10064690687961277,0.17360911394794334,0.06916940274381113
Nigardsbreen,2029-08-01,0.07236460492614959,0.10722231443917479,0.2716838784358262
Nigardsbreen,2029-09-01,0.1618677860667711,-0.14976027316766163,0.20055746584266554
Nigardsbreen,2029-10-01,0.05341616551081371,-0.554872513725985,-0.06520066896180969
Nigardsbreen,2029-11-01,-0.23530144549938695,0.05103170945130778,0.33251778695514583
Nigardsbreen,2029-12-01,-0.010787156180259582,0.007229030210635552,0.19985814847222194
Nigardsbreen,2030-01-01,0.2370877610609967,0.37863269647844416,0.251495176874123
Nigardsbreen,2030-02-01,0.3063019530972814,-0.37617635314859826,-0.1315748729104195
Nigardsbreen,2030-03-01,0.1849849126598823,-0.0756539101760209,0.2484644645677971
Nigardsbreen,2030-04-01,-0.29449637390628886,-0.28182052845031685,0.03978482771707056
Nigardsbreen,2030-05-01,0.3133541798000539,0.14381428583397518,0.19324558978388065
Nigardsbreen,2030-06-01,0.14838756752057872,0.05727467470996975,0.11776763215575949
Nigardsbreen,2030-07-01,0.04155417663730037,0.2197905033852334,0.04883213264193298
Nigardsbreen,2030-08-01,0.13627985799596629,0.04586868166642549,0.2578429985782676
Nigardsbreen,2030-09-01,0.19947701654265226,-0.2775930322286392,0.26242313182963056
Nigardsbreen,2030-10-01,0.002344580691164939,-0.3689936384530115,0.14773980547940138
Nigardsbreen,2030-11-01,0.19274039147693156,0.011025397717655672,0.3003818633406343
Nigardsbreen,2030-12-01,0.06537624463749263,0.35309570983555055,0.27957904276627854
Nigardsbreen,2031-01-01,-0.03571609253699026,0.20355839988154445,0.09568204254886785
Nigardsbreen,2031-02-01,0.04126853093796406,0.15051064337769446,-0.43616465959762785
Nigardsbreen,2031-03-01,0.0774842387239664,0.43217181855066356,0.06244226412926477
Nigardsbreen,2031-04-01,-0.14177491605791012,-0.04530978028734108,0.11939644830215727
Nigardsbreen,2031-05-01,0.17837877039108485,0.05184453625128687,0.10076771241292337
Nigardsbreen,2031-06-01,0.011297047682080244,0.07015802230062211,0.14474244616136026
Nigardsbreen,2031-07-01,0.2670523614952672,0.13553133579096074,0.06207404292451435
Nigardsbreen,2031-08-01,0.14229530474110708,-0.031639073646277646,0.1097949172602775
Nigardsbreen,2031-09-01,0.024799914575050888,0.3336320240861504,-0.07357572034679455
Nigardsbreen,2031-10-01,-0.06700542877846744,-0.1497410497546914,0.025308520391032402
Nigardsbreen,2031-11-01,0.07926261619465581,0.04622873336462622,0.2173867425356817
Nigardsbreen,2031-12-01,-0.045536781912572655,-0.33354936768631926,0.04334062946035936
Nigardsbreen,2032-01-01,0.04903361396037529,0.2901603624794142,0.32294251505173704
Nigardsbreen,2032-02-01,0.26004064732404036,-0.18819273030264938,0.34807437583986517
Nigardsbreen,2032-03-01,0.18476297030999636,0.11386859815337953,-0.1273961594731972
Nigardsbreen,2032-04-01,-0.08666249945419353,0.014637494318726218,-0.18938000102684116
Nigardsbreen,2032-05-01,-0.01595357396810581,-0.00198723682939219,0.19125035403408108
Nigardsbreen,2032-06-01,-0.05835743900509771,0.1847120085188317,0.08106322968510277
Nigardsbreen,2032-07-01,-0.04351590841635875,0.03489051102020522,0.09324919181272336
Nigardsbreen,2032-08-01,0.15260447078251585,0.22288899111938618,0.16480201455336088
Nigardsbreen,2032-09-01,0.1021419414292062,-0.11132408792470162,-0.05926927725790678
Nigardsbreen,2032-10-01,0.06207371474092657,-0.41930633285454694,0.027284089432144273
Nigardsbreen,2032-11-01,-0.013624316273277861,0.11344050882723615,0.1066904883333349
Nigardsbreen,2032-12-01,0.1024688883581552,0.3647694294010498,0.14858459127601306
Nigardsbreen,2033-01-01,0.1345786894254167,0.2573340942638675,0.17048792946061253
Nigardsbreen,2033-02-01,-0.01396059895846394,0.008123792438402036,-0.2998334735613666
Nigardsbreen,2033-03-01,-0.009786100044542473,0.24131760718139486,0.054230390948731645
Nigardsbreen,2033-04-01,0.27437280495344546,0.32134001098157594,0.26869739941607507
Nigardsbreen,2033-05-01,0.13445457831362803,-0.17246648389553157,-0.04780678679790179
Nigardsbreen,2033-06-01,0.1425653165353059,-0.06735260877389189,0.1776672366125627
Nigardsbreen,2033-07-01,0.066812021403765,0.23479866979439526,0.1285555273527966
Nigardsbreen,2033-08-01,-0.025456915704571672,-0.09865848680495294,0.15806900727847556
Nigardsbreen,2033-09-01,0.07381397035214626,0.30502193152745116,0.0034105086410319424
Nigardsbreen,2033-10-01,-0.1397073335746545,-0.04215800994960737,0.1581919668125162
Nigardsbreen,2033-11-01,0.027828495167226186,0.3336452088932587,-0.004496215535679911
Nigardsbreen,2033-12-01,0.1801513615811703,-0.07073256864938969,0.36403789123028324
Nigardsbreen,2034-01-01,0.056581449667821804,-0.17268018234133367,-0.05464957812643273
Nigardsbreen,2034-02-01,0.09401859659069282,-0.2930991487234062,0.3723916954670165
Nigardsbreen,2034-03-01,0.4300951774994002,-0.045213430354863506,-0.027739655938452328
Nigardsbreen,2034-04-01,-0.05075482288842382,0.391290091399334,0.10620966999229808
Nigardsbreen,2034-05-01,-0.10798569717319578,0.013416903578177581,0.13062357602320832
Nigardsbreen,2034-06-01,0.18707092911974374,-0.06068968887411739,0.2884313348600452
Nigardsbreen,2034-07-01,-0.10088913836923663,0.32805595855764036,0.04825591697250251
Nigardsbreen,2034-08-01,-0.12486720084176184,0.06363802362554735,0.21945983085554222
Nigardsbreen,2034-09-01,0.14584922297746816,-0.38106633342397905,0.23960473652198033
Nigardsbreen,2034-10-01,-0.06684660204014839,-0.30640555195021985,-0.06671712214269952
Nigardsbreen,2034-11-01,0.046798617708011046,0.07101910345645364,-0.06544020301997518
Nigardsbreen,2034-12-01,0.06444703346367157,-0.024711608785861584,-0.20301569124335417
Nigardsbreen,2035-01-01,0.14168011310460885,0.2286992785401886,0.36999223140892207
Nigardsbreen,2035-02-01,0.18650746038182744,-0.17261410613409037,0.23962348714385417
Nigardsbreen,2035-03-01,0.15484364510623327,-0.054819352102917294,0.3508400035097186
Nigardsbreen,2035-04-01,0.17064581078141292,0.10514956351008879,0.2707979102357004
Nigardsbreen,2035-05-01,-0.031714346360224153,-0.13669071988119647,0.03929678833667225
Nigardsbreen,2035-06-01,0.1093147735427457,0.11027314534934558,0.3638283316075634
Nigardsbreen,2035-07-01,-0.2267022769727541,0.013320998997328226,0.05827669244986247
Nigardsbreen,2035-08-01,0.24705767552383343,0.19051150640924716,0.26139518185458055
Nigardsbreen,2035-09-01,0.1708952933643372,0.15223822922435834,0.13443298061329875
Nigardsbreen,2035-10-01,0.1127383316137669,0.3367137581632354,0.16659316274705563
Nigardsbreen,2035-11-01,0.24460512494520306,0.43225527832655525,0.06209737547580724
Nigardsbreen,2035-12-01,0.07601464679275559,0.11041970919095394,-0.07021304575005594
Nigardsbreen,2036-01-01,0.061082202035101944,0.15999392555562902,-0.12623398491892573
Nigardsbreen,2036-02-01,0.030349981636362572,0.38938684752943536,0.2707709763207486
Nigardsbreen,2036-03-01,-0.03362345065963474,0.19130451775826507,0.4993857655528445
Nigardsbreen,2036-04-01,0.19053061003407387,0.23001968779753187,0.03435746132428107
Nigardsbreen,2036-05-01,0.15460402039293672,-0.014697245750679398,-0.05384592211389653
Nigardsbreen,2036-06-01,0.18463159085028638,0.26676741553380723,0.03581420259906649
Nigardsbreen,2036-07-01,0.12481187325202768,0.359712108577609,0.27930829792404327
Nigardsbreen,2036-08-01,-0.003094033969096443,0.0905969887600606,0.058556569211853905
Nigardsbreen,2036-09-01,-0.223215914182037,0.37889621871252016,-0.1494277424115984
Nigardsbreen,2036-10-01,-0.21632485839801144,0.22287568515643538,0.23380890657858236
Nigardsbreen,2036-11-01,0.03691453400973866,0.28452374769892624,0.0671947884398708
Nigardsbreen,2036-12-01,0.015386422539161235,0.4723065873016794,0.008730539804449577
Nigardsbreen,2037-01-01,0.24728551643829347,0.21079151976400043,0.29004644339270863
Nigardsbreen,2037-02-01,-0.014875112368731153,0.658766183261755,0.14962363462127384
Nigardsbreen,2037-03-01,0.5087911499987426,0.0501443301065397,0.1190657599194135
Nigardsbreen,2037-04-01,0.16250919350181844,0.2239394356978547,0.16529973092736686
Nigardsbreen,2037-05-01,0.21441461660961406,-0.12447630787877795,0.2081001926872159
Nigardsbreen,2037-06-01,0.10995257238890006,-0.0691476896024526,0.14613834565232484
Nigardsbreen,2037-07-01,0.3558995944342831,0.08846965998678802,0.03276521515257808
Nigardsbreen,2037-08-01,-0.009077708106939619,0.27627952183423493,0.08178534361095752
Nigardsbreen,2037-09-01,-0.3075861258844707,0.33720729195628435,0.14646379030057702
Nigardsbreen,2037-10-01,0.09671915242457707,0.6599356384112912,0.07758388791715093
Nigardsbreen,2037-11-01,0.34016797262476844,0.14879482609124073,-0.007550689014545105
Nigardsbreen,2037-12-01,-0.012697941800962986,-0.14338753013740277,0.27265858929179815
Nigardsbreen,2038-01-01,-0.09212258834620961,0.32011716810891994,0.049087438814005846
Nigardsbreen,2038-02-01,0.06537602164910092,0.1888918604962999,0.21936478483661784
Nigardsbreen,2038-03-01,0.30039519236913637,0.35076183744045,-0.09591281427649323
Nigardsbreen,2038-04-01,0.04368766507351227,-0.10023925887778429,0.37203893197950205
Nigardsbreen,2038-05-01,0.1411989867336235,-0.04193479225618953,-0.0017895517571426313
Nigardsbreen,2038-06-01,0.17488059176585935,0.1933800444714516,0.19665590477571984
Nigardsbreen,2038-07-01,-0.0766912969683466,0.05776871703237844,0.09584212552443493
Nigardsbreen,2038-08-01,0.1234577708808795,0.4184448135369659,0.03607847016557719
Nigardsbreen,2038-09-01,0.37016994246700535,0.09848682804623114,0.3222866596782745
Nigardsbreen,2038-10-01,0.021291157930491588,0.13125807634149414,0.38270648577398725
Nigardsbreen,2038-11-01,0.24874828673284152,0.3216195697833355,0.2627276139263653
Nigardsbreen,2038-12-01,-0.16972364692539377,0.8289014692983994,0.4951054909764241
Nigardsbreen,2039-01-01,-0.2092945232804273,0.4084438069652801,0.1499203291580564
Nigardsbreen,2039-02-01,0.25593717317861975,0.09803495765420588,-0.10219664994479495
Nigardsbreen,2039-03-01,0.029297467201367024,0.006742979357208921,0.09171984163049517
Nigardsbreen,2039-04-01,0.24426176930402368,-0.20069444630385544,-0.1706382400177445
Nigardsbreen,2039-05-01,0.14604225208078797,-0.1588892979393355,-0.1982135700098496
Nigardsbreen,2039-06-01,-0.0293981628634835,0.17084862999107822,-0.20250229007609755
Nigardsbreen,2039-07-01,-0.004153829043443612,0.003594770826971729,0.05719516150575563
Nigardsbreen,2039-08-01,0.059353350981880965,0.22574985220773047,0.08842214565352564
Nigardsbreen,2039-09-01,-0.22278472232796723,0.22773806029106414,-0.019055860893718454
Nigardsbreen,2039-10-01,0.019624620414688473,0.15195593604296473,0.14650394124527105
Nigardsbreen,2039-11-01,0.08914362322162088,0.05911208964177415,0.13837322552527986
Nigardsbreen,2039-12-01,0.20669315684179082,0.2555890957344912,0.2995705217413056
Nigardsbreen,2040-01-01,0.07952376346944447,0.3119400710704713,0.4746923190357073
Nigardsbreen,2040-02-01,-0.1995619873478017,0.23625839733449183,0.0996731582842627
Nigardsbreen,2040-03-01,0.14601957220682074,0.2875286345192153,0.29395481590708766
Nigardsbreen,2040-04-01,0.3367886301016514,0.5009971967979633,-0.0623753479365381
Nigardsbreen,2040-05-01,-0.05004479714951799,0.10158971860004508,0.007244966027211826
Nigardsbreen,2040-06-01,0.0908725248867256,0.12485260560019718,0.04263749037719419
Nigardsbreen,2040-07-01,0.059739570508944025,-0.05701218899988834,0.13340766052759812
Nigardsbreen,2040-08-01,0.31725363706817467,-0.1497130781856332,0.0855410933857355
Nigardsbreen,2040-09-01,0.05551697690776993,0.1072847994278275,0.09608719583747884
Nigardsbreen,2040-10-01,0.09044054622924282,0.39041319806353875,-0.007361753689877934
Nigardsbreen,2040-11-01,0.07433305287950191,0.5240905878015857,0.02576738436218332
Nigardsbreen,2040-12-01,0.2051458635982093,-0.04721793392617363,0.24512466805063812
Nigardsbreen,2041-01-01,0.5849071397274359,0.07314045615837515,-0.07034780481320325
Nigardsbreen,2041-02-01,0.6213613123777583,0.16060746024326789,-0.11410627275827422
Nigardsbreen,2041-03-01,0.17853811117356655,0.40085005694046166,-0.1962703633477366
Nigardsbreen,2041-04-01,0.021648867962322002,-0.02995062063730015,0.08210804694178199
Nigardsbreen,2041-05-01,-0.07860544977698454,0.18145580088812388,0.0971724581437202
Nigardsbreen,2041-06-01,-0.04988375997184305,0.12788617746378636,-0.04638717927895253
Nigardsbreen,2041-07-01,0.18320379243246135,0.012161023130799845,0.17999626217932793
Nigardsbreen,2041-08-01,0.140998617311893,-0.02275892446630719,0.03865455008676109
Nigardsbreen,2041-09-01,-0.1682198596875237,0.07867026132440859,0.2716569019768988
Nigardsbreen,2041-10-01,0.02800630106407689,0.14010564999334515,0.28517042541931964
Nigardsbreen,2041-11-01,0.4106750103460546,0.11115530470635976,0.2650605043122641
Nigardsbreen,2041-12-01,0.29941925260851604,-0.19705974282590846,0.13912264125153576
Nigardsbreen,2042-01-01,0.4138637950987201,0.23245140036561063,-0.28474398985385657
Nigardsbreen,2042-02-01,0.08509154312540516,0.4906904881684597,-0.1263177851955918
Nigardsbreen,2042-03-01,0.15858313948682748,0.004351298574882719,0.024780257320860543
Nigardsbreen,2042-04-01,0.20387039824788925,-0.07617714795447732,-0.1658843089731045
Nigardsbreen,2042-05-01,-0.0217454157654388,-0.08044110137172716,-0.08988238734623034
Nigardsbreen,2042-06-01,0.15295476685663792,-0.011059689354670735,0.27246786417694974
Nigardsbreen,2042-07-01,0.3210980653728774,0.09967580325720697,0.16109307488490685
Nigardsbreen,2042-08-01,0.07332721603688676,-0.04747506976319985,0.26539523854250546
Nigardsbreen,2042-09-01,-0.04172987530369004,0.2622064131856518,-0.044782892712738186
Nigardsbreen,2042-10-01,0.32439471019747645,0.28694514716724756,0.0392454618375671
Nigardsbreen,2042-11-01,0.11224249165735507,-0.35761436214878334,0.0849426080015548
Nigardsbreen,2042-12-01,0.3526815380196648,-0.01531669977102261,0.23438076331830662
Nigardsbreen,2043-01-01,-0.10536252267012469,0.250619874862574,0.17320166309422447
Nigardsbreen,2043-02-01,0.26256848165232155,0.5280154452098835,0.267958400827518
Nigardsbreen,2043-03-01,0.09541458270294394,0.35773548154209617,0.4712418490778614
Nigardsbreen,2043-04-01,0.011779807991877306,0.0412820861704267,-0.07760954445450696
Nigardsbreen,2043-05-01,0.05794433912882443,0.12607139429271735,0.11574231686190566
Nigardsbreen,2043-06-01,-0.10207107959716132,0.255263307462836,0.036106224583106965
Nigardsbreen,2043-07-01,0.30129035203408683,0.20959083565251088,0.0917462035399375
Nigardsbreen,2043-08-01,0.2828476398715601,-0.0007471689519261901,0.09808112604299125
Nigardsbreen,2043-09-01,0.13388144847101774,0.05013541555833745,0.16160377900325387
Nigardsbreen,2043-10-01,0.19686655432730213,0.4074577395194015,0.3448214666259335
Nigardsbreen,2043-11-01,0.01243457174610657,0.17745541450879784,0.2238767451264818
Nigardsbreen,2043-12-01,0.2812531717546339,0.6658071659351747,0.21652188770859382
Nigardsbreen,2044-01-01,0.026169284400270065,-0.28288273557581756,0.183819923354916
Nigardsbreen,2044-02-01,0.05907705357677718,-0.05051161230153834,0.3582549987905123
Nigardsbreen,2044-03-01,0.2248571738182659,0.2517615342927005,0.01987431267529166
Nigardsbreen,2044-04-01,0.051025547444496305,-0.18477043142167013,-0.07208557090999988
Nigardsbreen,2044-05-01,0.07074399498222919,-0.12113138382403861,-0.08295246445199116
Nigardsbreen,2044-06-01,0.000994107126294358,-0.16015290266605725,-0.0465923144020667
Nigardsbreen,2044-07-01,0.3052087977972368,0.11345617645452655,0.17542073738054795
Nigardsbreen,2044-08-01,0.2956893085677275,0.11321293559545324,0.08909662964239262
Nigardsbreen,2044-09-01,0.013653603138715845,0.3786208788741296,-0.07430866546860307
Nigardsbreen,2044-10-01,0.015554385039088172,-0.09449392581185583,0.18575206390408158
Nigardsbreen,2044-11-01,0.25449943242705225,-0.0056904334998386236,-0.04438100006635168
Nigardsbreen,2044-12-01,-0.017533361201250024,-0.24529818494613428,0.36995421973809967
Nigardsbreen,2045-01-01,0.15026477654140816,-0.15221590247720265,0.1568659859085434
Nigardsbreen,2045-02-01,0.2265894116636192,-0.4967331199919036,0.07536756901916696
Nigardsbreen,2045-03-01,0.21955472319138578,0.17451503609794228,0.1341849779777379
Nigardsbreen,2045-04-01,0.17039776441620624,0.19120049613239062,0.24088263940893487
Nigardsbreen,2045-05-01,0.22566519164091958,0.09075022308226238,-0.023439485042850403
Nigardsbreen,2045-06-01,0.10743816225204972,0.10960413217501601,0.11203257336910966
Nigardsbreen,2045-07-01,-0.13463417735524752,0.3182290104559076,0.20474327052374727
Nigardsbreen,2045-08-01,0.2654287386201133,0.290961937998535,0.28524522121372403
Nigardsbreen,2045-09-01,0.060951248214923794,0.4559398563281663,-0.06946859278423617
Nigardsbreen,2045-10-01,-0.09382096607474134,0.8021486186712385,0.413410549263958
Nigardsbreen,2045-11-01,0.057241039130622985,-0.10440247652138901,0.27776807853741675
Nigardsbreen,2045-12-01,-0.1375129725429729,0.5199322341167218,-0.3303832573627626
Nigardsbreen,2046-01-01,0.07258602609467664,0.25203757529532106,0.040449992583146056
Nigardsbreen,2046-02-01,0.08559445134987465,-0.08127446021536852,0.04238702734660934
Nigardsbreen,2046-03-01,-0.19407660112584257,0.23204541836978465,0.020316643307409694
Nigardsbreen,2046-04-01,0.26592730375473833,0.8218866445111946,0.19100648087770478
Nigardsbreen,2046-05-01,0.2174097401739367,0.202774465155619,0.12286385274082585
Nigardsbreen,2046-06-01,0.021190016739505674,0.09644516532982117,0.22442840906098804
Nigardsbreen,2046-07-01,0.14600227015807357,0.020924986170537955,-0.04188261503892399
Nigardsbreen,2046-08-01,0.13676409119921315,0.5393354465590605,0.27300188943525233
Nigardsbreen,2046-09-01,-0.13114856650144938,0.07369948629897333,0.048493648286803664
Nigardsbreen,2046-10-01,0.1874616042383271,0.32442113570343634,-0.07277460691755631
Nigardsbreen,2046-11-01,0.10213488633816446,0.18318452130185606,0.23172166227857413
Nigardsbreen,2046-12-01,0.0017627354895622348,0.32885984687942527,0.09931315287482471
Nigardsbreen,2047-01-01,0.2548448043479466,-0.20873987646937087,0.10224500227886602
Nigardsbreen,2047-02-01,-0.06915584900431622,0.5435124116122877,0.1197758304457431
Nigardsbreen,2047-03-01,0.18486753307084972,-0.08247114862990655,0.2664800006693378
Nigardsbreen,2047-04-01,0.08432437118251447,0.03821215529075894,0.07509360936867544
Nigardsbreen,2047-05-01,0.11457805564835961,-0.06749389362357448,0.14883060371356435
Nigardsbreen,2047-06-01,0.060870810491421436,0.1269489214946641,-0.14654606675015666
Nigardsbreen,2047-07-01,0.2422340645561183,0.077049819665113,0.11997329758713966
Nigardsbreen,2047-08-01,0.06001115542817217,-0.10562835853132153,-0.08920357004316477
Nigardsbreen,2047-09-01,0.3008138560344757,-0.16955836731924948,0.2905641011624631
Nigardsbreen,2047-10-01,0.26059774793193397,0.09571385110815446,0.224382156958311
Nigardsbreen,2047-11-01,0.3076353921002071,0.6059729411115734,-0.05573987288677738
Nigardsbreen,2047-12-01,-0.003172847853923799,0.022779861925426696,0.06314706216948736
Nigardsbreen,2048-01-01,0.21515222528114675,-0.1885822814965945,-0.0023849813949537494
Nigardsbreen,2048-02-01,0.1283260829271099,0.05979664540524121,0.3546949155461152
Nigardsbreen,2048-03-01,0.048072814977990756,0.02307753560155632,0.08343143713282163
Nigardsbreen,2048-04-01,0.3400503644366644,0.4292654128412437,0.054484547409573814
Nigardsbreen,2048-05-01,-0.022261114607566565,-0.01818984442914838,0.2723376862514257
Nigardsbreen,2048-06-01,0.14852381295475153,-0.17306452264351382,0.07928635197878763
Nigardsbreen,2048-07-01,0.08643288081018985,-0.09098642071127579,-0.0041325473421706576
Nigardsbreen,2048-08-01,0.14650254631283705,0.18108166025337238,0.09588483456152734
Nigardsbreen,2048-09-01,0.12473234427677815,0.1908407754460173,0.16052249463037344
Nigardsbreen,2048-10-01,0.03397148761776455,-0.16612729701429127,0.0737183626279339
Nigardsbreen,2048-11-01,0.18884263606610652,0.2464128828207086,0.08301762479857905
Nigardsbreen,2048-12-01,0.18710800695333085,0.1432265366581865,0.2379304069479098
Nigardsbreen,2049-01-01,0.21858561281633052,-0.010748896504508757,-0.06600554711676392
Nigardsbreen,2049-02-01,0.23772572887267018,-0.4193109452593609,0.008312640273238062
Nigardsbreen,2049-03-01,0.16155199788312832,0.0315323728108746,-0.03166292128344166
Nigardsbreen,2049-04-01,0.3394374773605902,-0.22624994032485893,-0.09149468588248595
Nigardsbreen,2049-05-01,0.058302410977984165,-0.13802105671233728,0.08163875832572202
Nigardsbreen,2049-06-01,0.41958965825651,-0.08296942837403415,0.10093410367612504
Nigardsbreen,2049-07-01,0.1953571284079605,0.06168195385803177,0.18325728855035275
Nigardsbreen,2049-08-01,0.20246442230368192,-0.1611595584083281,0.3113944031874831
Nigardsbreen,2049-09-01,0.23429995117744873,-0.27373617496384495,0.10389400659299734
Nigardsbreen,2049-10-01,0.08175923194820801,0.28332060496940975,-0.01339867726661014
Nigardsbreen,2049-11-01,-0.07917226850551536,-0.13355874294166303,-0.15423128114260343
Nigardsbreen,2049-12-01,0.19717181462373914,0.11052140390939547,-0.007306658056044639
Nigardsbreen,2050-01-01,0.06037940549846773,0.6438716873900504,0.16550516146007416
Nigardsbreen,2050-02-01,0.3920160874678052,-0.24027143795089023,0.43075220241183904
Nigardsbreen,2050-03-01,0.047170648054977,0.5100044419573726,-0.08231428344934838
Nigardsbreen,2050-04-01,-0.3788535118752428,0.2639987413934272,0.06505287610119297
Nigardsbreen,2050-05-01,0.14089259935678652,0.08369300846852679,0.24520787951400866
Nigardsbreen,2050-06-01,0.18626320628321988,0.0936338185307291,0.035160205463121035
Nigardsbreen,2050-07-01,0.06377872276089082,0.04421049624176779,0.006320747629847083
Nigardsbreen,2050-08-01,-0.17755960233491053,-0.0008236917472946743,0.16238664023552754
Nigardsbreen,2050-09-01,0.17284389169012812,0.36003566240782536,-0.1559841543192907
Nigardsbreen,2050-10-01,-0.014750930439555268,-0.17327580014048546,0.01984880617746397
Nigardsbreen,2050-11-01,0.011815224849363948,-0.07561696113000967,0.22031276924894705
Nigardsbreen,2050-12-01,0.25248165854357696,0.33678641008764765,-0.02016354820604671
Nigardsbreen,2051-01-01,0.349316806381561,-0.28544374303039977,0.22362508304935072
Nigardsbreen,2051-02-01,0.0379425460224753,-0.050123904973059984,0.0933291003589577
Nigardsbreen,2051-03-01,0.12715618241354068,0.36891102299310546,0.1807604941128885
Nigardsbreen,2051-04-01,0.26319551894291976,0.12563704392774375,0.11793056909113075
Nigardsbreen,2051-05-01,0.397833406010662,0.2983284678946129,-0.15620426581207356
Nigardsbreen,2051-06-01,0.09022102375101397,0.07898863614632337,0.2902946835134303
Nigardsbreen,2051-07-01,0.031603246507431085,0.20299600856716907,-0.04913359981387366
Nigardsbreen,2051-08-01,0.30536272319687,0.11138991951394507,0.1066948188441396
Nigardsbreen,2051-09-01,0.2670557828413808,0.27761813044263683,-0.06334755982190211
Nigardsbreen,2051-10-01,-0.06909310200254803,-0.06391043182361877,-0.10129287069017638
Nigardsbreen,2051-11-01,0.0543940243829081,-0.08590019952170595,0.10981844751830157
Nigardsbreen,2051-12-01,0.1757078676865922,-0.09550406560041234,0.0782073029250025
Nigardsbreen,2052-01-01,-0.02745964922030503,0.7377528169489173,-0.11677948714683163
Nigardsbreen,2052-02-01,-0.2201640160496837,0.49570122166712266,0.3132496204682463
Nigardsbreen,2052-03-01,0.11432354712064423,-0.08246324234332399,0.12431690700937549
Nigardsbreen,2052-04-01,0.09433545389163778,0.2565878038964811,-0.04475894009975928
Nigardsbreen,2052-05-01,0.08605772249635392,-0.08258245348606069,0.05432688596797216
Nigardsbreen,2052-06-01,0.20894226570883354,0.09598624189235229,-0.14295601966843816
Nigardsbreen,2052-07-01,0.44477942592710545,0.02422580309563492,0.20775393889589333
Nigardsbreen,2052-08-01,0.38290437065521954,0.17220921836121642,-0.03678797855487105
Nigardsbreen,2052-09-01,0.11729352556608662,0.21450034114917862,0.04447183115983685
Nigardsbreen,2052-10-01,0.2034452189501271,-0.006584303768595395,0.3003101537480883
Nigardsbreen,2052-11-01,0.24150593801656864,0.20778854057078303,0.19832963350669128
Nigardsbreen,2052-12-01,0.2554032263819662,0.10641211913943056,0.12663395951960246
Nigardsbreen,2053-01-01,-0.30408860906497914,-0.3501091097236418,0.1261673822962247
Nigardsbreen,2053-02-01,0.02029938101610021,-0.4214782027150215,0.39526846278009264
Nigardsbreen,2053-03-01,0.20902385602855653,-0.10854604688401297,0.14884318811126215
Nigardsbreen,2053-04-01,0.24974510886915516,0.07363579044004143,0.1522805690999394
Nigardsbreen,2053-05-01,0.058648083876359565,0.16772866829582966,0.08680001922508508
Nigardsbreen,2053-06-01,0.2803792219744652,-0.03339373772404744,-0.031084833701840318
Nigardsbreen,2053-07-01,0.26524837852076383,0.23036524074435974,0.12382672117510518
Nigardsbreen,2053-08-01,0.3562341078044146,0.2869500911305884,-0.011922865157098414
Nigardsbreen,2053-09-01,0.1472207507433076,0.17171074065239975,0.14254160385443104
Nigardsbreen,2053-10-01,0.30592257227637476,0.15341527942644503,0.3601480195090297
Nigardsbreen,2053-11-01,0.06740262800274048,0.3125751497647866,-0.21749476378334995
Nigardsbreen,2053-12-01,0.03873530495885288,0.4424022992623761,-0.22018474534832677
Nigardsbreen,2054-01-01,0.023795126201473078,0.26969296836847173,0.0975513631426002
Nigardsbreen,2054-02-01,-0.013870386211034516,-0.11721268437152876,-0.16812206648279152
Nigardsbreen,2054-03-01,0.32289688068154715,0.06361206996684936,-0.015148408796733981
Nigardsbreen,2054-04-01,0.10929007354583765,0.4980178112979801,0.04002299883745317
Nigardsbreen,2054-05-01,0.14231805174374138,0.3196354154023273,0.11813000338954689
Nigardsbreen,2054-06-01,0.12907068188108659,-0.06668464288698604,0.022403567644191134
Nigardsbreen,2054-07-01,0.055827890263218514,0.22342123843041048,0.059818428614340474
Nigardsbreen,2054-08-01,0.11494137197019405,0.13100365308612208,0.2578431437811554
Nigardsbreen,2054-09-01,0.22928061142495423,0.040547120716584804,0.3646162512255519
Nigardsbreen,2054-10-01,0.29597603745027906,-0.09843423429758931,0.28214912266917297
Nigardsbreen,2054-11-01,0.32615847751385396,0.3958313213020794,0.06632836899400386
Nigardsbreen,2054-12-01,0.010686214108599601,0.20921497304760864,-0.15432752915943598
Nigardsbreen,2055-01-01,0.20873131092564903,0.5453599505589463,0.2680420894472484
Nigardsbreen,2055-02-01,0.34374619409286017,0.46953485986143545,0.12324394824631608
Nigardsbreen,2055-03-01,0.037514381519923194,0.3868388863200833,0.225616276763183
Nigardsbreen,2055-04-01,0.24228341237192152,0.29760129423608767,0.00192857651301843
Nigardsbreen,2055-05-01,0.14412051010813823,0.018734498654617394,0.05831167016270742
Nigardsbreen,2055-06-01,0.17620452003142048,0.2054095043240736,0.09838807211912055
Nigardsbreen,2055-07-01,0.15195979396136602,0.01983682421925544,0.05065869836544774
Nigardsbreen,2055-08-01,0.10627074869220032,0.23593810517545521,0.017951313426255062
Nigardsbreen,2055-09-01,-0.0914606045648434,0.5799236597580123,0.3588119990967362
Nigardsbreen,2055-10-01,-0.14956468065375175,-0.2443151988866815,0.1729277771973409
Nigardsbreen,2055-11-01,0.12697441212600064,0.25063739250639433,-0.1809043733977227
Nigardsbreen,2055-12-01,0.4382718583840787,-0.11772569189780846,0.0976536184938591
Nigardsbreen,2056-01-01,0.03312475137539125,-0.3592611270063559,-0.079706966641397
Nigardsbreen,2056-02-01,0.10386015480280901,-0.2517555304753754,-0.06346633651389677
Nigardsbreen,2056-03-01,-0.03876327734611687,-0.016870362337020977,-0.10628391255462823
Nigardsbreen,2056-04-01,-0.03160911130425784,0.03999662412779661,0.05990500411011237
Nigardsbreen,2056-05-01,-0.0667227181149243,0.25699855477948497,-0.007021657232750329
Nigardsbreen,2056-06-01,0.2710472683576008,0.3129750348327496,0.10385578370915294
Nigardsbreen,2056-07-01,0.3592967037539771,0.4333859549924249,-0.14191870516318372
Nigardsbreen,2056-08-01,0.15582365558423197,-0.13480569170034762,0.00794252673537662
Nigardsbreen,2056-09-01,0.07660821670537654,0.4154144481328123,0.10338617595237566
Nigardsbreen,2056-10-01,0.07056681598002176,0.0963311808663851,0.22245337452815372
Nigardsbreen,2056-11-01,0.05913952050161042,0.28361674324112585,0.22091700217123048
Nigardsbreen,2056-12-01,0.13392166270572736,0.43926729786612184,0.08166737230951027
Nigardsbreen,2057-01-01,0.31726189533962285,0.09991327228812197,0.1704606232143555
Nigardsbreen,2057-02-01,-0.010782405087403116,0.10043098624051222,-0.07751536683355836
Nigardsbreen,2057-03-01,-0.11981416985997338,-0.25627699078937366,-0.15602136051445115
Nigardsbreen,2057-04-01,-0.04640042263314583,0.3496581378213374,-0.028328797278258187
Nigardsbreen,2057-05-01,-0.005943816859050634,0.026270773204519107,0.14235448019473068
Nigardsbreen,2057-06-01,0.02543156924838555,0.3454387530686358,0.16086635168342137
Nigardsbreen,2057-07-01,-0.23257775832097036,-0.06263664206930758,0.13693637338885775
Nigardsbreen,2057-08-01,0.26715728750190654,0.13121329884317132,-0.0019474759371444818
Nigardsbreen,2057-09-01,-0.012390810562489423,0.3842170874270745,0.2420671083961824
Nigardsbreen,2057-10-01,0.09219697700184742,0.17679880233588618,0.3979675752704271
Nigardsbreen,2057-11-01,-0.010862902987489589,0.29417596488252246,0.14127700790017442
Nigardsbreen,2057-12-01,-0.09666326385108283,0.35412689878336107,0.025001291224296576
Nigardsbreen,2058-01-01,-0.12808526545838814,0.20802122587165636,-0.01632411748723962
Nigardsbreen,2058-02-01,-0.18169285965995663,-0.2732570669487375,-0.0812643932458948
Nigardsbreen,2058-03-01,-0.16682776539748012,0.1611046911940714,-0.09284750594065212
Nigardsbreen,2058-04-01,0.14306068792830992,-0.03134095209005726,0.24494724403078857
Nigardsbreen,2058-05-01,0.08389502810476827,0.33058079008749114,-0.04426215882859381
Nigardsbreen,2058-06-01,0.15164889643783472,0.14161402794966674,0.03839750300166093
Nigardsbreen,2058-07-01,0.21272489566753805,-0.2008700958247801,0.04830988612869544
Nigardsbreen,2058-08-01,0.21236851062429352,0.05507330495903604,0.03840401619881666
Nigardsbreen,2058-09-01,0.02179488719920694,0.3303211865406485,-0.07969825312794133
Nigardsbreen,2058-10-01,0.28680001722386456,0.45915349741233674,0.4250946778858633
Nigardsbreen,2058-11-01,-0.06191193755506467,-0.05410956080944098,0.2880866523381397
Nigardsbreen,2058-12-01,0.18475080397659185,-0.11542087981075407,0.33243796291002553
Nigardsbreen,2059-01-01,0.15408775985446863,-0.31407127338183444,0.11547502264766356
Nigardsbreen,2059-02-01,-0.02582408569453963,-0.17974580328950043,0.09772529418445974
Nigardsbreen,2059-03-01,-0.01689605452501508,-0.14965624986993212,-0.04220777501099111
Nigardsbreen,2059-04-01,0.20897917608616692,0.0408438414228622,-0.04190176030819664
Nigardsbreen,2059-05-01,0.3509554922553522,0.24132512103658113,0.23804791538296796
Nigardsbreen,2059-06-01,0.1254195015869882,0.1612307841649835,0.14621346117028797
Nigardsbreen,2059-07-01,-0.0495486735659712,-0.0012125300194160092,0.05079309863727879
Nigardsbreen,2059-08-01,0.23072418337267034,0.05774282253662836,0.11713250580429374
Nigardsbreen,2059-09-01,0.20612405117925756,-0.20965980947821752,0.206249294450671
Nigardsbreen,2059-10-01,0.17653932105426798,-0.02858837023271116,0.20372083115685347
Nigardsbreen,2059-11-01,-0.05432605630494641,-0.052284100320396036,-0.018029836587463665
Nigardsbreen,2059-12-01,0.06301540670092015,-0.15230310315409432,0.07428107662593982
Nigardsbreen,2060-01-01,0.1823292172514999,0.060476754579052217,0.2459126782535904
Nigardsbreen,2060-02-01,0.20194787732282915,0.28573506544199684,0.4283488368531348
Nigardsbreen,2060-03-01,0.07879053797940828,-0.3166947216368177,0.15093009416090694
Nigardsbreen,2060-04-01,0.18917137374033374,-0.01857866458559758,0.07576926687861511
Nigardsbreen,2060-05-01,-0.010441654588455737,0.13843959937565187,0.2761206513157242
Nigardsbreen,2060-06-01,0.21824887365470183,0.09520065308516024,0.0636817932914425
Nigardsbreen,2060-07-01,0.2381757074005031,0.1432090888747707,0.06165983904144687
Nigardsbreen,2060-08-01,0.23954421888096808,0.1560840354818261,0.2449602279646769
Nigardsbreen,2060-09-01,0.1771829225687569,0.2747139230878474,0.09833972120983465
Nigardsbreen,2060-10-01,0.00787235361118236,0.2199517630574487,-0.18280515629790695
Nigardsbreen,2060-11-01,0.054804176196337394,0.1332294027766403,0.14723832535638395
Nigardsbreen,2060-12-01,-0.026926616447458637,-0.2042398441735633,-0.07439000466829436
Nigardsbreen,2061-01-01,0.03463406667397075,-0.0897388902638812,0.07862180389176197
Nigardsbreen,2061-02-01,0.11303623832063488,-0.009784464762207179,0.4236451387682652
Nigardsbreen,2061-03-01,-0.034956191156134624,0.148636186601071,0.32931206451440637
Nigardsbreen,2061-04-01,-0.01187049478438576,-0.16887918781722822,0.12056497253193932
Nigardsbreen,2061-05-01,0.09528145841535507,0.11253490218664404,0.09560406274706935
Nigardsbreen,2061-06-01,0.12557894932767175,0.4428659997221171,0.008418705985106538
Nigardsbreen,2061-07-01,0.270139536593266,0.19255270354300516,0.15860267559302968
Nigardsbreen,2061-08-01,0.04271827672015255,0.043071713419551606,0.1613743268026892
Nigardsbreen,2061-09-01,0.2365894042871014,0.040880184949275526,0.10062004047414959
Nigardsbreen,2061-10-01,0.17821561493349106,0.27811430475018417,-0.26831993881769484
Nigardsbreen,2061-11-01,0.21503714630729318,0.060069535997381775,0.18924215457308147
Nigardsbreen,2061-12-01,0.08580084663562702,-0.159443530505004,-0.1000154327922733
Nigardsbreen,2062-01-01,0.276008932951753,-0.3300006214820143,0.031131997607739062
Nigardsbreen,2062-02-01,0.026182902451319583,0.11746251865607511,0.21317973552859928
Nigardsbreen,2062-03-01,0.09072187125765169,0.17638741906781383,0.11151390490668785
Nigardsbreen,2062-04-01,0.14860610326995063,0.1333210256791695,0.22787629161668463
Nigardsbreen,2062-05-01,0.300564501703737,0.01951433268266277,0.29359298261114763
Nigardsbreen,2062-06-01,0.10289934168443154,0.05288427353831441,0.0738449620494669
Nigardsbreen,2062-07-01,0.3313933804187725,0.11389643088380001,0.1254644567174065
Nigardsbreen,2062-08-01,-0.0714773242442421,-0.13839722403424823,0.05269592655105693
Nigardsbreen,2062-09-01,0.15836931176769087,0.009543908991314312,0.1830045887962343
Nigardsbreen,2062-10-01,0.14391214489115303,0.13958942408246855,-0.0021701448126672427
Nigardsbreen,2062-11-01,-0.2315663018363757,0.4318233148046786,0.26277780932621003
Nigardsbreen,2062-12-01,-0.122875722856103,0.6088931861053326,-0.09762738029364453
Nigardsbreen,2063-01-01,0.43870636399885554,0.1176434933446116,0.2543144184024077
Nigardsbreen,2063-02-01,0.05950557527280198,0.49558316120766643,-0.3307638300419802
Nigardsbreen,2063-03-01,0.07115145577978138,0.1522659729957934,0.3322555706842363
Nigardsbreen,2063-04-01,0.30404896960146494,0.1511094129028768,0.12439534589289641
Nigardsbreen,2063-05-01,-0.06698668322780316,0.04642832749513484,0.1601790936113819
Nigardsbreen,2063-06-01,-0.10155285223124431,0.07467103611975107,0.1495575608083687
Nigardsbreen,2063-07-01,-0.14978886377190556,-0.08963487604019389,0.1206808577288978
Nigardsbreen,2063-08-01,0.19586171016824938,-0.05468257380373476,-0.010640929888412457
Nigardsbreen,2063-09-01,-0.0462548597620459,0.027958745915816926,0.09602357302072943
Nigardsbreen,2063-10-01,-0.07162337829369081,-0.30029844395441513,-0.11014871542812386
Nigardsbreen,2063-11-01,0.2676868646218478,-0.09889101331000023,-0.19172053502476896
Nigardsbreen,2063-12-01,-0.024573070734764984,-0.2562539566360667,-0.05010215151183663
Nigardsbreen,2064-01-01,0.19691086755152068,0.35293436638261505,0.03953322886950942
Nigardsbreen,2064-02-01,0.08731509005450888,0.26716029607070135,0.03189660918866876
Nigardsbreen,2064-03-01,0.17134529697522174,0.42751593927386966,0.428213268719633
Nigardsbreen,2064-04-01,0.18829826087350562,0.058467084130936965,0.29884310717953105
Nigardsbreen,2064-05-01,-0.05818390005605568,0.10970455384918516,0.1590549398062572
Nigardsbreen,2064-06-01,0.1685904332432535,0.04258307250346899,0.13556103330951064
Nigardsbreen,2064-07-01,-0.07094756440651796,-0.15551463673703733,0.1710545476540156
Nigardsbreen,2064-08-01,0.2600815676943759,0.1861125432691424,0.018669994224800052
Nigardsbreen,2064-09-01,0.05606820674458093,0.006025343413841959,0.00511250491964466
Nigardsbreen,2064-10-01,-0.1349804557480402,0.3805812748955198,0.327777466707805
Nigardsbreen,2064-11-01,-0.11303016264626708,0.43315371756171467,-0.0561123764970041
Nigardsbreen,2064-12-01,-0.10371101459634317,0.23019167247401448,-0.18142214874226006
Nigardsbreen,2065-01-01,0.10009396444853991,-0.02551918067638902,-0.13813914685144646
Nigardsbreen,2065-02-01,0.16554495982278328,0.07505633586692352,-0.03526108457546762
Nigardsbreen,2065-03-01,0.18408460751201453,-0.5368762481850778,0.4789691679290115
Nigardsbreen,2065-04-01,0.24946175478074226,0.09202121914655965,0.18752648640153602
Nigardsbreen,2065-05-01,0.3315412161130576,-0.043783283422540266,0.09616686504278904
Nigardsbreen,2065-06-01,-0.06873056139290691,0.02894184342014876,0.09678385231805793
Nigardsbreen,2065-07-01,0.08101988783923057,-0.022044464513738152,-0.03169641909625284
Nigardsbreen,2065-08-01,-0.13151510864815893,0.15741047954012874,-0.09714998525645517
Nigardsbreen,2065-09-01,0.13386308643014563,-0.2664965441876931,-0.020418087610646927
Nigardsbreen,2065-10-01,0.16169089980086218,0.16618443882010456,0.12074798969345231
Nigardsbreen,2065-11-01,-0.03421248878163453,-0.2833597869603079,0.20977468808420252
Nigardsbreen,2065-12-01,-0.007621245930187505,0.3908117519298213,-0.10888825884637758
Nigardsbreen,2066-01-01,-0.13118431508773512,0.055947976843170245,-0.010745866527094654
Nigardsbreen,2066-02-01,0.010075757882024186,-0.36837271530588733,0.47071765346806277
Nigardsbreen,2066-03-01,-0.19581012904464704,0.5789155377220647,-0.043606415987744084
Nigardsbreen,2066-04-01,0.0508627791827883,0.010693393185247688,0.09186413914751006
Nigardsbreen,2066-05-01,0.16808151124533866,0.22305891403510825,0.21192774032577721
Nigardsbreen,2066-06-01,0.2086581487627346,0.1109604986686169,0.2771665489300568
Nigardsbreen,2066-07-01,0.04086333464898602,0.1038297725229177,0.30065805575804183
Nigardsbreen,2066-08-01,0.10709569538889178,-0.0896714738925053,0.21855109924457242
Nigardsbreen,2066-09-01,0.037008623480396845,0.33305758547942077,0.12231701711693978
Nigardsbreen,2066-10-01,0.4276084328663991,-0.011118723046099663,-0.27175885544337747
Nigardsbreen,2066-11-01,0.1152364943759082,0.25444407655477635,0.2776838724171928
Nigardsbreen,2066-12-01,0.13263019538703932,0.13503894950476067,0.02695956798603848
Nigardsbreen,2067-01-01,0.17787415082000724,0.3261172119720744,-0.12968229268667034
Nigardsbreen,2067-02-01,0.20035830575220778,0.43402825918993576,-0.14906969030758285
Nigardsbreen,2067-03-01,0.28809461568069183,0.05342275929466245,0.04406924927312281
Nigardsbreen,2067-04-01,0.0362449178849721,0.20073248796908824,0.07489312781764691
Nigardsbreen,2067-05-01,0.16347377235954583,-0.05387290370368458,0.13615347962026278
Nigardsbreen,2067-06-01,-0.21590656480846557,0.32577651147414444,-0.21077165812994045
Nigardsbreen,2067-07-01,0.17112514439135215,-0.1179099896138549,0.048004130380627764
Nigardsbreen,2067-08-01,-0.005926309014727196,0.1428769924659429,-0.26105229859718193
Nigardsbreen,2067-09-01,-0.08295431992939302,0.048977984118525164,-0.006324044646696568
Nigardsbreen,2067-10-01,-0.0827643556090182,0.6223582869910788,0.4844824151344695
Nigardsbreen,2067-11-01,-0.04422056172204499,-0.019893248038622344,-0.0012309252543180559
Nigardsbreen,2067-12-01,-0.040273395954593165,0.05778142195342408,0.23620488690198646
Nigardsbreen,2068-01-01,0.023868609284918407,0.3093179670513863,0.3200043092416612
Nigardsbreen,2068-02-01,0.05222850685623901,-0.12673161059911017,-0.04767084210382505
Nigardsbreen,2068-03-01,0.08481473126635779,-0.06653355399723714,0.05884379275145619
Nigardsbreen,2068-04-01,-0.017570432059297755,-0.07464552032950252,-0.14976384675642065
Nigardsbreen,2068-05-01,0.18674201558687553,-0.03755794543596145,0.35431495952166125
Nigardsbreen,2068-06-01,0.015681807478643645,0.02000639834927603,0.06609993789663669
Nigardsbreen,2068-07-01,0.21951380971048093,0.09646778591106515,-0.17959068337700654
Nigardsbreen,2068-08-01,0.02316747062191728,-0.0351951054736478,0.22267965049027807
Nigardsbreen,2068-09-01,0.12404890745749401,0.034404205544100924,0.0711254583613913
Nigardsbreen,2068-10-01,0.22793475911408626,0.3895745810000035,-0.043265676586323604
Nigardsbreen,2068-11-01,0.024333869433647477,0.07938190598713778,0.23711557341040448
Nigardsbreen,2068-12-01,0.10920961759664871,0.15861413011015066,0.038806470951953435
Nigardsbreen,2069-01-01,0.4235033942487243,-0.02893186131926288,0.04588774126040002
Nigardsbreen,2069-02-01,0.49594197956017444,-0.22049699753793375,-0.21020709896257336
Nigardsbreen,2069-03-01,-0.0906497618944167,-0.17228311711992536,0.43769578590179675
Nigardsbreen,2069-04-01,-0.04709287767001249,-0.10846869911623726,-0.09768495279702005
Nigardsbreen,2069-05-01,0.05644400456380619,-0.09801412970626362,0.33126767308420413
Nigardsbreen,2069-06-01,0.2572319356526288,-0.10052343191629241,-0.1306824057427603
Nigardsbreen,2069-07-01,-0.0044958590563288865,0.26636439409255863,0.11836449252676924
Nigardsbreen,2069-08-01,-0.015103912728037036,0.1384220400526943,0.07819804740118795
Nigardsbreen,2069-09-01,0.14203871619112948,-0.013978097439995665,-0.0339082426291598
Nigardsbreen,2069-10-01,0.2911445712511492,-0.19703010679148222,-0.06288174796854663
Nigardsbreen,2069-11-01,0.2650858976653427,-0.3339655000802087,0.16910401011521645
Nigardsbreen,2069-12-01,0.15604732708408728,-0.2834768902915253,-0.1300384815032275
Nigardsbreen,2070-01-01,0.05387809774409125,-0.08323229828996073,0.08317740431056224
Nigardsbreen,2070-02-01,0.31690706356438997,0.06551483996487288,0.37677798370589227
Nigardsbreen,2070-03-01,0.11921432432784997,0.30725383292231945,0.4195118728631991
Nigardsbreen,2070-04-01,0.12011325497340301,-0.2529958731445819,-0.029248438655725174
Nigardsbreen,2070-05-01,0.1164616392917426,0.09297122984170032,0.018878973408970937
Nigardsbreen,2070-06-01,0.19868041386660354,0.015493269363636855,0.08863435905817534
Nigardsbreen,2070-07-01,0.1747622751562841,-0.07579358464471612,0.004160221976396215
Nigardsbreen,2070-08-01,0.24898092277595688,0.05480850166822488,0.11719795567689055
Nigardsbreen,2070-09-01,0.1906140632629644,0.16293070585022312,0.033945018327752846
Nigardsbreen,2070-10-01,0.18402877719624286,0.1027459971455759,0.35265302085784755
Nigardsbreen,2070-11-01,0.17143714326291418,-0.17688000400423007,0.35773967164578196
Nigardsbreen,2070-12-01,0.02912529134563288,0.18980288799255599,0.2597806094604255
Nigardsbreen,2071-01-01,-0.2526601546241253,0.3988795270266425,0.4394537013764701
Nigardsbreen,2071-02-01,-0.049370902217392744,0.015112184828398816,0.22814578309808378
Nigardsbreen,2071-03-01,0.02924580453861318,0.10123547441628102,0.28500187412579375
Nigardsbreen,2071-04-01,0.2490334747511378,-0.11701888101686098,0.012478869981742071
Nigardsbreen,2071-05-01,-0.19590250668751008,-0.08971833136305137,0.2566747499776405
Nigardsbreen,2071-06-01,-0.113502848300457,0.10325675417461279,-0.05028781645901063
Nigardsbreen,2071-07-01,0.0024114240178634886,-0.08904733007116213,0.11663594519309539
Nigardsbreen,2071-08-01,0.18829929857831537,-0.13421449100212898,0.07431740801150856
Nigardsbreen,2071-09-01,0.29068942412226006,0.055708388413824646,0.11820608518345573
Nigardsbreen,2071-10-01,-0.09431110277385181,-0.27031974797024655,0.04841280712790013
Nigardsbreen,2071-11-01,0.0015983443641300794,0.23191262483667263,0.038640908441310136
Nigardsbreen,2071-12-01,0.13404328455123946,0.29605852996021015,0.07348472690873298
Nigardsbreen,2072-01-01,-0.03299375997950535,0.0940874828789992,0.058508054886199146
Nigardsbreen,2072-02-01,0.23327112129309224,0.4796861271286401,-0.0826391050640687
Nigardsbreen,2072-03-01,0.2829972481566243,0.4226675819015784,-0.058763245573891676
Nigardsbreen,2072-04-01,0.0012259411301116564,-0.30674250851450674,0.3623257843333915
Nigardsbreen,2072-05-01,0.013970237496065125,0.3446607459210045,0.1420227308602053
Nigardsbreen,2072-06-01,0.15634505608744234,-0.10484122818184055,0.3166398471779229
Nigardsbreen,2072-07-01,0.38996776725604637,0.1121842585940111,0.18681790625626996
Nigardsbreen,2072-08-01,0.15052683045969392,0.09204219946151211,0.09879895778690613
Nigardsbreen,2072-09-01,0.0917509479346651,0.15893328670946255,0.294010295246195
Nigardsbreen,2072-10-01,-0.09085944233182053,-0.06928204067933288,0.13177541700466514
Nigardsbreen,2072-11-01,-0.15769758622248162,-0.09971583467034513,0.03710495874011623
Nigardsbreen,2072-12-01,0.02040921082807838,0.43595469602665576,0.3039152318071971
Nigardsbreen,2073-01-01,-0.15510542448897044,-0.38145292123349717,0.2569372438708456
Nigardsbreen,2073-02-01,0.052453190861890646,0.09628124032860451,-0.1588449239185834
Nigardsbreen,2073-03-01,-0.2556825759799349,0.1367523801948025,-0.13177047921893978
Nigardsbreen,2073-04-01,0.4676256843115652,0.24025715047865562,0.09388580810579276
Nigardsbreen,2073-05-01,-0.03698372306245452,-0.07447780843858637,0.014468182427491158
Nigardsbreen,2073-06-01,0.11626295977573016,0.1441032160053118,0.05142868177019708
Nigardsbreen,2073-07-01,0.15757950609727145,0.19588443486602491,0.011784135174624946
Nigardsbreen,2073-08-01,-0.005966516033130057,0.2889561150788989,-0.11246897154910775
Nigardsbreen,2073-09-01,0.004347141246829435,-0.08656070338819384,0.3340562774849527
Nigardsbreen,2073-10-01,0.12339168135144551,-0.039958316044166844,0.044463616272860135
Nigardsbreen,2073-11-01,0.179307366301846,0.15292728559064736,-0.1725167073172487
Nigardsbreen,2073-12-01,0.19622934017229163,0.191455697295024,0.06069249390814597
Nigardsbreen,2074-01-01,-0.0029129787211470645,0.09834061916394858,0.30626663512612146
Nigardsbreen,2074-02-01,0.26916895099402255,-0.009164588820613988,0.013089930056353213
Nigardsbreen,2074-03-01,-0.11061870504569156,-0.03640000408252728,0.04288412007663527
Nigardsbreen,2074-04-01,0.08743151092092094,0.4459591223349464,0.011145980422783508
Nigardsbreen,2074-05-01,0.02418727372552752,0.19455832211870794,-0.14506046736663436
Nigardsbreen,2074-06-01,-0.10210904712493618,-0.20084942019660887,0.21683584864479308
Nigardsbreen,2074-07-01,0.14419839212874833,0.03899715037201631,0.13433249711618875
Nigardsbreen,2074-08-01,0.11245956208374018,-0.021074063035128026,0.10967630657096705
Nigardsbreen,2074-09-01,0.1856148105483074,0.15682576606082616,-0.25601414375222004
Nigardsbreen,2074-10-01,0.14663351379836193,-0.19283095914501977,0.6407045187612618
Nigardsbreen,2074-11-01,0.07937221682447916,-0.03622874001335004,0.5146044807078988
Nigardsbreen,2074-12-01,0.234917554013921,-0.01938342845699108,0.24696284179506575
Nigardsbreen,2075-01-01,0.13293301744898658,0.3698099939549639,0.21780339716309785
Nigardsbreen,2075-02-01,0.3884774043808807,0.178686416001096,0.07154116835225978
Nigardsbreen,2075-03-01,0.23073757695683247,-0.2356125904724725,0.04645359293771236
Nigardsbreen,2075-04-01,0.15036000492528748,-0.04012753123860514,0.08388006215578715
Nigardsbreen,2075-05-01,-0.03792320156333103,-0.078225341434874,0.2970557859143543
Nigardsbreen,2075-06-01,0.21251425927385312,0.1705012441626059,0.005630762921705006
Nigardsbreen,2075-07-01,0.2672442171143153,0.14192145576723905,0.1503024801459248
Nigardsbreen,2075-08-01,-0.04622745645736329,0.07266167851711876,0.22410278721994292
Nigardsbreen,2075-09-01,0.25350327382143206,0.2954587375471212,0.05856685056668768
Nigardsbreen,2075-10-01,-0.0011011919981340397,-0.24060713802736244,-0.2911248425871525
Nigardsbreen,2075-11-01,-0.1627918085491907,-0.0256095263775198,-0.35324489629294337
Nigardsbreen,2075-12-01,0.05530631920673506,0.2436158638333065,-0.08429259256851958
Nigardsbreen,2076-01-01,-0.12229185930701336,0.6947140724436117,0.02022570651656321
Nigardsbreen,2076-02-01,0.060629721408645344,0.2512488200339643,-0.023377702700814827
Nigardsbreen,2076-03-01,-0.05953100118941895,-0.19531852758222534,0.00010918026645651928
Nigardsbreen,2076-04-01,0.1816420316805499,-0.06381642933259797,0.0719795650854982
Nigardsbreen,2076-05-01,-0.0078455049088404,-0.034784698017136205,0.14195198732113273
Nigardsbreen,2076-06-01,-0.0677570095081341,0.12688021415045292,0.18175801955754314
Nigardsbreen,2076-07-01,0.13316449964799196,0.2893313976861135,-0.12196517852305426
Nigardsbreen,2076-08-01,-0.11619959149433401,0.4605653693875416,-0.011316899498226618
Nigardsbreen,2076-09-01,-0.11560426665610822,0.16295238689863345,-0.019240470078981067
Nigardsbreen,2076-10-01,0.06572960342098982,0.13652222446624804,0.04409112008181563
Nigardsbreen,2076-11-01,0.303542737005322,0.41695405480494835,-0.019653808147497634
Nigardsbreen,2076-12-01,0.36162460934071244,0.09934079941463769,0.2030980118620462
Nigardsbreen,2077-01-01,-0.058279794630442396,0.3010282669304904,0.048944077104900584
Nigardsbreen,2077-02-01,-0.2652363685847418,0.6243978043055102,0.2205479676788419
Nigardsbreen,2077-03-01,-0.019527666672480164,0.16452795092581377,0.3400644084780215
Nigardsbreen,2077-04-01,0.182038072856729,-0.04136956831646329,-0.12318839664036159
Nigardsbreen,2077-05-01,0.21178314017329058,0.33061033845747906,-0.09082755606642949
Nigardsbreen,2077-06-01,0.26349734484983517,0.06706157987417989,0.09805564024312836
Nigardsbreen,2077-07-01,0.12656893625492857,0.24533692589169098,0.1513743868752818
Nigardsbreen,2077-08-01,0.13470001233979487,0.31942199268287813,0.018735962187517403
Nigardsbreen,2077-09-01,-0.08930469095168299,-0.09349820316519071,0.050820365241926346
Nigardsbreen,2077-10-01,0.054159828131158945,0.09301089543871403,0.2729125870830736
Nigardsbreen,2077-11-01,0.10798280806983851,-0.22278469088695627,0.4228827467271734
Nigardsbreen,2077-12-01,-0.004495753446613372,-0.10078998266013806,-0.08927208511188962
Nigardsbreen,2078-01-01,0.17202649620875157,-0.001510448928958505,0.16656796098798587
Nigardsbreen,2078-02-01,0.021372883095002643,-0.431863103247854,0.0510632232140125
Nigardsbreen,2078-03-01,0.18050144040016539,0.26640843383284724,0.10634056919487857
Nigardsbreen,2078-04-01,-0.10820830523524018,0.16010590263418095,-0.053980761380777974
Nigardsbreen,2078-05-01,0.0006302666529985368,0.017362781992540193,0.033732869536709766
Nigardsbreen,2078-06-01,0.1112832217866625,0.05599838000168785,0.05644173320793336
Nigardsbreen,2078-07-01,-0.19703571243464113,-0.03381958643519896,0.2038677474594354
Nigardsbreen,2078-08-01,0.06745224350039318,0.11410349312649921,0.16465247334129895
Nigardsbreen,2078-09-01,0.184441685178376,0.32709342791946233,0.15556904414382394
Nigardsbreen,2078-10-01,0.26220666920983565,0.3848503917817276,-0.08508621998174948
Nigardsbreen,2078-11-01,0.20663965172251222,0.12136457524213555,0.3909965839001602
Nigardsbreen,2078-12-01,0.09981473908192363,-0.17718724411549616,0.06882471030155764
Nigardsbreen,2079-01-01,0.013547888323536152,-0.019528428375971796,-0.06688498233264492
Nigardsbreen,2079-02-01,0.02395591758802866,0.4305430753009438,0.1614244439573904
Nigardsbreen,2079-03-01,0.37480732252066423,-0.1787919873712299,0.03276731197539231
Nigardsbreen,2079-04-01,-0.051317394162258424,0.22284886255562117,0.09244510443409489
Nigardsbreen,2079-05-01,0.21775756663796175,-0.24568345997426758,-0.04344669462191683
Nigardsbreen,2079-06-01,-0.01509995863396583,-0.12365043102497265,0.09989140737185186
Nigardsbreen,2079-07-01,0.09726838945213427,0.16459424512609094,0.15181750818860132
Nigardsbreen,2079-08-01,-0.08166785255754834,0.07196481985719712,0.15415088764066892
Nigardsbreen,2079-09-01,0.13825903971168194,0.2704975540524727,0.19040970655226017
Nigardsbreen,2079-10-01,0.06888798944873821,0.2628688798421786,-0.11870007090945338
Nigardsbreen,2079-11-01,0.1527056220699096,0.2993664645866297,-0.208561252255258
Nigardsbreen,2079-12-01,0.13672454335095444,0.02888285420102239,-0.03363516809447166
Nigardsbreen,2080-01-01,-0.10848369492582448,-0.25676530116046686,-0.40964586847689105
Nigardsbreen,2080-02-01,0.1592503275356962,-0.042340490904951456,0.3433792059220602
Nigardsbreen,2080-03-01,0.2244936721901821,0.1287683839584117,0.07257187054629166
Nigardsbreen,2080-04-01,-0.0837427685338854,0.33202986964971953,0.012049475159090467
Nigardsbreen,2080-05-01,-0.0205284322982256,0.3197424686769382,0.1892533516546194
Nigardsbreen,2080-06-01,-0.1420174523633854,0.1928110811046125,0.07190394644168839
Nigardsbreen,2080-07-01,0.2429396322553232,0.18553810450040445,-0.09635327367941598
Nigardsbreen,2080-08-01,0.11782431953758526,-0.029148545313175747,0.2987231146508498
Nigardsbreen,2080-09-01,0.3488350365542157,-0.004665484331768804,0.17411360869527837
Nigardsbreen,2080-10-01,-0.0379071653204093,-0.08785163749031467,0.21545358116068256
Nigardsbreen,2080-11-01,0.34525911825948974,-0.2347611143957892,-0.02429788492214262
Nigardsbreen,2080-12-01,0.1459313710479169,-0.24969806328992417,-0.0895274322995629
Nigardsbreen,2081-01-01,0.24151144711300368,-0.06352887839985873,0.12973307291046557
Nigardsbreen,2081-02-01,-0.0916689128978972,-0.3602847592168413,-0.038513808243702756
Nigardsbreen,2081-03-01,0.2552804812241602,-0.31870247304645694,0.025550597195928757
Nigardsbreen,2081-04-01,0.014058860140342555,0.1679705848003528,0.04363421180651963
Nigardsbreen,2081-05-01,0.4775687754785188,0.2846223860303892,0.05351913400164513
Nigardsbreen,2081-06-01,0.07981746770558008,0.4127403300052621,0.260373596685529
Nigardsbreen,2081-07-01,0.24613984056701332,0.2802144610967266,-0.03430924098037393
Nigardsbreen,2081-08-01,0.1917490497398524,0.015587428298354614,0.0801552764623915
Nigardsbreen,2081-09-01,0.1420571744151284,0.03324383664470915,0.18628492531210392
Nigardsbreen,2081-10-01,0.11723216570201327,0.2092365074931739,0.2869095524630336
Nigardsbreen,2081-11-01,0.24407186216775123,-0.2591561848963925,0.10824248716087648
Nigardsbreen,2081-12-01,-0.08953197793255101,0.0078715345622931,0.11293901120312057
Nigardsbreen,2082-01-01,0.056673692059942334,0.25394798056240186,0.050538441370579855
Nigardsbreen,2082-02-01,0.26181785928502227,0.4608877224676802,-0.02628418074305607
Nigardsbreen,2082-03-01,0.015616589162058993,-0.24081575082073248,0.47588003395976347
Nigardsbreen,2082-04-01,0.10129521312115371,0.11996126532302337,0.07352301244873738
Nigardsbreen,2082-05-01,0.04992352295215266,-0.3131412464006132,-0.008577430456990798
Nigardsbreen,2082-06-01,0.14142683298328465,0.19379398738535114,0.25476481248014726
Nigardsbreen,2082-07-01,-0.14468368914342752,0.05768632887154327,0.28361359947924836
Nigardsbreen,2082-08-01,0.01622948190160742,0.09177611136027229,-0.04157235588970642
Nigardsbreen,2082-09-01,0.1644766839597347,0.1114114460102087,-0.29246193098597
Nigardsbreen,2082-10-01,0.1690658738608979,0.2965162785201167,-0.02603827615168997
Nigardsbreen,2082-11-01,0.30823713937441394,0.13952199410962277,0.4305679102505149
Nigardsbreen,2082-12-01,0.2814182264569289,-0.18382866572489243,-0.05799775887793629
Nigardsbreen,2083-01-01,0.21003956452831826,-0.06231206728456549,-0.010085013747874213
Nigardsbreen,2083-02-01,-0.16862000278263134,0.5969484008323741,0.30043398412295835
Nigardsbreen,2083-03-01,0.29935436258720727,-0.17332101028437252,-0.2332646123409751
Nigardsbreen,2083-04-01,0.2997990314464026,0.004799250084690181,0.004187942468028974
Nigardsbreen,2083-05-01,0.13850519431328925,0.2902755257922157,0.06994453220482334
Nigardsbreen,2083-06-01,0.2671577625576434,0.10343467733314433,0.1192978989902863
Nigardsbreen,2083-07-01,0.04228126350744033,0.05388710242715744,0.25011810841293575
Nigardsbreen,2083-08-01,0.15296835623208035,0.07251605897502211,-0.060399638214481334
Nigardsbreen,2083-09-01,0.13659090080761732,-0.107409358026416,0.13297681833008035
Nigardsbreen,2083-10-01,-0.029707497627693563,0.004880508520186316,0.31913647038001364
Nigardsbreen,2083-11-01,-0.011403554128672633,0.08272405491733505,-0.0009569406396730216
Nigardsbreen,2083-12-01,0.20729762804330698,-0.286291711003954,0.26663269856168964
Nigardsbreen,2084-01-01,0.055777429767882046,0.9419238682177339,0.12598540600464356
Nigardsbreen,2084-02-01,-0.004433495720757801,0.3986233639710388,0.1425991227634088
Nigardsbreen,2084-03-01,-0.08233023395190574,0.49459540296056353,-0.12506827017557848
Nigardsbreen,2084-04-01,0.016366003287144975,-0.09309132373517874,0.043075725439069214
Nigardsbreen,2084-05-01,0.3051324310171175,0.07761717260440039,0.048365584539737945
Nigardsbreen,2084-06-01,0.251561746347853,-0.14822942945485687,0.20250392688734928
Nigardsbreen,2084-07-01,-0.0284523697719798,0.18567717734706904,-0.1508542316545359
Nigardsbreen,2084-08-01,0.16414373810380206,0.29987711895188207,0.04536511234026789
Nigardsbreen,2084-09-01,-0.04974881031731664,0.11655970641891439,-0.1461076271762353
Nigardsbreen,2084-10-01,0.2120468563809221,0.07762036185363712,0.042670029906603235
Nigardsbreen,2084-11-01,0.15312449360444536,-0.03417182727162209,0.23550652830496874
Nigardsbreen,2084-12-01,0.1666966955676086,-0.0017111310931447788,0.44509356073164225
Nigardsbreen,2085-01-01,0.22453684215586708,-0.1306281781689095,0.07974997843179958
Nigardsbreen,2085-02-01,-0.13364422858088074,-0.3036152914677901,0.036308789008691666
Nigardsbreen,2085-03-01,-0.10156886081477721,-0.3371519491750646,-0.30919335185070757
Nigardsbreen,2085-04-01,0.11249739149665212,0.013906600777159299,0.2752327098464652
Nigardsbreen,2085-05-01,0.16600228109000859,0.22744510252324793,0.18139438631872376
Nigardsbreen,2085-06-01,-0.12589588258802178,0.383681564189656,0.011329553217226165
Nigardsbreen,2085-07-01,-0.15780757047042623,0.1513729836066594,0.10924292394901769
Nigardsbreen,2085-08-01,-0.10300130416154558,0.13820571548233698,0.18093258868575104
Nigardsbreen,2085-09-01,0.29818446505706775,0.09785701786414702,0.04772530396148728
Nigardsbreen,2085-10-01,0.2177350897149959,0.12849175429980317,0.34503435895028506
Nigardsbreen,2085-11-01,0.2460950264244656,0.3134581662086589,0.09694262457950231
Nigardsbreen,2085-12-01,0.053503706263829026,0.2589671897997749,0.29644176429391195
Nigardsbreen,2086-01-01,0.15816750380904404,0.1663260400827148,-0.1618981641796502
Nigardsbreen,2086-02-01,-0.18408273256495522,-0.20048291932028703,0.1384805287885891
Nigardsbreen,2086-03-01,0.1938084213142491,-0.07056980666411171,0.35679820566125436
Nigardsbreen,2086-04-01,-0.041105198136201115,0.1938402399089698,0.35871407213988227
Nigardsbreen,2086-05-01,-0.014782068534990188,0.14604000497899816,-0.0958943761835341
Nigardsbreen,2086-06-01,-0.08347585258814323,-0.0641040917610311,0.12244614985557904
Nigardsbreen,2086-07-01,0.015182847153035375,0.23408326082470018,0.14110604326495682
Nigardsbreen,2086-08-01,-0.08059039574490302,0.15760112727513556,0.1038841607076932
Nigardsbreen,2086-09-01,-0.08343452776301091,0.29484447916695494,0.218335039081934
Nigardsbreen,2086-10-01,0.2785753804838098,-0.23413912406178705,-0.07440087366399863
Nigardsbreen,2086-11-01,0.023773821214666365,0.27393499956272854,-0.020909366878439434
Nigardsbreen,2086-12-01,0.17922739030518176,0.179514138122459,0.27686900352012184
Nigardsbreen,2087-01-01,0.08276487364137587,0.16698739972882448,-0.04860033553476773
Nigardsbreen,2087-02-01,-0.010872125998354293,0.16831399878559425,-0.1499141159318432
Nigardsbreen,2087-03-01,-0.011595305822393723,0.09841181644381165,0.09851490639615142
Nigardsbreen,2087-04-01,-0.1555860186020813,0.629875582822021,0.35370513103307993
Nigardsbreen,2087-05-01,-0.06579477262968199,-0.04104008349377842,0.05379051935095358
Nigardsbreen,2087-06-01,0.26083968412211866,0.2126911740824121,0.07312306496002478
Nigardsbreen,2087-07-01,0.1384828280473522,0.09791925573423454,0.20025014659462534
Nigardsbreen,2087-08-01,0.12829379347870076,0.19786372873979086,0.10669211440831154
Nigardsbreen,2087-09-01,0.21976988680925955,0.002247555419749613,0.007135418730169864
Nigardsbreen,2087-10-01,0.2827469502678121,0.19092665867372774,-0.3333227049506725
Nigardsbreen,2087-11-01,0.14908173013504963,-0.16133002460423476,-0.016678154466334107
Nigardsbreen,2087-12-01,0.35249006996957616,-0.2459652701968176,0.1992484377591369
Nigardsbreen,2088-01-01,0.07973289692193154,0.18298352224930126,-0.0005574096881463866
Nigardsbreen,2088-02-01,0.09735160016629742,0.1584320817578854,-0.08507461938942494
Nigardsbreen,2088-03-01,0.09716967243478263,-0.09057935032615816,0.21864301415221177
Nigardsbreen,2088-04-01,0.2446287789399567,-0.06401778321699601,0.19605985540905455
Nigardsbreen,2088-05-01,0.05707148227256034,0.2955231464066929,0.37188536769005065
Nigardsbreen,2088-06-01,0.2426660456878396,0.07483660522978242,0.03775741474153788
Nigardsbreen,2088-07-01,-0.07039644112985342,0.27066369300208887,0.21852663318509422
Nigardsbreen,2088-08-01,0.08288971304269545,0.22913002637030547,0.05467260193293986
Nigardsbreen,2088-09-01,0.0663941264435766,0.31987972023629463,-0.08577189963049714
Nigardsbreen,2088-10-01,0.17971662417323217,0.1751904733255809,-0.21974073165887198
Nigardsbreen,2088-11-01,0.08232548877549012,-0.275255049926252,0.3521554037228596
Nigardsbreen,2088-12-01,0.06820220112577073,-0.1564416750950894,0.05021623585898064
Nigardsbreen,2089-01-01,0.1331076978701542,-0.03773903857284209,0.27140625374921185
Nigardsbreen,2089-02-01,0.3117241638736293,0.18810425291866684,-0.17520756150233596
Nigardsbreen,2089-03-01,0.07716646613784689,0.2889634423545225,0.19322650080630802
Nigardsbreen,2089-04-01,-0.05907144202246143,0.09047710897444568,0.15355282071052975
Nigardsbreen,2089-05-01,-0.2799633633875452,-0.18875810540669824,0.0935017006812217
Nigardsbreen,2089-06-01,0.08313393027095116,0.11464027553114849,0.0820981106597598
Nigardsbreen,2089-07-01,-0.10756679848491967,0.215054915144576,0.09305349824777037
Nigardsbreen,2089-08-01,-0.10416303347721227,-0.01707448587780393,0.14725089512887088
Nigardsbreen,2089-09-01,0.09452223760711947,0.34076403203483446,0.24216668361544147
Nigardsbreen,2089-10-01,0.2905982398553592,0.1548024781181399,0.277250766267549
Nigardsbreen,2089-11-01,-0.34320681586109547,-0.17880326913522526,0.23828746251260893
Nigardsbreen,2089-12-01,0.11154854197419667,0.0011094410828294404,0.0599402916676847
Nigardsbreen,2090-01-01,0.20480677320063764,0.28177553105382547,0.20624086815107676
Nigardsbreen,2090-02-01,0.26762902926816673,0.0050952656136004455,-0.019931235573149134
Nigardsbreen,2090-03-01,-0.002135346926203698,0.15238996847719088,-0.009053188730135784
Nigardsbreen,2090-04-01,0.07912897449665492,0.6209712032579132,0.08287302849706533
Nigardsbreen,2090-05-01,0.0775781631054317,0.27208335028687586,0.2059798633027392
Nigardsbreen,2090-06-01,0.016864661461986365,0.1500550036360614,0.08316181048970644
Nigardsbreen,2090-07-01,-0.04348429297399379,0.11851553913613222,0.0029905809147610283
Nigardsbreen,2090-08-01,-0.06207794463498915,0.23765960132224648,0.14465251856257497
Nigardsbreen,2090-09-01,-0.023577317805347563,0.2917934070876062,-0.009954393189433988
Nigardsbreen,2090-10-01,0.09294502199874592,-0.18065165114635842,0.35977117120322993
Nigardsbreen,2090-11-01,0.2580356792024872,0.40287921289354617,0.1769410086581297
Nigardsbreen,2090-12-01,0.1661760898274142,0.046595435591911254,-0.20505377311727982
Nigardsbreen,2091-01-01,0.0547175744403855,0.7138111000105409,-0.1731084605293283
Nigardsbreen,2091-02-01,0.05771927570152926,0.6580969407764875,0.39427244946609274
Nigardsbreen,2091-03-01,0.18178255320849016,0.39276572561173057,-0.11555902863742801
Nigardsbreen,2091-04-01,0.41484821581174414,-0.04547943063307854,0.16246889337877649
Nigardsbreen,2091-05-01,0.24336055660383185,0.06190023264931958,-0.01800813692926231
Nigardsbreen,2091-06-01,-0.09205390677097781,0.13336605124786283,-0.10553348562535703
Nigardsbreen,2091-07-01,0.1720873416117584,-0.010211214995177673,0.16305172992591288
Nigardsbreen,2091-08-01,0.11306300427808404,0.17492960955176365,0.07241830713080612
Nigardsbreen,2091-09-01,0.1552787825098457,0.011032050555803386,0.1926862786582754
Nigardsbreen,2091-10-01,0.3273543883790555,0.07919406801076917,0.1721445250514706
Nigardsbreen,2091-11-01,0.33798590907148734,0.08154490376983307,-0.5482388688722947
Nigardsbreen,2091-12-01,0.24385351935976995,-0.3265783484607631,-0.057297293473805085
Nigardsbreen,2092-01-01,-0.15767701709979715,-0.1808877898760124,-0.0629756603934228
Nigardsbreen,2092-02-01,-0.02629929648190542,0.30192027096942503,-0.02080568460882248
Nigardsbreen,2092-03-01,-0.02005779159814261,0.2850225372376168,0.14125392983303134
Nigardsbreen,2092-04-01,0.1349108131379031,0.11613975715219138,0.04964612496830637
Nigardsbreen,2092-05-01,-0.12089899620719723,0.28401652318909393,0.025881727847311325
Nigardsbreen,2092-06-01,0.2657392007097861,-0.11029039926092636,0.1699078553222889
Nigardsbreen,2092-07-01,0.07918958488038157,-0.07382271183774458,0.13802112162178123
Nigardsbreen,2092-08-01,0.0665101719425001,0.058739938397450155,0.10232912196953557
Nigardsbreen,2092-09-01,0.1467976005843342,-0.41471500327088995,0.0355997792197373
Nigardsbreen,2092-10-01,0.040780688956579776,0.1895037092152486,0.17408971771405302
Nigardsbreen,2092-11-01,0.19968054883404676,-0.09328942662659963,-0.07937846289351526
Nigardsbreen,2092-12-01,-0.1312504345252106,-0.1450571420353232,-0.07665980481498637
Nigardsbreen,2093-01-01,-0.10499774405768829,0.010402613777552675,0.2337804520152822
Nigardsbreen,2093-02-01,0.04726166960642141,0.5585142388487437,-0.12629673001580488
Nigardsbreen,2093-03-01,0.11064886608779889,0.31810326387237886,-0.1573763528382046
Nigardsbreen,2093-04-01,-0.010720003108286899,0.20808710421588938,0.2744006995762555
Nigardsbreen,2093-05-01,0.17101969489667393,0.25478423934403843,0.4096030044227206
Nigardsbreen,2093-06-01,-0.0006442303135951316,0.2257618761245391,0.21030314978083978
Nigardsbreen,2093-07-01,0.10068213023326611,-0.09524626921672269,0.1961359171523344
Nigardsbreen,2093-08-01,0.17239229660835534,-0.06095051609657245,0.10955155535395751
Nigardsbreen,2093-09-01,-0.026725521674141786,-0.16179916296623997,0.17242148989591313
Nigardsbreen,2093-10-01,0.07262568962560638,0.40272005530067645,-0.019704818166409687
Nigardsbreen,2093-11-01,-0.061772812918635546,-0.00923020110377925,-0.051150060372110395
Nigardsbreen,2093-12-01,0.3944060288558062,0.43765745242411985,0.06919319680362411
Nigardsbreen,2094-01-01,-0.06040271256308577,-0.2771890108349132,-0.09579131251786133
Nigardsbreen,2094-02-01,0.35651006139940056,0.17044858312583014,0.09986538196407281
Nigardsbreen,2094-03-01,-0.12280640654278376,-0.1003603298580736,0.2741617895949021
Nigardsbreen,2094-04-01,0.2366538851538318,0.3269855265781789,0.07161045296636336
Nigardsbreen,2094-05-01,0.29223234395785336,0.24811105591776675,-0.10930433316599268
Nigardsbreen,2094-06-01,0.24266190743264984,0.3196698338337372,-0.04949570940311812
Nigardsbreen,2094-07-01,0.09159575891757304,0.050942045594150644,-0.13764884998358284
Nigardsbreen,2094-08-01,0.21246521266009435,0.2863167310592083,0.3547215399538662
Nigardsbreen,2094-09-01,0.018558635867427366,0.07365421552476074,0.32758607832896314
Nigardsbreen,2094-10-01,0.431714215440163,0.12173298408281912,-0.15459280347481671
Nigardsbreen,2094-11-01,0.1492638568896976,-0.1027022051827597,-0.017035035191414152
Nigardsbreen,2094-12-01,-0.032513376418325184,0.3354036657024731,-0.06171651649679214
Nigardsbreen,2095-01-01,0.006370651633458541,0.17227013454080645,0.0028843987078550023
Nigardsbreen,2095-02-01,-0.2763340957391541,-0.27868776940157575,0.20259078237699424
Nigardsbreen,2095-03-01,-0.14423429485708697,0.26985067669409396,-0.17545076911064653
Nigardsbreen,2095-04-01,-0.13638189821986302,-0.07326595790501315,0.1880509784186379
Nigardsbreen,2095-05-01,-0.02913608434985511,0.23084110755631948,0.042149414079084714
Nigardsbreen,2095-06-01,0.15000728578124964,0.21153260972799529,0.11699032063484134
Nigardsbreen,2095-07-01,-0.008444360566253561,0.2563769988292967,0.16205231731554295
Nigardsbreen,2095-08-01,-0.003449244894091171,0.07487708220650727,-0.0010333629917371884
Nigardsbreen,2095-09-01,0.056482120865194295,0.33887227331297537,-0.09908762654059562
Nigardsbreen,2095-10-01,-0.07663137177190761,-0.03621236502766867,-0.1986427114799498
Nigardsbreen,2095-11-01,-0.09278849335546673,0.5314185102057819,0.08297417162943505
Nigardsbreen,2095-12-01,0.048749884929608356,0.30898099351411207,0.06531849675857908
Nigardsbreen,2096-01-01,0.0421052912524351,0.0477212582582194,0.008876755369517722
Nigardsbreen,2096-02-01,0.0732011985218438,0.15315300759544745,-0.017873288224141113
Nigardsbreen,2096-03-01,0.24145025928232478,-0.19603715831122936,-0.16292907803123913
Nigardsbreen,2096-04-01,0.18828705365885154,-0.00930776128186718,-0.1361593108923098
Nigardsbreen,2096-05-01,0.028667998517521498,0.06374508816645634,-0.1110068814205911
Nigardsbreen,2096-06-01,-0.09620966371268941,0.11968680029771929,-0.1811592643642559
Nigardsbreen,2096-07-01,-0.10874437204704206,0.06944192089534346,-0.02390845036171903
Nigardsbreen,2096-08-01,0.08808579251288934,-0.0033601715591093373,-0.09682861961330454
Nigardsbreen,2096-09-01,-0.032084045402770774,0.015798980644997795,-0.29089411183731423
Nigardsbreen,2096-10-01,0.11138608156154384,0.3449967578759019,-0.10000904272936521
Nigardsbreen,2096-11-01,0.12436209941252334,-0.10909930842244638,0.23389658407895383
Nigardsbreen,2096-12-01,0.03346649492899837,0.03302835815233291,0.10640597717241373
Nigardsbreen,2097-01-01,0.153253980203129,-0.4509946106273616,0.18743904828245847
Nigardsbreen,2097-02-01,0.17171738161050806,-0.12277081837910157,-0.32747485794962533
Nigardsbreen,2097-03-01,0.31141878751667135,0.4263484570181739,-0.04422636947644734
Nigardsbreen,2097-04-01,0.32138165297476956,-0.06453501170060313,-0.18982839963251252
Nigardsbreen,2097-05-01,0.14771953449370526,0.3734590731651212,-0.08548038018831179
Nigardsbreen,2097-06-01,0.1913504357541375,0.0941906892048731,0.028215554672442095
Nigardsbreen,2097-07-01,0.16718611851748644,-0.07520906229265956,0.18874577077784646
Nigardsbreen,2097-08-01,-0.17676110010870136,0.23617075094715564,0.11967116902204546
Nigardsbreen,2097-09-01,-0.13961534461054845,0.2654199552548691,0.11883024325757445
Nigardsbreen,2097-10-01,0.18252787129397582,0.46587619404317565,0.037089443506095214
Nigardsbreen,2097-11-01,-0.062112359896165405,-0.2823570842284512,0.010913935105799147
Nigardsbreen,2097-12-01,-0.02147140930617375,0.2162032597261286,0.24970388834376397
Nigardsbreen,2098-01-01,-0.021594104439392466,-0.09983653065889801,0.3457770998297787
Nigardsbreen,2098-02-01,0.045159392346891834,0.43310641778293224,0.18270073056082245
Nigardsbreen,2098-03-01,-0.20559751269432022,0.10691597309166483,-0.1202579012470607
Nigardsbreen,2098-04-01,0.2620778727645147,0.08534931457625682,-0.03518623897594849
Nigardsbreen,2098-05-01,0.20458717113654679,-0.045338179623662135,0.2509104050351104
Nigardsbreen,2098-06-01,0.009403289530535644,0.10398360703366161,0.18974542696762564
Nigardsbreen,2098-07-01,0.13887716922474605,0.2088129436432563,0.12902916659733457
Nigardsbreen,2098-08-01,0.2110336867941488,0.00421198927590644,0.12162799819745017
Nigardsbreen,2098-09-01,0.19098607362673892,0.21995177426920523,-0.03173661673550652
Nigardsbreen,2098-10-01,0.043011944747748,0.06083147667946909,-0.032056808315465715
Nigardsbreen,2098-11-01,0.10179752048466267,-0.2717090136214125,0.15158324229469844
Nigardsbreen,2098-12-01,-0.08758316387437891,0.2311536513599148,0.07570073016588033
Nigardsbreen,2099-01-01,0.08938105700130335,-0.37543222545186555,0.13608585180708524
Nigardsbreen,2099-02-01,0.2032496276953654,0.20840388774466448,0.20006791718468783
Nigardsbreen,2099-03-01,0.24665062031230814,0.16215074935356805,0.35583757029657564
Nigardsbreen,2099-04-01,-0.02428565877049693,0.08568809196405953,0.22919131324928124
Nigardsbreen,2099-05-01,0.007151324574412805,0.5652853565038392,0.2354369703234042
Nigardsbreen,2099-06-01,0.044282218261837814,0.13192923503035114,-3.693776091182507e-05
Nigardsbreen,2099-07-01,-0.06108528735083248,0.32693014832253314,0.3349041732147752
Nigardsbreen,2099-08-01,-0.15561011199153119,0.260535701545697,0.055530095958324234
Nigardsbreen,2099-09-01,0.11620688023627758,0.2680825376017415,0.27902496644498237
Nigardsbreen,2099-10-01,0.33980030032348657,0.1528379519934811,-0.18264334879464883
Nigardsbreen,2099-11-01,0.22083180118419712,0.19352573653310964,0.1944158843503311
Nigardsbreen,2099-12-01,0.0766181551801232,-0.14843662024459506,-0.12254438561891634
Nigardsbreen,2100-01-01,0.0572881859025814,-0.3022431865663311,-0.0060273249863426704
Nigardsbreen,2100-02-01,-0.2832371838104897,-0.79874214717328,0.023348581508637754
Nigardsbreen,2100-03-01,0.23536688219196059,-0.08082950152019523,0.14353306973929802
Nigardsbreen,2100-04-01,0.04342355275538009,0.4081093598366663,-0.01096705468782753
Nigardsbreen,2100-05-01,-0.023672544827932313,0.19835434932738483,-0.08074056492848096
Nigardsbreen,2100-06-01,-0.013788052796221126,0.300138857666502,0.09313392488359501
Nigardsbreen,2100-07-01,-0.026910571165643427,0.08370653884991429,0.21739444604005811
Nigardsbreen,2100-08-01,-0.053466598235910066,-0.03614577110326999,0.20427411054717037
Nigardsbreen,2100-09-01,0.13083526941962334,-0.13418006423960482,-0.040489877652507805
Nigardsbreen,2100-10-01,-0.019170404664891158,0.2681359830706069,-0.28029903784174687
Nigardsbreen,2100-11-01,-0.16529237514967657,0.23568177980979424,0.03683797392305319
Nigardsbreen,2100-12-01,-0.18101750012973208,0.3549812292959074,0.07918224012243054
Rembesdalskaka,2015-01-01,-0.02285637066938247,0.6126405942325058,0.35238257258634875
Rembesdalskaka,2015-02-01,-0.47746273315570975,0.32713885252982694,0.027927730670802356
Rembesdalskaka,2015-03-01,-0.24195520967888826,0.16487330726780286,-0.40797650048761974
Rembesdalskaka,2015-04-01,-0.14076580548645767,-0.2754688644398346,-0.007701012740250608
Rembesdalskaka,2015-05-01,-0.17568683998939102,-0.25993169300873453,-0.3080097149293801
Rembesdalskaka,2015-06-01,0.16559786309645336,0.012311862587424892,0.05179684384970865
Rembesdalskaka,2015-07-01,0.11396994469736332,0.0778128352972306,-0.031583152021581656
Rembesdalskaka,2015-08-01,-0.12472120328973076,0.036229889088106315,-0.5922216696939056
Rembesdalskaka,2015-09-01,-0.3442109893765129,0.16123260224544253,0.10928145302219934
Rembesdalskaka,2015-10-01,-0.6034573307522808,0.08071180602439885,-0.5994571657561311
Rembesdalskaka,2015-11-01,0.5102104302844969,0.049043764283516034,-0.24717628694707258
Rembesdalskaka,2015-12-01,-0.1113190161595425,0.07658209745063575,0.3685955910256678
Rembesdalskaka,2016-01-01,0.13916890195775747,0.46315119599576887,-0.09996388067342665
Rembesdalskaka,2016-02-01,-0.03660666319780805,-0.2377645874707657,0.1329712871019557
Rembesdalskaka,2016-03-01,-0.12528662791857462,0.13284349016180994,-0.39601097263358076
Rembesdalskaka,2016-04-01,0.27209017097784777,-0.03159313155854996,-0.14426316649084178
Rembesdalskaka,2016-05-01,-0.11409378619632056,0.8124563194703484,0.04200157055613144
Rembesdalskaka,2016-06-01,-0.23184718270752422,-0.36682691274534074,0.06047575449592587
Rembesdalskaka,2016-07-01,-0.4347504956662047,-0.1839322523081058,0.10245570045743867
Rembesdalskaka,2016-08-01,-0.12821352399429214,0.17377017639341877,-0.35478477709600725
Rembesdalskaka,2016-09-01,-0.45366424094519414,-0.4833089716069308,-0.4534307578266367
Rembesdalskaka,2016-10-01,-0.041555363253037964,-0.3734302338284115,0.4022435718976413
Rembesdalskaka,2016-11-01,-0.08826858556781043,-0.02499675883554189,-0.3395618812388113
Rembesdalskaka,2016-12-01,0.13346595240924966,-0.03163788955710597,-0.23485255525012083
Rembesdalskaka,2017-01-01,0.052855837090072404,0.5142234917696913,-0.3677422917603872
Rembesdalskaka,2017-02-01,-0.21575195083712093,0.638287179768919,0.297029341740593
Rembesdalskaka,2017-03-01,-0.3516430270305005,0.6733039435476981,-0.2924354851809836
Rembesdalskaka,2017-04-01,-0.12104671159435193,-0.13447307338645673,-0.21603606960925767
Rembesdalskaka,2017-05-01,-0.05589397160151558,0.3128819123585214,-0.20564307688664693
Rembesdalskaka,2017-06-01,-0.1877864883168403,-0.20262913637400218,0.3473408404005007
Rembesdalskaka,2017-07-01,-0.3138145394183644,-0.2549316809869805,-0.0717457679270639
Rembesdalskaka,2017-08-01,0.11405103866640831,-0.28016848807814904,-0.07353719327681223
Rembesdalskaka,2017-09-01,0.21642371313786066,0.22520514459451102,0.13505613027870597
Rembesdalskaka,2017-10-01,0.010941663145549008,-0.7429356400746658,-0.17519498764600838
Rembesdalskaka,2017-11-01,-0.04153079394433274,0.1412963928457112,-0.08560971866037703
Rembesdalskaka,2017-12-01,-0.5316810948037206,-0.8890257459068516,-0.14472855948644234
Rembesdalskaka,2018-01-01,-0.45818133725157745,-0.41591702762509364,0.31126493605197997
Rembesdalskaka,2018-02-01,0.05590499090968113,-0.3625339416307482,0.12748251065806313
Rembesdalskaka,2018-03-01,-0.4166095215352334,-0.01485864826230192,0.29734812546304296
Rembesdalskaka,2018-04-01,-0.18226867415951645,0.1311375235592204,-0.23884995045159677
Rembesdalskaka,2018-05-01,-0.47081896947501384,-0.3027057363548538,-0.23482178920892502
Rembesdalskaka,2018-06-01,0.16793443346267956,-0.11745154635714246,-0.1644512627415604
Rembesdalskaka,2018-07-01,0.04879920767014375,0.13583440568509064,-0.3717337573025899
Rembesdalskaka,2018-08-01,-0.033691762004443855,0.24072307231841625,-0.3944470185027836
Rembesdalskaka,2018-09-01,-0.4435496931029746,-0.7146348180893787,-0.47594310697174996
Rembesdalskaka,2018-10-01,-0.12257797777551492,0.13168230874508224,0.06696693361242628
Rembesdalskaka,2018-11-01,-0.1751165205869749,-0.052152800833686765,0.3224351008603205
Rembesdalskaka,2018-12-01,0.33688455721280625,-0.6418782775927311,0.39229297377670863
Rembesdalskaka,2019-01-01,-0.17416324519431944,-0.9767927249499472,-0.49306697101415486
Rembesdalskaka,2019-02-01,-0.11979775140765686,-0.6011129818750539,0.3135896176447098
Rembesdalskaka,2019-03-01,0.042016897600869685,-0.16683398544555397,-0.5635949166618734
Rembesdalskaka,2019-04-01,-0.36938282581313114,-0.21569051935938843,0.21687761960757893
Rembesdalskaka,2019-05-01,-0.10080735926536549,-0.7697972240920256,0.3871697855707868
Rembesdalskaka,2019-06-01,-0.21232998631389158,0.1198946613861467,0.45278278111803244
Rembesdalskaka,2019-07-01,-0.25436230142817284,0.052484532084939806,-0.23737706870845207
Rembesdalskaka,2019-08-01,-0.33422095212522174,-0.21234785875198062,-0.26557552591953965
Rembesdalskaka,2019-09-01,0.14856765141684583,-0.10733766733892906,-0.19476371758307218
Rembesdalskaka,2019-10-01,-0.1253269403558718,0.14484934655888143,0.12986965927266883
Rembesdalskaka,2019-11-01,-0.2498608584326185,0.6555600853664187,-0.2588653967253629
Rembesdalskaka,2019-12-01,-0.16195186632495306,-0.3921119557365647,0.008858952652360494
Rembesdalskaka,2020-01-01,0.341650787052414,0.15808702340806002,-0.4328048389633459
Rembesdalskaka,2020-02-01,-0.03540508460825906,0.5345276360515702,0.24880168340617068
Rembesdalskaka,2020-03-01,-0.7369211485292405,-0.05009155736635953,0.018387108529980007
Rembesdalskaka,2020-04-01,-0.46670460609596437,-0.03566858310337916,-0.21053516292327001
Rembesdalskaka,2020-05-01,0.13542836265090363,0.09751351791378508,-0.29846325947597246
Rembesdalskaka,2020-06-01,-0.27462373564766446,-0.007081563705152683,0.08688439128955776
Rembesdalskaka,2020-07-01,0.05744344624996676,-0.3931056927130774,-0.2643255978337305
Rembesdalskaka,2020-08-01,-0.1874428677172321,-0.08609886275982674,-0.17030430491140516
Rembesdalskaka,2020-09-01,0.2708166050393337,-0.39257393387110123,0.44173052310000965
Rembesdalskaka,2020-10-01,-0.7364180127256654,0.29968284042964066,0.19198879562728047
Rembesdalskaka,2020-11-01,-0.3560652645306997,0.06452938945161411,-0.24476389086655925
Rembesdalskaka,2020-12-01,-0.1762098538079441,-0.01879395850683099,-0.6797067598955925
Rembesdalskaka,2021-01-01,0.15113376394430045,-0.2138390348670155,0.6707973376649657
Rembesdalskaka,2021-02-01,-0.21415397674382416,0.5642812899705686,0.3731643973526419
Rembesdalskaka,2021-03-01,0.5435230464032487,0.6622759093972772,-0.1559825309453147
Rembesdalskaka,2021-04-01,-0.4863568933722089,-0.1582925874459835,0.3825625642857095
Rembesdalskaka,2021-05-01,0.0786356649048258,0.10043356165637575,0.008457233483901984
Rembesdalskaka,2021-06-01,-0.19047013973356441,-0.11354280496181908,-0.21743394369286553
Rembesdalskaka,2021-07-01,-0.10123556054918696,-0.4205987055698949,0.09001345638353947
Rembesdalskaka,2021-08-01,-0.013693279951725382,-0.6021354438600138,-0.13206346832213353
Rembesdalskaka,2021-09-01,0.1973885531889772,-0.3966425947735331,-0.16226916208820116
Rembesdalskaka,2021-10-01,0.2578455040523067,-0.4845676293138899,-0.5155009547593273
Rembesdalskaka,2021-11-01,-0.17160193854688088,0.0019575163700656997,-0.23976589085440272
Rembesdalskaka,2021-12-01,0.3144156192430007,-0.4429008148710299,0.33446633682219185
Rembesdalskaka,2022-01-01,-0.1911583929008477,-0.3921993973241698,-0.06955269770694406
Rembesdalskaka,2022-02-01,0.16555749444216586,-0.4921262676156968,-0.29121295507030354
Rembesdalskaka,2022-03-01,-0.8522018407206501,-0.33591471793733607,-0.8113736716137571
Rembesdalskaka,2022-04-01,-0.10965470310386416,-0.8300999611118837,0.4076373969793403
Rembesdalskaka,2022-05-01,-0.06699107303783769,-0.37236860686421897,-0.2709239638864154
Rembesdalskaka,2022-06-01,0.10666433455871908,-0.13271096265414042,-0.1729536288183188
Rembesdalskaka,2022-07-01,0.23491146811524363,-0.10509628605120093,-0.0876824698478912
Rembesdalskaka,2022-08-01,0.027717249562210028,0.03390362492692487,-0.49536553343659
Rembesdalskaka,2022-09-01,-0.07295413907093069,-0.35665347419533666,-0.18326576787660973
Rembesdalskaka,2022-10-01,0.3227339397908062,-0.4035099883604247,0.26559373811894915
Rembesdalskaka,2022-11-01,-0.21160881083155947,-0.9489605989422986,0.18061305642218128
Rembesdalskaka,2022-12-01,0.1571744258623576,0.2327205722454387,0.5017988058091191
Rembesdalskaka,2023-01-01,0.362725217588088,0.04078694154753797,0.2837048098903935
Rembesdalskaka,2023-02-01,0.10499701443143687,-0.1945632714687717,-0.17810449485596214
Rembesdalskaka,2023-03-01,0.27283522656292064,-1.1669861808654338,0.16510141879589793
Rembesdalskaka,2023-04-01,-0.428391533992807,-0.3185233843909151,-0.061798994444183984
Rembesdalskaka,2023-05-01,0.2509523410469961,0.026727626280720587,-0.26998521107847323
Rembesdalskaka,2023-06-01,-0.04061913508297315,-0.10757968546274965,-0.4435977808458505
Rembesdalskaka,2023-07-01,-0.4166373250442887,-0.26381932388851226,0.11491681939976987
Rembesdalskaka,2023-08-01,0.11795105385351311,-0.19718562243433282,-0.5831856602128139
Rembesdalskaka,2023-09-01,0.42274800414386066,0.33983803098876564,0.3737273735406555
Rembesdalskaka,2023-10-01,0.43890092169230127,0.868834015151594,-0.23870589139608675
Rembesdalskaka,2023-11-01,0.1062522138763368,-0.38521273253401084,-0.022004351906998326
Rembesdalskaka,2023-12-01,-0.07891557890558075,-0.17929389663767606,0.028006485294753827
Rembesdalskaka,2024-01-01,-0.1308934516229366,1.1082536583472156,-1.0799024092303504
Rembesdalskaka,2024-02-01,0.21030619584983246,-0.7246302075797427,-0.09379257867077095
Rembesdalskaka,2024-03-01,0.04402273539354567,-0.017434817475321492,-0.22891504572058566
Rembesdalskaka,2024-04-01,-0.34966744479902695,0.2583156034339517,-0.060113907756499725
Rembesdalskaka,2024-05-01,0.23540827147849672,0.521567121487715,-0.33491852848682147
Rembesdalskaka,2024-06-01,0.024560574654223715,-0.10466005105449001,-0.22571877378312225
Rembesdalskaka,2024-07-01,-0.07486186835979117,0.02687039002708771,0.010818366871578671
Rembesdalskaka,2024-08-01,-0.18463457306628908,0.08569966832606278,-0.1794114605761937
Rembesdalskaka,2024-09-01,0.38642714591591076,0.1905266426678737,-0.12459725325455029
Rembesdalskaka,2024-10-01,-0.37232416252240247,0.16066522734786134,-0.5278359397490956
Rembesdalskaka,2024-11-01,0.09161760380208163,0.16460914771737117,-0.18077769833630497
Rembesdalskaka,2024-12-01,0.09563873610758829,0.10895586861564772,-0.7221889876059048
Rembesdalskaka,2025-01-01,-0.1580640122610569,-0.06481112164385101,-0.10976095026161192
Rembesdalskaka,2025-02-01,0.12449545924021697,-0.1599019496319495,0.15005714638033318
Rembesdalskaka,2025-03-01,0.5183224445140998,-0.22434728608029306,0.09847813280917032
Rembesdalskaka,2025-04-01,-0.2408821221073257,-0.8685875153040464,0.5324774102707012
Rembesdalskaka,2025-05-01,-0.32374277192971873,-0.22409701874958024,-0.03833075020037372
Rembesdalskaka,2025-06-01,0.31300434770053503,0.01746904587048039,0.24790929083679325
Rembesdalskaka,2025-07-01,-0.31594303492125275,-0.09992636863605371,-0.07300598087932184
Rembesdalskaka,2025-08-01,0.11260981781398142,-0.3452397611954317,0.14906197376984198
Rembesdalskaka,2025-09-01,0.3607562911365401,-0.453429151310478,0.3384388872396579
Rembesdalskaka,2025-10-01,-0.03988702577782236,-0.023132399711218166,0.10833175964910075
Rembesdalskaka,2025-11-01,-0.05080617244320205,-0.11182759648379735,-0.05283672038869486
Rembesdalskaka,2025-12-01,-0.5014629384388184,-0.076262869494965,0.20679818616244172
Rembesdalskaka,2026-01-01,-0.350634509085532,-0.7072365677170879,0.39400570758841064
Rembesdalskaka,2026-02-01,-0.2748201513379933,-0.0620363220407242,-0.6568457147665303
Rembesdalskaka,2026-03-01,-0.5740013164258865,-0.015928637482810332,-0.2777323390334024
Rembesdalskaka,2026-04-01,-0.5741105317823383,-0.02135876365660046,-0.12143439619326095
Rembesdalskaka,2026-05-01,-0.015537868707464734,-0.2035054499525721,-0.29287128112451777
Rembesdalskaka,2026-06-01,-0.1010063431494403,-0.07124080844428214,-0.5266231192757108
Rembesdalskaka,2026-07-01,0.12397794792847916,-0.24321563898262136,-0.10456585581999812
Rembesdalskaka,2026-08-01,-0.5866607594521519,0.11418357887195063,-0.0037869578742565912
Rembesdalskaka,2026-09-01,0.055025022449889806,0.15046129310805337,0.15485812252007417
Rembesdalskaka,2026-10-01,-0.47901430036547493,-0.656577752602569,-0.2533611541687912
Rembesdalskaka,2026-11-01,-0.30921758742676303,0.020421843906207608,-0.2780096019916267
Rembesdalskaka,2026-12-01,0.208282205955992,-0.8901922709475478,0.41587809784435487
Rembesdalskaka,2027-01-01,0.3624003720024281,-1.1909212563966234,-0.30692959693705296
Rembesdalskaka,2027-02-01,-0.16527294191027228,0.5365186898927231,0.274749255899019
Rembesdalskaka,2027-03-01,0.08172596543660855,0.19347105411697485,-0.5686924730306062
Rembesdalskaka,2027-04-01,-0.2772372457376934,-0.3353932178580756,0.4929472638211238
Rembesdalskaka,2027-05-01,0.04420098455522651,0.2721995369947026,-0.006324910269393423
Rembesdalskaka,2027-06-01,-0.20642051144357565,-0.2904114783110465,-0.061714756763798694
Rembesdalskaka,2027-07-01,-0.017589178494229953,-0.10738968032677533,-0.08166576237279946
Rembesdalskaka,2027-08-01,-0.17695528620698597,-0.1090336477416819,0.01863055133090321
Rembesdalskaka,2027-09-01,0.1714524818792346,-0.44093705837256,-0.23267060820245225
Rembesdalskaka,2027-10-01,-0.399529438459503,-0.19009220908916938,-0.16493914433095502
Rembesdalskaka,2027-11-01,0.22617629200569334,-0.36674469347272565,-0.21334613203676808
Rembesdalskaka,2027-12-01,-0.03813770343485429,0.15820255662810492,0.2034098874258675
Rembesdalskaka,2028-01-01,0.4536823735090774,0.43336915397395037,0.720820007328169
Rembesdalskaka,2028-02-01,-0.044868735718113395,1.1237273860005639,-0.17431256479468962
Rembesdalskaka,2028-03-01,0.08320408433283814,-0.42261775611370095,0.46007479823284614
Rembesdalskaka,2028-04-01,0.47815490524485843,-0.0315607846784542,-0.16551912446147807
Rembesdalskaka,2028-05-01,0.0002736114079337192,-0.1253288469191495,0.10110650916604873
Rembesdalskaka,2028-06-01,-0.0013904865107445888,0.11161489162239524,0.0011390800790855489
Rembesdalskaka,2028-07-01,0.18186426974330558,-0.2436945229317178,-0.3008798357066486
Rembesdalskaka,2028-08-01,0.026846597165523716,-0.6279358528795412,0.15372812445954553
Rembesdalskaka,2028-09-01,0.07176705489978188,-0.3458705715228236,0.13230610557126818
Rembesdalskaka,2028-10-01,0.015675702988535403,0.16615402968956122,0.4374098357218792
Rembesdalskaka,2028-11-01,0.034674148053787456,-0.006210392505033103,0.3033674207891897
Rembesdalskaka,2028-12-01,-0.2949748491250011,0.5441690837542388,0.762710367591824
Rembesdalskaka,2029-01-01,-0.20492259754803668,-0.3838420099356756,-0.5950234390194545
Rembesdalskaka,2029-02-01,-0.08453471143314674,-0.6702577892643676,0.49677985728017265
Rembesdalskaka,2029-03-01,0.32981753507346145,-0.625371252723541,0.4594861520402653
Rembesdalskaka,2029-04-01,-0.2943660289036243,0.1409237557570225,0.45017179428348925
Rembesdalskaka,2029-05-01,0.30156842265596445,-0.24843396780573923,0.16486677576653166
Rembesdalskaka,2029-06-01,-0.16268707987920727,-0.040446564322500635,0.032967091741082144
Rembesdalskaka,2029-07-01,-0.032444483705522366,0.016079206504927026,-0.17592659585492335
Rembesdalskaka,2029-08-01,-0.15098771223068777,-0.02639011751107247,0.11276484369494218
Rembesdalskaka,2029-09-01,0.10872967255434525,-0.33811683723236,0.24158631693393864
Rembesdalskaka,2029-10-01,-0.25933923601052566,-1.028750277510358,-0.2615600851620786
Rembesdalskaka,2029-11-01,-0.8181523944046659,-0.014880373096691152,0.3835859914895159
Rembesdalskaka,2029-12-01,-0.35156610759506873,-0.12439024306804077,0.16999710648272723
Rembesdalskaka,2030-01-01,0.3510454479831557,0.38174380668887226,0.10719554962539674
Rembesdalskaka,2030-02-01,-0.08341469714506912,-0.7817443274343594,-0.25286817394395317
Rembesdalskaka,2030-03-01,-0.08723995221210339,-0.45388110602741777,0.20364342112714393
Rembesdalskaka,2030-04-01,-0.81052931283274,-1.0350864443633172,-0.003961495320784857
Rembesdalskaka,2030-05-01,0.10490291596876089,0.1609569043693437,0.2045892604959744
Rembesdalskaka,2030-06-01,0.018617281644211264,-0.37386770619805526,0.040172303513518415
Rembesdalskaka,2030-07-01,-0.21987532583710725,0.04283454706027079,-0.23577219988886847
Rembesdalskaka,2030-08-01,-0.12819223088695558,-0.23224868001143048,0.04960985705127871
Rembesdalskaka,2030-09-01,-0.027540765606665876,-0.4922590735994043,0.16580615946173063
Rembesdalskaka,2030-10-01,-0.38796784214455987,-0.7418706678299278,-0.06641142433831597
Rembesdalskaka,2030-11-01,-0.23003867973427794,-0.12375560012295185,0.48415361761138315
Rembesdalskaka,2030-12-01,0.3387347490250727,0.48510645953348286,0.006355050335121483
Rembesdalskaka,2031-01-01,-0.6297563332952862,-0.06660987614560608,-0.02253752032061887
Rembesdalskaka,2031-02-01,-0.14222460701848413,0.23803945009330088,-1.006151310936111
Rembesdalskaka,2031-03-01,0.22264767363937768,0.4746648445621952,-0.511879332432559
Rembesdalskaka,2031-04-01,-0.3853025205289838,-0.14868998079130058,0.06347040272508375
Rembesdalskaka,2031-05-01,0.03720627744509646,0.03430914070881256,-0.03530373825906968
Rembesdalskaka,2031-06-01,-0.06966312431522916,-0.10443160937088526,-0.11656876461611225
Rembesdalskaka,2031-07-01,0.16563893168878693,0.061707189751736106,-0.24032308143546832
Rembesdalskaka,2031-08-01,-0.09566699207437324,-0.2629620734081049,-0.019001257643211197
Rembesdalskaka,2031-09-01,-0.053632588295592164,0.19971661655141473,-0.3691296915827684
Rembesdalskaka,2031-10-01,-0.5129091988606138,-0.25905644788190246,-0.10185896961969414
Rembesdalskaka,2031-11-01,-0.4202407605002029,0.05688234521441916,0.0986363243252016
Rembesdalskaka,2031-12-01,-0.5082088732516125,-0.8726153892266008,-0.44846844553047854
Rembesdalskaka,2032-01-01,-0.25680622018658833,0.17597933052374792,0.4499384436338278
Rembesdalskaka,2032-02-01,0.3507893239494335,-0.309317611977228,0.5926360555374602
Rembesdalskaka,2032-03-01,0.3057664042617823,0.0021288634101236173,-0.39064733479884445
Rembesdalskaka,2032-04-01,-0.13788930833745214,-0.2675475881032514,-0.736254703475763
Rembesdalskaka,2032-05-01,-0.04643254581767107,-0.11616892736199995,0.14200458167276414
Rembesdalskaka,2032-06-01,0.062392062617069456,0.06667447940370362,-0.013475469157019701
Rembesdalskaka,2032-07-01,-0.18740239570657666,-0.20279929810159647,-0.04893981466933802
Rembesdalskaka,2032-08-01,0.023217083617201578,0.20945759556499058,-0.022120948404191793
Rembesdalskaka,2032-09-01,0.18954486437324858,-0.32817332171938823,-0.10188812588339145
Rembesdalskaka,2032-10-01,-0.14495635182852915,-0.8125273069561599,-0.16105606764389738
Rembesdalskaka,2032-11-01,-0.48311006215416924,-0.05593881118353206,-0.18801832345109934
Rembesdalskaka,2032-12-01,-0.04318899411290628,0.5396112049767106,0.29331325022718874
Rembesdalskaka,2033-01-01,-0.2601571364311015,0.1511523470627048,0.07485840045705662
Rembesdalskaka,2033-02-01,0.08256441498594486,-0.449531681161238,-0.8626787161199537
Rembesdalskaka,2033-03-01,-0.7292654252723426,0.5821819796652185,-0.5158984409769801
Rembesdalskaka,2033-04-01,0.2592350033596685,0.09405319379630385,0.056254700864221574
Rembesdalskaka,2033-05-01,-0.05125703346695829,-0.48020425932108096,-0.3807896074776032
Rembesdalskaka,2033-06-01,0.17338974267910223,-0.49298802260850855,0.025200198084123947
Rembesdalskaka,2033-07-01,-0.07301395914462842,0.1661661120458093,-0.03001187667504431
Rembesdalskaka,2033-08-01,-0.23968922544826463,-0.31881750508189666,-0.10260902253275583
Rembesdalskaka,2033-09-01,-0.03385055574197999,0.059018349102165725,-0.3683816095205108
Rembesdalskaka,2033-10-01,-0.034672048589438516,-0.303686013976975,-0.13286834955867735
Rembesdalskaka,2033-11-01,-0.11584423144225346,0.13561385751648777,-0.45394022741303813
Rembesdalskaka,2033-12-01,0.422784980879844,-0.21592062644247756,0.23095865692715725
Rembesdalskaka,2034-01-01,0.018330068671874478,-0.38864603691234184,-0.34935507014838896
Rembesdalskaka,2034-02-01,-0.4573439797498173,-0.7737678804420368,0.39266950066281797
Rembesdalskaka,2034-03-01,0.2769781638939628,-0.4065577677382903,-0.7554445660330703
Rembesdalskaka,2034-04-01,-0.2072638712518219,0.4544072542256758,-0.284120094817647
Rembesdalskaka,2034-05-01,-0.4896363492124882,-0.2544019001185592,0.06281122967829068
Rembesdalskaka,2034-06-01,0.2711422366190521,-0.12230281885993377,0.4465022852401322
Rembesdalskaka,2034-07-01,-0.3979339297413193,0.18225304810614676,-0.02894568573920046
Rembesdalskaka,2034-08-01,-0.4359308102449837,-0.1597560338657695,0.08403484308320418
Rembesdalskaka,2034-09-01,-0.039976727420760236,-0.7692750093447174,0.20329568751134586
Rembesdalskaka,2034-10-01,-0.3095341704934338,-0.41740763577125567,-0.14980608268801457
Rembesdalskaka,2034-11-01,-0.1801796525856563,0.1658416156536697,-0.4321443374933216
Rembesdalskaka,2034-12-01,-0.3395538300880521,-0.2059811104034437,-0.2781705657417291
Rembesdalskaka,2035-01-01,0.3213929349210125,-0.08352426925046408,0.5409296186258209
Rembesdalskaka,2035-02-01,-0.07575397061647095,-0.6108579524686069,0.11702637759441599
Rembesdalskaka,2035-03-01,-0.09136974451390939,-0.331343003668736,0.5043996705936507
Rembesdalskaka,2035-04-01,0.27775252355801294,-0.2502544749871533,-0.012349137874682477
Rembesdalskaka,2035-05-01,-0.5071298066991372,-0.4876653170448579,-0.2186338041183622
Rembesdalskaka,2035-06-01,-0.034331486962147335,0.03444174932153002,0.25477454458523086
Rembesdalskaka,2035-07-01,-0.40237031876224455,-0.18847785752750748,-0.09888381845507244
Rembesdalskaka,2035-08-01,0.1979830344456681,0.09354913242213753,0.2779572991743882
Rembesdalskaka,2035-09-01,-0.15725902041082626,-0.14982441921351797,0.10088886857821726
Rembesdalskaka,2035-10-01,-0.0019199230280823553,0.36540554324111635,-0.0874937793036495
Rembesdalskaka,2035-11-01,0.2489391209964905,0.4275498074779471,0.008415827238683525
Rembesdalskaka,2035-12-01,0.09139824330324219,-0.35252722230981165,-0.3465707468439206
Rembesdalskaka,2036-01-01,-0.14811770983441422,-0.0615198386261874,-0.3239846378740088
Rembesdalskaka,2036-02-01,-0.21711869879671722,0.2487968622704042,-0.17849658903014398
Rembesdalskaka,2036-03-01,0.19965828982827208,0.040374982445612974,0.7494758787295526
Rembesdalskaka,2036-04-01,0.3215684209181658,0.26920205574448586,-0.29491384975562873
Rembesdalskaka,2036-05-01,-0.02593993928163081,-0.28245419569228447,-0.2667265929807925
Rembesdalskaka,2036-06-01,-0.07665974195354903,0.11234146880616942,-0.24129841964596577
Rembesdalskaka,2036-07-01,0.057315063154290635,0.3589182746307005,0.10307297154630046
Rembesdalskaka,2036-08-01,-0.10085754441800893,-0.027678878651987076,-0.08162881891449372
Rembesdalskaka,2036-09-01,-0.14980963908139625,0.3160146789063263,-0.459182478813666
Rembesdalskaka,2036-10-01,-0.11493322677435143,0.39197468822558307,-0.036196672895247584
Rembesdalskaka,2036-11-01,-0.1536640429563159,0.040005898517279426,-0.31820914508341275
Rembesdalskaka,2036-12-01,-0.34947780261379674,0.3911727797241313,-0.05380109156240901
Rembesdalskaka,2037-01-01,-0.06421571869565927,0.20276225551106894,0.3950212093264407
Rembesdalskaka,2037-02-01,0.2983944573166429,0.6853447983229017,-0.07534270445697486
Rembesdalskaka,2037-03-01,0.9173286054690705,-0.17451302321198217,0.05678823818972951
Rembesdalskaka,2037-04-01,-0.0551134325012319,0.433364705683722,-0.19373071371515427
Rembesdalskaka,2037-05-01,0.046734484977501184,-0.4264012955071501,0.06766098399490544
Rembesdalskaka,2037-06-01,0.13015841196300176,-0.10764388561760245,-0.06607379999653501
Rembesdalskaka,2037-07-01,0.31385885105020206,-0.055244647498441456,-0.16392300723552947
Rembesdalskaka,2037-08-01,-0.3521753940686121,0.12368582920592937,-0.005603024496768939
Rembesdalskaka,2037-09-01,-0.5586345025054887,0.3550297705003933,0.01673319732913219
Rembesdalskaka,2037-10-01,0.19043215997032795,0.9888713378056707,-0.17772984998924665
Rembesdalskaka,2037-11-01,0.17612622532082547,0.04351456193669412,-0.34630906813977697
Rembesdalskaka,2037-12-01,-0.21504481246106008,-0.13771379856508317,0.2721639787504909
Rembesdalskaka,2038-01-01,-0.17636644832953965,0.3659606449790378,-0.20846375578431872
Rembesdalskaka,2038-02-01,0.20430777590938762,0.004882069105006405,-0.10919443975107045
Rembesdalskaka,2038-03-01,0.4749529189861382,0.26666922339414983,-0.3714016606209236
Rembesdalskaka,2038-04-01,-0.054533590130161014,-0.6191770909940398,0.4771197410943037
Rembesdalskaka,2038-05-01,-0.04271022280672184,-0.15931773058933849,-0.4235277201115861
Rembesdalskaka,2038-06-01,0.05454537050801735,-0.003390826222549763,-0.01910632694957795
Rembesdalskaka,2038-07-01,-0.11458936234011374,-0.03093032198478161,-0.12193802660461302
Rembesdalskaka,2038-08-01,0.1636172080981015,0.31956898060628264,-0.1703790740457792
Rembesdalskaka,2038-09-01,0.39960832814428476,-0.07097836011151429,0.2343694905466435
Rembesdalskaka,2038-10-01,0.060724903042471,-0.11009882644989931,0.3809535341289753
Rembesdalskaka,2038-11-01,0.533834690562763,0.1580334577199685,0.18234916526972175
Rembesdalskaka,2038-12-01,-0.6129080431887604,0.8723959026156779,0.6143135735613946
Rembesdalskaka,2039-01-01,-0.2849366300745791,0.5095144103531771,0.06335876258725433
Rembesdalskaka,2039-02-01,-0.07251883318616582,-0.48887162526301475,-0.18968982086639993
Rembesdalskaka,2039-03-01,-0.21306389601864803,-0.5217010449992433,-0.2954671584963915
Rembesdalskaka,2039-04-01,0.1862980695402455,-0.5955764687429562,-0.6265002712314077
Rembesdalskaka,2039-05-01,0.1348489736513981,-0.31663334275880356,-0.22608384950026994
Rembesdalskaka,2039-06-01,-0.12401269346327844,0.09111339561357436,-0.4102089456664911
Rembesdalskaka,2039-07-01,-0.1028706288139291,-0.15008050765517253,-0.1653305869632649
Rembesdalskaka,2039-08-01,-0.16535632428413294,0.12536057415206336,-0.2552123295911723
Rembesdalskaka,2039-09-01,-0.4962250940190021,0.03730071277571875,-0.0998238985027452
Rembesdalskaka,2039-10-01,-0.35108954012406696,0.20484116351513293,0.15112641880859656
Rembesdalskaka,2039-11-01,0.08320819846789847,-0.10392263131682382,0.08748194274507419
Rembesdalskaka,2039-12-01,-0.002815575138952274,0.40662036356783876,0.15430460714163668
Rembesdalskaka,2040-01-01,-0.4347359439169544,0.2833686154808878,1.0509002292525638
Rembesdalskaka,2040-02-01,-0.6049922157396281,0.04439182679325041,0.1601742552347815
Rembesdalskaka,2040-03-01,-0.05964062588977683,0.32782817751235144,0.41410345912866714
Rembesdalskaka,2040-04-01,0.4671868172754982,0.24142117170833788,-0.2772548862822029
Rembesdalskaka,2040-05-01,-0.26037360120984454,-0.13133560745999712,-0.19882288383533706
Rembesdalskaka,2040-06-01,-0.04338120971595483,0.002260608110913283,-0.16601391822361838
Rembesdalskaka,2040-07-01,0.0067438992676241635,-0.3690637291923471,0.0059717247823681706
Rembesdalskaka,2040-08-01,0.2919447907245596,-0.18496099252613885,-0.051461391709632376
Rembesdalskaka,2040-09-01,-0.14427972185386947,-0.07882087322978322,0.08660822534237018
Rembesdalskaka,2040-10-01,-0.1616964491182398,0.3823904249866013,-0.19351556330860342
Rembesdalskaka,2040-11-01,0.20773316705478995,0.565036805267431,-0.02568431734887358
Rembesdalskaka,2040-12-01,0.43186451212913807,-0.5194935660995513,0.3174485530063391
Rembesdalskaka,2041-01-01,0.23995381753539377,0.0772872962191317,-0.2151950846491343
Rembesdalskaka,2041-02-01,0.23706479858140517,0.21134140999620202,-0.452729692818613
Rembesdalskaka,2041-03-01,-0.01812313586199948,-0.09636038281592507,-0.12364783333481043
Rembesdalskaka,2041-04-01,0.02152506988701509,0.0802565698643206,-0.23992656508347154
Rembesdalskaka,2041-05-01,-0.2426116698432553,-0.20423674104032022,0.0002629859125175456
Rembesdalskaka,2041-06-01,-0.45297041726165094,-0.09439282076774662,-0.2436985335575237
Rembesdalskaka,2041-07-01,0.04017147516436992,-0.23992787351688727,0.060930964153741905
Rembesdalskaka,2041-08-01,-0.16449872145402866,-0.2536491138078966,-0.27893442589129785
Rembesdalskaka,2041-09-01,-0.8049504763518721,-0.1033890812629643,0.2118422360438413
Rembesdalskaka,2041-10-01,-0.20736942214631282,-0.1724341791888393,0.2754448754820753
Rembesdalskaka,2041-11-01,0.1786497895077396,0.34905771748968356,0.06763848694945039
Rembesdalskaka,2041-12-01,-0.010665508831956624,-0.8085045220266194,0.21229942075973987
Rembesdalskaka,2042-01-01,0.3583402357909029,0.3011810278467166,-0.22129772980965146
Rembesdalskaka,2042-02-01,-0.11961484640313381,0.5868363719595225,-0.7496794839318391
Rembesdalskaka,2042-03-01,0.09495411860371296,0.06471587740413536,-0.30490161312876823
Rembesdalskaka,2042-04-01,0.06100809721234593,-0.2007028651071933,-0.6857272081027374
Rembesdalskaka,2042-05-01,-0.20592214015053278,-0.032424732283338635,-0.27433097816650365
Rembesdalskaka,2042-06-01,-0.09344762088051171,-0.31412352890583484,0.07039143910891162
Rembesdalskaka,2042-07-01,0.4630991846957107,-0.11182354696302114,-0.07080110590863377
Rembesdalskaka,2042-08-01,-0.2426199216939837,-0.2876246446180519,0.0829062348870157
Rembesdalskaka,2042-09-01,-0.3493087299908082,0.15168448455599073,-0.2853434380040001
Rembesdalskaka,2042-10-01,0.4529312863427855,0.2698780938096887,-0.03128300148160277
Rembesdalskaka,2042-11-01,-0.3503551033741364,-0.9389472244874727,-0.07487352156453464
Rembesdalskaka,2042-12-01,0.5894670759435054,-0.06385828752618897,-0.012841268859718378
Rembesdalskaka,2043-01-01,-0.1533790659193461,0.3523786828301682,-0.01803670708239846
Rembesdalskaka,2043-02-01,0.6092856830925922,0.02451599729074781,0.33950902679404676
Rembesdalskaka,2043-03-01,-0.07639237522391377,0.3269838914448246,0.7633390396893306
Rembesdalskaka,2043-04-01,-0.06661497413013545,-0.04869716558454062,-0.47164056857794945
Rembesdalskaka,2043-05-01,-0.4404674135569459,0.1916293768943905,-0.014574500199241086
Rembesdalskaka,2043-06-01,-0.4580338480402144,-0.07885611277439838,-0.17556105861748159
Rembesdalskaka,2043-07-01,0.174060124639009,-0.042174778033611034,-0.0727565926766575
Rembesdalskaka,2043-08-01,0.029206461915550024,-0.32919098654258977,0.042749092966317244
Rembesdalskaka,2043-09-01,-0.04106241362910272,-0.1445099228741369,-0.1129208132769657
Rembesdalskaka,2043-10-01,0.10796487153071939,0.747644946990793,0.4324577158766881
Rembesdalskaka,2043-11-01,0.12088357610456751,0.2451042464051761,0.18508596856108514
Rembesdalskaka,2043-12-01,0.505559716809092,0.5129459345340301,0.26459404746377174
Rembesdalskaka,2044-01-01,-0.07718048062660547,-1.059025619665224,0.4126726525952665
Rembesdalskaka,2044-02-01,0.1360657219558087,-0.3737223151891278,0.5314644782692554
Rembesdalskaka,2044-03-01,-0.12584315850181685,0.02498174968319808,-0.5079259076320727
Rembesdalskaka,2044-04-01,0.06409473940548259,-0.2788027009137371,-0.31161551735131116
Rembesdalskaka,2044-05-01,-0.044232931244165136,-0.3928051939109101,-0.3123330416186656
Rembesdalskaka,2044-06-01,-0.1914025855475706,-0.3533867602510994,-0.415903992539266
Rembesdalskaka,2044-07-01,0.09299355343167903,-0.039839797505478204,0.19586026139998344
Rembesdalskaka,2044-08-01,0.09051282197784323,-0.1160223963843815,-0.037532583854658304
Rembesdalskaka,2044-09-01,-0.4195675371972831,0.3272405677164025,-0.26491744905712156
Rembesdalskaka,2044-10-01,-0.17558979418190349,-0.37084630033823157,0.061842812874029485
Rembesdalskaka,2044-11-01,0.1763154218388583,-0.09479512342033365,-0.37562693743420605
Rembesdalskaka,2044-12-01,0.4059887165253497,-0.4646051585467059,0.12459621613303039
Rembesdalskaka,2045-01-01,0.05959868510133404,-0.28522834086264964,-0.3043402677343393
Rembesdalskaka,2045-02-01,0.5515170887292019,-0.9699171215906303,0.12368335646173319
Rembesdalskaka,2045-03-01,0.11615519668577119,-0.06817878029753216,-0.03286450931092897
Rembesdalskaka,2045-04-01,0.16549867383964054,0.038960648892171774,0.10644167553247125
Rembesdalskaka,2045-05-01,0.17908288647650164,-0.19694434941583652,-0.26649946816413866
Rembesdalskaka,2045-06-01,-0.019479899447157757,0.012069465653675173,-0.013138608091337123
Rembesdalskaka,2045-07-01,-0.24661791742318392,0.44771611242691883,0.04231362605278401
Rembesdalskaka,2045-08-01,0.04638763232581764,0.21371086168670175,0.1335675515802221
Rembesdalskaka,2045-09-01,0.1570678250378828,0.41960908422642884,-0.1223163847553485
Rembesdalskaka,2045-10-01,-0.06571676545891696,1.0600803617481789,0.20900864714821418
Rembesdalskaka,2045-11-01,-0.017201533846758748,-0.6063041436253805,0.3058310127501372
Rembesdalskaka,2045-12-01,-0.7416920315368366,0.7197345093563617,-0.8043973086745301
Rembesdalskaka,2046-01-01,-0.04635645669246707,-0.0789260551188193,-0.19721365613430034
Rembesdalskaka,2046-02-01,-0.2702398857341406,-0.5886094605378948,0.4072024351071368
Rembesdalskaka,2046-03-01,-0.7892981277675958,-0.00991109846834358,-0.35489007578974396
Rembesdalskaka,2046-04-01,0.06318118520039966,1.0673742623173668,0.16809613381641397
Rembesdalskaka,2046-05-01,0.26684641816913546,0.3292894808336195,-0.1902113355263569
Rembesdalskaka,2046-06-01,0.01944649572356112,0.0035328991832479875,0.0978386298303035
Rembesdalskaka,2046-07-01,0.02557810961989303,0.05218985379100629,-0.4062833616232737
Rembesdalskaka,2046-08-01,0.05585839166405593,0.38638464497393965,0.27771835079035173
Rembesdalskaka,2046-09-01,-0.343296281122051,-0.08171799935982693,-0.17571631515088004
Rembesdalskaka,2046-10-01,0.36874601531519313,0.2037009079448496,-0.337595593854268
Rembesdalskaka,2046-11-01,-0.34169988431637915,0.19322346034690785,-0.0047736643592878976
Rembesdalskaka,2046-12-01,-0.3192009830689459,0.3080030338560453,-0.012977179492446237
Rembesdalskaka,2047-01-01,-0.00903394109537343,-0.418341440384388,0.5287619909832498
Rembesdalskaka,2047-02-01,-0.5697406435031734,0.6358397237775858,0.3040388717899629
Rembesdalskaka,2047-03-01,0.22453361827061813,-0.354490065629113,0.3942569350720175
Rembesdalskaka,2047-04-01,-0.24197534676650193,-0.13436653827773318,0.19985527297552483
Rembesdalskaka,2047-05-01,0.001543784562546643,-0.42589129420693744,-0.09756780452125363
Rembesdalskaka,2047-06-01,-0.18112642361321343,-0.00937173807759755,-0.4708881186051055
Rembesdalskaka,2047-07-01,0.2942779617205025,-0.10033743547571279,0.0669856081958927
Rembesdalskaka,2047-08-01,-0.03231404675713994,-0.4847499539363012,-0.2768538540279487
Rembesdalskaka,2047-09-01,0.16822644410968204,-0.5239282638183833,0.445336426599279
Rembesdalskaka,2047-10-01,-0.05150937465908567,0.1138993193911345,0.19588958620452815
Rembesdalskaka,2047-11-01,0.07222247216796943,0.7023170701274083,-0.43629760865166717
Rembesdalskaka,2047-12-01,-0.0695783619394638,0.091113185773726,-0.4373175408859478
Rembesdalskaka,2048-01-01,0.022436842327131928,-0.3987391200307701,0.19357474806155453
Rembesdalskaka,2048-02-01,-0.15873379477057442,0.20469235752088433,0.55401824447287
Rembesdalskaka,2048-03-01,-0.1128641444870786,0.19477323132798854,-0.18318919626646069
Rembesdalskaka,2048-04-01,-0.10767436790098128,0.5057372277417593,-0.1546976415028262
Rembesdalskaka,2048-05-01,-0.29912702683018294,-0.28170732562273537,0.06660059766896986
Rembesdalskaka,2048-06-01,-0.1282060683211762,-0.36559037886150453,-0.16854403309957555
Rembesdalskaka,2048-07-01,-0.15861018304211377,-0.19330858392870473,-0.33104794290588907
Rembesdalskaka,2048-08-01,0.15660430136882192,0.024927972680086757,-0.1962160593472342
Rembesdalskaka,2048-09-01,-0.19855615390880033,0.12958098224499667,-0.2117274348370294
Rembesdalskaka,2048-10-01,0.1720070265624638,-0.5952225715119837,0.014244295232515471
Rembesdalskaka,2048-11-01,0.016939983582031398,0.19171306154799694,-0.18436055861508616
Rembesdalskaka,2048-12-01,0.16642731283066345,0.09497771121738736,-0.1351612199047673
Rembesdalskaka,2049-01-01,0.10759194660289723,0.01611106236433515,-0.25875084480065774
Rembesdalskaka,2049-02-01,0.6217951579471809,-0.7636780584822719,-0.3326274784908462
Rembesdalskaka,2049-03-01,0.20514287864846312,0.15254799973626662,-0.19925872416121315
Rembesdalskaka,2049-04-01,0.4550405990512918,-0.2108598276144199,-0.19574736964736106
Rembesdalskaka,2049-05-01,-0.17091776966554442,-0.3397769428023924,-0.16726909902851728
Rembesdalskaka,2049-06-01,0.48253830874273224,-0.14031806422425705,-0.06950764609033304
Rembesdalskaka,2049-07-01,-0.25681276880614756,-0.15150225523624808,0.17063280305368564
Rembesdalskaka,2049-08-01,0.03330036461958518,-0.29518882861952594,0.23115444173140906
Rembesdalskaka,2049-09-01,0.10175469909860035,-0.7836617994110787,-0.2607508990112412
Rembesdalskaka,2049-10-01,0.050448033123477364,0.06957362951149658,-0.3694277329070059
Rembesdalskaka,2049-11-01,-0.06263949955718073,-0.10866537067844688,-0.6266497234803791
Rembesdalskaka,2049-12-01,-0.1089997126603575,0.1677959324979276,-0.305060768609965
Rembesdalskaka,2050-01-01,-0.12244094275013268,0.7633333247635501,0.4059745873240483
Rembesdalskaka,2050-02-01,-0.0100801048212636,-0.6094905490929323,0.35454809058236697
Rembesdalskaka,2050-03-01,-0.3750833617484082,0.2830158464514381,-0.1616285443421682
Rembesdalskaka,2050-04-01,-0.7232725408824212,0.012645353646060618,-0.060671224599274376
Rembesdalskaka,2050-05-01,0.06313265237725117,-0.15442034587026235,0.4262219120093757
Rembesdalskaka,2050-06-01,-0.015158703727826614,-0.00866274379151641,-0.33212009088085126
Rembesdalskaka,2050-07-01,-0.035093023598226525,0.005939114485384177,-0.23827838312582098
Rembesdalskaka,2050-08-01,-0.3306006159393613,-0.1889682175059766,0.03577514526473299
Rembesdalskaka,2050-09-01,0.10520367970825782,0.20511802286550895,-0.5834396017056155
Rembesdalskaka,2050-10-01,0.11716529854573648,-0.6543701052320924,-0.11022907484138322
Rembesdalskaka,2050-11-01,-0.17181135374011772,-0.32705538292134795,0.030549807908125334
Rembesdalskaka,2050-12-01,0.45173715924790886,0.4526358280571345,-0.01549689934593538
Rembesdalskaka,2051-01-01,0.8806872822774933,-0.6479773114577689,-0.14169686162880266
Rembesdalskaka,2051-02-01,-0.14972782319836944,-0.5018446998264551,-0.3299250291822086
Rembesdalskaka,2051-03-01,0.35738485570913614,0.30391323652873603,0.3370818586807786
Rembesdalskaka,2051-04-01,-0.2139669757384274,0.2609039504481923,-0.1686822295222927
Rembesdalskaka,2051-05-01,0.5421239260627934,0.2916213762042146,-0.839791802440753
Rembesdalskaka,2051-06-01,0.03767381555077438,-0.2148525287521513,0.23622855694862324
Rembesdalskaka,2051-07-01,-0.12055906799085188,0.03245804991604708,-0.14936938919419634
Rembesdalskaka,2051-08-01,0.09548192930028426,-0.002273431451292438,-0.0994861404883239
Rembesdalskaka,2051-09-01,0.273496177699089,0.048495482985359974,-0.23913212215943647
Rembesdalskaka,2051-10-01,0.021345223036381793,-0.10226629848866708,-0.5091818932542845
Rembesdalskaka,2051-11-01,-0.20479864123129018,-0.6457919665822471,-0.21079952397938118
Rembesdalskaka,2051-12-01,-0.15189850435947985,-0.47633234339954317,0.3897124193963071
Rembesdalskaka,2052-01-01,-0.1951955262308603,1.124502624392927,-0.3211672548259214
Rembesdalskaka,2052-02-01,-0.4065588022472224,0.4701429631437539,0.17332728610410278
Rembesdalskaka,2052-03-01,0.16489130584103115,-0.2847433443791462,-0.018465452613011333
Rembesdalskaka,2052-04-01,0.4095691579720202,0.4111952496248574,-0.1919735968623446
Rembesdalskaka,2052-05-01,-0.19067115975256618,-0.33514988967268305,-0.05162212446303499
Rembesdalskaka,2052-06-01,0.002364901831172351,-0.15294248650405,-0.3093507884137492
Rembesdalskaka,2052-07-01,0.2960883729577162,-0.286992206204227,0.0006307801904908544
Rembesdalskaka,2052-08-01,0.37299515986126736,0.047081398899523175,-0.24464996303904626
Rembesdalskaka,2052-09-01,-0.05866676697417087,-0.01169095932819821,-0.3029814573200122
Rembesdalskaka,2052-10-01,-0.09036048577360523,-0.17403227611362151,0.39545592931234225
Rembesdalskaka,2052-11-01,-0.1578874423196388,0.0013341875256600254,0.29126147283658504
Rembesdalskaka,2052-12-01,0.018654444904713238,-0.13474708840865876,0.0093064283227425
Rembesdalskaka,2053-01-01,-0.35993615408829926,-0.42195984418051924,0.014123156100673365
Rembesdalskaka,2053-02-01,-0.2183028365693469,-0.8577266039783588,0.6554041443861262
Rembesdalskaka,2053-03-01,-0.26147833173204993,-0.4686946413329074,0.2919878881438513
Rembesdalskaka,2053-04-01,0.13654719044836613,-0.023904961133473915,-0.19664668296455057
Rembesdalskaka,2053-05-01,-0.0852485125296613,0.18063399346509432,-0.17990412319695057
Rembesdalskaka,2053-06-01,0.17810078970867674,-0.31416115202698486,-0.3471677798601396
Rembesdalskaka,2053-07-01,-0.03991614176636384,0.2077460589104211,-0.114362140874379
Rembesdalskaka,2053-08-01,0.28596813218668937,0.23989784880874154,-0.4029896658452477
Rembesdalskaka,2053-09-01,-0.04153556675683079,-0.22275596570546416,-0.12095347821765727
Rembesdalskaka,2053-10-01,0.06496577957160009,-0.24880920969984652,0.23034051000586644
Rembesdalskaka,2053-11-01,-0.030347766715659235,0.39595210688522303,-0.6518319133647495
Rembesdalskaka,2053-12-01,-0.1366074292744878,0.7068992061975129,-0.45427356539321534
Rembesdalskaka,2054-01-01,0.05016771567832096,0.2631207132866931,-0.02518847954418761
Rembesdalskaka,2054-02-01,-0.17652287729069868,-0.09404682750965687,-0.32879234160137183
Rembesdalskaka,2054-03-01,-0.09568981909446983,-0.339141884350142,-0.06022647998339986
Rembesdalskaka,2054-04-01,0.1101695283986255,0.5214070853496151,-0.17053633417482927
Rembesdalskaka,2054-05-01,-0.032740360064777325,0.22317490484416433,0.009892455379528058
Rembesdalskaka,2054-06-01,0.0655865949488084,-0.3423475578732478,-0.14424441760612305
Rembesdalskaka,2054-07-01,-0.16478044961707292,0.029503408699018772,-0.2689947226952866
Rembesdalskaka,2054-08-01,0.049607127578341126,-0.041558763123800364,0.16172273324807124
Rembesdalskaka,2054-09-01,-0.06538500296148049,0.07059418496430425,0.5139505836928848
Rembesdalskaka,2054-10-01,0.11760077091707503,-0.44975109216070336,0.3011546651625276
Rembesdalskaka,2054-11-01,0.30038155007795914,0.08875685090394918,0.07256964981323788
Rembesdalskaka,2054-12-01,-0.267124420997477,0.04317598648989931,-0.4231680256751482
Rembesdalskaka,2055-01-01,0.4750848919939263,0.7297097439358082,0.1772063766798385
Rembesdalskaka,2055-02-01,0.6799396999641888,0.5010348404325896,0.43230269973649177
Rembesdalskaka,2055-03-01,0.029796268288896064,0.47987178716669926,0.0917830212403944
Rembesdalskaka,2055-04-01,0.046356396087900646,0.11715990123225739,-0.12914670419102708
Rembesdalskaka,2055-05-01,-0.08862725370172425,0.0029811970318110496,0.048631313303413894
Rembesdalskaka,2055-06-01,-0.05100534409572629,0.17246707446802323,0.02953590237320347
Rembesdalskaka,2055-07-01,0.10847511664698373,-0.15182226667715626,-0.12968737585765033
Rembesdalskaka,2055-08-01,-0.003507425138772081,0.11306898422780727,-0.23299662163240456
Rembesdalskaka,2055-09-01,-0.0519402057267016,0.7625072943017956,0.4109936390400147
Rembesdalskaka,2055-10-01,-0.3386338431960451,-0.5622678745898955,0.05746351907301761
Rembesdalskaka,2055-11-01,0.2616719123403665,0.07687091833245775,-0.2778849878051762
Rembesdalskaka,2055-12-01,0.22231674229855267,-0.26715774158960787,0.17663552647254566
Rembesdalskaka,2056-01-01,0.21595161616178046,-0.7568539356699869,-0.5361470040864915
Rembesdalskaka,2056-02-01,-0.09652544478321586,-0.5932077647674111,0.0243445206232387
Rembesdalskaka,2056-03-01,-0.20899707182332272,-0.20596268648170465,-0.2782439049855209
Rembesdalskaka,2056-04-01,-0.578378897455108,0.05609921854683712,-0.052511503152421236
Rembesdalskaka,2056-05-01,-0.27385347120430126,0.3557542628916099,-0.16928102008560073
Rembesdalskaka,2056-06-01,-0.002766943654505203,0.17875908840165863,-0.019979461617487714
Rembesdalskaka,2056-07-01,0.4188123988274574,0.26750181561315656,-0.43350745791094575
Rembesdalskaka,2056-08-01,0.04139038485794832,-0.12409583577736565,-0.11586278712742852
Rembesdalskaka,2056-09-01,-0.002613886291190373,0.4509043973643545,0.09927470523681735
Rembesdalskaka,2056-10-01,0.09313867539565333,0.01332035950251676,0.6017905615151148
Rembesdalskaka,2056-11-01,-0.09142344063575948,0.3147576150621598,0.3893826422896182
Rembesdalskaka,2056-12-01,-0.43319437766387064,0.6797026457511288,-0.08356491169435869
Rembesdalskaka,2057-01-01,-0.1390288422982862,-0.14219354946788645,-0.08698438628145422
Rembesdalskaka,2057-02-01,-0.5823787457129829,-0.17728947509755524,-0.015196499478754911
Rembesdalskaka,2057-03-01,-0.5642022686329186,-0.4253949086932527,-0.38172887490443036
Rembesdalskaka,2057-04-01,-0.23494008656286067,0.22268399732526456,-0.06793253346612387
Rembesdalskaka,2057-05-01,-0.1684929070914248,-0.16753015827134496,-0.32725593262401315
Rembesdalskaka,2057-06-01,-0.13435376112296632,0.25826199012329315,0.11796757814157689
Rembesdalskaka,2057-07-01,-0.3665078238692749,-0.08523050858969088,-0.10278380329081122
Rembesdalskaka,2057-08-01,0.16093654444717231,-0.0027086916739608147,-0.3748846543468112
Rembesdalskaka,2057-09-01,-0.19836935836827677,0.4493379879308192,0.1399089878712715
Rembesdalskaka,2057-10-01,-0.09172510437222414,0.23990922852289245,0.3562561582553825
Rembesdalskaka,2057-11-01,-0.17267563403501152,0.3561201601227926,0.10004607814594742
Rembesdalskaka,2057-12-01,-0.5795348297093722,0.5693610615789462,-0.20446706806478795
Rembesdalskaka,2058-01-01,-0.5314765909858684,0.2248602565120922,-0.46972742747807744
Rembesdalskaka,2058-02-01,-0.6248529563146645,-0.6827716292255396,-0.5508886904445235
Rembesdalskaka,2058-03-01,-0.6730701726981979,0.13382930833662057,-0.48861531433104277
Rembesdalskaka,2058-04-01,0.07990996786967061,-0.0764962254666041,0.03616521791973873
Rembesdalskaka,2058-05-01,0.0036541744040931878,0.1806955516247878,-0.24570997490064925
Rembesdalskaka,2058-06-01,-0.11968571902121922,-0.02570076565872464,-0.15860717125064405
Rembesdalskaka,2058-07-01,0.016712390572351552,-0.42574048982616736,-0.045153792511630396
Rembesdalskaka,2058-08-01,0.24786953132405998,-0.14441312762127054,-0.17383570603199253
Rembesdalskaka,2058-09-01,-0.07433967481309427,0.2728112014477509,-0.28765478310019654
Rembesdalskaka,2058-10-01,0.12220331372097977,0.44928108797685135,0.6358651733575066
Rembesdalskaka,2058-11-01,-0.19068475850487263,-0.40374190596433074,0.37478301290958943
Rembesdalskaka,2058-12-01,0.25152563883752815,-0.25057696959669534,0.21838932749418474
Rembesdalskaka,2059-01-01,0.03275923099680427,-0.7626742885051625,-0.04727681924403854
Rembesdalskaka,2059-02-01,0.12337050815432386,-0.21164365004534968,-0.276292041759017
Rembesdalskaka,2059-03-01,-0.8019848762799441,-0.23245869440988542,-0.1559879464370122
Rembesdalskaka,2059-04-01,0.06236622966570613,0.14589291012232397,-0.4158287329234566
Rembesdalskaka,2059-05-01,0.3897642868207691,0.12616020445835738,0.21447237604627314
Rembesdalskaka,2059-06-01,-0.11539436987656254,0.13607174523959836,-0.04378838195070243
Rembesdalskaka,2059-07-01,-0.27785381350952654,-0.0831241316736658,-0.12503272473873242
Rembesdalskaka,2059-08-01,-0.024582918260368337,-0.060449231551887306,-0.02322422276095847
Rembesdalskaka,2059-09-01,0.08787391015818365,-0.43377894843828074,0.34338764423849116
Rembesdalskaka,2059-10-01,0.30272619067222867,-0.20721412806377396,-0.01366141165316683
Rembesdalskaka,2059-11-01,-0.189174494286924,0.018036000008029254,-0.2977560106206333
Rembesdalskaka,2059-12-01,0.0725962123727737,-0.12631927135221377,-0.17085612797598246
Rembesdalskaka,2060-01-01,0.4469707382486063,-0.012780881709087267,0.4620689195862992
Rembesdalskaka,2060-02-01,0.6062841601960653,0.1637421937901644,0.5556762884783345
Rembesdalskaka,2060-03-01,0.1559181738736576,-0.5455591903004343,0.09135216825835553
Rembesdalskaka,2060-04-01,0.14576190631268085,-0.33056474851179524,-0.4767078530809146
Rembesdalskaka,2060-05-01,-0.18274877295082556,0.03739222856437427,0.24255771790853
Rembesdalskaka,2060-06-01,0.17214314721126797,-0.01655783691225576,-0.12444414639199046
Rembesdalskaka,2060-07-01,0.17914337199051267,0.11462354221813349,-0.14056237313602268
Rembesdalskaka,2060-08-01,0.21821752930920335,-0.03891394958222941,0.20825031208968445
Rembesdalskaka,2060-09-01,0.3087153116847643,0.18200286566673288,-0.029023230401566125
Rembesdalskaka,2060-10-01,-0.3960282523526722,-0.08457999562972122,-0.525017838268531
Rembesdalskaka,2060-11-01,-0.06918159352554554,0.06080962522140218,0.0677785840953445
Rembesdalskaka,2060-12-01,0.360729811102756,-0.2515709810955668,-0.3588769897992825
Rembesdalskaka,2061-01-01,0.09521052955737223,-0.4901242618258432,-0.24772495740684972
Rembesdalskaka,2061-02-01,-0.029328910332441237,-0.1121178827255419,0.15758209584915103
Rembesdalskaka,2061-03-01,-0.3895963717863295,-0.07646209071469022,0.40958036179493734
Rembesdalskaka,2061-04-01,-0.2438297068661092,-0.16855087702805224,0.14968520947433617
Rembesdalskaka,2061-05-01,0.0714316112117379,0.04971528787154835,-0.16962052769829286
Rembesdalskaka,2061-06-01,0.11734225716011264,0.3934849202558414,-0.28521748216412346
Rembesdalskaka,2061-07-01,0.009349875088827696,0.059645499170516945,-0.03548933386853266
Rembesdalskaka,2061-08-01,-0.07320939327193683,-0.17467611046844098,-0.04261948823638315
Rembesdalskaka,2061-09-01,0.14347254733861955,-0.18457579226622825,-0.19383902088364668
Rembesdalskaka,2061-10-01,0.37760137128161936,0.21312726194502365,-0.649712535379407
Rembesdalskaka,2061-11-01,0.0018774500542723417,-0.016955486055734985,0.06260814164958355
Rembesdalskaka,2061-12-01,-0.2592956387043553,-0.38486523784773324,-0.3963333702842651
Rembesdalskaka,2062-01-01,0.05025278702156804,-0.6202317495554114,-0.16850506394340306
Rembesdalskaka,2062-02-01,-0.49943536159845503,0.1960610747184374,0.5325469705151696
Rembesdalskaka,2062-03-01,-0.0762043189311268,0.20719344910769447,-0.18160692205559034
Rembesdalskaka,2062-04-01,0.13621445147666575,0.048135348360929114,0.0797826178321392
Rembesdalskaka,2062-05-01,0.26237702780789113,-0.23713484139876648,0.14498242360772545
Rembesdalskaka,2062-06-01,0.037572535955965124,-0.21554162519017173,-0.07054468934107143
Rembesdalskaka,2062-07-01,0.27842991398732825,-0.11856412906209672,-0.06585357208797377
Rembesdalskaka,2062-08-01,-0.26541303035898817,-0.3504923553738845,-0.13745581749283853
Rembesdalskaka,2062-09-01,-0.07785554929010577,0.0596859608512626,0.041850900915184674
Rembesdalskaka,2062-10-01,-0.09293477922784239,-0.021777785325248534,-0.36567824236065477
Rembesdalskaka,2062-11-01,-0.847407795733195,0.34147589877889123,0.13565474360935662
Rembesdalskaka,2062-12-01,-0.39445891530928856,0.7094363805893353,-0.4706172121043681
Rembesdalskaka,2063-01-01,0.8586005280147786,-0.29564110688207174,0.18742412622909121
Rembesdalskaka,2063-02-01,-0.544654663205585,0.47937473812385933,-0.6551461362703587
Rembesdalskaka,2063-03-01,-0.47569621629886766,-0.034997424454668656,0.014490670986362393
Rembesdalskaka,2063-04-01,0.3252667830166515,-0.09974565826033449,-0.30677397332836537
Rembesdalskaka,2063-05-01,-0.42767051375720405,-0.1083128039089784,0.06785804463348784
Rembesdalskaka,2063-06-01,-0.2791018555089467,-0.08110352109554621,0.15227318163833373
Rembesdalskaka,2063-07-01,-0.38897163390028683,-0.40327584536743827,0.07120290324554722
Rembesdalskaka,2063-08-01,0.30790247309243873,-0.19387629230395834,-0.09941157399836346
Rembesdalskaka,2063-09-01,-0.18097758835618327,-0.2459581020342558,0.050836849760723724
Rembesdalskaka,2063-10-01,-0.11005974926132661,-1.0598012496302867,-0.21545818976314077
Rembesdalskaka,2063-11-01,0.32871270749248516,-0.2915869736553863,-0.15968100789451262
Rembesdalskaka,2063-12-01,0.05882284155450069,-0.7076350615722696,-0.34066910131279676
Rembesdalskaka,2064-01-01,-0.272120597781246,0.12646606710581318,-0.15611605433129502
Rembesdalskaka,2064-02-01,0.2569682543090213,0.15694712965965138,-0.35634556997273376
Rembesdalskaka,2064-03-01,0.2689021350363004,0.3527285999221054,0.5795328497810929
Rembesdalskaka,2064-04-01,0.23396176355463627,-0.09532664643729971,0.6022644102830764
Rembesdalskaka,2064-05-01,-0.17950798528082582,-0.17828254573922386,0.07073669884734805
Rembesdalskaka,2064-06-01,-0.09841230707501487,-0.2899160837463536,0.1523976253510283
Rembesdalskaka,2064-07-01,-0.28874557230437825,-0.32664154365771264,0.10571147757687412
Rembesdalskaka,2064-08-01,0.10966052808756299,-0.008669651798634916,-0.21038752116511586
Rembesdalskaka,2064-09-01,-0.47911093089924267,-0.020035062468855825,-0.27300675424796966
Rembesdalskaka,2064-10-01,-0.4599235691683481,0.3406613968095549,0.22041154326861767
Rembesdalskaka,2064-11-01,-0.27767651931543513,0.4655287458818427,-0.4935630053355265
Rembesdalskaka,2064-12-01,-0.25321723086675535,-0.053702726509705256,-0.5916452587176724
Rembesdalskaka,2065-01-01,-0.27981876463586025,-0.2092004403152016,-0.8755926335208715
Rembesdalskaka,2065-02-01,0.14525023940809245,0.14026693179916416,-0.5876339350107375
Rembesdalskaka,2065-03-01,-0.2657618253229514,-1.168392164411699,0.4930816485529554
Rembesdalskaka,2065-04-01,0.2043711212883198,-0.05667771636100982,-0.06182011620370004
Rembesdalskaka,2065-05-01,0.06184316122315211,-0.28403073024878595,-0.034309421975369105
Rembesdalskaka,2065-06-01,-0.43329868179698794,-0.14186933855592843,-0.12723233666687295
Rembesdalskaka,2065-07-01,-0.07800419600825825,-0.2167283587845853,-0.30555485023593526
Rembesdalskaka,2065-08-01,-0.2152904033341502,0.03642066825198174,-0.20213417542512704
Rembesdalskaka,2065-09-01,0.042626335886808135,-0.5258873398819062,-0.13236080228718086
Rembesdalskaka,2065-10-01,-0.07188041491398507,-0.05076609683215516,-0.12539634979910477
Rembesdalskaka,2065-11-01,-0.291382967515907,-0.7430879243368532,-0.07357775343147677
Rembesdalskaka,2065-12-01,-0.21197914247811753,0.22659454237056323,-0.604810068795778
Rembesdalskaka,2066-01-01,-0.5412873292184877,-0.16947262523536008,0.17841301522675304
Rembesdalskaka,2066-02-01,-0.5189763431375783,-0.8971399152414277,0.19357115470063105
Rembesdalskaka,2066-03-01,-0.3324681383173813,0.6424134037959245,-0.41714075909160897
Rembesdalskaka,2066-04-01,0.018524670626769008,-0.35987663501494405,-0.08348123558665534
Rembesdalskaka,2066-05-01,0.05889044676425246,-0.008521747272170482,0.3431001541972267
Rembesdalskaka,2066-06-01,0.05363021428180618,0.03882981879437704,0.06225253582233351
Rembesdalskaka,2066-07-01,0.05482227406342555,-0.21690488389902818,0.10202762180025775
Rembesdalskaka,2066-08-01,-0.002091053698196813,-0.23559628224503074,0.05746176591282635
Rembesdalskaka,2066-09-01,-0.37146797830454537,0.510877165314893,-0.05307359549229294
Rembesdalskaka,2066-10-01,0.32693179965272645,-0.06248713510174033,-0.6613012163043815
Rembesdalskaka,2066-11-01,0.32612854676575503,0.14845598612809527,0.18997278879157486
Rembesdalskaka,2066-12-01,-0.05573417970562571,0.09513306348656597,-0.2216343177048178
Rembesdalskaka,2067-01-01,0.11850283627292624,0.24931393724148396,-0.7130324110019127
Rembesdalskaka,2067-02-01,0.21160196528618727,0.5548837306762202,-0.15492232858079344
Rembesdalskaka,2067-03-01,0.06105219784073623,0.012481812490958177,-0.20350341102313543
Rembesdalskaka,2067-04-01,-0.16650552346268976,0.11781873195500586,-0.38876237308068307
Rembesdalskaka,2067-05-01,-0.07520314763896725,-0.3525297838661081,-0.07351845720497206
Rembesdalskaka,2067-06-01,-0.2749468008192117,0.39806455330868235,-0.5479901878865112
Rembesdalskaka,2067-07-01,0.06759047068836038,-0.251892071627402,-0.157654507249929
Rembesdalskaka,2067-08-01,-0.24125417159916707,0.02816449453540162,-0.5050180053109338
Rembesdalskaka,2067-09-01,-0.2717405059340041,0.06883524351467284,-0.33579607950408913
Rembesdalskaka,2067-10-01,-0.2692272354858301,0.7946274016614453,0.671369077603264
Rembesdalskaka,2067-11-01,-0.5558654297820592,0.06312666869870322,-0.40361874539419285
Rembesdalskaka,2067-12-01,-0.24833637806578515,-0.03908436106910541,0.11897378834255405
Rembesdalskaka,2068-01-01,-0.15874711001857875,0.4517782359905635,0.3292481627051837
Rembesdalskaka,2068-02-01,0.011920648146994721,-0.19609940866101402,-0.4780443186212225
Rembesdalskaka,2068-03-01,-0.11801554549710475,-0.3050238619091225,-0.15405255804322412
Rembesdalskaka,2068-04-01,-0.1212720312982533,-0.3441703557325628,-0.3639857556203306
Rembesdalskaka,2068-05-01,0.07738856395591638,-0.3974054039860803,0.27211277685208896
Rembesdalskaka,2068-06-01,-0.035942971921764974,-0.1202479825406188,-0.07426157508875057
Rembesdalskaka,2068-07-01,0.1196202769619074,-0.05165639209193168,-0.29570757589812885
Rembesdalskaka,2068-08-01,0.02047431871121493,-0.07485194822384543,0.07942888954197051
Rembesdalskaka,2068-09-01,-0.0021942865852504303,-0.19963895924043706,0.001997557248363764
Rembesdalskaka,2068-10-01,0.4319851687942566,0.12032031941273813,-0.2602781547396469
Rembesdalskaka,2068-11-01,0.05869921311808041,-0.22054372862747162,0.19857621575999165
Rembesdalskaka,2068-12-01,-0.46890439353260066,-0.07030139928729373,-0.3067366110320044
Rembesdalskaka,2069-01-01,0.35901745609857416,-0.5265650631580102,-0.31047091783205477
Rembesdalskaka,2069-02-01,0.48180627106211277,-0.5015366578887815,-0.7705756307795998
Rembesdalskaka,2069-03-01,-0.2563519324367853,-0.2719280975298717,0.6717431671171571
Rembesdalskaka,2069-04-01,-0.24517712125170407,-0.13658556993769308,-0.5239411962212626
Rembesdalskaka,2069-05-01,-0.06881709243600621,-0.20999381927857966,0.3122150549372879
Rembesdalskaka,2069-06-01,0.3022578478579682,-0.3759311897194282,-0.3788727987291504
Rembesdalskaka,2069-07-01,-0.09074194972612919,0.12173966922141748,-0.02962601634089279
Rembesdalskaka,2069-08-01,-0.180674298387301,0.06251264352037071,0.05589006418901152
Rembesdalskaka,2069-09-01,-0.03275184856018671,-0.1157240394949836,-0.23364190368362023
Rembesdalskaka,2069-10-01,0.15589752927509803,-0.5099186791253428,-0.3885096580065586
Rembesdalskaka,2069-11-01,0.053759427558142704,-0.6817581248410098,-0.03341869656207979
Rembesdalskaka,2069-12-01,0.08698093564674558,-0.8717368318233815,-0.49396855304686627
Rembesdalskaka,2070-01-01,-0.1310156161919974,-0.1149216894475222,0.041962223953940885
Rembesdalskaka,2070-02-01,0.23724779956878309,-0.2945611787350834,0.6273137265173976
Rembesdalskaka,2070-03-01,-0.04449877115656887,0.5348756157919071,0.8017048999778108
Rembesdalskaka,2070-04-01,0.13900221714887295,-0.8875387232103334,0.15472474001128725
Rembesdalskaka,2070-05-01,-0.141326546492294,-0.20394463967007082,-0.12343522237254267
Rembesdalskaka,2070-06-01,0.12754102308143464,-0.2065810566386368,-0.27588588388916047
Rembesdalskaka,2070-07-01,0.1479783930496739,-0.20226986513099318,-0.11433066315995939
Rembesdalskaka,2070-08-01,0.14324059244292467,-0.11644365241294097,-0.12224065435169762
Rembesdalskaka,2070-09-01,0.31293890314560663,-0.13667083122495394,-0.24199425310129144
Rembesdalskaka,2070-10-01,0.1678014637084341,0.048529919564034595,0.3048481619615311
Rembesdalskaka,2070-11-01,0.43686084320826457,-0.40689976131472916,0.38878338733824275
Rembesdalskaka,2070-12-01,0.054799775165082,0.2640826958746702,0.19682157779129975
Rembesdalskaka,2071-01-01,-0.7377772095522771,0.26874287528671803,0.39108229242088594
Rembesdalskaka,2071-02-01,-0.4058316688391157,-0.18798445235765335,0.06230952630521893
Rembesdalskaka,2071-03-01,-0.4143134469873047,0.30336394272353623,0.1161211072394353
Rembesdalskaka,2071-04-01,0.25473252480857206,-0.3845930732099409,-0.02218847612387107
Rembesdalskaka,2071-05-01,-0.4509096399767027,-0.1778954833290951,0.2738964317217922
Rembesdalskaka,2071-06-01,-0.39957083380023284,0.11884402480142216,-0.15482261508915673
Rembesdalskaka,2071-07-01,-0.14913883730261931,-0.24405109341440748,-0.11223611523969092
Rembesdalskaka,2071-08-01,-0.07869507080814468,-0.4610208044807387,-0.14084417593823903
Rembesdalskaka,2071-09-01,-0.11229322815475694,-0.07800134919332045,-0.01956674903493033
Rembesdalskaka,2071-10-01,-0.24894493202479132,-0.8623970888104862,-0.08726558809260306
Rembesdalskaka,2071-11-01,-0.8135305979642223,-0.03854000248551624,-0.1688388925575118
Rembesdalskaka,2071-12-01,0.017249483599263007,0.5407596231434146,-0.24019189475811656
Rembesdalskaka,2072-01-01,-0.024432033978724673,-0.023172699534171087,0.09405038952387852
Rembesdalskaka,2072-02-01,0.6386651989699721,0.48588201792030034,-0.47492269466208864
Rembesdalskaka,2072-03-01,0.4003223188929348,0.4775909047686829,-0.43248704224948026
Rembesdalskaka,2072-04-01,-0.32373157409013475,-0.8246244038547385,0.305302829820012
Rembesdalskaka,2072-05-01,-0.256881946469023,0.40653816436262796,0.09081315250246895
Rembesdalskaka,2072-06-01,-0.21173568385771668,-0.4355161630721793,0.47409196590228975
Rembesdalskaka,2072-07-01,0.27669302954940656,-0.21491131837973443,0.25191997673855987
Rembesdalskaka,2072-08-01,-0.28895922254868694,-0.08639548002605953,-0.007718208332814484
Rembesdalskaka,2072-09-01,-0.19316271829079576,0.047806316383939736,0.3347838528603921
Rembesdalskaka,2072-10-01,-0.6214320872101003,-0.21466860392772347,0.49533205517441775
Rembesdalskaka,2072-11-01,-0.3362786356955157,0.06614461093537785,-0.35948773083387
Rembesdalskaka,2072-12-01,-0.10610067029621939,0.41960495402500086,0.2850756853509482
Rembesdalskaka,2073-01-01,-0.6790652070932405,-0.7185739357948745,0.4092711566345868
Rembesdalskaka,2073-02-01,-0.2995354072050483,-0.1354432712407269,-0.7654428609022146
Rembesdalskaka,2073-03-01,-0.4329581131350902,0.1125441648505812,-0.3147124254562473
Rembesdalskaka,2073-04-01,0.5525443366083982,0.06324049819392709,-0.09045833453951589
Rembesdalskaka,2073-05-01,-0.07421866146004323,-0.28570662586969914,-0.16935719922619322
Rembesdalskaka,2073-06-01,-0.17102063325988973,0.0467244457601482,-0.12506898480607637
Rembesdalskaka,2073-07-01,0.07654547950886682,-0.14222967046771332,-0.12138904462487439
Rembesdalskaka,2073-08-01,-0.014039096491088138,0.17252461642257275,-0.13633532533761053
Rembesdalskaka,2073-09-01,-0.2556902431608577,-0.09297961975943736,0.2724972415692959
Rembesdalskaka,2073-10-01,-0.1671246863236312,-0.07405629010634186,-0.21934704407318248
Rembesdalskaka,2073-11-01,0.2528483327803647,0.21204357098650753,-0.41774131071369586
Rembesdalskaka,2073-12-01,-0.08932599486394392,-0.22412287635067596,-0.10770539085852611
Rembesdalskaka,2074-01-01,-0.2767722289811385,-0.04863219010762715,0.3730134342840295
Rembesdalskaka,2074-02-01,0.0577270655168197,-0.21532184861078907,-0.5050769037511599
Rembesdalskaka,2074-03-01,-0.37031657363808596,-0.5421479823379678,-0.25433015376932905
Rembesdalskaka,2074-04-01,-0.6224147136388645,0.2768774768498199,0.06174207269608676
Rembesdalskaka,2074-05-01,-0.05296349390350561,0.07745623594954519,-0.49294082019423824
Rembesdalskaka,2074-06-01,-0.3795035458564375,-0.5161445417279091,0.034672816995481553
Rembesdalskaka,2074-07-01,-0.07269250356495771,-0.09574308610511395,0.09986839330547703
Rembesdalskaka,2074-08-01,0.11906506099038117,-0.10200448041742059,-0.008306826139024094
Rembesdalskaka,2074-09-01,0.05169083023063167,0.13193243966229767,-0.700912426269686
Rembesdalskaka,2074-10-01,-0.10232333209374689,-0.4154869695955737,0.662132235106227
Rembesdalskaka,2074-11-01,0.09880402751880779,-0.0038619360618448568,0.561837627416087
Rembesdalskaka,2074-12-01,0.029051545760256023,-0.26626731531715064,0.29138765700201374
Rembesdalskaka,2075-01-01,-0.14637109215501562,0.37213168163284266,-0.004529185732138699
Rembesdalskaka,2075-02-01,0.04299318920852646,-0.11406565151052162,-0.1887974325587328
Rembesdalskaka,2075-03-01,-0.08173659024694398,-0.6392720378563337,-0.1704617372875905
Rembesdalskaka,2075-04-01,0.016729127677669046,-0.1913626528151632,0.29151037363614135
Rembesdalskaka,2075-05-01,-0.3431343397933095,-0.35471997871044936,0.2625205344052321
Rembesdalskaka,2075-06-01,0.23709485625901763,0.23935812914300278,-0.15274022434278237
Rembesdalskaka,2075-07-01,0.2724575359039908,-0.1601820650559556,-0.025428835289254482
Rembesdalskaka,2075-08-01,-0.09433138978533062,-0.11943862391514228,0.29046500436567163
Rembesdalskaka,2075-09-01,0.2883635827138437,0.018218998524163605,-0.10047439348110171
Rembesdalskaka,2075-10-01,-0.09943091031059587,-0.7557566241970003,-0.8094621589648557
Rembesdalskaka,2075-11-01,-0.35412977330879597,-0.2088882465686981,-0.9198737513139795
Rembesdalskaka,2075-12-01,-0.10882714014638682,0.22991620358092454,-0.6882953879880355
Rembesdalskaka,2076-01-01,-0.7909843738523771,0.5780188466952964,-0.3597871892220996
Rembesdalskaka,2076-02-01,0.011031181584405308,0.2288067772980105,-0.3293824050303311
Rembesdalskaka,2076-03-01,-0.1357612415709193,-0.44188889444061846,-0.04082507712930069
Rembesdalskaka,2076-04-01,0.11812585284910244,-0.4016262839013165,-0.22361712571991954
Rembesdalskaka,2076-05-01,0.005143255896263281,-0.10123852373596887,-0.15696489246938095
Rembesdalskaka,2076-06-01,-0.29388091213341433,-0.06151489984002458,0.1303515011060071
Rembesdalskaka,2076-07-01,0.081657238950188,0.15113837377820763,-0.2255449949734103
Rembesdalskaka,2076-08-01,-0.2777398638476754,0.417340389248032,-0.13746292772062652
Rembesdalskaka,2076-09-01,-0.2511304575941899,0.07104345842801378,-0.13640249689497527
Rembesdalskaka,2076-10-01,0.033485900386394124,-0.18013260378346177,0.048899214715604655
Rembesdalskaka,2076-11-01,0.31374518761414266,0.5191998384692,-0.2042431574895985
Rembesdalskaka,2076-12-01,0.28401189412258976,-0.02614338828207423,0.0925778244514403
Rembesdalskaka,2077-01-01,-0.9424191804957154,0.12025913414015603,0.03012655598146759
Rembesdalskaka,2077-02-01,-1.0376473634519134,0.5415695882165675,0.18394194758124982
Rembesdalskaka,2077-03-01,-0.5077261821612503,-0.18783528231733237,0.3125519915200182
Rembesdalskaka,2077-04-01,-0.05796571575703744,-0.028650941549435056,-0.3512731099603293
Rembesdalskaka,2077-05-01,0.02386965296902342,0.23910122744391016,-0.35155287414871034
Rembesdalskaka,2077-06-01,0.12738044483416308,-0.22550922330056444,-0.03283701434630951
Rembesdalskaka,2077-07-01,-0.043049223464556384,0.1571716604893565,0.011389540034865647
Rembesdalskaka,2077-08-01,-0.04796374246623464,0.33043131008633314,-0.018114562776077234
Rembesdalskaka,2077-09-01,-0.31773665130376266,-0.3363781510622115,0.020510025241591692
Rembesdalskaka,2077-10-01,-0.3490848635402064,-0.4570868994776496,0.2526724744633963
Rembesdalskaka,2077-11-01,-0.23900782971144194,-0.5101385622081275,0.9467367278342
Rembesdalskaka,2077-12-01,0.1421544885396487,-0.6043548825962026,-0.1492020551239093
Rembesdalskaka,2078-01-01,0.059691791012072115,-0.30565573671045704,0.06524956680522835
Rembesdalskaka,2078-02-01,-0.4305973559109626,-1.1306381755080948,0.12305314770441449
Rembesdalskaka,2078-03-01,-0.08452699598327702,-0.05754584272100314,0.2007765751928263
Rembesdalskaka,2078-04-01,-0.45093906857675464,0.06467190491457807,-0.26251069164022345
Rembesdalskaka,2078-05-01,-0.01894832276522754,-0.07091403574212014,-0.3646017822111738
Rembesdalskaka,2078-06-01,-0.015811379035998094,-0.059479727025727125,0.0705662220104593
Rembesdalskaka,2078-07-01,-0.45465556829650994,-0.17122972614813678,0.1358695941544221
Rembesdalskaka,2078-08-01,-0.0737051463061112,-0.10146890296298731,-0.11126003488018454
Rembesdalskaka,2078-09-01,-0.22868619437682355,0.11972687156121971,-0.07346444116240956
Rembesdalskaka,2078-10-01,0.29502180843957343,0.3555404411434984,-0.44469362825824327
Rembesdalskaka,2078-11-01,0.4444474678260187,-0.023391689840317476,0.43161885307344067
Rembesdalskaka,2078-12-01,-0.247116806157443,-0.3819301684608544,-0.12783305479935972
Rembesdalskaka,2079-01-01,-0.05133233346572636,-0.3857766988519953,-0.23027438700006334
Rembesdalskaka,2079-02-01,0.2570978573251618,0.12440792582199911,0.04768209615713909
Rembesdalskaka,2079-03-01,0.48928072224303554,-0.7677313467504767,-0.029632750491314964
Rembesdalskaka,2079-04-01,-0.340296536664871,0.14925420657283578,-0.04316611324905651
Rembesdalskaka,2079-05-01,0.3210484219155325,-0.33281491253731466,-0.03906910347502661
Rembesdalskaka,2079-06-01,-0.21459903164202201,-0.28913813150639717,-0.039160983065468835
Rembesdalskaka,2079-07-01,-0.04841231040241923,-0.002798647310542748,0.07755701125142138
Rembesdalskaka,2079-08-01,-0.18513376623190936,-0.18481631799570786,0.1552897198474843
Rembesdalskaka,2079-09-01,-0.11429407578095185,0.3419053763824116,0.1570391615491981
Rembesdalskaka,2079-10-01,-0.38632201379472964,-0.0823359905615776,-0.10531147534896201
Rembesdalskaka,2079-11-01,0.1106444486288531,0.07409657555655856,-0.6375847567963784
Rembesdalskaka,2079-12-01,-0.23131602751971947,-0.11947770424497957,-0.17382415450766017
Rembesdalskaka,2080-01-01,-0.4101873444331578,-0.7743047879949693,-0.9214938913237165
Rembesdalskaka,2080-02-01,0.03273556759083336,-0.2884392394858886,0.4764182930816741
Rembesdalskaka,2080-03-01,-0.08276855589018141,0.29900079968545784,-0.2014058326917998
Rembesdalskaka,2080-04-01,-0.48161695260604304,0.11293137021598326,-0.24653344622735254
Rembesdalskaka,2080-05-01,-0.013448028152947232,0.20550710822959672,0.057663460468358
Rembesdalskaka,2080-06-01,-0.3467365812195024,0.08122137743326498,-0.04800208035066981
Rembesdalskaka,2080-07-01,0.1112925043388232,-0.0011558257272107815,-0.2564731436844662
Rembesdalskaka,2080-08-01,-0.08232688425348582,-0.22241845905916283,0.237985671128666
Rembesdalskaka,2080-09-01,0.34864676116970966,-0.20956418344460595,0.04987715509185545
Rembesdalskaka,2080-10-01,-0.5498435117898377,-0.2726366773696664,0.03833349800716149
Rembesdalskaka,2080-11-01,0.5348328130378336,-0.6378703338729339,-0.44360304073926143
Rembesdalskaka,2080-12-01,0.28464198074165287,-0.6377530534708576,-0.33507961177984463
Rembesdalskaka,2081-01-01,0.10027985034502905,-0.2536538432030301,-0.23113720441120914
Rembesdalskaka,2081-02-01,0.02387330375444327,-0.6507888726379617,-0.3725801752056686
Rembesdalskaka,2081-03-01,0.6688507730122595,-0.6307499714815412,-0.1625443634128934
Rembesdalskaka,2081-04-01,-0.38174719252493095,0.2529677387771285,-0.27589093848560603
Rembesdalskaka,2081-05-01,0.2583158120059703,0.2827090269392239,-0.15804653919513337
Rembesdalskaka,2081-06-01,0.08986128300797523,0.24429821480158442,0.24665037965892234
Rembesdalskaka,2081-07-01,0.15649631802764585,0.2591501336594052,-0.17368392742388314
Rembesdalskaka,2081-08-01,0.2054823897588917,-0.14752940713337553,0.0694834243216673
Rembesdalskaka,2081-09-01,-0.17928403436192128,-0.21976996766832121,0.023067941279621442
Rembesdalskaka,2081-10-01,0.26249891938463404,0.08158479654336935,0.2852795338518257
Rembesdalskaka,2081-11-01,0.3029069174111303,-0.6799937340236425,0.16854503108213945
Rembesdalskaka,2081-12-01,-0.0529159099768412,-0.0031393470833982425,0.06709895316591519
Rembesdalskaka,2082-01-01,-0.46430741478314136,0.25052114092090066,-0.11223059251629648
Rembesdalskaka,2082-02-01,-0.1814126404913432,0.4778243515717137,-0.4894992486890594
Rembesdalskaka,2082-03-01,0.035642918650793214,-0.1713667798676927,0.5182681368742904
Rembesdalskaka,2082-04-01,-0.018558858685025867,0.013448086632481754,-0.09610739748623999
Rembesdalskaka,2082-05-01,-0.00288057142452261,-0.7840212618780478,-0.06874089969815396
Rembesdalskaka,2082-06-01,-0.19088087780222443,0.13876001760575105,0.07369029065191358
Rembesdalskaka,2082-07-01,-0.29952183700654716,-0.006548889583589027,0.032467739901240696
Rembesdalskaka,2082-08-01,-0.09389577941868621,0.054671659088691205,-0.2371304696384159
Rembesdalskaka,2082-09-01,0.33491656315085966,-0.009719392846630556,-0.7738652860620246
Rembesdalskaka,2082-10-01,-0.007051816009029682,0.34797705436453913,-0.08795016050311943
Rembesdalskaka,2082-11-01,0.48874901326447956,-0.09179156601290162,0.6733493992588923
Rembesdalskaka,2082-12-01,0.17750001664674855,-0.4889908236599089,-0.47145743001536683
Rembesdalskaka,2083-01-01,0.364364068331222,-0.3077400686446709,-0.5902734155593791
Rembesdalskaka,2083-02-01,-0.1983144127219879,1.195126492115647,0.41748352431678004
Rembesdalskaka,2083-03-01,0.5021631332964457,-0.32254498330844933,-0.6545175640175994
Rembesdalskaka,2083-04-01,0.40186366906233845,0.05609553793924863,0.22990325862051023
Rembesdalskaka,2083-05-01,0.1129824439701896,0.41727284176960605,-0.11843619123757133
Rembesdalskaka,2083-06-01,0.09722083542622804,0.058324372030649684,-0.030665524011191672
Rembesdalskaka,2083-07-01,-0.26087490949468933,-0.08402797382144682,0.18658428224305237
Rembesdalskaka,2083-08-01,-0.05385331972264973,0.013642125036886284,-0.20175519767463254
Rembesdalskaka,2083-09-01,-0.03505197840106528,-0.3594761578887904,-0.03917225356558768
Rembesdalskaka,2083-10-01,-0.28345955028100617,-0.38334205499660445,0.3147601495454871
Rembesdalskaka,2083-11-01,0.011283568783613964,0.1004162030480844,-0.3842604191762224
Rembesdalskaka,2083-12-01,-0.1915400106342254,-0.7245799428105659,0.014036475898108256
Rembesdalskaka,2084-01-01,-0.33503054934074217,1.1643637604019605,0.10611945060266532
Rembesdalskaka,2084-02-01,-0.04439616492750336,0.5589576976870588,-0.08912990553320715
Rembesdalskaka,2084-03-01,-0.2129871082081217,0.44102676721686285,-0.16956618346800004
Rembesdalskaka,2084-04-01,-0.14939958177385126,-0.48881538222889115,0.035381352150142494
Rembesdalskaka,2084-05-01,0.16926687336900756,-0.09077915536888671,-0.23320026736560895
Rembesdalskaka,2084-06-01,0.09884286944834725,-0.3411336658858035,0.07038829296840664
Rembesdalskaka,2084-07-01,-0.1365310970750097,0.010233524895742786,-0.38427709721063014
Rembesdalskaka,2084-08-01,0.19533682842241742,0.14003144528841505,-0.13867859780193703
Rembesdalskaka,2084-09-01,-0.3133742473523538,-0.02708483318215815,-0.51681353067218
Rembesdalskaka,2084-10-01,0.1831314219583867,-0.18061250870703796,-0.29851783688689704
Rembesdalskaka,2084-11-01,-0.31463508568675724,-0.36311012666324655,0.2525791726569771
Rembesdalskaka,2084-12-01,0.2575431152791076,-0.10013178277161296,0.6159680303507954
Rembesdalskaka,2085-01-01,0.0047588532032305,-0.4885820411081137,-0.3387584279859958
Rembesdalskaka,2085-02-01,-0.33721196739638404,-0.4598987614752614,0.009261916989422261
Rembesdalskaka,2085-03-01,-0.008953964244125428,-0.7170636104222666,-0.3922295925237123
Rembesdalskaka,2085-04-01,0.1142025386115131,-0.18101787796270363,0.0034874369042317693
Rembesdalskaka,2085-05-01,0.012441305685529222,0.13542793259293126,0.013892427537252868
Rembesdalskaka,2085-06-01,-0.46413200230015783,0.38897262825284873,-0.23264081241326665
Rembesdalskaka,2085-07-01,-0.3675004244181856,0.12552737767681546,-0.08309038561032286
Rembesdalskaka,2085-08-01,-0.4527254498912841,-0.10876940912718362,0.10130463629586074
Rembesdalskaka,2085-09-01,0.1534775618004358,0.09312893847381394,-0.10622337054893716
Rembesdalskaka,2085-10-01,0.03577516418328781,0.2019660302821181,0.32018375127160836
Rembesdalskaka,2085-11-01,0.044082716267410615,0.580870052255491,0.08960027602823441
Rembesdalskaka,2085-12-01,0.17832574207870663,0.2365980616509201,0.32669455403573905
Rembesdalskaka,2086-01-01,0.08892741950048538,-0.3096400435516817,-0.41446923005265074
Rembesdalskaka,2086-02-01,-0.2729147409697393,-0.31471729567859535,0.06621398226643355
Rembesdalskaka,2086-03-01,0.07486636781656887,-0.1589913380951509,0.465730255252143
Rembesdalskaka,2086-04-01,-0.363589259566028,-0.06827778889408392,0.538136752274839
Rembesdalskaka,2086-05-01,-0.15658103247632682,0.018609622944574883,-0.03394221495322955
Rembesdalskaka,2086-06-01,0.01144525702028549,-0.22332526094871255,0.08696733259490579
Rembesdalskaka,2086-07-01,-0.21274481176839807,0.027617553182407873,0.05977918458935269
Rembesdalskaka,2086-08-01,-0.21953722580266458,0.0546788358865288,0.017869431408826197
Rembesdalskaka,2086-09-01,-0.4182183771559334,0.2603942416843849,0.06474867426645912
Rembesdalskaka,2086-10-01,0.3945130186424932,-0.23538859167486179,-0.18637095671399226
Rembesdalskaka,2086-11-01,0.10924107056239861,0.08558202646233126,-0.3023920539926664
Rembesdalskaka,2086-12-01,-0.014467944265760447,-0.040463286548994414,0.29260375785274434
Rembesdalskaka,2087-01-01,-0.05349955481835585,-0.19068097929800973,-0.4408720775783171
Rembesdalskaka,2087-02-01,-0.31418859884509864,0.24090220032869883,-0.1596616548825249
Rembesdalskaka,2087-03-01,-0.21405847520549295,-0.022805232510479223,0.009926673032810177
Rembesdalskaka,2087-04-01,-0.32409378908254466,0.865829887110927,0.2787450141196468
Rembesdalskaka,2087-05-01,-0.4353125713349227,-0.21720148170553735,-0.15807295050539755
Rembesdalskaka,2087-06-01,0.27430259434126025,0.09373978572802721,0.04420823185700867
Rembesdalskaka,2087-07-01,-0.172801048850816,0.06197822376250436,0.1204312495518341
Rembesdalskaka,2087-08-01,-0.182095211760242,0.1699561193892832,0.13184999724141924
Rembesdalskaka,2087-09-01,-0.07005414340257714,-0.28593743897860346,-0.24383197334462384
Rembesdalskaka,2087-10-01,-0.09420023315265567,0.18683698226575932,-0.8075568547080421
Rembesdalskaka,2087-11-01,-0.25286569406628895,-0.5657758110043781,-0.1925045546974629
Rembesdalskaka,2087-12-01,0.3212346040027048,-0.56891326030856,-0.24447303464799042
Rembesdalskaka,2088-01-01,0.057446004948135086,0.1295343025199599,-0.26236097602853065
Rembesdalskaka,2088-02-01,0.2721132962149438,-0.1602670293947518,-0.4291800014482802
Rembesdalskaka,2088-03-01,0.19442985870121313,-0.38649060828988846,0.3789945449931656
Rembesdalskaka,2088-04-01,0.19482025465477268,-0.4312300124625455,0.33598652685893327
Rembesdalskaka,2088-05-01,-0.047166944110881626,0.3754757346459631,0.5274296864525901
Rembesdalskaka,2088-06-01,0.17685964059289747,-0.18100376865143009,-0.179475127808831
Rembesdalskaka,2088-07-01,-0.355648699914865,0.135728201898539,0.01425243951139759
Rembesdalskaka,2088-08-01,-0.14704365123160204,0.07148632127044557,-0.09816935019994937
Rembesdalskaka,2088-09-01,-0.196775183951998,0.1541663168745695,-0.39415101297979405
Rembesdalskaka,2088-10-01,-0.07715582967431796,0.22998508227566858,-0.5577605741527797
Rembesdalskaka,2088-11-01,-0.11719385478058081,-0.710068731002552,0.48657337934701445
Rembesdalskaka,2088-12-01,-0.3483102473541521,-0.5316653547673068,0.07317050475209637
Rembesdalskaka,2089-01-01,-0.012081759424057767,-0.21582396325097722,0.28930253200711786
Rembesdalskaka,2089-02-01,0.14857373970246288,0.008810858277983507,-0.056395418979794894
Rembesdalskaka,2089-03-01,0.18004918167853448,0.30243259572499975,0.3366684183761022
Rembesdalskaka,2089-04-01,-0.17755629838147172,-0.38504296840342983,-0.15451267736204813
Rembesdalskaka,2089-05-01,-0.604650567836078,-0.5506089018114461,0.005060632152553868
Rembesdalskaka,2089-06-01,-0.12432800621318292,-0.009234377089460595,-0.05546845763563874
Rembesdalskaka,2089-07-01,-0.2304634320298662,0.21695165391010685,0.024347505459963382
Rembesdalskaka,2089-08-01,-0.6130393602671512,-0.2782137499478048,-0.053035288384351696
Rembesdalskaka,2089-09-01,-0.043503725383979445,0.15453247362696057,0.1639563454290284
Rembesdalskaka,2089-10-01,0.4036996139052193,0.1929574894606426,0.2666318244563279
Rembesdalskaka,2089-11-01,-0.5652394008838196,-0.6607512987313423,0.1941602886182893
Rembesdalskaka,2089-12-01,0.1664385216282909,-0.29851281760001763,-0.2819389602507733
Rembesdalskaka,2090-01-01,-0.1480117359719186,0.12135082636106846,0.026800619995601616
Rembesdalskaka,2090-02-01,0.5634452371351027,-0.2935885967136989,-0.11243578377860657
Rembesdalskaka,2090-03-01,-0.014901021529165753,0.034777273952201725,-0.3430738846212311
Rembesdalskaka,2090-04-01,-0.3399224732648873,0.7981532935511851,-0.09993602719906723
Rembesdalskaka,2090-05-01,-0.17572587933212694,0.16700433500367298,0.271400537109179
Rembesdalskaka,2090-06-01,-0.43716860814610237,0.07240129878876601,0.06671097268791981
Rembesdalskaka,2090-07-01,-0.24866232229683574,0.11487567365426839,-0.1432171163909405
Rembesdalskaka,2090-08-01,-0.09180483675488744,0.09650119068022434,0.05310843767919787
Rembesdalskaka,2090-09-01,-0.11639542021469644,0.13107459116755601,-0.028154939277574176
Rembesdalskaka,2090-10-01,-0.1276960153383124,-0.5440892748748922,0.6271701395539706
Rembesdalskaka,2090-11-01,0.1817517388753022,0.4359524066746821,0.10426222549662584
Rembesdalskaka,2090-12-01,-0.15135375103186363,-0.2279005374414508,-0.6352558335808367
Rembesdalskaka,2091-01-01,-0.08242260783520176,0.6384172853950748,-0.5548890285445004
Rembesdalskaka,2091-02-01,-0.0015033858745496717,1.0544441120008852,0.2614526273973203
Rembesdalskaka,2091-03-01,-0.26516078872200216,0.6176901686904289,-0.689879535769133
Rembesdalskaka,2091-04-01,0.465603669052286,-0.21444687566766688,0.2788264487754548
Rembesdalskaka,2091-05-01,0.21502947433544115,-0.2822251545223948,-0.05536226334893379
Rembesdalskaka,2091-06-01,-0.2992452173112902,-0.2556146786202629,-0.3612994654929828
Rembesdalskaka,2091-07-01,0.028082028601380996,-0.12449334084208159,0.08405942410526823
Rembesdalskaka,2091-08-01,0.22070814792430463,0.1328717043167025,0.0011602622879970381
Rembesdalskaka,2091-09-01,-0.03527180662413905,-0.18503109383124516,0.19804011615282935
Rembesdalskaka,2091-10-01,0.21847827004992373,-0.11435341480891037,0.11494092020965407
Rembesdalskaka,2091-11-01,0.433281357749362,-0.09813185447375931,-1.1384154333872012
Rembesdalskaka,2091-12-01,-0.04567310038322803,-0.5606499227355194,-0.05201023217671027
Rembesdalskaka,2092-01-01,-0.43121051910866864,-0.4367520118133643,-0.4306708270666097
Rembesdalskaka,2092-02-01,0.022470474700955978,-0.041338036253156504,-0.47431208887086806
Rembesdalskaka,2092-03-01,-0.17390939255896076,0.3736947494621645,-0.1065663958558033
Rembesdalskaka,2092-04-01,-0.08957418861498125,-0.06418768384127187,-0.12726180657163136
Rembesdalskaka,2092-05-01,-0.2671750600632849,0.19045918588274344,-0.05169767694667812
Rembesdalskaka,2092-06-01,0.09369431137626248,-0.38456396834049084,0.1032325809357732
Rembesdalskaka,2092-07-01,-0.17342870943019348,-0.29375431090357706,0.06552141758109653
Rembesdalskaka,2092-08-01,-0.07127948693392132,-0.09393277118701482,0.06420941644159446
Rembesdalskaka,2092-09-01,0.13223902190566092,-0.6149431278343719,-0.03272357536937594
Rembesdalskaka,2092-10-01,-0.24227777722240865,-0.015049036525159683,0.08936725698306681
Rembesdalskaka,2092-11-01,-0.19615748036540492,-0.1526864374173395,-0.28442813248976206
Rembesdalskaka,2092-12-01,-0.20539505366189992,-0.4028057642798726,-0.20712007169457722
Rembesdalskaka,2093-01-01,0.15940348706645857,0.12974952363459888,0.28695849301419324
Rembesdalskaka,2093-02-01,-0.28843726292311545,0.8460004904112025,-0.373484223975546
Rembesdalskaka,2093-03-01,0.364269498844894,0.213751214201891,-0.5383004323245767
Rembesdalskaka,2093-04-01,-0.23148161604073278,0.12134225940919564,0.19488777281182146
Rembesdalskaka,2093-05-01,-0.15060625232828975,0.21640718303535533,0.5541785060977963
Rembesdalskaka,2093-06-01,-0.28750644603917225,0.01811796147198636,0.17039047281595643
Rembesdalskaka,2093-07-01,-0.046834069000385704,-0.37429320922219994,0.11757858737464498
Rembesdalskaka,2093-08-01,-0.15148836891801828,-0.3293200743058399,0.062143156967429496
Rembesdalskaka,2093-09-01,-0.23138252331603393,-0.41396357777302595,0.1944369677177562
Rembesdalskaka,2093-10-01,0.2419850280527652,0.32929464245909085,-0.48034571846645285
Rembesdalskaka,2093-11-01,-0.04237887824396521,-0.2641560453359432,-0.5075294010057321
Rembesdalskaka,2093-12-01,0.16025547981690133,0.592825543459612,-0.05622689772639505
Rembesdalskaka,2094-01-01,-0.04299542554110067,-0.6500574163709346,-0.3426423940588612
Rembesdalskaka,2094-02-01,0.3133916070112668,0.4977320941104691,-0.4287470570713512
Rembesdalskaka,2094-03-01,-0.2941013818248294,-0.3206231835187771,0.3619087969452561
Rembesdalskaka,2094-04-01,0.37346459807255084,0.1883458723943786,-0.061373250732449626
Rembesdalskaka,2094-05-01,0.24849743608796357,0.0654430462318038,-0.14461982890908856
Rembesdalskaka,2094-06-01,0.07140657965152297,0.28417828638031056,-0.27671863317053563
Rembesdalskaka,2094-07-01,-0.07926018314787535,-0.040004776324139596,-0.20665373629256922
Rembesdalskaka,2094-08-01,0.12012423102685348,0.2496776578175417,0.34304511556417955
Rembesdalskaka,2094-09-01,0.0780861902281489,-0.1360487134681644,0.2795516417650851
Rembesdalskaka,2094-10-01,0.3780501609757209,0.04061476307770481,-0.4322787013836611
Rembesdalskaka,2094-11-01,-0.3706847747387676,-0.35444867655861007,0.022663831157876343
Rembesdalskaka,2094-12-01,0.026793485867596417,0.20333303452367804,-0.27326264837071973
Rembesdalskaka,2095-01-01,-0.22633337559809838,0.27920982657664073,-0.2939906014627047
Rembesdalskaka,2095-02-01,-1.0122630889158202,-0.47788680772887426,0.3395174736312047
Rembesdalskaka,2095-03-01,-0.6040985254633581,0.25032850150469815,-0.46185593044485057
Rembesdalskaka,2095-04-01,-0.43172147454314597,-0.2680893324373446,0.13343534205524996
Rembesdalskaka,2095-05-01,-0.1420537014531246,0.05306184300768752,-0.2867842325915708
Rembesdalskaka,2095-06-01,0.0911640271432654,0.15168652203246416,-0.04710867023449566
Rembesdalskaka,2095-07-01,-0.09275175437876709,0.2507453232962254,0.012809853607678478
Rembesdalskaka,2095-08-01,-0.22705450554302722,-0.08016264801307627,-0.011310934850674068
Rembesdalskaka,2095-09-01,-0.1450443156802545,0.36385812824962094,-0.41155940849426303
Rembesdalskaka,2095-10-01,-0.1439639671598416,-0.2140495911065529,-0.6653334867816137
Rembesdalskaka,2095-11-01,-0.358611491389734,0.5441763779584735,0.014455040011902677
Rembesdalskaka,2095-12-01,-0.43125031276197495,0.5045202073436568,-0.06129683447763775
Rembesdalskaka,2096-01-01,-0.19417397954400073,0.07665174795935396,-0.38106738549028396
Rembesdalskaka,2096-02-01,-0.41253156013998576,0.24496388086204182,-0.4923070415202977
Rembesdalskaka,2096-03-01,-0.2971647866837264,-0.582801542662894,-0.08338796914424089
Rembesdalskaka,2096-04-01,0.15299209339509373,-0.19508158297826836,-0.39651782179311296
Rembesdalskaka,2096-05-01,-0.2135344016735001,-0.1779632831138193,-0.18261775503521638
Rembesdalskaka,2096-06-01,-0.24299268272874042,0.05840532280462935,-0.2804502211314181
Rembesdalskaka,2096-07-01,-0.20654955272041167,-0.18170767676782926,-0.09666879692562169
Rembesdalskaka,2096-08-01,0.0032525067597368867,-0.0671957511220751,-0.23581423426996576
Rembesdalskaka,2096-09-01,0.08417918730167186,-0.18730728258558701,-0.7546546810917175
Rembesdalskaka,2096-10-01,-0.34415173387088477,0.3267392755584799,-0.7296438637324861
Rembesdalskaka,2096-11-01,-0.17183018766916427,-0.26991828258894485,0.281700522240248
Rembesdalskaka,2096-12-01,-0.6727630639740361,-0.2650431127417093,-0.12186725002943329
Rembesdalskaka,2097-01-01,0.2617923591286678,-0.5527202473310683,-0.03732350234775846
Rembesdalskaka,2097-02-01,-0.3100538361802294,-0.31558658233819686,-1.0101571018371123
Rembesdalskaka,2097-03-01,0.26994715053289065,0.19421688993925237,-0.14716066691785262
Rembesdalskaka,2097-04-01,0.2523737633368153,-0.5065559651898265,-0.4832452443134419
Rembesdalskaka,2097-05-01,-0.33433387822897137,0.33560346013373454,-0.1984288906276216
Rembesdalskaka,2097-06-01,-0.14033092658508775,-0.10385637513942769,-0.10892132846843065
Rembesdalskaka,2097-07-01,-0.16920442308656938,-0.17225357307694553,0.2475547205748894
Rembesdalskaka,2097-08-01,-0.5151926527601108,0.09894962839748152,-0.037328328052112385
Rembesdalskaka,2097-09-01,-0.7345069472282383,0.22593366683965263,0.07562643747632701
Rembesdalskaka,2097-10-01,-0.22907738583872947,0.46573310590933503,0.09355242235542778
Rembesdalskaka,2097-11-01,-0.4243304968377792,-0.9239533124996601,-0.3454578842824582
Rembesdalskaka,2097-12-01,-0.08658168190798421,-0.08542063893256983,0.23731622758148774
Rembesdalskaka,2098-01-01,-0.305848211600753,-0.16547756235823166,0.3740048751157044
Rembesdalskaka,2098-02-01,0.37188400562300905,0.47164825317260406,0.10952532767275736
Rembesdalskaka,2098-03-01,-0.49117265384790126,0.0068947946255879565,-0.6627460327560925
Rembesdalskaka,2098-04-01,0.2086982367716083,0.11394067615955177,-0.18511471575103536
Rembesdalskaka,2098-05-01,0.103336128707064,-0.3023921791586394,0.24684272837125687
Rembesdalskaka,2098-06-01,-0.034555855207758786,0.17302536936040339,0.13115579426734825
Rembesdalskaka,2098-07-01,-0.11648342667706198,0.20665516641206225,0.006644102107152876
Rembesdalskaka,2098-08-01,0.004095104045651547,-0.32015547042473624,0.05852248972217936
Rembesdalskaka,2098-09-01,-0.21631208251746759,-0.08582794898197688,-0.19942752809882677
Rembesdalskaka,2098-10-01,-0.4664034704421029,-0.1725217073077975,-0.26982916694176695
Rembesdalskaka,2098-11-01,0.24457306473811546,-0.5688578203083662,0.10857502428267236
Rembesdalskaka,2098-12-01,-0.49002027354122607,0.16732114343845264,-0.045419832156391414
Rembesdalskaka,2099-01-01,0.047507835127173347,-0.6834778011451602,-0.07520765136069653
Rembesdalskaka,2099-02-01,0.07585758198016478,0.0209700867334849,0.30923191352546925
Rembesdalskaka,2099-03-01,0.35022944971824393,-0.10158748649097848,0.3919457904285695
Rembesdalskaka,2099-04-01,-0.20364210215906306,-0.08147820975918872,0.26331002221180205
Rembesdalskaka,2099-05-01,-0.2094049264204839,0.5855271635903968,-0.03027187886317365
Rembesdalskaka,2099-06-01,-0.18245834775118638,-0.0056763437679454715,-0.17305852826215962
Rembesdalskaka,2099-07-01,-0.27646529411609644,0.1899193044059536,0.19886682324466523
Rembesdalskaka,2099-08-01,-0.2761507397768252,0.24387102166132932,0.05012666213585443
Rembesdalskaka,2099-09-01,-0.2845636261411894,-0.04326229730483654,0.33215721105414364
Rembesdalskaka,2099-10-01,-0.0705555549774163,-0.022060131716019647,-0.7416575721431352
Rembesdalskaka,2099-11-01,-0.2816087111745744,0.02470266919660515,0.3435585325220933
Rembesdalskaka,2099-12-01,-0.4209083462444534,-0.49891621858137736,-0.3465611795813847
Rembesdalskaka,2100-01-01,-0.018915647238986998,-0.6101145154062748,-0.2645573280765566
Rembesdalskaka,2100-02-01,-0.7623355951429357,-1.4067461018090672,-0.486151545468049
Rembesdalskaka,2100-03-01,0.43835789981614104,-0.26212551936108647,-0.12056547624949727
Rembesdalskaka,2100-04-01,0.10900816593587154,0.3671736218359425,-0.30093641188317916
Rembesdalskaka,2100-05-01,-0.07053278369712591,0.05307779290964245,-0.12938318472728427
Rembesdalskaka,2100-06-01,-0.24249515597133411,0.1181169804070986,0.0032226496372759345
Rembesdalskaka,2100-07-01,-0.1758290743382481,-0.3137714024344815,0.13752904176290498
Rembesdalskaka,2100-08-01,-0.22390464222005532,-0.3222022707986984,0.18628949439142958
Rembesdalskaka,2100-09-01,0.0942807578333321,-0.5868239615620007,-0.21053586361196408
Rembesdalskaka,2100-10-01,-0.23228311371947785,0.1728668199485852,-0.6455562536978561
Rembesdalskaka,2100-11-01,-0.47460355293833745,0.19392873077585007,-0.3212069918037431
Rembesdalskaka,2100-12-01,-0.16721502395455246,0.39943578739958047,-0.1840916449793993
Storbreen,2015-01-01,-0.37804325110249676,-0.35327868352303954,-0.3368150225734849
Storbreen,2015-02-01,-0.3452696512250368,-0.3137556006142894,-0.17822718448500519
Storbreen,2015-03-01,-0.38757401632941096,-0.2745460046436139,-0.3457354664266523
Storbreen,2015-04-01,-0.05014410623431825,-0.49613664396736157,-0.40547640081095193
Storbreen,2015-05-01,-0.1871222829897836,-0.332990877249097,-0.3491192173130155
Storbreen,2015-06-01,-0.30091179805866747,-0.2834758039125704,-0.24698700027256193
Storbreen,2015-07-01,-0.35188176920541747,-0.33000993449597116,-0.3894434961946808
Storbreen,2015-08-01,-0.38449644456390014,-0.48531256347215274,-0.4927649102519247
Storbreen,2015-09-01,-0.3636398941069629,-0.3683985699935521,-0.24436172943985768
Storbreen,2015-10-01,-0.38232854768372276,-0.20420408243831234,-0.2611579918358968
Storbreen,2015-11-01,-0.35937105970658845,-0.25609280424353265,-0.271993229102995
Storbreen,2015-12-01,-0.4172033986145352,-0.20996215434390686,-0.08439519746979653
Storbreen,2016-01-01,-0.30947068678921236,-0.2851773578177441,-0.2986276996850092
Storbreen,2016-02-01,-0.22124553573036296,-0.486477236194727,-0.04602398075806452
Storbreen,2016-03-01,-0.2824976665709527,-0.32390181450324035,-0.4743029571918285
Storbreen,2016-04-01,-0.3754438288371739,-0.2507852737793396,-0.5705442876023273
Storbreen,2016-05-01,-0.3291246938341754,-0.25774968217477673,-0.24400381529389958
Storbreen,2016-06-01,-0.3570967386866626,-0.5077228869440275,-0.45880331754764586
Storbreen,2016-07-01,-0.4524208209236662,-0.3916419584126216,-0.4009582659077455
Storbreen,2016-08-01,-0.32680792664912534,-0.46807073635680746,-0.4179790597409157
Storbreen,2016-09-01,-0.3771988690180799,-0.49300229140353197,-0.44437135639041386
Storbreen,2016-10-01,-0.36852459298703083,-0.33206523885808764,-0.13077771837684704
Storbreen,2016-11-01,-0.29988026161405373,-0.4594368218822787,-0.3582782780446007
Storbreen,2016-12-01,-0.15947410177466317,-0.2344567093479195,-0.40554686929165973
Storbreen,2017-01-01,-0.40515669959610906,-0.22411744675196887,-0.3565457408503023
Storbreen,2017-02-01,-0.39906379759959193,-0.34127012089671593,-0.2142732971933179
Storbreen,2017-03-01,-0.039900684854587844,-0.41934011930033877,-0.3782415023150258
Storbreen,2017-04-01,-0.33781972692531537,-0.43382551854792234,-0.22746428983691938
Storbreen,2017-05-01,-0.40426296500936987,-0.3515876894707422,-0.5350097181437005
Storbreen,2017-06-01,-0.4703257171028885,-0.37445040745198144,-0.2590415209969869
Storbreen,2017-07-01,-0.42009544900485735,-0.32589696040635174,-0.38944615811953215
Storbreen,2017-08-01,-0.33539627762628627,-0.3589205894177683,-0.42496476249457227
Storbreen,2017-09-01,-0.24371587970018252,-0.1613380314376095,-0.314251560171174
Storbreen,2017-10-01,-0.24328542401606104,-0.18172532414229545,-0.5131216713700898
Storbreen,2017-11-01,-0.29023739504341123,-0.22532648538736322,-0.4495271070510136
Storbreen,2017-12-01,-0.3920389014599053,-0.40945246582008643,-0.31373544188642205
Storbreen,2018-01-01,-0.19909175613521532,-0.12487106749703529,-0.38414577328313076
Storbreen,2018-02-01,-0.2048205860462106,-0.22182427209604852,-0.5005996129510808
Storbreen,2018-03-01,-0.4929643108072222,-0.16734835835497738,-0.37605422960826246
Storbreen,2018-04-01,-0.5187757389580706,-0.33546185475093515,-0.4463331231732144
Storbreen,2018-05-01,-0.32636631231742025,-0.24051067581182065,-0.35272067135581486
Storbreen,2018-06-01,-0.43629357265244,-0.11332808525577036,-0.5704310095333102
Storbreen,2018-07-01,-0.31103459427208174,-0.2423263703970376,-0.45010679915655977
Storbreen,2018-08-01,-0.20839955886662245,-0.22002970369924327,-0.2821011702198853
Storbreen,2018-09-01,-0.32985095807927645,-0.3981946679013386,-0.4028968660687826
Storbreen,2018-10-01,-0.19303421663054754,-0.2840392689700015,-0.378265223586496
Storbreen,2018-11-01,-0.201494685244748,-0.20798091052570047,-0.4987372402563422
Storbreen,2018-12-01,-0.3555065145625406,-0.4880758420794257,-0.3596821010229374
Storbreen,2019-01-01,-0.4008124438160232,-0.2048346644730458,-0.38505530884640143
Storbreen,2019-02-01,-0.49783661951293795,-0.3047943645311797,-0.25691327639153855
Storbreen,2019-03-01,-0.14989606734424252,-0.5146396147299245,-0.2946090194362922
Storbreen,2019-04-01,-0.22470702024522626,-0.16320040298061797,-0.47279841071545753
Storbreen,2019-05-01,-0.15993301358869857,-0.1919121460800489,-0.15940159910731996
Storbreen,2019-06-01,-0.43138144542992835,-0.2349479291450043,-0.12936460820629464
Storbreen,2019-07-01,-0.2778920804897468,-0.2740860964042748,-0.38396033921934336
Storbreen,2019-08-01,-0.4602786203687645,-0.3391985460390845,-0.34487937003658264
Storbreen,2019-09-01,-0.3489978025632042,-0.3016545833754734,-0.272767787806323
Storbreen,2019-10-01,-0.23268840740012972,-0.33137357682932994,-0.4249843928075694
Storbreen,2019-11-01,-0.4488796478302508,-0.21727772973483228,-0.3563689002032848
Storbreen,2019-12-01,-0.2372741912329772,-0.3748593315962751,-0.19415072993434315
Storbreen,2020-01-01,-0.0596315521459167,-0.27953045784244546,-0.4759264098386091
Storbreen,2020-02-01,-0.10483450066770421,-0.2891977562521628,-0.23573705157106165
Storbreen,2020-03-01,-0.35284790907264224,-0.27512028986215137,-0.2391894859855053
Storbreen,2020-04-01,-0.4330193567839775,-0.24795446256997924,-0.008408295404493171
Storbreen,2020-05-01,-0.34793673943599596,-0.08883391860917662,-0.2850758892968493
Storbreen,2020-06-01,-0.2825538155398865,-0.46144926678797765,-0.39989360289896986
Storbreen,2020-07-01,-0.4332807234881113,-0.3345448838571469,-0.3036042264435322
Storbreen,2020-08-01,-0.23493345246921413,-0.27765433057212435,-0.2174782950637725
Storbreen,2020-09-01,-0.1686976694461896,-0.3530985281537748,-0.34413342949058195
Storbreen,2020-10-01,-0.38908041900515505,-0.4348112382052955,-0.43458549607249
Storbreen,2020-11-01,-0.2191987001861305,-0.32509848795676105,-0.30178799340796875
Storbreen,2020-12-01,-0.3686002975687675,-0.24340959619546512,-0.14215621361459244
Storbreen,2021-01-01,-0.35111302554505136,-0.33564669260688995,-0.31995057294819756
Storbreen,2021-02-01,-0.2639723585637246,-0.3111817459258062,-0.4274936240779488
Storbreen,2021-03-01,-0.1912436135185406,-0.26464392675963694,-0.13181473678814126
Storbreen,2021-04-01,-0.5916351796700651,-0.28111448490482766,-0.21128171306188345
Storbreen,2021-05-01,-0.22068988765164163,-0.2676724616831547,-0.052599489129940634
Storbreen,2021-06-01,-0.3616863696593599,-0.4261065267895996,-0.20781524099423052
Storbreen,2021-07-01,-0.2978559503192418,-0.4666636551158652,-0.3671284493603359
Storbreen,2021-08-01,-0.3729866695946403,-0.4015416481804426,-0.36972719345213845
Storbreen,2021-09-01,-0.353510410135989,-0.22390542520505438,-0.4068424062679756
Storbreen,2021-10-01,-0.3183165526568012,-0.45532912306209966,-0.1424932005215336
Storbreen,2021-11-01,-0.4062822203316063,-0.2563753526804113,-0.21984273895974712
Storbreen,2021-12-01,-0.5386130873170666,-0.24038148050027264,-0.08600206587893212
Storbreen,2022-01-01,-0.3710145776345921,-0.4649884583429562,-0.3264466507230362
Storbreen,2022-02-01,-0.2987770517335456,-0.2564702730595678,-0.28221673651564916
Storbreen,2022-03-01,-0.2444895617004943,-0.2703167549132797,-0.26363861354005097
Storbreen,2022-04-01,-0.195982797096668,-0.3744647895006877,-0.41099245126432676
Storbreen,2022-05-01,-0.4035106380997751,-0.2881989118558923,-0.3467675885303785
Storbreen,2022-06-01,-0.3910244538846668,-0.4762141499554197,-0.32121156698532766
Storbreen,2022-07-01,-0.28182615362532076,-0.4124777267731073,-0.3715986434078122
Storbreen,2022-08-01,-0.3086531091514529,-0.24582147043804906,-0.5274702359664613
Storbreen,2022-09-01,-0.4589551927918481,-0.44837492429911463,-0.41282593275240087
Storbreen,2022-10-01,-0.4423232482886091,-0.3219231358385363,-0.24536027622136145
Storbreen,2022-11-01,-0.40085193541430825,-0.20199553917702873,-0.28448688660862165
Storbreen,2022-12-01,-0.23202372459682388,-0.10448086387720505,-0.4703921259883603
Storbreen,2023-01-01,-0.3582390547977104,-0.2986146026395776,-0.4025377082172352
Storbreen,2023-02-01,-0.35323794893011273,-0.5065320122660563,-0.12945523295953834
Storbreen,2023-03-01,-0.37779400333053953,-0.2051218702302721,-0.23867746616487287
Storbreen,2023-04-01,-0.2483918151176642,-0.3474294915067808,-0.41793482814062854
Storbreen,2023-05-01,-0.15087047256058503,-0.1699919845342175,-0.3570427598757589
Storbreen,2023-06-01,-0.27243085990828425,-0.5279555032733864,-0.2907089430448673
Storbreen,2023-07-01,-0.3749712636444944,-0.3744669496987645,-0.24332862299924593
Storbreen,2023-08-01,-0.3705831522420597,-0.38862648909350433,-0.34745987551953056
Storbreen,2023-09-01,-0.39604688856877496,-0.13101972435645495,-0.36242645600870577
Storbreen,2023-10-01,-0.5038430094352566,-0.31367529683905415,-0.3434927796199654
Storbreen,2023-11-01,-0.308746569651243,-0.38410087042737207,-0.3941685305447926
Storbreen,2023-12-01,-0.37147264801722074,-0.3610542766971687,-0.31609313670325667
Storbreen,2024-01-01,-0.33676363359139905,-0.31017982876930733,-0.14344914689585528
Storbreen,2024-02-01,-0.434446113948974,-0.21070494819484953,-0.371127928749454
Storbreen,2024-03-01,-0.3907282438359309,-0.2772960240121541,-0.33479537386677033
Storbreen,2024-04-01,-0.06278985403953817,-0.33928969992395014,-0.22809798646079715
Storbreen,2024-05-01,-0.2901725255086112,-0.20303154738683213,-0.41051761071587495
Storbreen,2024-06-01,-0.30558295226068904,-0.2521807840417875,-0.3620806968593793
Storbreen,2024-07-01,-0.3341246144131009,-0.21159353547170956,-0.29297513942573644
Storbreen,2024-08-01,-0.44471900715036816,-0.2213839146664731,-0.272406411175774
Storbreen,2024-09-01,-0.3317788535156976,-0.33435387168061076,-0.30451920422781603
Storbreen,2024-10-01,-0.37229199546346176,-0.26855052119548867,-0.4240059839331137
Storbreen,2024-11-01,-0.22752634686455997,-0.1513416306407693,-0.3462782822676915
Storbreen,2024-12-01,-0.2710449502150079,-0.17789928013285392,-0.13442646521586465
Storbreen,2025-01-01,-0.29791719233636993,-0.2439815414760139,-0.28054854515325506
Storbreen,2025-02-01,-0.14239470949973068,-0.3084325331527815,-0.49133809945378926
Storbreen,2025-03-01,-0.18330484885430468,-0.5371123224967501,-0.3659582158266775
Storbreen,2025-04-01,-0.5014786655860032,-0.3387768872312988,-0.33755694785704127
Storbreen,2025-05-01,-0.5186740130355443,-0.40813973918056456,-0.19807410093591393
Storbreen,2025-06-01,-0.19544988338127953,-0.39153218262734857,-0.2794636359594425
Storbreen,2025-07-01,-0.17076695249969384,-0.44272918193979033,-0.31019306379928363
Storbreen,2025-08-01,-0.43305718720132086,-0.24701774347666527,-0.2520864129925274
Storbreen,2025-09-01,-0.22939226983993347,-0.32484115675077435,-0.09458639448398888
Storbreen,2025-10-01,-0.5367115860720852,-0.2412087234721215,-0.4744941965534077
Storbreen,2025-11-01,-0.37707977880359494,-0.3852643719954092,-0.33483762765109965
Storbreen,2025-12-01,-0.42923390381715065,-0.4189353986453601,-0.49850073133591
Storbreen,2026-01-01,-0.21086836500489523,-0.3994222902702149,-0.2363788386882408
Storbreen,2026-02-01,-0.24175740118282693,-0.32056226335674104,-0.35254369183090023
Storbreen,2026-03-01,-0.38756722507044605,-0.22421309186145055,-0.11489034594078162
Storbreen,2026-04-01,-0.33470820315935823,-0.17773827810624165,-0.3379210694172185
Storbreen,2026-05-01,-0.1590601111967302,-0.1557726282510026,-0.16379085930099327
Storbreen,2026-06-01,-0.39031819204575074,-0.1926364457981682,-0.3567928414809021
Storbreen,2026-07-01,-0.3947480291262407,-0.25983368053512756,-0.37369261358265876
Storbreen,2026-08-01,-0.35073454915398034,-0.33207280565513425,-0.25572987440999234
Storbreen,2026-09-01,-0.29774417670108805,-0.15597595853354104,-0.324073091619349
Storbreen,2026-10-01,-0.3170861145920971,-0.3246399969902419,-0.3190771339665727
Storbreen,2026-11-01,-0.37879672166949313,-0.3412592367501226,-0.31861585375291696
Storbreen,2026-12-01,-0.42754687434172484,-0.29381263042318556,-0.43348591039196166
Storbreen,2027-01-01,-0.4613834574795524,-0.2394486913492222,-0.19404685352448214
Storbreen,2027-02-01,-0.332647356765833,-0.25913572528022777,-0.4777092950983583
Storbreen,2027-03-01,-0.32768521845342097,-0.14290674874821832,-0.20114340398866812
Storbreen,2027-04-01,-0.4574503014950795,-0.35706099786366313,-0.2049376700501597
Storbreen,2027-05-01,-0.4117267906692663,-0.39262260425912787,-0.43394635307268864
Storbreen,2027-06-01,-0.40584828527236466,-0.3490373158789591,-0.2514650300821523
Storbreen,2027-07-01,-0.23795169407474404,-0.4066878633748267,-0.47902242046598986
Storbreen,2027-08-01,-0.23359652064830716,-0.3027505079925534,-0.2845462713031039
Storbreen,2027-09-01,-0.21270065935680882,-0.515546182588826,-0.41575265995391364
Storbreen,2027-10-01,-0.1854241434176462,-0.07355840884141195,-0.3663279807090554
Storbreen,2027-11-01,-0.26628687653072897,-0.3240138950127614,-0.3585407906212003
Storbreen,2027-12-01,-0.3151781844675821,-0.40717295880610466,-0.34712033229505335
Storbreen,2028-01-01,-0.33538427880012395,-0.3081198062006132,-0.30376587648366654
Storbreen,2028-02-01,-0.15325134561729153,-0.30281955856609,-0.36346845932977745
Storbreen,2028-03-01,-0.2687384499100109,-0.20018337923109097,-0.20145035846734008
Storbreen,2028-04-01,-0.2638638574592251,-0.46224401448419217,-0.22921271239666574
Storbreen,2028-05-01,-0.4677634790144391,-0.37701235805715694,-0.3505726844066212
Storbreen,2028-06-01,-0.22051151944453162,-0.22122666276580683,-0.3539608136686632
Storbreen,2028-07-01,-0.23786563635612853,-0.29767364206140184,-0.30704125798173765
Storbreen,2028-08-01,-0.31714825411718645,-0.39681173850520146,-0.3315706618311382
Storbreen,2028-09-01,-0.33653039617179115,-0.4181494516423667,-0.3658040493037679
Storbreen,2028-10-01,-0.17524805068384405,-0.24333625568497452,-0.175008638381655
Storbreen,2028-11-01,-0.24064729900574403,-0.29256036827404586,-0.21650095012671297
Storbreen,2028-12-01,-0.3490422455369775,-0.3061687748070936,-0.45773873591459485
Storbreen,2029-01-01,-0.37579313107075074,-0.36589649419048637,-0.42767194061208863
Storbreen,2029-02-01,-0.3991432219397237,-0.34331281654179663,-0.4409368542570935
Storbreen,2029-03-01,-0.3862343914825228,-0.2767040760950837,-0.26859691451175843
Storbreen,2029-04-01,-0.2710303348588421,-0.3144221838283077,-0.23278453936650342
Storbreen,2029-05-01,-0.17713188166430296,-0.3844235327918628,-0.3276833638163341
Storbreen,2029-06-01,-0.424933482230946,-0.3292517098090755,-0.3824599911204685
Storbreen,2029-07-01,-0.33865276639693165,-0.2756167877521742,-0.23291040524553697
Storbreen,2029-08-01,-0.29274242412647505,-0.28857019901192976,-0.16186249532841843
Storbreen,2029-09-01,-0.31938916833528436,-0.31132781811559646,-0.5423444314368622
Storbreen,2029-10-01,-0.34690822924467285,-0.4763076446114301,-0.4544523660932119
Storbreen,2029-11-01,-0.38603838958366926,-0.3147311878676307,-0.3719465374053204
Storbreen,2029-12-01,-0.31411270536609354,-0.437367450305768,-0.2694447826184176
Storbreen,2030-01-01,-0.3756450068332222,-0.2442545660852775,-0.2579456500694555
Storbreen,2030-02-01,-0.20260767961409823,-0.3345096641785153,-0.4273370401067846
Storbreen,2030-03-01,-0.28567090019350555,-0.33733309294810976,-0.21770336472785914
Storbreen,2030-04-01,-0.39826152060046943,-0.3126818289100099,-0.4200855842630142
Storbreen,2030-05-01,-0.059648353851411984,-0.3956181740814711,-0.30477180124638875
Storbreen,2030-06-01,-0.4296803224050794,-0.0776319173598801,-0.3128269926466538
Storbreen,2030-07-01,-0.3447990977802277,-0.2243073047955834,-0.28477708027986465
Storbreen,2030-08-01,-0.2618300090026,-0.3414398496438893,-0.1369499122300208
Storbreen,2030-09-01,-0.333699319922903,-0.5318628687154635,-0.2504638334419319
Storbreen,2030-10-01,-0.26621836064173476,-0.4487698512998284,-0.29222550827003196
Storbreen,2030-11-01,-0.17897353495491405,-0.38779887577762134,-0.38308154936034633
Storbreen,2030-12-01,-0.344924026422847,-0.39644217828760725,-0.18105578369127237
Storbreen,2031-01-01,-0.4089453887930004,-0.415508739203377,-0.41776600348308074
Storbreen,2031-02-01,-0.20283592072295184,-0.38362708942833973,-0.3202168123605044
Storbreen,2031-03-01,-0.3512073820936172,-0.23431896702778943,-0.1340078944040385
Storbreen,2031-04-01,-0.42577678769157057,-0.23491243621301208,-0.35300151145475783
Storbreen,2031-05-01,-0.1527013040692902,-0.3687916487142247,-0.45275332248860733
Storbreen,2031-06-01,-0.43845785234191514,-0.20401992436317226,-0.23066304024493098
Storbreen,2031-07-01,-0.31935848998508415,-0.387743194840202,-0.36367867623090583
Storbreen,2031-08-01,-0.2869807383611078,-0.2999325165548485,-0.3674793006693749
Storbreen,2031-09-01,-0.45236768841054414,-0.17258870017929964,-0.424114279021418
Storbreen,2031-10-01,-0.3043649812600135,-0.26545421661131435,-0.44919548279780575
Storbreen,2031-11-01,-0.39211716737256425,-0.31345936505934624,-0.2249995825056245
Storbreen,2031-12-01,-0.2955513272454065,-0.2973135598576447,-0.3795967872542712
Storbreen,2032-01-01,-0.3190634031804494,-0.24569834453132858,-0.26620967791657396
Storbreen,2032-02-01,-0.312842182339896,-0.42386032350481867,-0.3361615579480844
Storbreen,2032-03-01,-0.25055597212985703,-0.32098067808114256,-0.41068929098573537
Storbreen,2032-04-01,-0.46876166794833435,-0.2891946864540533,-0.21068223555401053
Storbreen,2032-05-01,-0.5083863806712935,-0.37842907013733545,-0.430471842458463
Storbreen,2032-06-01,-0.43620873253173365,-0.15522761283013917,-0.386760208671262
Storbreen,2032-07-01,-0.3893916792161049,-0.3370070473326061,-0.33127329746252715
Storbreen,2032-08-01,-0.24241362743117767,-0.3298601285082878,-0.29919133546074406
Storbreen,2032-09-01,-0.357498197898883,-0.2745755876594371,-0.46707887777882195
Storbreen,2032-10-01,-0.3169003633795912,-0.48598972372244537,-0.3955419455392906
Storbreen,2032-11-01,-0.2278670596563572,-0.29263177049010247,-0.27765358853806094
Storbreen,2032-12-01,-0.3723649956075317,-0.47928329378677464,-0.3837790518754511
Storbreen,2033-01-01,-0.36181844466544416,-0.33845431871282033,-0.27351394659906975
Storbreen,2033-02-01,-0.5507423514068736,-0.21009152392632377,-0.38667552839149216
Storbreen,2033-03-01,-0.2536432113982839,-0.5165175907152276,-0.09568072936306943
Storbreen,2033-04-01,-0.2387142506995045,-0.15136054245307498,-0.1876826849632637
Storbreen,2033-05-01,-0.2470866529925028,-0.4384068955840259,-0.27816561032975406
Storbreen,2033-06-01,-0.3628393234763836,-0.33987612604262574,-0.27703868676324445
Storbreen,2033-07-01,-0.34994655599037744,-0.25503329890119225,-0.2730870745721255
Storbreen,2033-08-01,-0.2989288911967557,-0.4239334780246291,-0.19382729079619324
Storbreen,2033-09-01,-0.290226659755519,-0.06367993638914049,-0.23409997778677707
Storbreen,2033-10-01,-0.5681741624467302,-0.306464054051543,-0.13563034364774482
Storbreen,2033-11-01,-0.37100433832079344,-0.21331964408367646,-0.25529456805849987
Storbreen,2033-12-01,-0.38652413278009085,-0.44298602156332506,-0.19272176412340727
Storbreen,2034-01-01,-0.39162172097928044,-0.4391178885493045,-0.2777572037722497
Storbreen,2034-02-01,-0.2751820420887288,-0.42559840270830646,-0.2763751000146813
Storbreen,2034-03-01,-0.13909073875521408,-0.3363631014106627,-0.3166740851126269
Storbreen,2034-04-01,-0.376202029738411,-0.37142442300455225,-0.08852641497241472
Storbreen,2034-05-01,-0.3506032789248638,-0.2598439507813743,-0.3075979671327836
Storbreen,2034-06-01,-0.33964793785142433,-0.3689351292948939,-0.3047336589896257
Storbreen,2034-07-01,-0.4139135913679169,-0.10292385380595885,-0.38093165708216103
Storbreen,2034-08-01,-0.49251713979285466,-0.14949512945442955,-0.3176117220843766
Storbreen,2034-09-01,-0.24784319948093478,-0.5173786131362775,-0.2243635109419533
Storbreen,2034-10-01,-0.38770719446229746,-0.5529753605835854,-0.5108250587558666
Storbreen,2034-11-01,-0.23793668791738476,-0.39099961657000654,-0.4002081443568512
Storbreen,2034-12-01,-0.2986724589764789,-0.2570346977526944,-0.4525576822790745
Storbreen,2035-01-01,-0.2946656889058081,-0.21600179699082298,-0.29511303415542267
Storbreen,2035-02-01,-0.2752693376653328,-0.2966986301790811,-0.29824972682734785
Storbreen,2035-03-01,-0.3250457699468257,-0.2801455131507779,-0.3310111386659565
Storbreen,2035-04-01,-0.3415767470117579,-0.19775350882707107,-0.11618257873903363
Storbreen,2035-05-01,-0.30260200973329027,-0.34518064301211243,-0.2539680764627308
Storbreen,2035-06-01,-0.31286769778097695,-0.39464532818239123,-0.14335370908113523
Storbreen,2035-07-01,-0.5379630432707919,-0.48503369694838483,-0.3198018755729818
Storbreen,2035-08-01,-0.3482126820432004,-0.3565860665738745,-0.26782238813971904
Storbreen,2035-09-01,-0.2424458446133025,-0.3721977265955249,-0.43739107852409714
Storbreen,2035-10-01,-0.3923469855830198,-0.26528457123489474,-0.18129220263882095
Storbreen,2035-11-01,-0.36966602708325663,-0.3182386126628948,-0.2539579726773524
Storbreen,2035-12-01,-0.41895408360297814,-0.16495318251028313,-0.3006510779519434
Storbreen,2036-01-01,-0.24784720851078165,-0.3023171303377779,-0.3308995785029169
Storbreen,2036-02-01,-0.32746814129491075,-0.23206372430446245,-0.19065272123656418
Storbreen,2036-03-01,-0.5277299815424176,-0.4652367814868154,-0.37049777502194114
Storbreen,2036-04-01,-0.3325697820214553,-0.46461771637467425,-0.2981533243698872
Storbreen,2036-05-01,-0.4377243516966134,-0.22251405052355988,-0.33754718633866027
Storbreen,2036-06-01,-0.21994248610583686,-0.2390212264597917,-0.21955076592717668
Storbreen,2036-07-01,-0.35274678234257184,-0.2114793674288152,-0.30026663205903253
Storbreen,2036-08-01,-0.45450641958412197,-0.2944797607365537,-0.3830305161108314
Storbreen,2036-09-01,-0.5562004162883988,-0.23916755514821206,-0.4274849186405371
Storbreen,2036-10-01,-0.4957672157748558,-0.46468374352677005,-0.259582809277745
Storbreen,2036-11-01,-0.46861169268451724,-0.20698660877277253,-0.2558330654982917
Storbreen,2036-12-01,-0.3401897351082286,-0.18309381058416233,-0.38060880636984384
Storbreen,2037-01-01,-0.2749939999612357,-0.33247901718698175,-0.2891935833573926
Storbreen,2037-02-01,-0.45751773467226825,-0.3889880725046985,-0.280232102788858
Storbreen,2037-03-01,-0.21750344720011985,-0.25798541181924767,-0.2104773163823741
Storbreen,2037-04-01,-0.17635485902227646,-0.40372061626331596,-0.23726483870886536
Storbreen,2037-05-01,-0.17047005307454421,-0.3829618881753131,-0.3304113988215214
Storbreen,2037-06-01,-0.27405146803361485,-0.47828530301624167,-0.2921599577876853
Storbreen,2037-07-01,-0.24701854819835797,-0.3465334356848741,-0.34592190661300676
Storbreen,2037-08-01,-0.3556487589559361,-0.2589522893594519,-0.45506234775108884
Storbreen,2037-09-01,-0.481847679655755,-0.3849971254425397,-0.303233415390144
Storbreen,2037-10-01,-0.3583658247013833,-0.4013514796658009,-0.3076648564355529
Storbreen,2037-11-01,-0.11636181666886176,-0.3498075630368221,-0.3799003196095863
Storbreen,2037-12-01,-0.44459648609396635,-0.4055381260003041,-0.3064559292150248
Storbreen,2038-01-01,-0.27670334052310336,-0.2984281435847795,-0.2876978307527147
Storbreen,2038-02-01,-0.34325304074297724,-0.2268813637148244,-0.2228002865312797
Storbreen,2038-03-01,-0.34793177095522215,-0.39024744509611947,-0.2671332066712511
Storbreen,2038-04-01,-0.42398317677218295,-0.3530094395034406,-0.10707557149434042
Storbreen,2038-05-01,-0.2462695734003464,-0.5242486338182756,-0.26897111813137126
Storbreen,2038-06-01,-0.2932618950074479,-0.13498950042352068,-0.3019947926410154
Storbreen,2038-07-01,-0.44901444241530636,-0.29522348120810094,-0.24619530096759112
Storbreen,2038-08-01,-0.3598307610898157,-0.07146720029805047,-0.33521076147673523
Storbreen,2038-09-01,-0.23887766902612115,-0.44009439794933375,-0.15943651106919102
Storbreen,2038-10-01,-0.35123586141309665,-0.19851148616304712,-0.2834508585029635
Storbreen,2038-11-01,-0.3733664862596317,-0.1884937752598234,-0.3129473453231439
Storbreen,2038-12-01,-0.3454566588555781,-0.41434585326572754,-0.2289789697193516
Storbreen,2039-01-01,-0.4275440309882245,-0.4410950462873726,-0.32040756545633203
Storbreen,2039-02-01,-0.12929348279076933,-0.19837468500595953,-0.5237074332322332
Storbreen,2039-03-01,-0.40800359949654674,0.01506712676417373,-0.3566299737859559
Storbreen,2039-04-01,-0.28359697049658866,-0.26868804555420817,-0.41426377532800435
Storbreen,2039-05-01,-0.3017913118547509,-0.3289661722640124,-0.4819119945838804
Storbreen,2039-06-01,-0.4426774085766141,-0.24972313450945005,-0.4527479310483618
Storbreen,2039-07-01,-0.4118105831782708,-0.3691081057372383,-0.2790776733825729
Storbreen,2039-08-01,-0.32032759362381485,-0.34263207923491795,-0.22481320633697013
Storbreen,2039-09-01,-0.5118450429282275,-0.20652752093529866,-0.4835488198043625
Storbreen,2039-10-01,-0.29142666518385824,-0.25922575600567943,-0.4333212290516135
Storbreen,2039-11-01,-0.32857042077940257,-0.27888871306743807,-0.34398530576404496
Storbreen,2039-12-01,-0.2339563910558556,-0.5310100984052079,-0.3404305852793906
Storbreen,2040-01-01,-0.22908731891070847,-0.3979081690516788,-0.45409042744306016
Storbreen,2040-02-01,-0.4076406804825072,-0.24538978042835366,-0.19144475045382348
Storbreen,2040-03-01,-0.30803734230021995,-0.4711501503767925,-0.3785989456524139
Storbreen,2040-04-01,-0.3738447824321705,-0.15474880448191697,-0.3790582972112058
Storbreen,2040-05-01,-0.489569420335231,-0.17931898879822314,-0.3084037987029366
Storbreen,2040-06-01,-0.2935462071801664,-0.3154172561136889,-0.2717578915538142
Storbreen,2040-07-01,-0.39574721580085304,-0.26877557819630926,-0.3774097478998532
Storbreen,2040-08-01,-0.18016749511074948,-0.468651105974905,-0.38377114136909274
Storbreen,2040-09-01,-0.4313444444096501,-0.3671972808167208,-0.3982222663210229
Storbreen,2040-10-01,-0.32117765457868264,-0.28509119535999755,-0.3445778873643485
Storbreen,2040-11-01,-0.41699775753705354,-0.287467040004277,-0.4939694856149317
Storbreen,2040-12-01,-0.39074552751973474,-0.3310655057092047,-0.3045328172002683
Storbreen,2041-01-01,0.07644777767005918,-0.39144635261557914,-0.4145946956987117
Storbreen,2041-02-01,0.021925463507318572,-0.40497260033727733,-0.2802168808732368
Storbreen,2041-03-01,-0.35708075945419715,-0.045302499332989,-0.4014816209403846
Storbreen,2041-04-01,-0.3602820411572498,-0.5434456131757205,-0.3178002129767088
Storbreen,2041-05-01,-0.43317700817645893,-0.16559443555481682,-0.3285833095621094
Storbreen,2041-06-01,-0.42398363552490403,-0.10363264928549686,-0.40964935206127356
Storbreen,2041-07-01,-0.27976847856683845,-0.19891952011424166,-0.25492145677797445
Storbreen,2041-08-01,-0.22219473266993037,-0.29127799559269857,-0.3402648681023277
Storbreen,2041-09-01,-0.36016965374391274,-0.2544066789001209,-0.32020403913508777
Storbreen,2041-10-01,-0.37687651345690426,-0.1477754565646859,-0.3074679587301552
Storbreen,2041-11-01,-0.06002676587294955,-0.3948486215992606,-0.25964962706694306
Storbreen,2041-12-01,-0.11784620009827018,-0.25316544652072065,-0.48528161631818306
Storbreen,2042-01-01,-0.284694990341777,-0.36493697361324623,-0.4725035409079948
Storbreen,2042-02-01,-0.3432875252681236,-0.22679946199981763,-0.19834816841511083
Storbreen,2042-03-01,-0.3780851921786644,-0.4510617999224154,-0.3157791242228316
Storbreen,2042-04-01,-0.307977805472127,-0.4376992738695072,-0.2116562868469509
Storbreen,2042-05-01,-0.43992972927385,-0.46255224007224593,-0.4727175607066163
Storbreen,2042-06-01,-0.3058268776814255,-0.3003986573802122,-0.21032939325399416
Storbreen,2042-07-01,-0.3202654758248232,-0.1958928563644645,-0.27885904683296625
Storbreen,2042-08-01,-0.3031709079620855,-0.31869578855041714,-0.2120297111667012
Storbreen,2042-09-01,-0.34852770486855356,-0.21037048200582084,-0.42881325959326166
Storbreen,2042-10-01,-0.33941688989793245,-0.24080812731427118,-0.4464573821377445
Storbreen,2042-11-01,-0.2614120883334014,-0.3784449821382199,-0.41223975966597437
Storbreen,2042-12-01,-0.26454203250170955,-0.31648893319434745,-0.25207367079771575
Storbreen,2043-01-01,-0.48167242053420706,-0.4217045243060909,-0.3851768933300659
Storbreen,2043-02-01,-0.4167939546314822,-0.14082293947235353,-0.32520952898402133
Storbreen,2043-03-01,-0.37337795783216327,-0.3706228357835772,-0.32245952231848607
Storbreen,2043-04-01,-0.4080076786356312,-0.34731601809549,-0.30280079911907176
Storbreen,2043-05-01,-0.18457013881284193,-0.31967503954871096,-0.3869704020169232
Storbreen,2043-06-01,-0.4712794198124217,-0.16699820655478395,-0.4342709434202712
Storbreen,2043-07-01,-0.21971723670427956,-0.14171366695158477,-0.5299218185010361
Storbreen,2043-08-01,-0.09558367777698924,-0.21900483364295195,-0.4622614007992951
Storbreen,2043-09-01,-0.27528906974770845,-0.2592520974759923,-0.2136295698026839
Storbreen,2043-10-01,-0.29569277518720866,-0.4152903522397097,-0.21384924493301574
Storbreen,2043-11-01,-0.37309396126191147,-0.44197505272362875,-0.2851767258758183
Storbreen,2043-12-01,-0.32437151826976257,-0.2281433538242977,-0.2298198842267507
Storbreen,2044-01-01,-0.3405840219738084,-0.2990341799154716,-0.2753646072994879
Storbreen,2044-02-01,-0.3185478956077043,-0.16696637575570375,-0.372556587217215
Storbreen,2044-03-01,-0.12487195629081438,-0.27093144289776466,-0.29778342297666077
Storbreen,2044-04-01,-0.26073082752966914,-0.45835978857653004,-0.4882218321080776
Storbreen,2044-05-01,-0.47497725900535537,-0.4647757940411285,-0.4714055652675085
Storbreen,2044-06-01,-0.22647801020408234,-0.4169293627777014,-0.3622660064367045
Storbreen,2044-07-01,-0.11972106590437946,-0.3216671862971154,-0.39683174214285155
Storbreen,2044-08-01,-0.19076314176701967,-0.28711401339616077,-0.3450932228706945
Storbreen,2044-09-01,-0.24984998864502347,-0.18988000401257166,-0.4194088144519426
Storbreen,2044-10-01,-0.260754128788744,-0.371349335539612,-0.36182500373531035
Storbreen,2044-11-01,-0.25628806180387115,-0.44187930961029664,-0.33259829376077316
Storbreen,2044-12-01,-0.5012302024368838,-0.3691690353524222,-0.14816354587798716
Storbreen,2045-01-01,-0.2417282196421251,-0.38965832914208676,-0.20899687794636693
Storbreen,2045-02-01,-0.27829279991113504,-0.40428823307183626,-0.4485192691387554
Storbreen,2045-03-01,-0.13118845246532487,-0.33031851438702803,-0.3027721893442851
Storbreen,2045-04-01,-0.30471989350353595,-0.1597129555944777,-0.18558944985440903
Storbreen,2045-05-01,-0.39014092715138204,-0.19447306834252095,-0.3970833626102577
Storbreen,2045-06-01,-0.29536201695449127,-0.3290262096242641,-0.27707338153325184
Storbreen,2045-07-01,-0.4192467078381286,-0.42768484390435885,-0.18102704646091272
Storbreen,2045-08-01,-0.12245514787205396,-0.24370590374283027,-0.15754049848868276
Storbreen,2045-09-01,-0.39183484788994843,-0.26263226164349357,-0.5588183843719601
Storbreen,2045-10-01,-0.4344530447034612,-0.3293711704956737,-0.09808834394800632
Storbreen,2045-11-01,-0.4026439212685316,-0.2429048901218113,-0.3024104915842243
Storbreen,2045-12-01,-0.3530075847202246,-0.2915263283703367,-0.26221573544801696
Storbreen,2046-01-01,-0.29147734608511994,-0.29912275399998406,-0.37433336451286925
Storbreen,2046-02-01,-0.197601680291271,-0.26887605638918793,-0.41614909914007553
Storbreen,2046-03-01,-0.32933351633706925,-0.2691494110426326,-0.3125231711707914
Storbreen,2046-04-01,-0.18471540142001308,-0.22267089076252966,-0.3917046457083116
Storbreen,2046-05-01,-0.30416865677626453,-0.5034937149322297,-0.10045115588386938
Storbreen,2046-06-01,-0.37338952579169377,-0.4022319893194454,-0.30263107980033777
Storbreen,2046-07-01,-0.26497311963915515,-0.3993537497473376,-0.3832325203420391
Storbreen,2046-08-01,-0.39620057808504533,-0.1381244705162061,-0.2871414408361494
Storbreen,2046-09-01,-0.41742250281926463,-0.44777543484382526,-0.40460088312151105
Storbreen,2046-10-01,-0.3880937410611331,-0.2815082903886285,-0.39767457581537635
Storbreen,2046-11-01,-0.2549807976438911,-0.3208505774285644,-0.03380470469616977
Storbreen,2046-12-01,-0.27002492256092153,-0.35428873202907374,-0.23567790131863034
Storbreen,2047-01-01,-0.29696778425396636,-0.3870828941745526,-0.47893586080491174
Storbreen,2047-02-01,-0.3875455825872581,-0.5187046058177537,-0.3251759954968031
Storbreen,2047-03-01,-0.31875433214006865,-0.47595383571497285,-0.4161120003733694
Storbreen,2047-04-01,-0.26842655735931364,-0.27282346840027416,-0.5134958535935855
Storbreen,2047-05-01,-0.4263134974875207,-0.35771513468094257,-0.30877379726242343
Storbreen,2047-06-01,-0.33688560230642367,-0.23802417945264812,-0.4176430750395997
Storbreen,2047-07-01,-0.26966353751185607,-0.36264604723728994,-0.33691145444955706
Storbreen,2047-08-01,-0.39126133194604157,-0.23003195904747123,-0.4422541571708562
Storbreen,2047-09-01,-0.18671610065735877,-0.435792496131604,-0.39570745021967
Storbreen,2047-10-01,-0.13917871335134938,-0.47929342173343664,-0.2903702654320972
Storbreen,2047-11-01,-0.21880423487791203,-0.3760788072140107,-0.36026209247368285
Storbreen,2047-12-01,-0.3396281818109567,-0.4388808173465731,-0.1365110882738483
Storbreen,2048-01-01,-0.22692140165628327,-0.3291636034902215,-0.3786569004046658
Storbreen,2048-02-01,-0.22128582016245005,-0.46688836731584415,-0.3014758037110656
Storbreen,2048-03-01,-0.24408814084545336,-0.38826509900112,-0.3390775786935379
Storbreen,2048-04-01,-0.05594162193589325,-0.28229838508148414,-0.39023418480337296
Storbreen,2048-05-01,-0.39486467399027664,-0.28170819945636566,-0.3491548925040295
Storbreen,2048-06-01,-0.21229391409689713,-0.4456088951280033,-0.29556779168539354
Storbreen,2048-07-01,-0.24228322993547668,-0.4701964649689589,-0.3492749470250946
Storbreen,2048-08-01,-0.34418589785209824,-0.21754116207848964,-0.27488659837896173
Storbreen,2048-09-01,-0.2591736651457169,-0.3138968963386419,-0.1763346031259133
Storbreen,2048-10-01,-0.49105450102692405,-0.3451029964154773,-0.39417534868316956
Storbreen,2048-11-01,-0.31585094027717037,-0.3854411361794597,-0.29908277293742375
Storbreen,2048-12-01,-0.31773350072247614,-0.3043439921130441,-0.26957355764762
Storbreen,2049-01-01,-0.32118691020164636,-0.34540605975459293,-0.4531387989538935
Storbreen,2049-02-01,-0.42674011963946873,-0.4025010645019517,-0.32667552601345357
Storbreen,2049-03-01,-0.31799412655918424,-0.3963529424027152,-0.4295111967702434
Storbreen,2049-04-01,-0.25939702263688824,-0.4720757904182977,-0.5176957674474836
Storbreen,2049-05-01,-0.3666192943814924,-0.27891352007009895,-0.26994971142155294
Storbreen,2049-06-01,-0.165883746793629,-0.5458518836727314,-0.29861722496704274
Storbreen,2049-07-01,-0.057125586669878436,-0.3579064454198629,-0.4152305938975063
Storbreen,2049-08-01,-0.18031898542209057,-0.4778438221168495,-0.2126357751618523
Storbreen,2049-09-01,-0.23248434412229976,-0.43843639362851433,-0.21858185140119793
Storbreen,2049-10-01,-0.3056211210096687,-0.23895781495368773,-0.32293681899785054
Storbreen,2049-11-01,-0.40706179144349,-0.431934725980556,-0.2963424501152249
Storbreen,2049-12-01,-0.21068163981253799,-0.3842282487723521,-0.38173637699481794
Storbreen,2050-01-01,-0.3832139901491212,-0.39039744436680174,-0.38687751591579245
Storbreen,2050-02-01,-0.14937985893579106,-0.3842139770183544,-0.2596633323118143
Storbreen,2050-03-01,-0.3735466858716643,-0.11181252863974474,-0.448992372916681
Storbreen,2050-04-01,-0.5662709820637152,-0.23275808771965809,-0.2992816156781455
Storbreen,2050-05-01,-0.25028747561991205,-0.3573991131369296,-0.3767116352179272
Storbreen,2050-06-01,-0.2891887462996389,-0.4784344219196734,-0.2649411601008829
Storbreen,2050-07-01,-0.3116093222855803,-0.38730563623756303,-0.4124877855275835
Storbreen,2050-08-01,-0.4812304491954878,-0.35457119081376715,-0.3859869566286304
Storbreen,2050-09-01,-0.18970519273205821,-0.2656869348698347,-0.3827918875350696
Storbreen,2050-10-01,-0.44725537168040175,-0.2962223396883555,-0.3474960743890063
Storbreen,2050-11-01,-0.430223330537622,-0.35835281941487773,-0.2548937890147958
Storbreen,2050-12-01,-0.28782706843392164,-0.33110131477349225,-0.46806973829668924
Storbreen,2051-01-01,-0.3419583529025012,-0.3093182711357771,-0.24648579986960606
Storbreen,2051-02-01,-0.38351963671028305,-0.24303166035101484,-0.2204834606068469
Storbreen,2051-03-01,-0.3734286217009279,-0.3293953989603897,-0.40504635910294073
Storbreen,2051-04-01,-0.043219744427271535,-0.3864636842123728,-0.3822064027998027
Storbreen,2051-05-01,-0.3000334334259928,-0.3997834957511556,-0.3387629812374904
Storbreen,2051-06-01,-0.34128327384857027,-0.19801155713034635,-0.33312893129556703
Storbreen,2051-07-01,-0.34610856362886705,-0.2869218259402842,-0.43626111786599653
Storbreen,2051-08-01,-0.12493518652761083,-0.36648894137694793,-0.296789943580202
Storbreen,2051-09-01,-0.3053881431914442,-0.14943080079265472,-0.5128665033124494
Storbreen,2051-10-01,-0.41612890818879866,-0.4600436496304578,-0.2805899848378767
Storbreen,2051-11-01,-0.3180197414044618,-0.25707016071575334,-0.1940312952128164
Storbreen,2051-12-01,-0.27898240653531076,-0.36297111381639996,-0.5800406417921721
Storbreen,2052-01-01,-0.38557533681960515,-0.24404918019863545,-0.5073902965936455
Storbreen,2052-02-01,-0.4291155717914909,-0.31882969430797103,-0.291115646219382
Storbreen,2052-03-01,-0.3382669877064659,-0.36781077629200604,-0.3922218695276604
Storbreen,2052-04-01,-0.46637521762884454,-0.44733810654268386,-0.44531231703235824
Storbreen,2052-05-01,-0.2916241594825351,-0.3251742296115046,-0.3457557841292835
Storbreen,2052-06-01,-0.2768474983441843,-0.3898247622825377,-0.4723863841551177
Storbreen,2052-07-01,-0.059502707281469024,-0.28929037509126587,-0.14689025567111552
Storbreen,2052-08-01,-0.2640175120582312,-0.46619941478865856,-0.4026833142048205
Storbreen,2052-09-01,-0.33918936384977133,-0.32197217140512313,-0.2207199888747674
Storbreen,2052-10-01,-0.1852427269691653,-0.37439401038927667,-0.29556666436109974
Storbreen,2052-11-01,-0.2000709449344543,-0.2320095899708865,-0.27690977517912335
Storbreen,2052-12-01,-0.26377669355197564,-0.26430924402975237,-0.42148320176315174
Storbreen,2053-01-01,-0.334346258507789,-0.38627451368628324,-0.2854364732761449
Storbreen,2053-02-01,-0.2555655759015082,-0.4156484217413239,-0.3488973821353773
Storbreen,2053-03-01,-0.23873151093673384,-0.2638935114966441,-0.45027866662636956
Storbreen,2053-04-01,-0.2426722485421284,-0.3722162337785504,-0.20662272881501845
Storbreen,2053-05-01,-0.3701916796790135,-0.3062657966752442,-0.20803817403869615
Storbreen,2053-06-01,-0.13065159610199192,-0.3334900308575656,-0.3607232299969585
Storbreen,2053-07-01,-0.12745408597808347,-0.33579463356938816,-0.24919344688378153
Storbreen,2053-08-01,-0.17825577992081154,-0.2531800276141291,-0.28998730728025907
Storbreen,2053-09-01,-0.19196683543740956,-0.16437592644884377,-0.28653319500302193
Storbreen,2053-10-01,-0.1794864246345845,-0.23224590225498243,-0.20517544221439912
Storbreen,2053-11-01,-0.3867116613045923,-0.38090179173538075,-0.42982531695223014
Storbreen,2053-12-01,-0.3858029535499676,-0.5012837501240085,-0.42319662198539626
Storbreen,2054-01-01,-0.364083841966451,-0.24632334876953646,-0.37955480805759684
Storbreen,2054-02-01,-0.41411924021918156,-0.2778089547675659,-0.43875527350854665
Storbreen,2054-03-01,-0.049553847931186425,-0.07117193163148727,-0.4351907315972796
Storbreen,2054-04-01,-0.2755723725601383,-0.15404224281881304,-0.38620978602645417
Storbreen,2054-05-01,-0.29553168588404405,-0.33211019215097287,-0.35339170729182884
Storbreen,2054-06-01,-0.3043768384220253,-0.3845076847058119,-0.5492224567735029
Storbreen,2054-07-01,-0.36741383001159544,-0.2655169302180494,-0.20717044035561796
Storbreen,2054-08-01,-0.3106629577155578,-0.18435014444967135,-0.29876757913276947
Storbreen,2054-09-01,-0.18288421437848545,-0.38229950821911324,-0.30138783060490176
Storbreen,2054-10-01,-0.23855280207977114,-0.3198260922954252,-0.2347724758146551
Storbreen,2054-11-01,-0.29094223948368314,-0.2248465941840265,-0.5171599902134504
Storbreen,2054-12-01,-0.3257480754830215,-0.21531353291614927,-0.4906315626838673
Storbreen,2055-01-01,-0.3773582845325458,-0.4424689528591183,-0.24147880526922483
Storbreen,2055-02-01,-0.46629579663435566,-0.33158110271794333,-0.52013896545058
Storbreen,2055-03-01,-0.3655534949081886,-0.4520490751232718,-0.3126428376134421
Storbreen,2055-04-01,-0.3730441055069788,-0.12206190080745487,-0.3810146824467859
Storbreen,2055-05-01,-0.2943999739908962,-0.4481568569688144,-0.2979170082015344
Storbreen,2055-06-01,-0.359308591543322,-0.31469733134411093,-0.3534465800342336
Storbreen,2055-07-01,-0.4132923580258952,-0.45914685982087566,-0.29048935305582707
Storbreen,2055-08-01,-0.2980661684054274,-0.3606136760354069,-0.3098270880004445
Storbreen,2055-09-01,-0.42936947752432725,-0.26265875937049543,-0.23415597022891718
Storbreen,2055-10-01,-0.4638451451047971,-0.3623599813888541,-0.3117238462293362
Storbreen,2055-11-01,-0.4317472668702143,-0.4098789842255699,-0.42147682781693224
Storbreen,2055-12-01,-0.12885014634222974,-0.2740280758801298,-0.294786410481773
Storbreen,2056-01-01,-0.5407394697964977,-0.31557622022612164,-0.1917493451297317
Storbreen,2056-02-01,-0.39157646452980416,-0.4290306927474082,-0.4393087395268845
Storbreen,2056-03-01,-0.4421955615873649,-0.34263635904778716,-0.36883442243714776
Storbreen,2056-04-01,-0.24370595102399037,-0.4589015849567111,-0.40111880619005724
Storbreen,2056-05-01,-0.4207817572209907,-0.4532174171218051,-0.383020863646919
Storbreen,2056-06-01,-0.07977602180520621,-0.250013517518144,-0.3363102722071494
Storbreen,2056-07-01,-0.18499956283440833,-0.13483012358760305,-0.4595521622828997
Storbreen,2056-08-01,-0.29448941858440847,-0.596661864364041,-0.3793874008429113
Storbreen,2056-09-01,-0.42508890008911693,-0.2866783342967194,-0.36552266176322584
Storbreen,2056-10-01,-0.48630541726225535,-0.43531660232619496,-0.5361969914376449
Storbreen,2056-11-01,-0.308994163213502,-0.3154633116105779,-0.42555256159076893
Storbreen,2056-12-01,-0.24164861134244844,-0.4005331999488914,-0.3505597525510417
Storbreen,2057-01-01,-0.1897449450248877,-0.246143297699047,-0.21165341778425814
Storbreen,2057-02-01,-0.3771984756893228,-0.236035007146817,-0.4722481338089821
Storbreen,2057-03-01,-0.34299285042918043,-0.4228338696881775,-0.44027816974904105
Storbreen,2057-04-01,-0.34209753780136537,-0.3957120208850695,-0.4364302895694105
Storbreen,2057-05-01,-0.40182242711873367,-0.40865427162645246,-0.1591289793165942
Storbreen,2057-06-01,-0.475856054355633,-0.2868635092403698,-0.30136775964365636
Storbreen,2057-07-01,-0.5626984698580094,-0.5493149707705359,-0.25620304657755877
Storbreen,2057-08-01,-0.236781951913929,-0.17919677510193552,-0.28679315423159335
Storbreen,2057-09-01,-0.4574925147597735,-0.34840859364926485,-0.22770324632399316
Storbreen,2057-10-01,-0.36200252284906753,-0.3895263887672052,-0.16990385349158865
Storbreen,2057-11-01,-0.42093811773322454,-0.37493277830179617,-0.2984172922013211
Storbreen,2057-12-01,-0.355540686479946,-0.3271021306614112,-0.24257291845511242
Storbreen,2058-01-01,-0.4464981497339593,-0.5063281213036512,-0.33513413260023084
Storbreen,2058-02-01,-0.3464801354230023,-0.19895291189173103,-0.306095457631047
Storbreen,2058-03-01,-0.36168829208294834,-0.3437497142961279,-0.3885760172785369
Storbreen,2058-04-01,-0.3770817293434376,-0.418558706894604,-0.2729964026270471
Storbreen,2058-05-01,-0.35438765430915337,-0.1710759942737489,-0.3879843266825433
Storbreen,2058-06-01,-0.20497329843583334,-0.4014169182454033,-0.37367287649959163
Storbreen,2058-07-01,-0.22548716185559015,-0.5053319971457414,-0.38360912399744457
Storbreen,2058-08-01,-0.2743440943004582,-0.3665750909585699,-0.29115170208062824
Storbreen,2058-09-01,-0.3535700915341568,-0.27414003475965715,-0.3961685716781596
Storbreen,2058-10-01,-0.2691082997108985,-0.29860938202400966,-0.3111610729075898
Storbreen,2058-11-01,-0.39571475635557724,-0.3098553076267661,-0.3786285833965479
Storbreen,2058-12-01,-0.2593416752607184,-0.3278190960027056,-0.24890530152467935
Storbreen,2059-01-01,-0.26264727364651014,-0.2812951197668889,-0.32443359920609777
Storbreen,2059-02-01,-0.44145183348057615,-0.46975436171839585,-0.09813132747635317
Storbreen,2059-03-01,-0.23377687934300825,-0.38133482566246374,-0.35924869633849726
Storbreen,2059-04-01,-0.28353598206910013,-0.40676549519331723,-0.34985958707432213
Storbreen,2059-05-01,-0.2561345044573136,-0.22077583412009968,-0.30863514302664136
Storbreen,2059-06-01,-0.3443020022171089,-0.2702494040700491,-0.3183959012405393
Storbreen,2059-07-01,-0.39143379355752117,-0.3895907191021944,-0.38357047469532973
Storbreen,2059-08-01,-0.21376361572515443,-0.31415943373012806,-0.24894119690025332
Storbreen,2059-09-01,-0.2283258245095946,-0.40677798868515214,-0.3880795611860968
Storbreen,2059-10-01,-0.265259509924389,-0.33137349686885775,-0.13475278064980695
Storbreen,2059-11-01,-0.3186165299319443,-0.5770861602185305,-0.31740153570715746
Storbreen,2059-12-01,-0.2716360178308216,-0.3178672307832036,-0.3971609187936515
Storbreen,2060-01-01,-0.3683285973224624,-0.32372193151509926,-0.26434282849857454
Storbreen,2060-02-01,-0.4105824110824505,-0.2456517350347992,-0.3435760099086938
Storbreen,2060-03-01,-0.4600103457579281,-0.4733785000654455,-0.45860147357864206
Storbreen,2060-04-01,-0.303358113381543,-0.328525783701527,-0.11740634503461349
Storbreen,2060-05-01,-0.38225446153015286,-0.31458403744383323,-0.1411980427467163
Storbreen,2060-06-01,-0.19383594384185465,-0.3477286437486949,-0.3434682347605225
Storbreen,2060-07-01,-0.2834917573572093,-0.3325692942562008,-0.32985350385189655
Storbreen,2060-08-01,-0.3223777275657569,-0.2997501475260482,-0.2696879675360267
Storbreen,2060-09-01,-0.3941916970456862,-0.319958095229459,-0.258634067587629
Storbreen,2060-10-01,-0.26846662067871396,-0.21772102617155728,-0.40931050751354464
Storbreen,2060-11-01,-0.2819516289747632,-0.2624099739013284,-0.4197685052870466
Storbreen,2060-12-01,-0.4171425253919205,-0.3930747030574289,-0.2605358353813178
Storbreen,2061-01-01,-0.3358757857991071,-0.3356615418552525,-0.2950997869579153
Storbreen,2061-02-01,-0.3910499186752357,-0.35628045453800805,-0.15987885575027969
Storbreen,2061-03-01,-0.32949890773240836,-0.2774778479777061,-0.3012915140339841
Storbreen,2061-04-01,-0.34321346237882905,-0.5195593913425375,-0.4157004135481929
Storbreen,2061-05-01,-0.3893688629017509,-0.33298725900294585,-0.2636236605360562
Storbreen,2061-06-01,-0.3737686296793677,-0.050304205795804136,-0.2890723763268665
Storbreen,2061-07-01,-0.1175950361753343,-0.36430466031276,-0.25789595016546135
Storbreen,2061-08-01,-0.3737212931655629,-0.3237805608856823,-0.29475001778782206
Storbreen,2061-09-01,-0.3009229247604624,-0.3815947536212914,-0.2100358820319507
Storbreen,2061-10-01,-0.37355046097331185,-0.37572034589818787,-0.43580548402973984
Storbreen,2061-11-01,-0.2852139786798226,-0.32404682568097726,-0.3297530497748274
Storbreen,2061-12-01,-0.2882731133686875,-0.3485207565625641,-0.3840130269306399
Storbreen,2062-01-01,-0.14553860386691805,-0.41159626936335997,-0.25105093981819987
Storbreen,2062-02-01,-0.4301503237186628,-0.3827597932048065,-0.41142867999035876
Storbreen,2062-03-01,-0.38631216984339195,-0.3470710930292902,-0.27837387678509945
Storbreen,2062-04-01,-0.2859799004552397,-0.279873371985297,-0.292100865085901
Storbreen,2062-05-01,-0.20625023006448787,-0.44163243156192067,-0.24010950338372314
Storbreen,2062-06-01,-0.28270610465743945,-0.31902872757673834,-0.4421252335574161
Storbreen,2062-07-01,-0.18154528464802253,-0.29820801745338804,-0.28444383392258504
Storbreen,2062-08-01,-0.4411343928774715,-0.4405316756902087,-0.3562840186901393
Storbreen,2062-09-01,-0.18108373062561367,-0.36345465205517175,-0.2752139705358973
Storbreen,2062-10-01,-0.347354088906765,-0.452719019829171,-0.37157382093160113
Storbreen,2062-11-01,-0.3942109889998912,-0.1690917036270926,-0.20123838033856778
Storbreen,2062-12-01,-0.4289468308362232,-0.3576909175127829,-0.28457083804958744
Storbreen,2063-01-01,-0.32227120577966,-0.2753004731652402,-0.2880434827563287
Storbreen,2063-02-01,-0.30704490190139944,-0.29721939385163215,-0.4401541580379768
Storbreen,2063-03-01,-0.3048627891057136,-0.3794889397558195,-0.05651542082389447
Storbreen,2063-04-01,-0.3353442267188533,-0.16857965687661314,-0.2291573146926478
Storbreen,2063-05-01,-0.33243187470650043,-0.230242419745165,-0.2895734395787672
Storbreen,2063-06-01,-0.40601586603019557,-0.2591584376865399,-0.32428056986134274
Storbreen,2063-07-01,-0.40222413451207606,-0.31186515039639406,-0.34580110904129063
Storbreen,2063-08-01,-0.339565908198042,-0.36345704442754584,-0.43202255887742913
Storbreen,2063-09-01,-0.4007661060337148,-0.23609532952777065,-0.31328421440030124
Storbreen,2063-10-01,-0.4338120606414311,-0.24431991325792524,-0.4410288776524205
Storbreen,2063-11-01,-0.3235426289843924,-0.3885728025386444,-0.4613614507144044
Storbreen,2063-12-01,-0.3901291268359224,-0.18995557718222125,-0.41388253943221304
Storbreen,2064-01-01,-0.1474025228252496,-0.1963430396791878,-0.4475346816022065
Storbreen,2064-02-01,-0.49494712459751006,-0.3976238049851116,-0.2831159391519402
Storbreen,2064-03-01,-0.26865294933063333,-0.3051535076197364,-0.20287935974194785
Storbreen,2064-04-01,-0.30946323705249973,-0.3577545580644035,-0.30654687531735975
Storbreen,2064-05-01,-0.4094324856391917,-0.3959981668399519,-0.4149500207968238
Storbreen,2064-06-01,-0.14689959001349537,-0.33593996387075187,-0.4169365533310396
Storbreen,2064-07-01,-0.3950871457434599,-0.4929816713619389,-0.29340834555538464
Storbreen,2064-08-01,-0.21109098312623079,-0.22775788435212832,-0.31793940850240743
Storbreen,2064-09-01,-0.26580567965700214,-0.41727825023028875,-0.34105344690597067
Storbreen,2064-10-01,-0.4102253954733773,-0.2107518888421289,-0.14118787620529544
Storbreen,2064-11-01,-0.5124273647457874,-0.170058167944494,-0.23401642165747782
Storbreen,2064-12-01,-0.4123565492879823,-0.21280882521110178,-0.38876390797837534
Storbreen,2065-01-01,-0.29149779538419274,-0.3644716123226663,-0.2741798985939212
Storbreen,2065-02-01,-0.23857544887382978,-0.44132909568479395,-0.2429275541051219
Storbreen,2065-03-01,-0.2366851635402566,-0.3398121095349889,-0.14991250931126335
Storbreen,2065-04-01,-0.35607562333566617,-0.2614128086995341,-0.19963443037166118
Storbreen,2065-05-01,-0.08308296483720977,-0.430749064609212,-0.2737267937063355
Storbreen,2065-06-01,-0.35425566339326514,-0.39026226079801063,-0.30613367616400544
Storbreen,2065-07-01,-0.3019490111918878,-0.46959604519096737,-0.3615194721607658
Storbreen,2065-08-01,-0.5514849038157655,-0.28924401062439326,-0.5327292093683523
Storbreen,2065-09-01,-0.35402736437541277,-0.5436232221756864,-0.41560413555046366
Storbreen,2065-10-01,-0.30175732310468834,-0.24040660506118525,-0.23514044313471483
Storbreen,2065-11-01,-0.40570467833682927,-0.307765132674803,-0.21159191582398543
Storbreen,2065-12-01,-0.32314889901440946,-0.16528246840027475,-0.361081111923413
Storbreen,2066-01-01,-0.4154386341624818,-0.3953871728046487,-0.3770740276251994
Storbreen,2066-02-01,-0.31626233910901486,-0.25315199968104224,-0.056557663083635835
Storbreen,2066-03-01,-0.4237916706875966,-0.20430237775632118,-0.3496501392791738
Storbreen,2066-04-01,-0.5326293620649396,-0.1630162192186105,-0.37955146055144606
Storbreen,2066-05-01,-0.28599067901906156,-0.26214982684001803,-0.4138653754407389
Storbreen,2066-06-01,-0.20552255270994305,-0.33812857794558404,-0.10906677451964576
Storbreen,2066-07-01,-0.44212178082824627,-0.202168173723717,-0.13309027088526038
Storbreen,2066-08-01,-0.3124602500772575,-0.4080803690043236,-0.21973782212501622
Storbreen,2066-09-01,-0.32682494882109464,-0.4671585994547847,-0.2880051307467449
Storbreen,2066-10-01,-0.20947367099962452,-0.3770549992127454,-0.4433201746910154
Storbreen,2066-11-01,-0.37135332991709763,-0.3030409205520406,-0.24832714707802683
Storbreen,2066-12-01,-0.33585746046373793,-0.42515791871976755,-0.3969551794702369
Storbreen,2067-01-01,-0.3547325870237065,-0.3883552506064845,-0.21530927900925456
Storbreen,2067-02-01,-0.22882521307494927,-0.47393401148139996,-0.49270581362875493
Storbreen,2067-03-01,-0.18804319108435466,-0.37858596400975336,-0.2985820755735209
Storbreen,2067-04-01,-0.48190204237384754,-0.2648386729865704,-0.19665691266021743
Storbreen,2067-05-01,-0.22561146186095846,-0.4585441835853985,-0.29299945092556623
Storbreen,2067-06-01,-0.4995374882417282,-0.23285031924204969,-0.45668222248629037
Storbreen,2067-07-01,-0.36558332979316677,-0.46168815785344774,-0.3465606697953361
Storbreen,2067-08-01,-0.43434831976832394,-0.36499929420171134,-0.5341166126306837
Storbreen,2067-09-01,-0.40658972229400075,-0.5150773811471948,-0.26541273518026537
Storbreen,2067-10-01,-0.4145385934258166,-0.2943582617673741,-0.27591262092299046
Storbreen,2067-11-01,-0.3590054976559391,-0.5130890037095879,-0.2793858248050039
Storbreen,2067-12-01,-0.34208358119147153,-0.27475613431039164,-0.1335789958167437
Storbreen,2068-01-01,-0.38537154400407814,-0.3519716671237469,-0.3325597697898181
Storbreen,2068-02-01,-0.4060498983449295,-0.342467386119296,-0.2782870128878727
Storbreen,2068-03-01,-0.271708211544159,-0.2602869618179188,-0.4118419797389046
Storbreen,2068-04-01,-0.26639218767372314,-0.26651333566346275,-0.2838831038940292
Storbreen,2068-05-01,-0.23135845910797626,-0.17630132736607873,-0.0857834319373385
Storbreen,2068-06-01,-0.51404685843392,-0.33760584771182867,-0.33868968623123813
Storbreen,2068-07-01,-0.26165439377388483,-0.3184599137370512,-0.5428730151606166
Storbreen,2068-08-01,-0.45540287028169213,-0.548702865417594,-0.23303740675498982
Storbreen,2068-09-01,-0.30532722894286213,-0.4064358959269669,-0.4145339180546137
Storbreen,2068-10-01,-0.3321631128686323,-0.21905556563352144,-0.39726898551632867
Storbreen,2068-11-01,-0.3695768139876563,-0.35301789211993767,-0.46418551749553094
Storbreen,2068-12-01,-0.24873682523258953,-0.3256295356149907,-0.3029784652691306
Storbreen,2069-01-01,-0.2606368019989564,-0.22850593867988667,-0.2591941385391416
Storbreen,2069-02-01,-0.20254929568820457,-0.19560991233127614,-0.16076095837759305
Storbreen,2069-03-01,-0.4681983307351503,-0.40467036178092375,-0.3192889524476209
Storbreen,2069-04-01,-0.42788874558935613,-0.47906351751346943,-0.37105939635661284
Storbreen,2069-05-01,-0.3855341499927552,-0.41969944205397497,-0.22405870824067806
Storbreen,2069-06-01,-0.2796529384388253,-0.4009773016949367,-0.4380577135135446
Storbreen,2069-07-01,-0.3942319049671061,-0.2589798841386135,-0.3402052820478365
Storbreen,2069-08-01,-0.4751913668483772,-0.2713697423885796,-0.43215997307308074
Storbreen,2069-09-01,-0.27717871873477296,-0.4160590248818239,-0.4337409016991078
Storbreen,2069-10-01,-0.27786694539065887,-0.3949898618870073,-0.39329936733935694
Storbreen,2069-11-01,-0.22274842544352313,-0.31774692728981163,-0.25555485869478667
Storbreen,2069-12-01,-0.3047497463592856,-0.2989208102929919,-0.34991976539228525
Storbreen,2070-01-01,-0.3726066531499024,-0.3008520994633364,-0.40895127905380013
Storbreen,2070-02-01,-0.1644384413835801,-0.2951324849109522,-0.3571290532172016
Storbreen,2070-03-01,-0.3075039613084107,-0.529269358812453,-0.34017630466361437
Storbreen,2070-04-01,-0.3764071686281449,-0.30794429323860595,-0.5714183842339647
Storbreen,2070-05-01,-0.3631401704669621,-0.31508882890070555,-0.4632195193718926
Storbreen,2070-06-01,-0.17322353198423554,-0.3188432365263769,-0.24221294489368428
Storbreen,2070-07-01,-0.2734245313659367,-0.4481588681164263,-0.45093690846128837
Storbreen,2070-08-01,-0.2679244236194196,-0.4063981589944854,-0.25319152394987926
Storbreen,2070-09-01,-0.3505565009545606,-0.15332313232577052,-0.22716723278266604
Storbreen,2070-10-01,-0.2505340236612068,-0.3727514361307486,-0.13537530143354784
Storbreen,2070-11-01,-0.37425377241817,-0.35713394429977213,-0.2755370995622255
Storbreen,2070-12-01,-0.4264089213074449,-0.36986111617402223,-0.40600306087031024
Storbreen,2071-01-01,-0.3599417303527897,-0.34828356604964655,-0.2331847893627319
Storbreen,2071-02-01,-0.3550818922459433,-0.1962787237689595,-0.21751367607845729
Storbreen,2071-03-01,-0.4500896168462211,-0.48741916969921917,-0.3431467234845252
Storbreen,2071-04-01,-0.27094772557938623,-0.4984867629938661,-0.314682503552198
Storbreen,2071-05-01,-0.48420767444600027,-0.44564942037046373,-0.394521099320371
Storbreen,2071-06-01,-0.43422464803161037,-0.46034794185552413,-0.392993916424283
Storbreen,2071-07-01,-0.3980672933713263,-0.4465301361166792,-0.2260787627214379
Storbreen,2071-08-01,-0.29135777378042355,-0.339447069062875,-0.24205396875179708
Storbreen,2071-09-01,-0.1720425790339751,-0.3329667733749759,-0.257592520611128
Storbreen,2071-10-01,-0.4137007925764629,-0.28059357272291746,-0.4170119246756016
Storbreen,2071-11-01,-0.21467059631446542,-0.2904925033617543,-0.35891156309267097
Storbreen,2071-12-01,-0.40626680429529594,-0.35935856384710596,-0.3373832844589783
Storbreen,2072-01-01,-0.34488208580552043,-0.2246198563921288,-0.49254428630582775
Storbreen,2072-02-01,-0.4455889139878992,-0.320305406443589,-0.5258899497240342
Storbreen,2072-03-01,-0.33851989844055,-0.31253488782851646,-0.3138500122818153
Storbreen,2072-04-01,-0.3755716502697057,-0.20721209958435563,-0.120944461216787
Storbreen,2072-05-01,-0.3196120164983542,-0.3146969573283563,-0.27887817468506787
Storbreen,2072-06-01,-0.33660865703722637,-0.36788282190557026,-0.2826915111457888
Storbreen,2072-07-01,-0.24581964077395344,-0.3032519889105942,-0.30144740475123494
Storbreen,2072-08-01,-0.214060230478476,-0.44434980730203466,-0.28600372204229313
Storbreen,2072-09-01,-0.27216158191697987,-0.367035235432237,-0.2769418598327684
Storbreen,2072-10-01,-0.3623434152126304,-0.5062290770347488,-0.5613687444856031
Storbreen,2072-11-01,-0.4089113440932426,-0.4062140957780693,-0.20835016093701494
Storbreen,2072-12-01,-0.3698881016322642,-0.2898635787281409,-0.1534237362900405
Storbreen,2073-01-01,-0.3042019370718858,-0.40647664342617923,-0.40890421602907967
Storbreen,2073-02-01,-0.33022209326681046,-0.23068876841210892,-0.3598491601419124
Storbreen,2073-03-01,-0.43482328403071985,-0.47606237366592685,-0.4184184903201141
Storbreen,2073-04-01,-0.17021696374500592,-0.42610292967256974,-0.28642034627695506
Storbreen,2073-05-01,-0.43419544120141995,-0.26578245833458636,-0.3757408283644395
Storbreen,2073-06-01,-0.3176578300907817,-0.3614827178312619,-0.21159066731950674
Storbreen,2073-07-01,-0.3681074902779085,-0.08735315889004147,-0.3337740339252811
Storbreen,2073-08-01,-0.4493860955935655,-0.24465304953185088,-0.4446733716196138
Storbreen,2073-09-01,-0.4522925085865124,-0.58793543301849,-0.1492684983955564
Storbreen,2073-10-01,-0.20665875350780752,-0.3105139254328582,-0.2914875803969789
Storbreen,2073-11-01,-0.33913595149129677,-0.3669435722848935,-0.41597847675585947
Storbreen,2073-12-01,-0.2697317307746305,-0.12414748608049762,-0.5201213902538556
Storbreen,2074-01-01,-0.4115939974426382,-0.22190969719122663,-0.27270208875420354
Storbreen,2074-02-01,-0.2830426874847533,-0.3814041917600413,-0.10545199394217182
Storbreen,2074-03-01,-0.4686486759643132,-0.25969133182549786,-0.23964399956367588
Storbreen,2074-04-01,-0.15276019354567025,-0.27376869040604834,-0.4447960484238131
Storbreen,2074-05-01,-0.5019669584053942,-0.5185235942120421,-0.35338901382166904
Storbreen,2074-06-01,-0.37126636043028466,-0.34340402230879113,-0.16689471989231844
Storbreen,2074-07-01,-0.24297122451177003,-0.3731185220431515,-0.39949710834706686
Storbreen,2074-08-01,-0.3845069358229607,-0.39898023959709533,-0.36298480684890083
Storbreen,2074-09-01,-0.27783553097448993,-0.45651225993420025,-0.3717634729130859
Storbreen,2074-10-01,-0.2737928532200538,-0.48082084735203806,-0.05346049008994066
Storbreen,2074-11-01,-0.3987088342259275,-0.3892655993704113,-0.1318241804529319
Storbreen,2074-12-01,-0.3147352722453563,-0.30666753040420214,-0.39344703471416426
Storbreen,2075-01-01,-0.25800139024164603,-0.3592297212248983,-0.2305771321097055
Storbreen,2075-02-01,-0.22735341093591424,-0.30587923833117564,-0.44673950885672387
Storbreen,2075-03-01,-0.22500049540514852,-0.29728665548502137,-0.38462426131018274
Storbreen,2075-04-01,-0.25415058408416896,-0.328100616651417,-0.5213643012618044
Storbreen,2075-05-01,-0.2723195944862229,-0.3126615573627216,-0.245423197731762
Storbreen,2075-06-01,-0.31253348277138043,-0.39841473761001395,-0.4025817577090883
Storbreen,2075-07-01,-0.27199755320405744,-0.11318826359191435,-0.2824822496391579
Storbreen,2075-08-01,-0.48111030482909906,-0.3038540755856465,-0.33487567076272734
Storbreen,2075-09-01,-0.23162436250014254,-0.09975944805160379,-0.3583297227337969
Storbreen,2075-10-01,-0.36538680694660125,-0.2535001814368724,-0.402304253430239
Storbreen,2075-11-01,-0.5424501662062066,-0.35821830250491454,-0.4743752199386662
Storbreen,2075-12-01,-0.36852602163829234,-0.35455928785303,-0.27337730517080433
Storbreen,2076-01-01,-0.3744998757151759,-0.2741473414225272,-0.45089801352120745
Storbreen,2076-02-01,-0.33525771084404576,-0.3245282663123566,-0.3778715029725783
Storbreen,2076-03-01,-0.3019131882725441,-0.3681483183455745,-0.4595744319227413
Storbreen,2076-04-01,-0.21292061429500386,-0.44813623354594845,-0.2500971461716402
Storbreen,2076-05-01,-0.4952910125099386,-0.399192580710572,-0.12269965488885388
Storbreen,2076-06-01,-0.4430372191533222,-0.26872725644122714,-0.2758900593376184
Storbreen,2076-07-01,-0.2960629190040375,-0.2276313384571523,-0.521525879293403
Storbreen,2076-08-01,-0.4547963184325939,-0.20538889253939088,-0.38417948275626407
Storbreen,2076-09-01,-0.5054918498115571,-0.27630578383015314,-0.4787740811060746
Storbreen,2076-10-01,-0.33481545423130105,-0.2904260179084137,-0.4871455817462351
Storbreen,2076-11-01,-0.182817385026001,-0.23585518895622093,-0.383121484980596
Storbreen,2076-12-01,-0.13297835275667777,-0.43586503015236944,-0.3676288696741579
Storbreen,2077-01-01,-0.24787604149013398,-0.37336929636792254,-0.31548460497415687
Storbreen,2077-02-01,-0.3785820238541988,-0.29490470336623464,-0.3042560836515226
Storbreen,2077-03-01,-0.37256436241618357,-0.2040694736023425,-0.23673251217982938
Storbreen,2077-04-01,-0.2545004781270109,-0.4988333714235984,-0.34063988182196603
Storbreen,2077-05-01,-0.28256723646506937,-0.2495955830772778,-0.38931294153666296
Storbreen,2077-06-01,-0.2440109040768911,-0.45730705030287044,-0.3073402207288879
Storbreen,2077-07-01,-0.30429493208619424,-0.30696778077877407,-0.2779639002844202
Storbreen,2077-08-01,-0.2760324435181433,-0.3603854204686212,-0.4620985229654216
Storbreen,2077-09-01,-0.43559463400097914,-0.41985992310094883,-0.3810689639758369
Storbreen,2077-10-01,-0.2729378466755184,-0.13662256182437477,-0.23973223210038253
Storbreen,2077-11-01,-0.33950562956243413,-0.30605721248783163,-0.5102760465414988
Storbreen,2077-12-01,-0.39847116138371247,-0.21306547993510475,-0.5209170112890913
Storbreen,2078-01-01,-0.2635041334742277,-0.40296219961236673,-0.3916987199139501
Storbreen,2078-02-01,-0.1802411602000519,-0.2457603260033192,-0.42266744554107455
Storbreen,2078-03-01,-0.3395431862942113,-0.09071384642862312,-0.3105529811493755
Storbreen,2078-04-01,-0.40073067680658353,-0.39953562436224527,-0.421324372730862
Storbreen,2078-05-01,-0.49460706829253115,-0.3845709653934293,-0.2920114811434658
Storbreen,2078-06-01,-0.3892254497657897,-0.3442107986817762,-0.48188066993143375
Storbreen,2078-07-01,-0.4901246836099878,-0.4053343642887575,-0.31122856369659296
Storbreen,2078-08-01,-0.37617869365921247,-0.22993667023458916,-0.12101187741977569
Storbreen,2078-09-01,-0.2375790537202227,-0.21100316332265046,-0.16329482637745207
Storbreen,2078-10-01,-0.33501184427027936,-0.4901810215859081,-0.2676447360786944
Storbreen,2078-11-01,-0.3509799721513464,-0.3584862649112697,-0.2155724062207638
Storbreen,2078-12-01,-0.2916629322427628,-0.4708613363488226,-0.3998832082019476
Storbreen,2079-01-01,-0.4087256170297206,-0.1885526780066772,-0.3518976223827012
Storbreen,2079-02-01,-0.45130676748118037,-0.25835183679274887,-0.40250231569249656
Storbreen,2079-03-01,-0.25070471744046385,-0.2242595967820292,-0.31176960089254924
Storbreen,2079-04-01,-0.4842218531269631,-0.443508861775961,-0.21825439134024172
Storbreen,2079-05-01,-0.33724240672956624,-0.5155019039319674,-0.46342801542497725
Storbreen,2079-06-01,-0.3955819778129368,-0.4096857166714192,-0.2500735315143648
Storbreen,2079-07-01,-0.3544721970169284,-0.30276153315503007,-0.34136981021068236
Storbreen,2079-08-01,-0.354429389183392,-0.32799139387475046,-0.3020359281323843
Storbreen,2079-09-01,-0.2949740323366285,-0.5017765169113335,-0.35031451300780775
Storbreen,2079-10-01,-0.23450476474078377,-0.13337161638425957,-0.5648249476620683
Storbreen,2079-11-01,-0.37980547246065327,-0.19748819144457821,-0.34130300075931963
Storbreen,2079-12-01,-0.3487681878926767,-0.2685974420052258,-0.3073237699399551
Storbreen,2080-01-01,-0.4263236604258312,-0.2608123106694038,-0.26655277922183956
Storbreen,2080-02-01,-0.32576530452079294,-0.34858219741667656,-0.21015888662495166
Storbreen,2080-03-01,-0.26972313138832055,-0.4912497398317597,-0.3548951547232965
Storbreen,2080-04-01,-0.3701067430842153,-0.28156856567906796,-0.42669717493736004
Storbreen,2080-05-01,-0.4193442923056967,-0.3443933222997682,-0.35443018394597275
Storbreen,2080-06-01,-0.5156906009060935,-0.2612465600994833,-0.24534901163892112
Storbreen,2080-07-01,-0.23017892272864837,-0.3117612168689921,-0.4627214706966876
Storbreen,2080-08-01,-0.34442709032403807,-0.339932189578561,-0.2381676252713777
Storbreen,2080-09-01,-0.2355900981632348,-0.2726254002285165,-0.20703939253787343
Storbreen,2080-10-01,-0.28860239576081487,-0.3364027657258492,-0.1910223052325604
Storbreen,2080-11-01,-0.24570672319735465,-0.32434053388936435,-0.2421271529381734
Storbreen,2080-12-01,-0.4202183379989277,-0.2017918570202926,-0.4459342599673614
Storbreen,2081-01-01,-0.3228654344649891,-0.3983991488216154,-0.4176627928404941
Storbreen,2081-02-01,-0.43089054566266766,-0.4052618984101873,-0.31379947717474405
Storbreen,2081-03-01,-0.3743033308233745,-0.4412483852926871,-0.41200743799805667
Storbreen,2081-04-01,-0.18498905694036646,-0.37599148945548855,-0.3923867917653536
Storbreen,2081-05-01,-0.023033410748028893,-0.4301968788839647,-0.36830789801903135
Storbreen,2081-06-01,-0.35909336029223776,-0.13336103076565178,-0.280989212532967
Storbreen,2081-07-01,-0.2445610371646639,-0.16508749375564144,-0.44369243733895947
Storbreen,2081-08-01,-0.306152655695806,-0.34342876912953785,-0.4186004932998822
Storbreen,2081-09-01,-0.1836259221526371,-0.3660646246465802,-0.16576871234565196
Storbreen,2081-10-01,-0.4729775288916307,-0.23061688142946343,-0.21777043302793028
Storbreen,2081-11-01,-0.2580314135895995,-0.358031328522312,-0.3909811320684255
Storbreen,2081-12-01,-0.44824770871352587,-0.47636303861491885,-0.3387189659014283
Storbreen,2082-01-01,-0.29783874762215107,-0.36095745993342865,-0.35126584374764874
Storbreen,2082-02-01,-0.196078271477048,-0.3732484858276031,-0.38483838197210063
Storbreen,2082-03-01,-0.38015881479678226,-0.5052617938496229,-0.17607650206208347
Storbreen,2082-04-01,-0.2819493318030529,-0.28097023960950457,-0.36753277881361085
Storbreen,2082-05-01,-0.43658344792601866,-0.37526890309849836,-0.4484837696295501
Storbreen,2082-06-01,-0.29842607627430284,-0.22859789481568163,-0.15775433234102118
Storbreen,2082-07-01,-0.48916808893016733,-0.3893591942415158,-0.07054693860069781
Storbreen,2082-08-01,-0.3110932716961738,-0.3526838446776901,-0.3879813419999631
Storbreen,2082-09-01,-0.3599735856619006,-0.23557408650046052,-0.3292612069497423
Storbreen,2082-10-01,-0.3000922709172507,-0.4004579556129155,-0.5121254939723587
Storbreen,2082-11-01,-0.34325217316777495,-0.3051346316569378,-0.3622704022388077
Storbreen,2082-12-01,-0.18615343853379396,-0.36350242427999957,-0.22268992164042403
Storbreen,2083-01-01,-0.3548096045477503,-0.36358008274831927,-0.13438545730497609
Storbreen,2083-02-01,-0.40303253841073,-0.312893170613713,-0.31709404678162073
Storbreen,2083-03-01,-0.3095373889305223,-0.29296729649424286,-0.43450041465932837
Storbreen,2083-04-01,-0.3432316291964696,-0.3524243706598998,-0.5305563836965002
Storbreen,2083-05-01,-0.3127529207148588,-0.3808499108938292,-0.3884019996689996
Storbreen,2083-06-01,-0.20993031751373592,-0.3869323855429409,-0.2882123126498584
Storbreen,2083-07-01,-0.3614279047982174,-0.3306874430296673,-0.25955972765004526
Storbreen,2083-08-01,-0.30609235232213544,-0.42016417651020294,-0.47549450836827695
Storbreen,2083-09-01,-0.3730702095883145,-0.3555893273155924,-0.23394755945451998
Storbreen,2083-10-01,-0.3363465979035521,-0.32799803722902987,-0.23440027185343326
Storbreen,2083-11-01,-0.4510941499827897,-0.3379311731169037,-0.25251440752607585
Storbreen,2083-12-01,-0.2943932672363134,-0.32172150584534825,-0.24000306947955152
Storbreen,2084-01-01,-0.2574976225543308,-0.21166403820692384,-0.4010317153853688
Storbreen,2084-02-01,-0.44908040118103415,-0.42219288301271085,-0.41448488635541486
Storbreen,2084-03-01,-0.3941652222719822,-0.16421182200172105,-0.4887778625924148
Storbreen,2084-04-01,-0.44467779048745754,-0.31750589331418944,-0.3098150919219215
Storbreen,2084-05-01,-0.19916033959266755,-0.40680245398058484,-0.36325121365943486
Storbreen,2084-06-01,-0.13387567937328443,-0.5026491174528234,-0.3278484144453693
Storbreen,2084-07-01,-0.38603428370970944,-0.32524972349207665,-0.43351505575862315
Storbreen,2084-08-01,-0.35931500726391996,-0.3151969473841416,-0.2976843869356647
Storbreen,2084-09-01,-0.4155173589812531,-0.3418493790948914,-0.34326100157079226
Storbreen,2084-10-01,-0.3126182188985734,-0.24291148553451716,-0.23691863600987687
Storbreen,2084-11-01,-0.29624724215001713,-0.3286956627425566,-0.19535622782131468
Storbreen,2084-12-01,-0.29948992028817606,-0.4078376560645373,-0.23916363192539647
Storbreen,2085-01-01,-0.393812640457826,-0.30246965916848695,-0.269690572113051
Storbreen,2085-02-01,-0.460238296807894,-0.40561173611735907,-0.3940461036923728
Storbreen,2085-03-01,-0.42396060163748944,-0.33083493816134274,-0.4490816830953304
Storbreen,2085-04-01,-0.3990277469869385,-0.282674993526868,-0.1554774304912846
Storbreen,2085-05-01,-0.2797092732654627,-0.24474348671942733,-0.2048034471753526
Storbreen,2085-06-01,-0.35064293014307985,-0.2680891015668517,-0.35974478035591234
Storbreen,2085-07-01,-0.4296195839342978,-0.36916772912534385,-0.24620366218757547
Storbreen,2085-08-01,-0.3581941433752407,-0.25936551802898244,-0.2932319466155178
Storbreen,2085-09-01,-0.24063932551715986,-0.4079171389714977,-0.3216341040397869
Storbreen,2085-10-01,-0.2909078172750546,-0.421312269623233,-0.3123719853018478
Storbreen,2085-11-01,-0.290168929180644,-0.5421704236762187,-0.3096868050355646
Storbreen,2085-12-01,-0.39429360846400435,-0.42050260798401506,-0.4800209991176721
Storbreen,2086-01-01,-0.39975560227557977,-0.28125081987842376,-0.39496100729026623
Storbreen,2086-02-01,-0.45074877470296615,-0.3778230871831932,-0.3629967989580845
Storbreen,2086-03-01,-0.28827466507666083,-0.3714458827658271,-0.3013051927285313
Storbreen,2086-04-01,-0.43421381631392825,-0.2517630584621486,-0.3711142174267768
Storbreen,2086-05-01,-0.46620657541047555,-0.2904849654110489,-0.4888532194855159
Storbreen,2086-06-01,-0.5758052485041938,-0.6084290505187756,-0.3812591709742604
Storbreen,2086-07-01,-0.3869573496272873,-0.21811877792783874,-0.2963303452445689
Storbreen,2086-08-01,-0.39286871360296577,-0.3688161345056853,-0.3258173060783929
Storbreen,2086-09-01,-0.3892395122014576,-0.34592328301052205,-0.23612060785818845
Storbreen,2086-10-01,-0.3474614743603701,-0.5834544899863335,-0.43372635995707
Storbreen,2086-11-01,-0.35051014602501424,-0.349406104596615,-0.35543564668305044
Storbreen,2086-12-01,-0.4132819829266063,-0.31459862725166593,-0.2952378407427131
Storbreen,2087-01-01,-0.456990293322963,-0.1747929180209307,-0.3778886905290873
Storbreen,2087-02-01,-0.31303211930800634,-0.3935972919430517,-0.4441780942353512
Storbreen,2087-03-01,-0.44603419148584345,-0.39010324028701887,-0.479072940936535
Storbreen,2087-04-01,-0.5289749283746185,-0.3565572825141572,-0.30794990121083765
Storbreen,2087-05-01,-0.30372725089795444,-0.3523474155548554,-0.2964076575908012
Storbreen,2087-06-01,-0.40612038128883904,-0.2551204209189821,-0.3388597733896089
Storbreen,2087-07-01,-0.2240025065007778,-0.4071164419732483,-0.24564413290033318
Storbreen,2087-08-01,-0.2308914973574516,-0.3996977043686534,-0.37090763812987015
Storbreen,2087-09-01,-0.15157994185592658,-0.3027171651011717,-0.3211155285450153
Storbreen,2087-10-01,-0.15765656246873425,-0.3573064454479975,-0.4833685234337593
Storbreen,2087-11-01,-0.2868658688567145,-0.38401591495570714,-0.4049506119677367
Storbreen,2087-12-01,-0.23712838985381265,-0.3550472915229263,-0.09281869449477737
Storbreen,2088-01-01,-0.3393217720224759,-0.26513324911786024,-0.38182828105992833
Storbreen,2088-02-01,-0.4490369476093814,-0.2620932065007057,-0.4592441619525842
Storbreen,2088-03-01,-0.42585794123939236,-0.40525723380433437,-0.40425952687566397
Storbreen,2088-04-01,-0.23896946855654558,-0.2918178419516666,-0.3627181509793133
Storbreen,2088-05-01,-0.3439224232105067,-0.4100316005428461,-0.3633059926133471
Storbreen,2088-06-01,-0.3841372680073025,-0.19895736753630955,-0.37371860812013585
Storbreen,2088-07-01,-0.3594996824925083,-0.17039349317073813,-0.15269693452896474
Storbreen,2088-08-01,-0.2950928877005769,-0.2649518322346031,-0.35237952948137435
Storbreen,2088-09-01,-0.3933899375316893,-0.16985425497218842,-0.32202968726541853
Storbreen,2088-10-01,-0.33799445659752064,-0.29124677046693553,-0.433106004006117
Storbreen,2088-11-01,-0.39820254212471307,-0.47986696988903604,-0.274694034968646
Storbreen,2088-12-01,-0.2229914475793532,-0.3338011291503251,-0.43641384390127014
Storbreen,2089-01-01,-0.2785246258194978,-0.44093250271359663,-0.26859131310684636
Storbreen,2089-02-01,-0.14677547761101964,-0.3750328134154984,-0.5822827521030693
Storbreen,2089-03-01,-0.4381400175652688,-0.43559681319973365,-0.4069944380364994
Storbreen,2089-04-01,-0.4166616859587971,-0.21206971735120939,-0.3508767698580247
Storbreen,2089-05-01,-0.45138087503389707,-0.4672834520995371,-0.2656280798499726
Storbreen,2089-06-01,-0.2391628537986734,-0.37566628879403535,-0.4321990103325532
Storbreen,2089-07-01,-0.4583730376644219,-0.37313925334803555,-0.4151260805924439
Storbreen,2089-08-01,-0.3279637756102542,-0.38506445091727076,-0.28528251425189444
Storbreen,2089-09-01,-0.413800424519781,-0.15900919304781272,-0.3386800052009797
Storbreen,2089-10-01,-0.3005522269543723,-0.47539144129145766,-0.21149598105547895
Storbreen,2089-11-01,-0.48175141686809514,-0.2948574473339848,-0.18582044199869704
Storbreen,2089-12-01,-0.324214371154302,-0.22644236035415943,-0.23540169276120657
Storbreen,2090-01-01,-0.33475003980403883,-0.32505549944697304,-0.22001339306513665
Storbreen,2090-02-01,-0.44376816816549747,-0.32084552724053034,-0.4256365485999131
Storbreen,2090-03-01,-0.38858629523276217,-0.3600136705767922,-0.26892130949430065
Storbreen,2090-04-01,-0.3378631571407274,-0.16254418742757074,-0.3661552487936655
Storbreen,2090-05-01,-0.30989269852732876,-0.3094411013221084,-0.3512677559931148
Storbreen,2090-06-01,-0.24908906041843282,-0.4758514437794716,-0.4277927211024169
Storbreen,2090-07-01,-0.3869826886886907,-0.45679939049206686,-0.36183713064266043
Storbreen,2090-08-01,-0.4209793027258561,-0.2257971924898702,-0.2711229424508587
Storbreen,2090-09-01,-0.43292741313561384,-0.12988304203224396,-0.420991743146387
Storbreen,2090-10-01,-0.30273710996807995,-0.4128929488679937,-0.4445354836595661
Storbreen,2090-11-01,-0.28197474099606895,-0.3843097270864797,-0.26917260802994963
Storbreen,2090-12-01,-0.23156880348047706,-0.3284721807094211,-0.417617411162581
Storbreen,2091-01-01,-0.30173518414306316,-0.1551392367971945,-0.3000136670146751
Storbreen,2091-02-01,-0.4102392318159793,-0.5656327774436767,-0.24936599840693
Storbreen,2091-03-01,-0.26663220057981896,-0.4496236168855354,-0.3456842667104924
Storbreen,2091-04-01,-0.22999211648118115,-0.39036056953006754,-0.4705773633178916
Storbreen,2091-05-01,-0.2677314848157304,-0.17465847880511723,-0.4435490198794381
Storbreen,2091-06-01,-0.4316157265919584,-0.27203210203147415,-0.3560408389890804
Storbreen,2091-07-01,-0.36582764926008493,-0.5042817291798201,-0.24569856213715283
Storbreen,2091-08-01,-0.3536102201487703,-0.3412334286967103,-0.3566846075757227
Storbreen,2091-09-01,-0.23881479641170955,-0.4841302175127631,-0.2544424688376676
Storbreen,2091-10-01,-0.19098873546866724,-0.40008280511950955,-0.32048359697947504
Storbreen,2091-11-01,-0.33377413012317897,-0.4174985216700498,-0.3649593981754024
Storbreen,2091-12-01,-0.3278944184505252,-0.33138033400771816,-0.4044048320939782
Storbreen,2092-01-01,-0.41471448400408734,-0.5557473677110428,-0.3698009349908382
Storbreen,2092-02-01,-0.37038677556721805,-0.32547468224175524,-0.3461513970027473
Storbreen,2092-03-01,-0.39114540301752126,-0.3416811425109931,-0.3153510636525714
Storbreen,2092-04-01,-0.3306469221654799,-0.25783939888810337,-0.3140653751835535
Storbreen,2092-05-01,-0.5268913897695096,-0.29177769472344456,-0.45413546665252325
Storbreen,2092-06-01,-0.18012540290113085,-0.2789668432975492,-0.2016701295034707
Storbreen,2092-07-01,-0.2814750825777124,-0.3784141997691188,-0.26496742504087495
Storbreen,2092-08-01,-0.36241590869268503,-0.3553456875175158,-0.4132238307041862
Storbreen,2092-09-01,-0.3273569462164618,-0.5890595532919085,-0.3371706955789546
Storbreen,2092-10-01,-0.3656105354005308,-0.24888734267077625,-0.23417058059429155
Storbreen,2092-11-01,-0.2577733285022033,-0.3887914280411864,-0.3675041327492361
Storbreen,2092-12-01,-0.47037204438489616,-0.37878181403540817,-0.4821133942697684
Storbreen,2093-01-01,-0.43254372763519927,-0.3659359384591958,-0.38987473050510246
Storbreen,2093-02-01,-0.3995233311605668,-0.3249283042952433,-0.374042597387828
Storbreen,2093-03-01,-0.3769446464101862,-0.21175008138221785,-0.38149229531024226
Storbreen,2093-04-01,-0.3973001444672685,-0.35432657778124516,-0.14748001014721632
Storbreen,2093-05-01,-0.2446107879047246,-0.32459552049780477,-0.26283796274849386
Storbreen,2093-06-01,-0.36184330819845917,-0.33861927323382446,-0.1993821172908108
Storbreen,2093-07-01,-0.3449328367625643,-0.3664209324876433,-0.2109056407699937
Storbreen,2093-08-01,-0.1977843297994081,-0.39645403398664447,-0.3063326051780171
Storbreen,2093-09-01,-0.38743431811484647,-0.46106694111560165,-0.36261508349737825
Storbreen,2093-10-01,-0.462344643683864,-0.257397510500623,-0.19675727727278436
Storbreen,2093-11-01,-0.4718641310566545,-0.2755078510055303,-0.27111288255468585
Storbreen,2093-12-01,-0.26841766356443225,-0.3587007825385453,-0.439747070627121
Storbreen,2094-01-01,-0.38640721520010884,-0.24383411376112094,-0.4408052311324424
Storbreen,2094-02-01,-0.216915173245242,-0.40163670079311187,-0.24119977780706914
Storbreen,2094-03-01,-0.495577034433631,-0.2877990244263564,-0.31722840147654124
Storbreen,2094-04-01,-0.3281190461152743,-0.3919242175010043,-0.3830736522332378
Storbreen,2094-05-01,-0.1990440405233216,-0.3738545769246449,-0.5387862320854747
Storbreen,2094-06-01,-0.1441296784651919,-0.30442606829581637,-0.37289759186796245
Storbreen,2094-07-01,-0.3248332964672258,-0.3618731024175177,-0.499507141639244
Storbreen,2094-08-01,-0.22425381021633153,-0.33702606727103995,-0.20540014780375163
Storbreen,2094-09-01,-0.4503101236799261,-0.17198757933620726,-0.15910301676754962
Storbreen,2094-10-01,-0.1548243299133658,-0.3590463872685823,-0.47068964442374606
Storbreen,2094-11-01,-0.13340458225024637,-0.3206354263690337,-0.5731266899568267
Storbreen,2094-12-01,-0.4344206421269214,-0.34596805396419955,-0.2373626631845174
Storbreen,2095-01-01,-0.2405772637291235,-0.4035207983356661,-0.38451168472958663
Storbreen,2095-02-01,-0.445210411215869,-0.33248505939283346,-0.42009535201667597
Storbreen,2095-03-01,-0.394528522802813,-0.47359521747834293,-0.4306322731452575
Storbreen,2095-04-01,-0.43884388729276375,-0.28399710778895787,-0.4461738366117265
Storbreen,2095-05-01,-0.3777609718062815,-0.1320535294554569,-0.30889047152359456
Storbreen,2095-06-01,-0.35021161523645555,-0.25911333240903256,-0.32496336177861534
Storbreen,2095-07-01,-0.40463691415913705,-0.2639286661496651,-0.28898714996555963
Storbreen,2095-08-01,-0.3787468603474468,-0.3881952046268329,-0.5114896422355013
Storbreen,2095-09-01,-0.3427393425803193,-0.21377274593912157,-0.3782123042248724
Storbreen,2095-10-01,-0.47360703609165994,-0.3286298813779968,-0.33038479342692745
Storbreen,2095-11-01,-0.42018312324140367,-0.3023941626352671,-0.38626149362776924
Storbreen,2095-12-01,-0.2838377292106639,-0.32661420328156404,-0.4468594846957492
Storbreen,2096-01-01,-0.3897079801003797,-0.4224139162756185,-0.2704179760269822
Storbreen,2096-02-01,-0.22127082691896005,-0.3260723420736759,-0.3199122800187674
Storbreen,2096-03-01,-0.1472701388239358,-0.32726508026701207,-0.5352715572828037
Storbreen,2096-04-01,-0.32827891388228164,-0.44438654793195864,-0.4677949702074118
Storbreen,2096-05-01,-0.34427340209155627,-0.36368354231654304,-0.5005274642169099
Storbreen,2096-06-01,-0.5226789231569293,-0.38395434687671925,-0.5228742181238327
Storbreen,2096-07-01,-0.470074292282925,-0.3143531061946245,-0.461704312378757
Storbreen,2096-08-01,-0.427560770901288,-0.45167745392191366,-0.38159670498274484
Storbreen,2096-09-01,-0.5143734854310146,-0.42463251826849424,-0.4161110916077326
Storbreen,2096-10-01,-0.24557274435685095,-0.3679100714048919,-0.17850518938463775
Storbreen,2096-11-01,-0.36422361113397006,-0.3148208484811748,-0.3373038634413233
Storbreen,2096-12-01,-0.32491438871017114,-0.24026129873229474,-0.27222318337198503
Storbreen,2097-01-01,-0.32678812704762444,-0.4520900633581311,-0.34049585839261454
Storbreen,2097-02-01,-0.2913241202175077,-0.3013603982584896,-0.18063730496333585
Storbreen,2097-03-01,-0.33860432921488687,-0.27710455059884564,-0.45669186801203954
Storbreen,2097-04-01,-0.1279472056963036,-0.2266535717288128,-0.44338355705606586
Storbreen,2097-05-01,-0.21586773727542116,-0.3007927923717544,-0.4584094735956028
Storbreen,2097-06-01,-0.2294607849498528,-0.4144166418466002,-0.2991135488383042
Storbreen,2097-07-01,-0.2758646708610549,-0.531983977558013,-0.3601743520892185
Storbreen,2097-08-01,-0.47881914760181526,-0.24966226301531158,-0.2601374657971794
Storbreen,2097-09-01,-0.40512137804540843,-0.3048722609531556,-0.34473827636257487
Storbreen,2097-10-01,-0.24592589538447995,-0.31548460094383457,-0.4792812800941197
Storbreen,2097-11-01,-0.3091038864626651,-0.4250698473257142,-0.3678830165048555
Storbreen,2097-12-01,-0.3898737514059624,-0.36043664806357184,-0.24271513653380994
Storbreen,2098-01-01,-0.33581465432383234,-0.2969802075997276,-0.17165530592045605
Storbreen,2098-02-01,-0.4880997984638342,-0.22358401778552425,-0.2882969330460409
Storbreen,2098-03-01,-0.4788111032479214,-0.41692951194114913,-0.22866380772642328
Storbreen,2098-04-01,-0.3229884970298893,-0.4865345389811007,-0.28618480519783157
Storbreen,2098-05-01,-0.26274719382521966,-0.21285574476223176,-0.24790408593462124
Storbreen,2098-06-01,-0.43181968255285175,-0.44877214556663514,-0.2874823462393237
Storbreen,2098-07-01,-0.2745151957670905,-0.3260010684435493,-0.3597298917854534
Storbreen,2098-08-01,-0.1955579695200058,-0.34645463379530544,-0.3544973931411735
Storbreen,2098-09-01,-0.19739685257748707,-0.26150118577297465,-0.4133316804367106
Storbreen,2098-10-01,-0.30387021249782464,-0.36830901813643396,-0.3947806861479211
Storbreen,2098-11-01,-0.40827110426802565,-0.3944562325462864,-0.4645384674504129
Storbreen,2098-12-01,-0.27133524885977794,-0.36199130666401796,-0.3851400491908012
Storbreen,2099-01-01,-0.299079760415162,-0.48036401988068206,-0.33791495723067744
Storbreen,2099-02-01,-0.34163718510912305,-0.3510619798706485,-0.27537322619121657
Storbreen,2099-03-01,-0.44039971017034035,-0.2518437432368318,-0.17701871606274164
Storbreen,2099-04-01,-0.3956598184365347,-0.3702337084601702,-0.32776388220505037
Storbreen,2099-05-01,-0.4269929289811764,-0.21125650177609226,-0.07421273718529074
Storbreen,2099-06-01,-0.18642296024829744,-0.551290842539302,-0.5118840191940798
Storbreen,2099-07-01,-0.41192852141884134,-0.17409900231534248,-0.11785331425550892
Storbreen,2099-08-01,-0.47181180111722226,-0.3047822066668355,-0.3929633896202273
Storbreen,2099-09-01,-0.2355535913101839,-0.2500616055029548,-0.25808999823245266
Storbreen,2099-10-01,-0.19393505364135022,-0.2735144566715045,-0.20205717413859536
Storbreen,2099-11-01,-0.19688404974612597,-0.2968049673691795,-0.4296588543357514
Storbreen,2099-12-01,-0.25636383608862334,-0.4174458104821143,-0.45015632739031997
Storbreen,2100-01-01,-0.4073228449013701,-0.4257965416560591,-0.3186800723368436
Storbreen,2100-02-01,-0.33326810470888957,-0.42673548716235926,-0.25949608072395086
Storbreen,2100-03-01,-0.39555592593770056,-0.3649552577516116,-0.2573110430384749
Storbreen,2100-04-01,-0.4579060938577874,-0.25754044678515176,-0.3202994825921062
Storbreen,2100-05-01,-0.46442910448842417,-0.2959075720790083,-0.4970354737909612
Storbreen,2100-06-01,-0.32228975752318584,-0.21940314557749407,-0.3592627763126243
Storbreen,2100-07-01,-0.45211212433093645,-0.191884498106371,-0.2348505322681629
Storbreen,2100-08-01,-0.45489946902879624,-0.4421391358930244,-0.27687519045261916
Storbreen,2100-09-01,-0.3955600985471344,-0.3580515492499859,-0.3565542622357436
Storbreen,2100-10-01,-0.355047367027731,-0.2123916810505171,-0.4404301900114386
Storbreen,2100-11-01,-0.2824859509915924,-0.23823120340566598,-0.2782843142088762
Storbreen,2100-12-01,-0.39688466395907845,-0.33424973193139257,-0.22045850899394756
