Glacier,Date,Predicted_SSP1_2.6,Predicted_SSP2_4.5,Predicted_SSP5_8.5
Alfotbreen,2015-01-01,-0.5110630013699659,0.11195025775222578,-0.30041676093334907
Alfotbreen,2015-02-01,0.23392567447539347,0.3319052189596444,-0.5670904672388355
Alfotbreen,2015-03-01,0.08197351425271614,0.17070446861559044,-0.09428693279213556
Alfotbreen,2015-04-01,-0.6294771753559978,-0.079469474480245,0.38873855321531825
Alfotbreen,2015-05-01,-0.3588072541494514,-0.13006944943315193,-0.05233202594710906
Alfotbreen,2015-06-01,0.025604564921895168,0.09583995689917761,0.12491931955408819
Alfotbreen,2015-07-01,0.07167270513053935,0.09437176502450191,0.13137755984999033
Alfotbreen,2015-08-01,0.046200148404674256,0.12526644041641846,-0.095579439095966
Alfotbreen,2015-09-01,-0.055987996739034464,0.3333427625856363,0.26548347355906105
Alfotbreen,2015-10-01,0.20798634524702628,-0.15719121174879933,0.008093431300707823
Alfotbreen,2015-11-01,-0.016378736840659595,-0.19181347547531394,-0.1631423897176136
Alfotbreen,2015-12-01,-0.0728185918424006,-0.15778524942140004,-0.568883684872942
Alfotbreen,2016-01-01,0.4109549984257433,-0.1730648258284325,-0.3078862024173384
Alfotbreen,2016-02-01,0.8236424046372801,0.22558067814341395,-0.70107809278176
Alfotbreen,2016-03-01,0.04930204652832206,0.003950072408927793,0.35962022790281845
Alfotbreen,2016-04-01,0.03248568902232444,-0.2965490454936099,0.25818716743446907
Alfotbreen,2016-05-01,0.1575772869993717,0.5566054445072922,0.14029831465924217
Alfotbreen,2016-06-01,-0.1109063663728953,-0.06251285497805548,0.14992454461572
Alfotbreen,2016-07-01,-0.18201530321188378,-0.03528419232230147,0.12510087013972396
Alfotbreen,2016-08-01,0.06356072441422413,0.2625740936552144,-0.18604164721433902
Alfotbreen,2016-09-01,-0.29877942242255506,-0.03387351180914328,-0.10070065504470012
Alfotbreen,2016-10-01,-0.16251318858542005,-0.2257332547744375,-0.050480780187123674
Alfotbreen,2016-11-01,-0.5922513064072984,0.2976586557249538,0.1247442214130801
Alfotbreen,2016-12-01,-0.25584306161302445,0.37950010634236725,-0.0010797331478888152
Alfotbreen,2017-01-01,-0.07502091214856256,1.1335359507553175,0.38594074095416003
Alfotbreen,2017-02-01,-0.7210319839462196,0.9172390629927412,0.08759113719694268
Alfotbreen,2017-03-01,-0.5565584997306791,1.1415513139916198,-0.2201123172319245
Alfotbreen,2017-04-01,-0.017457560642375625,-0.09551742580368706,-0.44589022274763906
Alfotbreen,2017-05-01,0.05840374716337405,0.2955120635519011,0.049207926036172855
Alfotbreen,2017-06-01,-0.06467698249063963,-0.12577348236763863,0.3371030631540963
Alfotbreen,2017-07-01,-0.0956660176554875,-0.24187957332412277,0.05658298142532844
Alfotbreen,2017-08-01,-0.07826520207218664,-0.13454661413720967,0.06573778332717743
Alfotbreen,2017-09-01,0.04416134971137886,-0.10184088681300553,0.1199729702777242
Alfotbreen,2017-10-01,-0.244518979136591,-0.3650285856392746,0.5060606845860217
Alfotbreen,2017-11-01,0.28730455439041713,-0.054952066535465395,0.5492925075832104
Alfotbreen,2017-12-01,-0.36865952399816765,0.2774641952838546,-0.232275612553236
Alfotbreen,2018-01-01,-0.1500037723844943,-0.8477715090113905,0.6647980612354607
Alfotbreen,2018-02-01,-0.8182799822877861,-0.2967506336632179,0.7344035581740331
Alfotbreen,2018-03-01,-0.1112231689635934,-0.25064527964418404,0.4518366606110909
Alfotbreen,2018-04-01,0.3377409151189655,0.5028597379670784,0.14928753302564624
Alfotbreen,2018-05-01,-0.27882102200382,-0.3825442535519237,-0.034487200929330344
Alfotbreen,2018-06-01,0.1534586599359984,-0.307029958669461,0.25173485234352166
Alfotbreen,2018-07-01,0.041534412278576065,0.06472948581887913,0.10621404500397273
Alfotbreen,2018-08-01,-0.1185946124867883,0.1152343536704129,-0.059874783891658456
Alfotbreen,2018-09-01,-0.028532263259500302,-0.21389990365456554,0.039473764325192874
Alfotbreen,2018-10-01,-0.04546773322048791,-0.0019576189753535652,0.13539707600714157
Alfotbreen,2018-11-01,-0.2865111686951068,-0.3009020880635274,-0.012216117915460567
Alfotbreen,2018-12-01,0.11927168349932867,-0.2881057346075034,-0.0927349777804549
Alfotbreen,2019-01-01,0.00012674624034030949,-0.6939167469912677,0.14003105268276347
Alfotbreen,2019-02-01,0.07579637826511419,-0.1490474123111524,0.7013298127652615
Alfotbreen,2019-03-01,0.05960045940873701,0.26227168107346605,0.10002254882575491
Alfotbreen,2019-04-01,0.24241872941007703,-0.0004600464589848789,0.2838421203413291
Alfotbreen,2019-05-01,-0.1411016763605978,-0.4924528601889071,-0.031679225977460014
Alfotbreen,2019-06-01,0.13445473983927872,-0.02139322958247759,0.2101086719492633
Alfotbreen,2019-07-01,-0.14100188120471266,0.14268912975556047,0.06434709290935649
Alfotbreen,2019-08-01,-0.169229181433266,0.00027744189569763506,0.16050914616533085
Alfotbreen,2019-09-01,0.008745223904788985,0.2413063359437101,0.19222120213008917
Alfotbreen,2019-10-01,0.006303859851091859,0.03702914094156671,0.4619768346244199
Alfotbreen,2019-11-01,-0.12527770448213593,0.3114286822039299,-0.008084168305583716
Alfotbreen,2019-12-01,-0.4880314346679193,0.09275809686706098,0.020514834749335433
Alfotbreen,2020-01-01,-0.8094342688886077,0.7719586593375566,0.2710285347186215
Alfotbreen,2020-02-01,-0.49890469667630133,1.0728681376220994,0.15611409528956133
Alfotbreen,2020-03-01,-0.4152782213266244,0.25637441781861875,-0.32468732691807284
Alfotbreen,2020-04-01,0.006201134292018633,-0.3729827520484892,-0.5144835532415207
Alfotbreen,2020-05-01,0.2221533145635091,-0.06363065397302121,-0.045496093638263575
Alfotbreen,2020-06-01,-0.013964001747079693,-0.003292696192209585,0.23370553473561506
Alfotbreen,2020-07-01,0.06642033329059636,-0.23742208949152624,-0.02791055043568939
Alfotbreen,2020-08-01,-0.1105441057239031,-0.16095417097496167,0.011896271565323266
Alfotbreen,2020-09-01,0.09987084965105934,-0.25900452180910255,0.20227772223376372
Alfotbreen,2020-10-01,-0.21310353493365816,0.42820971309869077,0.47375603977230935
Alfotbreen,2020-11-01,-0.30755348431142976,0.123970462354837,0.5564667538615379
Alfotbreen,2020-12-01,-0.0941188386235569,0.3342761454662344,-0.6827644366086002
Alfotbreen,2021-01-01,0.16960976867041158,0.1543149364730005,0.09799605340716162
Alfotbreen,2021-02-01,0.07957749631502654,0.6261903284375899,0.33566630763501254
Alfotbreen,2021-03-01,-0.030910656649373414,0.4046405470543159,-0.3367585389809388
Alfotbreen,2021-04-01,0.11103095812640591,-0.06447241431242214,-0.2125861975896225
Alfotbreen,2021-05-01,-0.04663071700532057,-0.08833847469430521,0.08593818192869389
Alfotbreen,2021-06-01,-0.11129320848699016,0.09386156698713366,-0.04254957248172462
Alfotbreen,2021-07-01,-0.029105397631333796,-0.2756723145846101,0.2368778289802428
Alfotbreen,2021-08-01,-0.036030475541872754,-0.2974679346833606,0.091904208897912
Alfotbreen,2021-09-01,0.09485203977524548,-0.3542930546816004,0.22533898995602272
Alfotbreen,2021-10-01,0.19504596267179716,-0.012993439932990921,-0.19827908320687446
Alfotbreen,2021-11-01,0.3442014747159747,-0.2577439410695513,-0.40405606513030273
Alfotbreen,2021-12-01,0.6960181281878657,-0.23888844849239832,-0.5562209353991068
Alfotbreen,2022-01-01,0.06954967884706355,-0.17150954188731127,-0.24671240211303067
Alfotbreen,2022-02-01,0.24647476691890777,-1.07712725364509,-0.38711747587150325
Alfotbreen,2022-03-01,0.2666501314002154,-0.17027744763290106,-0.6921135673222927
Alfotbreen,2022-04-01,-0.042483337934050236,-0.19475884307403,0.3501324810314029
Alfotbreen,2022-05-01,0.11216032753531018,-0.0497714475278698,0.08535336869200978
Alfotbreen,2022-06-01,0.31060148319186404,-0.004299056852891333,-0.014748669316568687
Alfotbreen,2022-07-01,0.07064229942281994,-0.058453417886178145,-0.025083802896676142
Alfotbreen,2022-08-01,0.04252057677338104,-0.026819849235376336,0.03685208681220777
Alfotbreen,2022-09-01,0.07263825586807525,-0.04156418947707496,-0.03762786070779517
Alfotbreen,2022-10-01,0.3077646942103102,-0.3187723092283901,-0.001041845178387737
Alfotbreen,2022-11-01,0.18964819937833824,-0.5830084973216104,-0.06142942899946774
Alfotbreen,2022-12-01,0.3365990138235044,-0.376980571406728,0.6563358768557911
Alfotbreen,2023-01-01,-0.32908672574762265,0.35060368524664903,0.8447343828769119
Alfotbreen,2023-02-01,-0.1454209399493123,0.059237001522418044,0.5124383533099267
Alfotbreen,2023-03-01,0.5916118007258132,-0.6026417206170741,-0.18140552171264201
Alfotbreen,2023-04-01,-0.2846181635644722,0.06172039703476138,0.19083895288525665
Alfotbreen,2023-05-01,0.16858131209444496,0.12579995598674484,-0.08608513984248393
Alfotbreen,2023-06-01,-0.06748364117426399,0.0987045672619723,-0.23171865536040168
Alfotbreen,2023-07-01,-0.17689869287528473,-0.13154865660780293,-0.038290204082695255
Alfotbreen,2023-08-01,0.04559185195180918,-0.1219813882882647,-0.21386657056669542
Alfotbreen,2023-09-01,0.03721004282731713,0.008863697525381319,0.2965986241536705
Alfotbreen,2023-10-01,0.44177788950860597,0.20961370725001224,0.1669070185589099
Alfotbreen,2023-11-01,0.16845022577117819,0.15622281383338335,0.13717880549154562
Alfotbreen,2023-12-01,-0.042479286447406873,0.2146346217296047,0.3343471021498697
Alfotbreen,2024-01-01,-0.2051788710781528,1.2125166070932234,-0.7217961112542605
Alfotbreen,2024-02-01,-0.5850732298503182,-0.7773707134927985,-0.21119272506689304
Alfotbreen,2024-03-01,-0.2789729125486435,-0.14129279550485932,-0.02415757162185148
Alfotbreen,2024-04-01,-0.22957928959776752,0.5830906252642973,-0.0030138478068264135
Alfotbreen,2024-05-01,-0.17442459303036154,0.41222858083537695,0.08053809797728183
Alfotbreen,2024-06-01,0.10487036179224807,0.019988501327339425,-0.016378969224718223
Alfotbreen,2024-07-01,0.1487772335582685,-0.006340625917251218,-0.02496800933093304
Alfotbreen,2024-08-01,-0.0076175007037040275,0.030632692240619788,-0.047832636573155125
Alfotbreen,2024-09-01,0.09275110356203224,0.19941275958466706,-0.04272655690994329
Alfotbreen,2024-10-01,0.058212011495560344,0.16784862654419022,-0.09468989584528087
Alfotbreen,2024-11-01,0.07512208714982675,-0.3756775265657431,0.46060804805760985
Alfotbreen,2024-12-01,0.07025691264056555,-0.20932763244205013,-0.41109621379431704
Alfotbreen,2025-01-01,0.19885263195960726,-0.05673374677010389,0.15068084558795658
Alfotbreen,2025-02-01,-0.42283913370932913,0.05302791660980762,1.128474759379401
Alfotbreen,2025-03-01,0.052516341637117596,0.45583838769194546,-0.03903873385313022
Alfotbreen,2025-04-01,0.116946790072247,-0.44046145355618754,0.10363775594137321
Alfotbreen,2025-05-01,-0.12357522217039403,-0.15718315049006795,0.007780375956656202
Alfotbreen,2025-06-01,0.11737603181534795,0.05188823219705659,0.06986770065508208
Alfotbreen,2025-07-01,-0.15364019180766733,0.05595133216441748,-0.04130778255573376
Alfotbreen,2025-08-01,0.1641519656944804,-0.14946434694462393,0.11336365460118931
Alfotbreen,2025-09-01,0.00803753278797223,-0.09091150526291436,0.16267361290187227
Alfotbreen,2025-10-01,0.1823297073684784,-0.3306094443683911,0.23894289663328153
Alfotbreen,2025-11-01,0.23417894569755057,0.4853467195600604,-0.08506251290181743
Alfotbreen,2025-12-01,0.15544562566429176,0.44592688396901375,0.6085932988626029
Alfotbreen,2026-01-01,-0.4877481870004687,0.0752376877096032,1.0185592868833353
Alfotbreen,2026-02-01,-0.0821665333883172,-0.2517569078735738,0.20221137725570815
Alfotbreen,2026-03-01,-0.4015454810767807,-0.1889841857651889,-0.24316178580571549
Alfotbreen,2026-04-01,-0.3130012741406489,-0.2888366964706583,-0.11151470888109109
Alfotbreen,2026-05-01,-0.16010780194335264,-0.2526266538465636,-0.260499535763413
Alfotbreen,2026-06-01,0.01782927998243724,-0.03485960416696112,-0.2949147304804789
Alfotbreen,2026-07-01,0.15497467660734948,-0.10634868998249054,-0.07161961653899546
Alfotbreen,2026-08-01,-0.20307278768045003,0.04523290893314171,-0.06185249378399211
Alfotbreen,2026-09-01,-0.17446520324202985,-0.015254522657758639,0.1965940042223293
Alfotbreen,2026-10-01,-0.23632299849652139,-0.30554265947202075,-0.22229227466915927
Alfotbreen,2026-11-01,-0.2925213593266683,0.2556851029169691,-0.041779153619812825
Alfotbreen,2026-12-01,-0.3437649597095986,-0.0847027440768116,0.8154787666001226
Alfotbreen,2027-01-01,-0.3247947841057451,-0.8087640907358195,0.20497956269298082
Alfotbreen,2027-02-01,0.2831169673632012,0.4068014507372541,0.6928297035716634
Alfotbreen,2027-03-01,-0.6623762806178115,0.5688637461885603,-0.22884978689456095
Alfotbreen,2027-04-01,-0.26694887806342854,-0.2760220655655569,0.20870549961281515
Alfotbreen,2027-05-01,0.1302464250909948,0.29509849607967925,0.27523153439553055
Alfotbreen,2027-06-01,-0.2028114494775771,-0.12781795717922317,0.008033421864100124
Alfotbreen,2027-07-01,-0.10719230553669166,0.05848559720235477,0.21457134456790627
Alfotbreen,2027-08-01,-0.07289678907575053,-0.3050754145845098,0.03657108175959261
Alfotbreen,2027-09-01,0.03003823044737312,-0.14814663163098887,0.06670350453318868
Alfotbreen,2027-10-01,-0.16576105568507324,-0.3094408113264515,0.18020399096937836
Alfotbreen,2027-11-01,-0.2766048150241744,-0.10053758871741347,0.6062188365749014
Alfotbreen,2027-12-01,0.19750306594753445,0.6432699318786256,0.720876933581707
Alfotbreen,2028-01-01,-0.5971980100385156,1.0086897257712046,0.9051976763345676
Alfotbreen,2028-02-01,-0.5467937952459323,0.5749858623671511,0.5778213699565474
Alfotbreen,2028-03-01,-0.4501647453187749,-0.6737921269107336,0.715098003734468
Alfotbreen,2028-04-01,-0.07814864448491339,-0.2856254573773784,0.25654954725221374
Alfotbreen,2028-05-01,0.12887274662859258,0.059450758510336286,0.07834289677535622
Alfotbreen,2028-06-01,-0.2579597915766102,-0.21310522362078857,0.12264038373806896
Alfotbreen,2028-07-01,0.1257278302378233,-0.27927562379895643,-0.052313743568342286
Alfotbreen,2028-08-01,0.030757343655345118,-0.40118958550532874,0.09811662461812971
Alfotbreen,2028-09-01,0.030916576350525287,-0.16802580075806037,0.23884234291068349
Alfotbreen,2028-10-01,-0.01983321630129872,-0.006247019610838189,-0.2218887168834731
Alfotbreen,2028-11-01,-0.18615802754479607,-0.18025729636436671,-0.48748342803359684
Alfotbreen,2028-12-01,-0.20388725890941672,-0.2527041015532995,0.596705791976733
Alfotbreen,2029-01-01,0.13238042598985605,-0.22536040088930687,0.1631432897913415
Alfotbreen,2029-02-01,0.06976096793448408,-0.06272119251857321,-0.39021032234262476
Alfotbreen,2029-03-01,-0.275303048216422,-0.17314884850924026,0.683795478826006
Alfotbreen,2029-04-01,-0.5615665222482579,0.36535538281489516,0.3299926611170479
Alfotbreen,2029-05-01,-0.1817748706092023,-0.08158701135701237,0.06708886005051852
Alfotbreen,2029-06-01,0.10644512749812429,0.11384594491695195,0.15947672422840758
Alfotbreen,2029-07-01,0.008178727520818075,-0.07578016153271881,-0.05982642070547342
Alfotbreen,2029-08-01,0.024478820860595024,-0.1695254543517749,0.05146590048960866
Alfotbreen,2029-09-01,-0.13833112421372473,-0.2576811490013673,0.2751575595746234
Alfotbreen,2029-10-01,-0.14683484574642264,-0.12910661308789043,0.17173984968662
Alfotbreen,2029-11-01,-0.09756822206911424,-0.07872375119039797,0.5308700737159678
Alfotbreen,2029-12-01,-0.5242841415363526,0.23277933306858964,0.6943829642809406
Alfotbreen,2030-01-01,0.26399808713413786,0.03156189272201151,-0.008690003897012811
Alfotbreen,2030-02-01,-0.20611969691031953,-0.06243952485137403,0.1910255181130751
Alfotbreen,2030-03-01,-0.4764853322902985,-0.2417470933613822,0.6976746905620678
Alfotbreen,2030-04-01,-0.3620973150278936,-0.6219855626390163,0.44683090525843766
Alfotbreen,2030-05-01,-0.05043844607740555,-0.13238821097663875,-0.01245905956213486
Alfotbreen,2030-06-01,0.10993012416999477,-0.36151180656689696,0.21673979635215854
Alfotbreen,2030-07-01,-0.009679993418995697,0.003799805707007635,-0.01605806374800124
Alfotbreen,2030-08-01,-0.18838817085494342,-0.1574765527708122,-0.06624631253305753
Alfotbreen,2030-09-01,-0.10111996189284535,0.026030865451995205,0.17842122677288685
Alfotbreen,2030-10-01,-0.33274669898388515,-0.06619301024648379,0.03755478382225138
Alfotbreen,2030-11-01,-0.5923903696556221,0.3674795293960238,0.7339996054182457
Alfotbreen,2030-12-01,-0.05508185988619827,0.2723834955903605,0.015558968255142032
Alfotbreen,2031-01-01,0.21964791605158804,0.3322850714415125,0.16868087742621252
Alfotbreen,2031-02-01,-0.12142068718889738,0.20694574179493577,0.09667109243497851
Alfotbreen,2031-03-01,0.24324497334678397,0.010372417362629347,0.17965310160520476
Alfotbreen,2031-04-01,0.012280230135127886,-0.5597885605547441,0.16724535472906232
Alfotbreen,2031-05-01,-0.1695910491097059,0.011037175990629693,0.37441850537114224
Alfotbreen,2031-06-01,-0.11204388571734991,-0.08231612861860778,0.11478539889601704
Alfotbreen,2031-07-01,-0.02353098035420199,0.07282679096785717,-0.059077663385743794
Alfotbreen,2031-08-01,-0.13288862211747313,-0.1565846859649729,0.19660403761899647
Alfotbreen,2031-09-01,0.27437392124764176,-0.06780788636446286,0.17558073501008023
Alfotbreen,2031-10-01,-0.24328435061992085,-0.18274713823963942,0.16522116146634516
Alfotbreen,2031-11-01,0.17381244015337774,0.01024392458130529,0.16004070526673417
Alfotbreen,2031-12-01,0.396623359076368,-0.2425553800279733,-0.026276550627548616
Alfotbreen,2032-01-01,0.2518797633655963,0.28100599796647957,0.11124195282930104
Alfotbreen,2032-02-01,1.0126120718353773,0.1884242267060102,0.393868013866129
Alfotbreen,2032-03-01,0.8845778350218844,0.23100419771360406,0.09829124721181808
Alfotbreen,2032-04-01,0.30326194350289526,-0.2933897409684862,-0.5075382904045725
Alfotbreen,2032-05-01,0.27142821573494186,-0.20766402132194606,0.22704730797078668
Alfotbreen,2032-06-01,-0.01986108088995703,0.08358271584677957,0.3269252160571261
Alfotbreen,2032-07-01,-0.20381239068663204,-0.09108440944028402,0.09339852891348695
Alfotbreen,2032-08-01,-0.1596773599695615,0.20577026529158648,0.028223769643974744
Alfotbreen,2032-09-01,0.1970823026409417,-0.07963639109890257,0.1545725505238504
Alfotbreen,2032-10-01,0.1466006579006592,-0.13635100669746766,0.1691461208060995
Alfotbreen,2032-11-01,-0.1354911801756086,0.281839219219576,0.0831334954043496
Alfotbreen,2032-12-01,-0.24226723778541903,0.8210872275024593,-0.019132295608370247
Alfotbreen,2033-01-01,-0.17382897283203647,-0.04091689237382562,-0.41794010614133653
Alfotbreen,2033-02-01,0.04087083192379803,-0.2727642589828644,-0.19220401952168284
Alfotbreen,2033-03-01,0.04467551580034346,0.8813516797967568,-0.5896455067324019
Alfotbreen,2033-04-01,0.18355806715663717,0.03943544880382414,-0.20971074863356817
Alfotbreen,2033-05-01,0.10710577930476328,-0.14689353413106623,-0.29262863299366115
Alfotbreen,2033-06-01,0.03544551294602464,-0.1877683384570886,-0.040565444854136164
Alfotbreen,2033-07-01,0.012484426690173156,0.054123280633344206,-0.01268607289790269
Alfotbreen,2033-08-01,-0.10658937471433917,-0.20839963486214952,-0.03758388696787995
Alfotbreen,2033-09-01,-0.14594764047932077,-0.24943102903369,-0.11442579766080287
Alfotbreen,2033-10-01,0.07572663511750184,-0.3191250569836854,-0.11787818706009101
Alfotbreen,2033-11-01,0.18383248984841274,-0.16926737730330477,-0.03759514030921695
Alfotbreen,2033-12-01,0.7167920579718046,-0.22475352391950132,0.02860948397701642
Alfotbreen,2034-01-01,0.8079538622009513,0.05198328302282234,-0.11477022911292518
Alfotbreen,2034-02-01,0.42516304396613464,0.005652100585441022,0.11454246648710868
Alfotbreen,2034-03-01,-0.13969740666172456,-0.47114363177230745,-0.46347023494563827
Alfotbreen,2034-04-01,0.08964932683454412,0.6203817715310876,-0.6157796059026626
Alfotbreen,2034-05-01,-0.2829173340167835,-0.2507671457444875,0.044797329161826056
Alfotbreen,2034-06-01,0.17537610656776428,0.02763116154154811,0.30208735226090805
Alfotbreen,2034-07-01,-0.01835689153330809,0.0175572680182294,0.03363263414502695
Alfotbreen,2034-08-01,-0.21319607580159708,-0.1725145049859,0.13037790939644048
Alfotbreen,2034-09-01,-0.13305609908933239,-0.02893505358422993,0.1872272264828395
Alfotbreen,2034-10-01,-0.11247215785409577,0.15224628563069642,0.017903509157563682
Alfotbreen,2034-11-01,-0.24444374022484597,-0.06031129967375636,0.054772806115411486
Alfotbreen,2034-12-01,-0.217429908132979,-0.42629510571260326,0.5367983343429387
Alfotbreen,2035-01-01,-0.35150693485565404,-0.4932766413464387,-0.34814337361660913
Alfotbreen,2035-02-01,-0.06733806594301257,-0.4576338423683442,0.29459299179857457
Alfotbreen,2035-03-01,0.20038468248309957,-0.24651203217317263,0.4383680227690987
Alfotbreen,2035-04-01,0.32700623722890976,-0.1451946848756259,0.055364128280287576
Alfotbreen,2035-05-01,-0.0916706988030898,-0.19215285461536416,-0.16858888693753035
Alfotbreen,2035-06-01,-0.018833828380055543,-0.03161911829016493,0.036984473810424606
Alfotbreen,2035-07-01,-0.060779020560640995,-0.038600640536668764,0.006147689125999996
Alfotbreen,2035-08-01,-0.028505935559864193,0.05334984722216274,0.2950303592482834
Alfotbreen,2035-09-01,-0.16555645304623348,0.026958220040065956,0.2982102754714372
Alfotbreen,2035-10-01,0.006927962543379276,0.04355407383388398,-0.37633304128820905
Alfotbreen,2035-11-01,0.5021759666511026,0.34789954495691705,-0.02795653292642053
Alfotbreen,2035-12-01,-0.02333898239516055,-0.7912001491985806,-0.2652313369923434
Alfotbreen,2036-01-01,-0.4641195262295527,-0.522695346395644,-0.05585384436764251
Alfotbreen,2036-02-01,-0.45772096985157606,-0.24636686632502244,-0.2777462891701253
Alfotbreen,2036-03-01,-0.07895131018163765,-0.02200034742726188,0.18500966609910355
Alfotbreen,2036-04-01,0.197918178386273,0.1346421365840203,0.04112746114290871
Alfotbreen,2036-05-01,-0.12484910696040678,-0.21031047390861687,-0.214907137245691
Alfotbreen,2036-06-01,-0.2304953161699924,0.019710881705778057,-0.04605645891270944
Alfotbreen,2036-07-01,0.0019620018397471495,0.3159229698467464,0.2169101770365319
Alfotbreen,2036-08-01,-0.01994673760357277,0.08727295427537063,0.1221620760383636
Alfotbreen,2036-09-01,0.2539883717365614,0.18169748434327196,-0.15656246742313462
Alfotbreen,2036-10-01,0.01591276131276605,0.5279101928334415,-0.011278819342626171
Alfotbreen,2036-11-01,0.255731801325935,0.08414424140047343,0.12991501915314174
Alfotbreen,2036-12-01,0.44364903490431834,0.006392733608666028,0.016122378118136032
Alfotbreen,2037-01-01,0.30836852540367005,0.34653684504937504,0.4169289490732297
Alfotbreen,2037-02-01,-0.5791097601782274,0.4162799846519855,-0.057669681880526485
Alfotbreen,2037-03-01,-0.003302640617066773,0.11131462362589656,-0.09343528124428979
Alfotbreen,2037-04-01,0.00800071158103989,0.4244479437990427,0.2617789094357063
Alfotbreen,2037-05-01,-0.04381056358065317,-0.25237275021334477,0.14338415933952894
Alfotbreen,2037-06-01,0.007605366678060177,-0.06243825826119134,0.035455455551420406
Alfotbreen,2037-07-01,0.0365865145619099,-0.0014806779624629517,-0.0022280861468146826
Alfotbreen,2037-08-01,0.07479192906306914,0.02468693638480825,0.22772864514701818
Alfotbreen,2037-09-01,-0.2587513354423184,0.17978053631501612,0.09455387954033707
Alfotbreen,2037-10-01,-0.20949236234767857,0.5847242198227,0.07105287129320216
Alfotbreen,2037-11-01,-0.19819398172184108,0.07199627787875218,0.22017488478072575
Alfotbreen,2037-12-01,0.4586583502029877,-0.1402516149794094,-0.09008245100633022
Alfotbreen,2038-01-01,-0.3784208179961528,0.32135426659619326,-0.08714102137112816
Alfotbreen,2038-02-01,-0.5684591431173107,-0.03938113116837908,-0.621388208278075
Alfotbreen,2038-03-01,0.17114252804113525,0.3447891116469079,-0.57772787520555
Alfotbreen,2038-04-01,0.10306839323406813,-0.29078914882183465,0.29607682393698
Alfotbreen,2038-05-01,0.1409715055124585,0.30411999190584654,-0.12944190022057775
Alfotbreen,2038-06-01,-0.0315735137781588,-0.09746352354331904,0.027069547926850655
Alfotbreen,2038-07-01,-0.03293893191231551,0.19101369083131411,-0.13486670087493577
Alfotbreen,2038-08-01,0.023037570739149766,0.19585915589078515,0.048999432113191105
Alfotbreen,2038-09-01,0.004927991037885641,0.2405723155737798,0.07052977664540551
Alfotbreen,2038-10-01,-0.08378131839716872,-0.1476433065474115,0.19439147227373468
Alfotbreen,2038-11-01,-0.30955282454562544,-0.2333273773493445,0.7145229641852809
Alfotbreen,2038-12-01,-0.2687681934328803,0.5162698435271068,-0.4664291737394068
Alfotbreen,2039-01-01,-0.1283353959544442,0.5745092201367967,-0.6982278474188877
Alfotbreen,2039-02-01,-0.6865577794720671,-0.5615564539779743,0.7701170240651729
Alfotbreen,2039-03-01,0.2298424485408936,-1.131277496513943,0.23029810540284648
Alfotbreen,2039-04-01,-0.060526202841807375,-0.6247354805751999,-0.11017347617304014
Alfotbreen,2039-05-01,0.20870103252476616,-0.3872224636503437,0.0448887298460082
Alfotbreen,2039-06-01,0.010234694594533106,0.17299340636078672,-0.2167343056381584
Alfotbreen,2039-07-01,-0.04264490613082653,0.025965778020852332,-0.2092253428354279
Alfotbreen,2039-08-01,-0.07916942816779095,0.14918280463228006,-0.11855164135070477
Alfotbreen,2039-09-01,-0.05764969397792823,-0.15262904510602449,0.28184774172163357
Alfotbreen,2039-10-01,-0.29084518550285043,-0.25652498582985667,0.27371265803091616
Alfotbreen,2039-11-01,-0.4434535282953112,-0.3605166944638447,0.6058878827157538
Alfotbreen,2039-12-01,-0.540045649226435,0.656379528941408,0.38378531084451334
Alfotbreen,2040-01-01,-0.4397601229194301,0.1812601766840888,0.7055715656845744
Alfotbreen,2040-02-01,-0.41280982186847687,-0.14391754681114013,0.026809496243226243
Alfotbreen,2040-03-01,-0.5582376994742737,0.5254984835109237,0.4673427722819681
Alfotbreen,2040-04-01,0.12370363214586176,-0.0230372524524123,-0.08064730499918797
Alfotbreen,2040-05-01,-0.03292534106841881,-0.1653894486203734,-0.0446993322846621
Alfotbreen,2040-06-01,-0.1122406700943741,0.028175152464968396,-0.06589175989257884
Alfotbreen,2040-07-01,0.053371856248229155,-0.22201731072047437,0.013842721802965719
Alfotbreen,2040-08-01,-0.0016101198294373221,-0.13492914890703114,-1.078884173186708e-05
Alfotbreen,2040-09-01,0.04807550748278961,-0.05731793726202592,0.25783882728788843
Alfotbreen,2040-10-01,-0.0534236976629083,0.15146288593663293,0.1351038744883011
Alfotbreen,2040-11-01,-0.22200906248134555,0.16205686242112338,0.6751254400310196
Alfotbreen,2040-12-01,-0.45828756578772306,-0.26088024388724507,0.04144176379942289
Alfotbreen,2041-01-01,-0.5481265901860739,-0.2712241468604837,0.269410975316986
Alfotbreen,2041-02-01,-0.6447108045075128,0.11044079125341806,-0.4215402669201474
Alfotbreen,2041-03-01,-0.06546387079581581,-0.5467518760077538,0.3527168608070866
Alfotbreen,2041-04-01,-0.11985191467465132,-0.07352924119492038,0.21319191768859866
Alfotbreen,2041-05-01,0.06050657434646552,-0.014091898863549121,0.19449186768171542
Alfotbreen,2041-06-01,-0.1757569393951729,-0.17626620055193412,-0.05166173912730263
Alfotbreen,2041-07-01,-0.11699129951367253,-0.37029163175216445,0.07167244348173762
Alfotbreen,2041-08-01,-0.022661632980284358,-0.09546592969839303,0.0016557196553561744
Alfotbreen,2041-09-01,-0.143509066767613,-0.05138565644728368,0.13880352870558868
Alfotbreen,2041-10-01,-0.00402199130941736,-0.43314936532791964,0.29715604905614484
Alfotbreen,2041-11-01,-0.4576545232158304,0.10242292512825546,0.2609184978252676
Alfotbreen,2041-12-01,-0.6249043148517427,-0.21462871423482746,0.5502173295080008
Alfotbreen,2042-01-01,0.2529768642431269,0.4942219912352494,0.34697595260508446
Alfotbreen,2042-02-01,-0.013583427828549093,0.8253916889582773,-0.49604714379465314
Alfotbreen,2042-03-01,-0.45723833825629495,0.5123552245653477,0.0074454001131454865
Alfotbreen,2042-04-01,-0.2572861708569437,0.2986439539661348,-0.5423084287651835
Alfotbreen,2042-05-01,-0.1146824705026187,0.09770209747426876,-0.02253524483509071
Alfotbreen,2042-06-01,0.0024516662692336696,-0.1253314216696599,-0.04274387383635461
Alfotbreen,2042-07-01,0.2540302285858396,-0.00756843513618483,-0.07302894548675913
Alfotbreen,2042-08-01,-0.036863688722810616,-0.1821873065379577,0.08608683288634171
Alfotbreen,2042-09-01,-0.12578739660327734,-0.02314784302735684,0.005964138185699724
Alfotbreen,2042-10-01,-0.046619069925621946,0.037112892169286864,-0.1556874397117576
Alfotbreen,2042-11-01,-0.2978828270079925,0.08760812363513186,0.18203912455176965
Alfotbreen,2042-12-01,-0.38675917966913537,-0.175775476893459,0.05715811611724433
Alfotbreen,2043-01-01,0.4712959778176087,0.22187027208060903,0.4346105868217207
Alfotbreen,2043-02-01,0.01052940195956703,0.15950845180049059,0.4900126099265096
Alfotbreen,2043-03-01,0.14918595289552114,0.1256768563373644,0.7944472895392526
Alfotbreen,2043-04-01,-0.2824837525990825,0.17806487006847882,-0.07573447451394465
Alfotbreen,2043-05-01,-0.35435853290850433,-0.022113708485822576,0.1145428076614733
Alfotbreen,2043-06-01,-0.13265723177165523,-0.060091319382630785,-0.07848407629521147
Alfotbreen,2043-07-01,-0.04776383503614803,-0.08323011247206122,0.10820554496454197
Alfotbreen,2043-08-01,-0.10672094349483206,-0.204955237405727,0.11164383765271
Alfotbreen,2043-09-01,-0.014991574532215309,-0.07293481756220412,-0.10847738710890871
Alfotbreen,2043-10-01,-0.018386279371437598,0.5808028062973143,-0.006206450403230923
Alfotbreen,2043-11-01,-0.02178506767715843,0.17841694104105024,-0.10986959127179713
Alfotbreen,2043-12-01,0.3135622526768534,-0.006721101736684276,-0.28398417695725353
Alfotbreen,2044-01-01,0.36608453439301897,-0.30968304722478607,-0.16527169682232482
Alfotbreen,2044-02-01,0.876547303730076,0.1409565321038155,0.1708576347965364
Alfotbreen,2044-03-01,-0.04266739174837501,-0.45881876721124754,-0.3982371911373426
Alfotbreen,2044-04-01,-0.34392921061798526,-0.08821096164252477,-0.06907864699924428
Alfotbreen,2044-05-01,0.18774596329149384,-0.32439917269747165,-0.030259981010413856
Alfotbreen,2044-06-01,0.0008734104027660963,-0.10701662373103865,-0.09894262060688819
Alfotbreen,2044-07-01,7.289512985152642e-05,0.0981023487776335,0.11657215612657064
Alfotbreen,2044-08-01,-0.14662566917620853,-0.06449002965950841,0.05057735721454485
Alfotbreen,2044-09-01,-0.16853035278423242,0.023591930861151023,-0.11977329605033936
Alfotbreen,2044-10-01,-0.3022025736886956,-0.11128776521702737,-0.023591394192612247
Alfotbreen,2044-11-01,-0.43038432845820923,-0.1095982702235851,-0.24150778553752203
Alfotbreen,2044-12-01,-0.015312101672207014,-0.6037570359371364,-0.545392254442714
Alfotbreen,2045-01-01,0.0054100226506025055,-0.7492877908186676,-0.15446850773940493
Alfotbreen,2045-02-01,-0.45328139230996295,-0.6002410251947161,-0.12780621951291146
Alfotbreen,2045-03-01,-0.4924279774522779,-0.18701450023468483,-0.4090853977939397
Alfotbreen,2045-04-01,-0.14896488667273997,-0.12773474973028692,-0.21100739973654972
Alfotbreen,2045-05-01,0.2607533296162159,-0.31063146831969474,0.06228656217893727
Alfotbreen,2045-06-01,-0.1644897888793396,-0.11211681218971394,0.08695315781257351
Alfotbreen,2045-07-01,-0.17411979435205735,0.4496547240412611,-0.10344554426205484
Alfotbreen,2045-08-01,-0.17799693390993088,0.28592318428933045,-0.007724273180848495
Alfotbreen,2045-09-01,0.09066351948381701,0.16436410433462434,0.508972800151696
Alfotbreen,2045-10-01,-0.021381528436608524,0.6246621886671707,-0.09038606757934896
Alfotbreen,2045-11-01,0.25414709359902116,-0.5108852099713793,-0.12177948553138411
Alfotbreen,2045-12-01,0.031278743050424364,-0.20673273168918893,0.030764201645430755
Alfotbreen,2046-01-01,-0.34043791697098863,-0.030860779642774977,0.6219490195764027
Alfotbreen,2046-02-01,-0.5606523320053736,-0.8678753110572511,0.12341083256089212
Alfotbreen,2046-03-01,-0.3633427526724275,-0.6944069602742307,0.32353911693455917
Alfotbreen,2046-04-01,-0.4876798136781501,0.5149873914967413,0.27276436681063604
Alfotbreen,2046-05-01,0.10796411799682919,0.5364435370093902,-0.3284036029845187
Alfotbreen,2046-06-01,-0.10922940876792066,0.05823255161581578,-0.04996951138241626
Alfotbreen,2046-07-01,0.06805550499461982,0.16220282831469696,-0.16309648259912607
Alfotbreen,2046-08-01,0.04991371895031201,0.25770323510955206,0.054351459884132286
Alfotbreen,2046-09-01,-0.0054822764849755444,0.07550284916958706,-0.1321311671280338
Alfotbreen,2046-10-01,0.36117290067292623,0.030457201483145003,-0.11687632059302837
Alfotbreen,2046-11-01,0.13219533770182804,0.29957585069622206,-0.3785139343071949
Alfotbreen,2046-12-01,0.08171081307438499,0.10091999252184525,-0.40113471647993365
Alfotbreen,2047-01-01,0.3467860489920766,-0.2815601461689195,0.783983129601281
Alfotbreen,2047-02-01,0.20856578545767301,1.0673221586432982,0.19029911811654843
Alfotbreen,2047-03-01,-0.30290509774434304,0.07569231035964301,0.3701333186532909
Alfotbreen,2047-04-01,-0.2993621945720428,-0.10961097619515348,0.41420390060059414
Alfotbreen,2047-05-01,-0.04777799524776877,-0.19532079480348807,0.19741878531052529
Alfotbreen,2047-06-01,-0.1728233641237981,-0.10287832889937902,-0.22813890873454526
Alfotbreen,2047-07-01,0.03552874076800641,-0.15578603985270825,0.05503866751464154
Alfotbreen,2047-08-01,0.12506518726583896,-0.3684674706835132,-0.16413109505969614
Alfotbreen,2047-09-01,-0.07963786960541672,-0.26052877748908965,0.1288161112814452
Alfotbreen,2047-10-01,-0.5199941807585048,-0.12487151003359838,-0.08702077549868997
Alfotbreen,2047-11-01,0.24896192552759475,0.27578925306935065,0.056282279591023644
Alfotbreen,2047-12-01,0.001599988937687179,0.3826381533173015,-0.7103481219954905
Alfotbreen,2048-01-01,-0.24930041501492753,0.2744738408242771,0.6744742732826006
Alfotbreen,2048-02-01,-0.2609730121361464,1.0598975931437764,1.465147032260921
Alfotbreen,2048-03-01,0.30134940945775573,0.5509197597071318,-0.11964988135854764
Alfotbreen,2048-04-01,-0.05757638328723041,0.6135203421231828,0.07154825839348074
Alfotbreen,2048-05-01,-0.14552741817933204,-0.33598291974926164,0.264116270363361
Alfotbreen,2048-06-01,0.0026546482789390918,-0.25000076913354885,-0.042216653861348215
Alfotbreen,2048-07-01,-0.02253741816335598,-0.20342918672536472,-0.1833077430893868
Alfotbreen,2048-08-01,0.08248617262790629,-0.03957563560327588,0.006555837263056708
Alfotbreen,2048-09-01,-0.04459180516196687,-0.014016481776725535,-0.20366749969513412
Alfotbreen,2048-10-01,0.20007317418815074,-0.3069135221073637,0.28168174841515675
Alfotbreen,2048-11-01,0.37010003960483334,-0.187260749662418,-0.16270802161368814
Alfotbreen,2048-12-01,0.754601323957773,0.42953432951822745,0.29520323338306576
Alfotbreen,2049-01-01,0.5054639882772032,0.23044557281102432,-0.21554071361385038
Alfotbreen,2049-02-01,0.45454083729937134,-0.20368027083741005,-0.07436590287939111
Alfotbreen,2049-03-01,0.7472044067303149,0.2932388103176373,0.43994525291059833
Alfotbreen,2049-04-01,0.36087213659001316,-0.11787459018830566,0.2246398221411536
Alfotbreen,2049-05-01,-0.3212140440195133,-0.3532846571524166,-0.11789073951240281
Alfotbreen,2049-06-01,0.059195637284641243,-0.030992063313452334,-0.18231529287621553
Alfotbreen,2049-07-01,-0.19641172615873959,-0.2020369817711537,0.12459251961234356
Alfotbreen,2049-08-01,0.009382557866433895,-0.19145485683965002,-0.035772695053771036
Alfotbreen,2049-09-01,0.04553580342538079,-0.2749538385014212,-0.26242471794132033
Alfotbreen,2049-10-01,-0.15268685018347108,0.2944060022176859,0.016199697183898878
Alfotbreen,2049-11-01,-0.4963638667986788,0.01985399111941219,0.05406282324223857
Alfotbreen,2049-12-01,-0.2184127199018393,-0.26150436797843724,-0.023751748450990696
Alfotbreen,2050-01-01,-0.14309084317841475,0.267275455671852,-0.14142654017365283
Alfotbreen,2050-02-01,-0.049940011325988666,0.20383786074912105,-0.015330356362232725
Alfotbreen,2050-03-01,0.15171781140970406,-0.2818794662262039,0.40787163161451295
Alfotbreen,2050-04-01,-0.18382244136707285,-0.3464529959651917,0.1025428010117252
Alfotbreen,2050-05-01,0.10644687462590345,-0.150439329837102,0.2720784108891186
Alfotbreen,2050-06-01,0.08381874213724322,0.050075370540816753,-0.048102490192344166
Alfotbreen,2050-07-01,-0.0077718093250904174,-0.050707458230377526,-0.11887723505976582
Alfotbreen,2050-08-01,-0.10007493177959899,-0.021866594276447313,0.2227238424956771
Alfotbreen,2050-09-01,-0.02412888826153216,0.10758193554754787,-0.2148814478351718
Alfotbreen,2050-10-01,0.041159382879493056,-0.3132189502139508,-0.020069786962830658
Alfotbreen,2050-11-01,-0.0361199461982834,-0.21815837651929215,0.16076440007616763
Alfotbreen,2050-12-01,-0.42707921955342787,0.13898227336707147,0.6230225513569295
Alfotbreen,2051-01-01,-0.39839968461178143,-0.8027328834407941,0.3946061002596996
Alfotbreen,2051-02-01,-0.30689150847982766,-1.0017733297415,-0.5259249439608019
Alfotbreen,2051-03-01,0.5087784683256847,-0.19552930969222748,0.1507348858734483
Alfotbreen,2051-04-01,-0.5939567653522914,0.22090954820132272,-0.1412459194791691
Alfotbreen,2051-05-01,0.16545141654102755,0.2781599795534823,-0.24513847724432172
Alfotbreen,2051-06-01,-0.016513387032297946,-0.1916848352218051,0.16983646439208475
Alfotbreen,2051-07-01,-0.11726238119520142,0.12597603383781136,0.08949156539987037
Alfotbreen,2051-08-01,-0.06431453962568755,0.06482715839141152,-0.040756589422698795
Alfotbreen,2051-09-01,0.0930930203588628,-0.18814881249378354,0.23557542454604707
Alfotbreen,2051-10-01,0.23416096675666834,0.04054107030011983,-0.16854897714577946
Alfotbreen,2051-11-01,-0.037854086252285625,-0.4641214188294853,-0.4658403351527924
Alfotbreen,2051-12-01,0.33151406115048343,-0.16991357020189604,0.62557189218247
Alfotbreen,2052-01-01,0.14607677784378517,0.7135936691779845,0.4037253805800372
Alfotbreen,2052-02-01,-0.6444284272333591,0.16594227431212394,0.04596972639602823
Alfotbreen,2052-03-01,0.15285780592327064,-0.22405996303359152,-0.19267087530244276
Alfotbreen,2052-04-01,0.3596460863505618,0.0339397787550201,-0.10053374759842336
Alfotbreen,2052-05-01,-0.4347982303368285,-0.10771605643961425,-0.17614387971826906
Alfotbreen,2052-06-01,-0.0793961542633443,-0.10961291258066508,-0.04318209412073611
Alfotbreen,2052-07-01,0.15475945864239715,-0.13847229936399105,-0.07823247842417107
Alfotbreen,2052-08-01,0.17117702898040635,0.18435580281994102,-0.09396994626231449
Alfotbreen,2052-09-01,-0.05541180170797395,0.006651843791866424,-0.29267835099317047
Alfotbreen,2052-10-01,-0.34903176738668384,-0.10661585352601995,-0.02417921777814938
Alfotbreen,2052-11-01,-0.39808250930520134,-0.4400884552095236,-0.15476731384627726
Alfotbreen,2052-12-01,-0.32117329398733974,-0.6565194997017326,-0.26832234041591335
Alfotbreen,2053-01-01,0.2973894230615833,-0.8809380106323116,-0.08924680490308644
Alfotbreen,2053-02-01,0.29999964236013793,-0.5161627854089949,-0.5148975837453084
Alfotbreen,2053-03-01,-0.4465504656214323,-0.1677073458353564,0.309246705924442
Alfotbreen,2053-04-01,-0.173302800926479,0.123309727383741,-0.0641559278648653
Alfotbreen,2053-05-01,-0.19087377019836846,0.14985322367752882,-0.2772642273503069
Alfotbreen,2053-06-01,-0.00609502998278223,-0.11350629049093013,-0.21535127578422472
Alfotbreen,2053-07-01,-0.06508559597268132,0.08185889628878454,-0.1522388460062196
Alfotbreen,2053-08-01,0.023570686487776726,0.2000029251419967,-0.19857456401702125
Alfotbreen,2053-09-01,-0.17289724888187644,-0.15152642108776573,-0.11977215738863776
Alfotbreen,2053-10-01,-0.053046979622877355,-0.2914468856896078,-0.01382726845619193
Alfotbreen,2053-11-01,0.02858011265837122,0.3624327969709524,0.0028290177299443997
Alfotbreen,2053-12-01,-0.08882933895573386,0.6310050547332632,0.41232553687200696
Alfotbreen,2054-01-01,-0.1272366383293885,-0.2706904269091318,0.3984961487678182
Alfotbreen,2054-02-01,-0.0011870223388093862,-0.7804618340811111,-0.025980969218726297
Alfotbreen,2054-03-01,-0.4488717148360902,-0.6389754262540229,0.5728682241696167
Alfotbreen,2054-04-01,-0.21007260453782303,-0.08637446459739395,0.17106121526519705
Alfotbreen,2054-05-01,0.033767254069927845,0.11562855198979427,0.06505890949765487
Alfotbreen,2054-06-01,-0.11210242585545287,-0.008386351067565113,0.20390708950000178
Alfotbreen,2054-07-01,-0.002933182799913075,0.1324239317044352,-0.15850665353258922
Alfotbreen,2054-08-01,0.08280111129687122,-0.10790358439851616,0.17944971657312384
Alfotbreen,2054-09-01,-0.09624601150218598,0.08940554232300037,0.17871148857726216
Alfotbreen,2054-10-01,-0.2082422132888073,-0.007063473555450246,0.08242468706164928
Alfotbreen,2054-11-01,-0.18666510912050518,-0.1331965897497482,0.7235979733151687
Alfotbreen,2054-12-01,0.19464789523398665,-0.5678015758136135,0.3045965651749863
Alfotbreen,2055-01-01,0.1983075608845661,0.20571741849669964,0.014801284183978162
Alfotbreen,2055-02-01,0.8283437047224157,0.3992537709441071,0.4325242716869315
Alfotbreen,2055-03-01,0.04211642740126089,0.30745070592994667,0.14931294990952107
Alfotbreen,2055-04-01,0.37013765841621415,-0.23602671596301236,-0.1625120660682442
Alfotbreen,2055-05-01,0.023551556246027634,0.046429442791819014,-0.04429915959344097
Alfotbreen,2055-06-01,-0.0963647291115819,-0.006141718166512888,0.07187714487467714
Alfotbreen,2055-07-01,-0.01908172540734571,0.14615087490974907,-0.13384617382011424
Alfotbreen,2055-08-01,-0.0005824894793312515,0.10628048688224138,-0.17153995649074752
Alfotbreen,2055-09-01,-0.28307508943834975,0.4406236289786632,0.047016084821487135
Alfotbreen,2055-10-01,0.05770093030533763,-0.33258692820436364,-0.0842773554205123
Alfotbreen,2055-11-01,0.2061844524063544,0.3666183344638935,-0.11144349567407012
Alfotbreen,2055-12-01,0.04360091227676463,-0.13954102365112786,0.19856662478937448
Alfotbreen,2056-01-01,0.4337118543669449,-0.5412186106884526,-0.6769237584538205
Alfotbreen,2056-02-01,0.4984421037566444,-0.49636339653512146,0.37754482221148095
Alfotbreen,2056-03-01,0.40557418389139427,-0.054125742155917346,-0.03398469280636781
Alfotbreen,2056-04-01,-0.4373692109105745,-0.0677655199777987,-0.2007813131929145
Alfotbreen,2056-05-01,-0.13585861727208284,0.3966691894930048,0.013631384019831385
Alfotbreen,2056-06-01,-0.035741928878457646,0.13827281320086302,0.020884842548804933
Alfotbreen,2056-07-01,0.21355662840948816,0.14579886148110735,-0.29254506239678485
Alfotbreen,2056-08-01,0.10435875910108965,0.29179091432320103,-0.15576191986902746
Alfotbreen,2056-09-01,0.056561067644942974,0.2894928104223873,0.12906887297792616
Alfotbreen,2056-10-01,0.1339342431287013,-0.10303844231781689,0.562246659675479
Alfotbreen,2056-11-01,-0.4584567627325469,0.2646705012714553,0.6998168996178618
Alfotbreen,2056-12-01,-0.25294657954523436,0.757004764224514,0.2113822001008396
Alfotbreen,2057-01-01,-0.1045156761368198,0.8324224686277762,-0.26712995013848245
Alfotbreen,2057-02-01,-0.4601630846314341,-0.024271898921807953,0.17143955389783214
Alfotbreen,2057-03-01,-0.4285522574770937,-0.11640634594567174,-0.39846724299851716
Alfotbreen,2057-04-01,-0.26113489587777733,0.20287860670379607,-0.01910129634471221
Alfotbreen,2057-05-01,0.03670383119227406,0.0067173816676260574,-0.28705902571773667
Alfotbreen,2057-06-01,-0.002428247584313703,0.15747538291442242,0.0995173446305024
Alfotbreen,2057-07-01,-0.16271152439802605,0.17971192461181162,0.014410671993298521
Alfotbreen,2057-08-01,-0.09319903946674864,-0.043342087743000524,-0.02810949864693446
Alfotbreen,2057-09-01,-0.21121785801766366,0.2853923697846123,0.10342785880991738
Alfotbreen,2057-10-01,-0.31327357203196965,0.15120471359001691,-0.11486330358699315
Alfotbreen,2057-11-01,-0.11057448815165523,0.18369003988142482,-0.17598197380832023
Alfotbreen,2057-12-01,0.06066227921685563,0.21672935420164488,-0.2744860683184153
Alfotbreen,2058-01-01,0.07121245972603045,0.143401577003129,-0.5169776631079188
Alfotbreen,2058-02-01,0.14944964625513207,-0.7535821256113452,-0.6343402849014416
Alfotbreen,2058-03-01,-0.7124412363231009,0.3476656066102261,-0.5408421073911306
Alfotbreen,2058-04-01,0.05591846833295707,0.3341943786464813,-0.3995787116707985
Alfotbreen,2058-05-01,-0.07626532129375878,0.11269178859693962,-0.10366305310924752
Alfotbreen,2058-06-01,-0.3490719760534458,-0.045610117177025296,-0.2080043182274088
Alfotbreen,2058-07-01,-0.04736444209202195,-0.28764490705638196,-0.08560738940648766
Alfotbreen,2058-08-01,0.08358013279453898,-0.171505577732179,-0.227408495189493
Alfotbreen,2058-09-01,-0.022927350067287744,0.02556069454259084,0.041025305954735525
Alfotbreen,2058-10-01,0.24301203873635915,0.34256122098630765,0.12524398483599683
Alfotbreen,2058-11-01,0.037016978840586474,0.01172752963732375,0.1282258108246418
Alfotbreen,2058-12-01,-0.08571200415640252,0.0017965513051286057,-0.14113714458802704
Alfotbreen,2059-01-01,0.5128383066042789,-1.0833410762044002,-0.14225546334816813
Alfotbreen,2059-02-01,-0.12319400932482479,-0.06959964996270732,-0.49037576426254387
Alfotbreen,2059-03-01,-0.462210436191121,-0.24445368178734528,0.3094917509036152
Alfotbreen,2059-04-01,0.23189944438331453,0.05208626229349042,0.17351919812956343
Alfotbreen,2059-05-01,0.023065868161487053,-0.07563542817110432,-0.020724695935466008
Alfotbreen,2059-06-01,0.191264688122481,-0.021209252921761516,-0.018311442226251518
Alfotbreen,2059-07-01,-0.2645945749595724,-0.3193382289174021,-0.048202328026692554
Alfotbreen,2059-08-01,-0.1221589989430673,-0.11738800931410094,-0.13487268131453947
Alfotbreen,2059-09-01,0.2943603954371335,-0.21098550925285395,0.15797351036543425
Alfotbreen,2059-10-01,-0.15679749916298233,-0.3016188222140655,-0.10466868007571432
Alfotbreen,2059-11-01,-0.1087981116163332,0.5137160267998411,-0.2461997062431643
Alfotbreen,2059-12-01,0.1322480422745311,-0.034495862742147616,0.7466015602429931
Alfotbreen,2060-01-01,-0.3220148307439003,-0.22008133804449334,0.20243416795338517
Alfotbreen,2060-02-01,0.09395639931331663,0.15103617877024755,0.8002409532601585
Alfotbreen,2060-03-01,-0.16397047917147076,0.2611323617978792,0.48377265821451393
Alfotbreen,2060-04-01,0.2490794550829812,0.11129131458585602,-0.3232023888890363
Alfotbreen,2060-05-01,-0.013142534222749408,0.012551254631009317,-0.03983164187611229
Alfotbreen,2060-06-01,0.09722583134077813,0.22815120282204834,0.1856030324037132
Alfotbreen,2060-07-01,0.16320523721928307,0.0736953988770624,0.015317639181042604
Alfotbreen,2060-08-01,0.04669754113774407,-0.06317744486673986,0.23411668263030974
Alfotbreen,2060-09-01,0.15360740671100154,0.061529419231058015,-0.14371169038775053
Alfotbreen,2060-10-01,-0.48345008558434993,-0.29028452198000415,-0.0678467114863594
Alfotbreen,2060-11-01,-0.29073422171484187,-0.38242332593745537,0.24256830371422256
Alfotbreen,2060-12-01,-0.49857006327663883,0.3514743893797192,-0.6009251672220982
Alfotbreen,2061-01-01,-0.7139600348681997,-0.5305234237604853,-0.09307237410532214
Alfotbreen,2061-02-01,-0.16202784119228364,-0.5369121553953642,-0.4567475989557443
Alfotbreen,2061-03-01,-0.08971179351095226,-0.2460304674681848,0.457866724343351
Alfotbreen,2061-04-01,-0.37424698485705377,-0.07653971655987317,0.36616015183499195
Alfotbreen,2061-05-01,0.11528451623404941,-0.09726333565303119,-0.052459325738770525
Alfotbreen,2061-06-01,0.14718769505518814,0.20597133285986247,-0.2865462475759528
Alfotbreen,2061-07-01,-0.07567953844565002,0.21286922656751997,-0.2747598169787386
Alfotbreen,2061-08-01,0.007432850863486848,0.012051141721978478,-0.2633757993820406
Alfotbreen,2061-09-01,0.06707592832003505,-0.13791499106736782,-0.2944648325705004
Alfotbreen,2061-10-01,0.10736318317145725,0.0012289115657235783,-0.0358589661600373
Alfotbreen,2061-11-01,-0.40617412930787317,-0.1544351152205576,0.21677000335175078
Alfotbreen,2061-12-01,-0.5460932348095713,-0.03882358715378339,0.4204226683849628
Alfotbreen,2062-01-01,-0.16533767196598095,-0.29425175671052195,0.40621533653606656
Alfotbreen,2062-02-01,0.12595301674674883,-0.34057940416157,0.23083227268870962
Alfotbreen,2062-03-01,-0.14139382648077137,0.45489016013399697,0.2844191731030074
Alfotbreen,2062-04-01,-0.355918490402785,0.21807380081854044,0.2251270162006398
Alfotbreen,2062-05-01,0.15913493650463797,-0.115555365232123,0.2011749014083036
Alfotbreen,2062-06-01,-0.009877904147950247,-0.27875698538373667,0.10939241647787139
Alfotbreen,2062-07-01,0.12637597838437858,-0.22082754841650062,-0.03591628281863265
Alfotbreen,2062-08-01,0.03852765617874163,-0.15142409382012076,-0.1567498156765402
Alfotbreen,2062-09-01,-0.15281272306198046,0.046955844340918367,-0.02726851877069289
Alfotbreen,2062-10-01,0.1417904229335861,0.22321464518150158,0.3712060095260537
Alfotbreen,2062-11-01,-0.10565015843393843,-0.13300344891910917,-0.22934129833363123
Alfotbreen,2062-12-01,0.21232644399957676,-0.09578665470008778,-0.3158389646363224
Alfotbreen,2063-01-01,1.0118522778153374,-0.46779657565249994,-0.2124198993062555
Alfotbreen,2063-02-01,-0.130205250023914,0.6457878505225599,0.2505711893871303
Alfotbreen,2063-03-01,-0.31862621413040526,0.4696988605273295,-0.5758067888731183
Alfotbreen,2063-04-01,0.48101845835658374,-0.08523109032516833,-0.1580657469148995
Alfotbreen,2063-05-01,-0.2689682572404048,-0.40438004079427187,-0.09908345811668891
Alfotbreen,2063-06-01,-0.2741991387187955,-0.20725313070702356,0.15352388070930803
Alfotbreen,2063-07-01,-0.37211441594387346,-0.3333272518970483,0.09538983171898335
Alfotbreen,2063-08-01,0.03787637215204437,-0.2670132977012932,0.10156145666794858
Alfotbreen,2063-09-01,-0.024232840777085596,-0.39926883240784106,-0.016942084085123394
Alfotbreen,2063-10-01,-0.03846259341051099,-0.3685044648501042,0.39429696093422306
Alfotbreen,2063-11-01,0.0690378729055335,0.2734593596801447,-0.23985709684669698
Alfotbreen,2063-12-01,0.004254205520549715,-0.686290089303844,0.2687713316099709
Alfotbreen,2064-01-01,0.04104269436589567,-0.17599370528694872,0.044956063589141726
Alfotbreen,2064-02-01,0.554339133415083,0.05242876160485005,-0.28638120164405473
Alfotbreen,2064-03-01,0.3695187099136554,-0.17830605798078927,-0.36206797809445135
Alfotbreen,2064-04-01,0.6176135836388679,-0.02910997634587842,-0.10095393318827922
Alfotbreen,2064-05-01,0.00442289718256671,-0.14389198284629237,0.00035450891799944834
Alfotbreen,2064-06-01,-0.07696416913131536,-0.28592012319164767,0.07386296610291816
Alfotbreen,2064-07-01,-0.05174602270334789,-0.14987020755718558,0.05975902977425215
Alfotbreen,2064-08-01,0.03997222681736314,-0.18941212231874835,-0.15919637967945907
Alfotbreen,2064-09-01,-0.3934517324956058,0.004140419719218542,-0.027718394410511105
Alfotbreen,2064-10-01,-0.10187071483393999,0.056180445723367216,-0.0439774747669133
Alfotbreen,2064-11-01,-0.20449091062021374,-0.10236277212877927,-0.4453614238162949
Alfotbreen,2064-12-01,-0.034809115208889206,-0.2538665943946573,-0.12381873415183642
Alfotbreen,2065-01-01,-0.3065921857047703,0.15824462202344267,-0.3087230423085427
Alfotbreen,2065-02-01,0.26198460563158793,0.37899551162501516,-0.25410054831792844
Alfotbreen,2065-03-01,-0.052843895232755046,-0.7255758825066504,-0.38632915086166236
Alfotbreen,2065-04-01,0.4563724053252273,-0.08130642552589899,-0.3077334157944264
Alfotbreen,2065-05-01,-0.10149814577148869,0.08535877901464174,-0.08532310943846388
Alfotbreen,2065-06-01,-0.34640838442377525,-0.16635350896205947,0.08394308146732767
Alfotbreen,2065-07-01,-0.05594441826617572,-0.043062165507604715,-0.29833014238600425
Alfotbreen,2065-08-01,-0.13033739128061309,0.009090055339636352,-0.1363308164416859
Alfotbreen,2065-09-01,0.0682953037013692,-0.21180894289922048,-0.05910770051433282
Alfotbreen,2065-10-01,0.09399770605681235,-0.1231862311127071,-0.04258870797695608
Alfotbreen,2065-11-01,0.2954063659820882,-0.40886968541242,-0.17891701335707985
Alfotbreen,2065-12-01,-0.06569561657530083,-0.433083329275213,0.2734270477280221
Alfotbreen,2066-01-01,-0.10511658369275656,-0.11782951656476222,0.03176607099638798
Alfotbreen,2066-02-01,0.20785738136417453,-0.6485796666786938,-0.49845680779244367
Alfotbreen,2066-03-01,0.151672615548443,0.10001167602426564,-0.3385762703141661
Alfotbreen,2066-04-01,0.16540801050231763,-0.6487434394304841,0.1492965293237198
Alfotbreen,2066-05-01,0.19127606327792038,0.1832954584385095,0.10359044997500903
Alfotbreen,2066-06-01,0.06274892290324818,-0.20643102239592173,-0.042584773765482226
Alfotbreen,2066-07-01,0.05660062543060482,-0.28509248016601374,0.020627206614898443
Alfotbreen,2066-08-01,-0.010973294819482638,-0.08656657019424825,0.011433054625748179
Alfotbreen,2066-09-01,-0.1416178439882768,0.3075537134138749,0.040522347479955874
Alfotbreen,2066-10-01,-0.10035705751114943,-0.022337264901961945,-0.16044809447703964
Alfotbreen,2066-11-01,0.31553796485222185,-0.5480018321004195,-0.17277517897890995
Alfotbreen,2066-12-01,-0.39394332121336206,0.39949246598387683,0.021899114383745078
Alfotbreen,2067-01-01,-0.3806538250747476,0.1160604348375849,-0.6471479750718309
Alfotbreen,2067-02-01,0.09171798197328236,0.23238488910330787,0.34038530663206407
Alfotbreen,2067-03-01,0.12043328988901385,0.035879703886438095,0.41119540159262175
Alfotbreen,2067-04-01,0.1022764796317962,-0.2256263433806299,-0.31224209033621636
Alfotbreen,2067-05-01,-0.09748153901430723,-0.11534628531337272,0.09084402112539497
Alfotbreen,2067-06-01,-0.16325552581321798,0.16322671793632618,-0.29197978314595124
Alfotbreen,2067-07-01,-0.009177465551402877,-0.15521237423565235,-0.17214625909174783
Alfotbreen,2067-08-01,-0.1924781962627692,-0.053186115744684716,-0.36962811217045116
Alfotbreen,2067-09-01,-0.10381250970595714,0.30648241797455494,-0.4470080526804503
Alfotbreen,2067-10-01,-0.159241041682048,0.5137233238381508,0.046978595677807315
Alfotbreen,2067-11-01,0.014457530556183975,0.0871910404523879,-0.2632305693975949
Alfotbreen,2067-12-01,0.406904336741944,-0.1264944564012697,-0.5409960816849696
Alfotbreen,2068-01-01,0.5402912229839157,0.3268104369386036,0.0950235784308671
Alfotbreen,2068-02-01,0.0037807105244039526,0.3613467577880853,-0.28044668773786396
Alfotbreen,2068-03-01,-0.4704979214055823,-0.31638035119518876,-0.4217904350331733
Alfotbreen,2068-04-01,-0.2563694649446638,-0.5541640252057483,-0.5354769273797065
Alfotbreen,2068-05-01,-0.11078951956746834,-0.4509559775915175,-0.15597729298020105
Alfotbreen,2068-06-01,0.18458269134258995,0.0002801511861470554,-0.1006612759196
Alfotbreen,2068-07-01,-0.0667842893775432,-0.03076801042921395,-0.13336477015760595
Alfotbreen,2068-08-01,-0.02732732994377671,0.21684612208084006,0.010649270662518369
Alfotbreen,2068-09-01,-0.13776372201098888,-0.0845488563016209,0.013774265817188826
Alfotbreen,2068-10-01,-0.030992821500909956,0.007481572508227142,-0.23147551345575826
Alfotbreen,2068-11-01,-0.2653790712170923,0.06364576395884698,0.3955609857860593
Alfotbreen,2068-12-01,-0.24844303903771614,0.037979249768778034,-0.43902465823054143
Alfotbreen,2069-01-01,-0.44536070481721596,-0.510975787882788,-0.8978787326769083
Alfotbreen,2069-02-01,0.7594811731607288,-0.7601700871055873,-1.249459683702835
Alfotbreen,2069-03-01,0.058738664336884995,0.3609459421831233,-0.22124482175870316
Alfotbreen,2069-04-01,-0.2394832782118915,0.045657577457512366,-0.5601098700808009
Alfotbreen,2069-05-01,-0.05091499538745142,0.10426214955571948,0.12174846257999304
Alfotbreen,2069-06-01,-0.034610469167827236,-0.25958584884958924,-0.1727443097090171
Alfotbreen,2069-07-01,-0.029213332126896585,-0.029383612171979472,-0.056367721821924045
Alfotbreen,2069-08-01,0.03198929468411735,-0.047910266743102316,-0.021191367750784715
Alfotbreen,2069-09-01,-0.0835786363925178,-0.01681526219597659,-0.2217486052467151
Alfotbreen,2069-10-01,0.037050046524116,-0.2235367728306681,-0.2173937031097821
Alfotbreen,2069-11-01,-0.10507247774281986,-0.33047209158233704,-0.3750070395368273
Alfotbreen,2069-12-01,0.4408774276216576,-0.412078475422577,-0.23339572119771188
Alfotbreen,2070-01-01,-0.23760384555708372,-0.28322568436157164,0.5307908866242982
Alfotbreen,2070-02-01,0.22187208374414066,0.08950895755485623,-0.10261152329864344
Alfotbreen,2070-03-01,-0.2183898782637047,0.606476289612529,0.22824016966534175
Alfotbreen,2070-04-01,0.23893320532658993,-0.3280087846628675,0.2791064918276555
Alfotbreen,2070-05-01,-0.1244388027348285,-0.21906582090468177,-0.02274424635025821
Alfotbreen,2070-06-01,-0.18632791456188916,-0.1748454486606654,-0.2370530868838816
Alfotbreen,2070-07-01,0.07242345988948452,-0.1676923675434554,0.032711515416352234
Alfotbreen,2070-08-01,0.1434490676409257,-0.2605669467853115,-0.24468079282592034
Alfotbreen,2070-09-01,0.15985102341479332,-0.42222537442970953,-0.3246099507724794
Alfotbreen,2070-10-01,-0.07330934764903009,-0.07867710532948692,-0.3811261370979801
Alfotbreen,2070-11-01,0.19327863176060855,-0.2546975795492464,-0.33261196166590806
Alfotbreen,2070-12-01,0.045861996615348684,0.2925763489857038,0.3829891118976709
Alfotbreen,2071-01-01,-0.08921577577706218,0.5412782884654456,-0.5098925571828614
Alfotbreen,2071-02-01,-0.3515430406813702,-0.15881464464755587,-0.4912865720455095
Alfotbreen,2071-03-01,-0.17289013145847323,0.20471151155104517,0.28456412168216705
Alfotbreen,2071-04-01,-0.10536372368729853,-0.05507445790832068,-0.10131869703866887
Alfotbreen,2071-05-01,-0.1331830732042735,0.02083940160374749,-0.19666392337685545
Alfotbreen,2071-06-01,0.004406579781593194,0.31381456081732645,-0.2623382943079836
Alfotbreen,2071-07-01,0.008183897797409183,-0.17190200357258276,-0.18722876727860974
Alfotbreen,2071-08-01,-0.07792009843820945,-0.37895249578099305,-0.25841971682782805
Alfotbreen,2071-09-01,-0.2298228252655474,-0.1703449701878128,-0.19865856629518894
Alfotbreen,2071-10-01,0.106465927572576,-0.4121875151655103,0.06695778311978391
Alfotbreen,2071-11-01,-0.2979446536607665,0.12126306227296783,-0.17509276646346872
Alfotbreen,2071-12-01,0.30878960742545175,0.8156793684589925,0.053422607518459196
Alfotbreen,2072-01-01,0.007698345336557002,-0.14683726447955137,-0.45837789221674735
Alfotbreen,2072-02-01,0.25998754895062054,-0.11316402156388233,0.056573955132094345
Alfotbreen,2072-03-01,0.5024106229464115,-0.11746507009585488,-0.7955053023260326
Alfotbreen,2072-04-01,-0.281063745520936,-0.9091486564604926,-0.27704466940547007
Alfotbreen,2072-05-01,-0.00037669563127612493,0.07916884947151995,-0.15708401207595668
Alfotbreen,2072-06-01,-0.19627939392206484,-0.12346967441959393,0.1665873569401796
Alfotbreen,2072-07-01,-0.12749093525596558,-0.24785227504775775,0.19835197949986363
Alfotbreen,2072-08-01,-0.09825838667514757,-0.1660912136754855,-0.10943190455685738
Alfotbreen,2072-09-01,-0.11795798737437475,-0.13422378055799203,-0.07225518975052013
Alfotbreen,2072-10-01,-0.18561787882245118,0.10261640426659092,0.7990689896097329
Alfotbreen,2072-11-01,-0.36441149236290205,-0.2681252564237729,-0.4451170342503458
Alfotbreen,2072-12-01,0.006862227508899878,-0.2802302363493207,-0.7244930021275522
Alfotbreen,2073-01-01,-0.03297243943545634,-0.6519516940467035,-0.2852799585188881
Alfotbreen,2073-02-01,-0.4367521665546715,-0.5132426332798207,-0.09118956078602607
Alfotbreen,2073-03-01,-0.023705807936691404,-0.18558865166635394,-0.2335563353830511
Alfotbreen,2073-04-01,-0.11429027993384479,0.18613396866116463,0.05057955520195543
Alfotbreen,2073-05-01,-0.08969683418382246,-0.2475663669091511,-0.03331780000649629
Alfotbreen,2073-06-01,-0.23504913189074453,-0.031667703305162484,-0.26390977246353836
Alfotbreen,2073-07-01,-0.00823652057847,-0.12464700087140547,-0.18773997261266862
Alfotbreen,2073-08-01,-0.005837402217997445,-0.03829147511832914,-0.035219687983510495
Alfotbreen,2073-09-01,0.08438059622147492,0.2801854033964742,-0.042155945956646755
Alfotbreen,2073-10-01,-0.33849587496532796,0.012969437438466931,-0.3352454439351047
Alfotbreen,2073-11-01,-0.13759965390110898,0.15843083795035615,0.08398925878896946
Alfotbreen,2073-12-01,0.1723429544644166,-0.704932813389021,0.6415300258010289
Alfotbreen,2074-01-01,-0.005767514855201994,-0.3166695282340501,-0.09041140268171749
Alfotbreen,2074-02-01,0.5244607049739113,-0.3775743647984671,-0.7283814323293125
Alfotbreen,2074-03-01,0.022796079103185162,-0.5466579812886716,-0.24113709609724368
Alfotbreen,2074-04-01,-0.27190120869202034,0.15362078246647676,0.1041496258011985
Alfotbreen,2074-05-01,0.07351717194177758,0.4036077023182206,-0.31583001934100596
Alfotbreen,2074-06-01,-0.27431869872972775,-0.5179027241444637,-0.2158744437701241
Alfotbreen,2074-07-01,-0.05068961738763548,-0.1121957931248319,-0.027539302580475784
Alfotbreen,2074-08-01,0.08522209162072703,-0.14631000206888534,-0.07889876984487222
Alfotbreen,2074-09-01,-0.15133886207339162,0.06962100373689663,-0.5149003609059969
Alfotbreen,2074-10-01,0.12205407166482464,-0.038777463257654084,-0.21586058720770684
Alfotbreen,2074-11-01,0.05214709613919699,0.2136275020417724,-0.5670161514116127
Alfotbreen,2074-12-01,-0.20296728395395489,-0.3309803331060685,-0.1711151089413806
Alfotbreen,2075-01-01,0.3852352908662331,-0.11666972714508476,-0.5836307815742592
Alfotbreen,2075-02-01,0.7793096580641657,0.27676488708897656,-0.19522884576070662
Alfotbreen,2075-03-01,0.21579920714656228,-0.39828314341159254,-0.43255159202192717
Alfotbreen,2075-04-01,0.20131720600137146,0.12021289069133678,0.12451121456290774
Alfotbreen,2075-05-01,-0.23763366067558156,-0.2861401619647909,0.033381307051484566
Alfotbreen,2075-06-01,0.11910034399731935,0.2148402070787531,-0.12479179743935132
Alfotbreen,2075-07-01,0.14370354181836076,-0.2442784052320847,0.00470153640536915
Alfotbreen,2075-08-01,0.10706796550346538,-0.18982583573726278,-0.0018714995150424126
Alfotbreen,2075-09-01,5.532117119658175e-05,-0.13688279086405916,-0.09686704765564129
Alfotbreen,2075-10-01,0.24107280060225003,-0.2316044783619037,-0.09754422953599547
Alfotbreen,2075-11-01,0.10124311086554694,0.08489869962458141,0.005242269734286986
Alfotbreen,2075-12-01,-0.1111256719691784,0.4238435370992341,-0.6226949215702025
Alfotbreen,2076-01-01,-0.3484451424350916,0.028552370813279233,0.009468399798533892
Alfotbreen,2076-02-01,-0.6520383103561871,-0.3313540340152898,0.036010969511180144
Alfotbreen,2076-03-01,-0.552157829225852,-0.6433999275794967,-0.11051033509915802
Alfotbreen,2076-04-01,-0.3070334647014719,-0.18349893613704785,-0.19262287114329316
Alfotbreen,2076-05-01,0.1634657438247702,-0.19827425817001765,-0.32523614529192246
Alfotbreen,2076-06-01,-0.10679348279804284,-0.09514523391597345,-0.05818343389344053
Alfotbreen,2076-07-01,-0.002541725388611405,0.15945423051748503,-0.031543782912004895
Alfotbreen,2076-08-01,-0.0446892502309842,0.25547483739961047,-0.15586278326950723
Alfotbreen,2076-09-01,0.17488086779418302,-0.07803664745498685,0.14334634747422514
Alfotbreen,2076-10-01,0.12897672148355077,-0.2242601682472444,0.16658082847304512
Alfotbreen,2076-11-01,-0.46040651807115124,0.10781265056351592,-0.06530264875951423
Alfotbreen,2076-12-01,-0.4673181028058088,0.1507965640757677,0.11129688195853941
Alfotbreen,2077-01-01,0.1710715326129848,0.14919058575747435,0.28672914980460296
Alfotbreen,2077-02-01,0.07269259267284167,0.3989326998776588,0.22961106622627314
Alfotbreen,2077-03-01,-0.03828405517038604,-0.374387129187946,-0.4152739814682851
Alfotbreen,2077-04-01,-0.2016986022204114,0.2712174075281005,-0.23591753024998333
Alfotbreen,2077-05-01,-0.11135375347110803,-0.06620499394529035,-0.13169352666426948
Alfotbreen,2077-06-01,0.03712742342730018,0.0016683792466803983,-0.0793725222446945
Alfotbreen,2077-07-01,-0.013974470520826137,0.1109362646394922,-0.10457642447770897
Alfotbreen,2077-08-01,-0.1476872081052536,0.18977391857931125,0.020780457889585723
Alfotbreen,2077-09-01,-0.07208865838018315,-0.16641466474387248,-0.12100990794834927
Alfotbreen,2077-10-01,-0.27467346761405725,-0.4705801597176378,-0.41679559805212
Alfotbreen,2077-11-01,0.2569830256176634,-0.40534360048491064,0.0003245897282305177
Alfotbreen,2077-12-01,-0.30965575751060265,-0.4360666393508517,0.23114141253038537
Alfotbreen,2078-01-01,-0.21372192415871613,0.2724477459463308,0.5129356018567397
Alfotbreen,2078-02-01,-0.4986397613970575,-0.7800326564944488,0.2214349292880686
Alfotbreen,2078-03-01,-0.11762661984001543,-0.39750335547455445,0.2879904092734023
Alfotbreen,2078-04-01,-0.014092894541932128,0.4325352932886051,-0.33344514801966213
Alfotbreen,2078-05-01,0.0034070215909408536,-0.06467694709624151,-0.15566373711655124
Alfotbreen,2078-06-01,0.025495340369968766,-0.13948035632589856,0.06828821438420309
Alfotbreen,2078-07-01,-0.16900636601352706,-0.15930878902895274,-0.018579162289636405
Alfotbreen,2078-08-01,-0.1136402975186089,-0.31726821509810327,-0.24967887585249968
Alfotbreen,2078-09-01,-0.1256704190054049,-0.2231630015686726,-0.40441002058739417
Alfotbreen,2078-10-01,0.3056231394436962,0.2855760869620901,-0.4995798663322651
Alfotbreen,2078-11-01,0.15614855417009413,-0.32042703227470787,-0.4157230214028635
Alfotbreen,2078-12-01,-0.5830033203655712,-0.7707497922367116,-0.08153604637911552
Alfotbreen,2079-01-01,-0.32475472108689607,-0.9415116350737223,-0.2676226406557518
Alfotbreen,2079-02-01,0.45979288614695935,0.23579687617750356,0.3559041168844667
Alfotbreen,2079-03-01,0.7476927004614372,-0.6398164240974276,-0.544048927688693
Alfotbreen,2079-04-01,-0.07392845510984213,0.254721193855095,-0.20044137064195058
Alfotbreen,2079-05-01,0.18599683015856772,-0.030806884036663748,0.07654501755939537
Alfotbreen,2079-06-01,-0.05541880806358281,-0.1317519430926586,-0.15214781757586598
Alfotbreen,2079-07-01,-0.07369319879667942,-0.1082672131799206,0.0030329049347859274
Alfotbreen,2079-08-01,-0.17379349270531275,-0.16928366056820773,-0.013336602667227243
Alfotbreen,2079-09-01,0.025624372760969395,0.2252213416513432,-0.04142777199552511
Alfotbreen,2079-10-01,-0.12474940770114466,-0.4552937969207222,0.14999516281150782
Alfotbreen,2079-11-01,0.1652204698638262,-0.44618670010565964,-0.33381442608174267
Alfotbreen,2079-12-01,-0.15390122050328134,-0.2229108646675193,-0.41322353425497865
Alfotbreen,2080-01-01,-0.1937562767178076,-0.6275666909924957,-0.5381779763173117
Alfotbreen,2080-02-01,-0.21401158925170505,-0.5987038311860251,0.3247659221269871
Alfotbreen,2080-03-01,-0.2367353775428952,-0.23674882412274037,0.11126606844807936
Alfotbreen,2080-04-01,-0.27799177824501636,-0.30124106724968963,0.17831707905573213
Alfotbreen,2080-05-01,-0.09284605384854183,0.10680815819823443,-0.06418223764844783
Alfotbreen,2080-06-01,-0.20581410804049027,0.022195460529971556,-0.2824069923146261
Alfotbreen,2080-07-01,-0.0067964300399903045,0.09671230499360879,-0.14043250036633959
Alfotbreen,2080-08-01,0.01391118147229715,-0.13033710836264537,-0.14978062928068195
Alfotbreen,2080-09-01,-0.09742322092189983,-0.23722376671587173,-0.25358107410303243
Alfotbreen,2080-10-01,-0.15602483030405137,-0.2803895613077521,-0.38474225540509854
Alfotbreen,2080-11-01,0.16631111712664745,-0.4966230105327109,-0.26149645201377575
Alfotbreen,2080-12-01,0.8865327510881,-0.5580996874330243,-0.111978783144133
Alfotbreen,2081-01-01,0.4893549769583561,0.01979394919779101,0.16760123825058248
Alfotbreen,2081-02-01,0.27485002352697435,0.1847807301418811,-0.055815369674393496
Alfotbreen,2081-03-01,0.0037005870695314136,-0.1398754584377018,-0.3178432892151719
Alfotbreen,2081-04-01,-0.49082547170827473,0.2451796977015458,0.18698893717163304
Alfotbreen,2081-05-01,-0.06255789535797952,0.3503971913056942,-0.08384554023635571
Alfotbreen,2081-06-01,0.08748810799076834,0.05207535077978625,-0.06786783306665645
Alfotbreen,2081-07-01,0.02362860168379242,0.051679118860834684,0.00531834569590475
Alfotbreen,2081-08-01,0.14909628863206265,0.03045459225963808,-0.06976102910999528
Alfotbreen,2081-09-01,-0.17073185160349466,-0.04511526214937422,-0.25817097300833697
Alfotbreen,2081-10-01,0.07039510231628086,-0.19847739090588148,-0.012496135740683985
Alfotbreen,2081-11-01,-0.16695990953030906,-0.11424664768005939,-0.4124218702330751
Alfotbreen,2081-12-01,0.46218165384275317,0.3447612983870481,-0.28925478078270117
Alfotbreen,2082-01-01,-0.33798759523916805,0.005196982342031846,-0.11157130463859637
Alfotbreen,2082-02-01,-0.2198951449500595,0.1838878356044588,-0.2803319310528429
Alfotbreen,2082-03-01,-0.3930624112793717,0.09100960505538865,-0.39837112543474157
Alfotbreen,2082-04-01,-0.328909050766275,0.14964309090476746,-0.2507986615490874
Alfotbreen,2082-05-01,-0.01477839469065946,-0.3855328912495401,0.022435413570607698
Alfotbreen,2082-06-01,-0.21842751610446587,-0.02373847515043555,-0.12877184634237673
Alfotbreen,2082-07-01,-0.10918169102218013,-0.16484532484942224,-0.00601198752945238
Alfotbreen,2082-08-01,-0.1989873488412558,-0.023154669737974018,-0.09284748288367588
Alfotbreen,2082-09-01,0.15238663492386648,-0.16639617973972565,-0.3653605310854056
Alfotbreen,2082-10-01,0.059478223881640695,0.06711573666627361,-0.02757656924132656
Alfotbreen,2082-11-01,0.12600069092287236,0.013746735180453136,0.06785994416206702
Alfotbreen,2082-12-01,-0.5208611812129075,-0.2136639623503608,-0.6553656699956513
Alfotbreen,2083-01-01,-0.15871506722801157,-0.24276412955372995,-0.7696845878504751
Alfotbreen,2083-02-01,-0.2579041486384222,1.0474160076312768,-0.3753102507742902
Alfotbreen,2083-03-01,0.09899171776339684,-0.11242662228283239,-0.20775418930035325
Alfotbreen,2083-04-01,0.2918505754701911,0.26752199666871634,0.317711082968322
Alfotbreen,2083-05-01,0.14208404543236663,0.3723323941505912,0.03351806459621157
Alfotbreen,2083-06-01,0.08099132006850358,-0.09203527045254738,-0.10286146716400942
Alfotbreen,2083-07-01,-0.11237832803438332,-0.11481421060592338,0.07816510966081329
Alfotbreen,2083-08-01,-0.14916267418477577,0.10682985889004992,-0.25326301752969504
Alfotbreen,2083-09-01,-0.09902821286102831,-0.1953127180716845,-0.36030731779734193
Alfotbreen,2083-10-01,-0.29344291776218817,-0.2524918846924989,-0.22106185989229776
Alfotbreen,2083-11-01,0.28737408062114445,0.016316847538831225,-0.20468194009261728
Alfotbreen,2083-12-01,-0.051932890539859,-0.3974867783556319,-0.2566081906608892
Alfotbreen,2084-01-01,-0.1795498215392984,0.1536618080325989,-0.5316618606704626
Alfotbreen,2084-02-01,0.1756379559664425,0.36014892425963474,-0.23484306169439476
Alfotbreen,2084-03-01,-0.22602619959030257,-0.14478536500732633,-0.0014871167336997504
Alfotbreen,2084-04-01,-0.03151552560986023,-0.4892179296529044,-0.16513930998337475
Alfotbreen,2084-05-01,-0.059106709218201804,-0.02761891544885296,-0.15650720207055713
Alfotbreen,2084-06-01,-0.10322811270394279,-0.2613944147358261,-0.16864024816107334
Alfotbreen,2084-07-01,0.022010885148969178,-0.04211682169438096,-0.22226696129748044
Alfotbreen,2084-08-01,-0.033117786138411535,0.0011218409543205566,-0.21951783282550053
Alfotbreen,2084-09-01,0.009580509685130826,-0.06486408227198563,-0.46198478370840057
Alfotbreen,2084-10-01,0.2380945591524747,-0.35663937845945476,-0.7350671824202571
Alfotbreen,2084-11-01,0.3882928522223084,-0.06197645299218387,-0.6230662157890077
Alfotbreen,2084-12-01,0.549892500632526,0.5489767532526669,-0.3765869860295861
Alfotbreen,2085-01-01,-0.058256585764015635,0.16744774823860895,-0.4793975596236119
Alfotbreen,2085-02-01,0.05481715046170016,0.215064574850047,-0.5482943891748768
Alfotbreen,2085-03-01,-0.47847689187881687,-0.03228402803077345,-0.393813416889147
Alfotbreen,2085-04-01,-0.18192584762407016,-0.4017104283204295,-0.4452618768909511
Alfotbreen,2085-05-01,0.148875048260703,0.013697330059941705,-0.24916352568145209
Alfotbreen,2085-06-01,-0.26012472476516174,0.18148515490047432,-0.1931630594063102
Alfotbreen,2085-07-01,-0.21774614157059413,0.10180162605733555,-0.12418328974719468
Alfotbreen,2085-08-01,-0.1684175574015363,0.03241370347931816,-0.06053166971136273
Alfotbreen,2085-09-01,-0.18668642272757463,0.10426631169288265,-0.20024531381391575
Alfotbreen,2085-10-01,-0.022545974211069474,0.34771212332383855,-0.12332794818400662
Alfotbreen,2085-11-01,0.17780500479101746,0.5238736466064293,-0.42829069690873633
Alfotbreen,2085-12-01,0.07085164819511527,-0.02316374214514751,0.23481945741741161
Alfotbreen,2086-01-01,-0.17497682526694203,-0.0336541413642035,-0.2761650221661931
Alfotbreen,2086-02-01,-0.018894132968922672,-0.420095519702536,0.3306604270744864
Alfotbreen,2086-03-01,0.20564528484538327,-0.17208301623521172,0.6250862473806449
Alfotbreen,2086-04-01,-0.2572234910176328,0.2599853808139528,0.13351545626548159
Alfotbreen,2086-05-01,0.10381967824033557,-0.012039635204254474,-0.02985691555814558
Alfotbreen,2086-06-01,0.29004553883838646,0.06939371364001136,-0.11868567865702721
Alfotbreen,2086-07-01,-0.07970886393524353,-0.13596987824769716,0.003689187891459588
Alfotbreen,2086-08-01,-0.006017481304691814,0.13964551435907172,0.03285013000240235
Alfotbreen,2086-09-01,-0.1534608732632329,0.14706953643556694,-0.0018515073775263527
Alfotbreen,2086-10-01,0.4672430231402145,0.3054428874591274,-0.05311998260999124
Alfotbreen,2086-11-01,0.1814752560189944,0.3076751881892229,-0.158636584154078
Alfotbreen,2086-12-01,0.39782896840668736,-0.16561732119272723,-0.39347073111210307
Alfotbreen,2087-01-01,0.4495704721081177,0.1922084228174373,-0.30764595885405327
Alfotbreen,2087-02-01,-0.07242713091999615,0.6944739839188147,-0.49339326618380003
Alfotbreen,2087-03-01,0.1401612715832066,0.1082018088682229,0.20916038044109433
Alfotbreen,2087-04-01,0.24530299566188815,0.5651546654883628,-0.05397476091333247
Alfotbreen,2087-05-01,-0.09081561725400016,-0.15584066857028445,-0.22057499205337835
Alfotbreen,2087-06-01,0.25921952483586863,0.0026082476190602243,0.022844108351226976
Alfotbreen,2087-07-01,-0.06686840644101495,0.14745817757313104,0.028145485040583045
Alfotbreen,2087-08-01,-0.1713481989650829,0.22788520303547863,0.00046022531738409517
Alfotbreen,2087-09-01,-0.047901115244869785,-0.3605219606518526,-0.2805652950615481
Alfotbreen,2087-10-01,-0.05413120909003916,-0.16702091826600207,-0.03904905208111258
Alfotbreen,2087-11-01,-0.05348131278737691,-0.09861063979143148,-0.03954798580357253
Alfotbreen,2087-12-01,-0.3608098649888644,-0.2469304465320126,-0.6779181098146845
Alfotbreen,2088-01-01,0.3956040221511425,-0.5556953327827746,0.33877001682588825
Alfotbreen,2088-02-01,0.2949986814930217,-0.3008364898248685,0.265826352290066
Alfotbreen,2088-03-01,0.46939849173994747,-0.2538981841751126,0.35421874143903426
Alfotbreen,2088-04-01,-0.016509562262924642,-0.5017972109339398,0.05632650699702583
Alfotbreen,2088-05-01,-0.01380766101185456,0.2662175070036058,0.28884149144659244
Alfotbreen,2088-06-01,0.07256209319448369,-0.12280579811827497,-0.09025130352825927
Alfotbreen,2088-07-01,-0.21953469606044332,0.07186209211690237,-0.01206624452400934
Alfotbreen,2088-08-01,-0.08989642427690148,0.002925208927632409,-0.08999123958098143
Alfotbreen,2088-09-01,0.11429044688597827,0.0672965809065711,-0.2255645751431016
Alfotbreen,2088-10-01,0.061287183087522935,0.10407664841602397,-0.03261456036556149
Alfotbreen,2088-11-01,0.4406261772598301,0.0538565468933192,-0.3818207812446865
Alfotbreen,2088-12-01,-0.5472127841998465,-0.4772269270148364,-0.3454456040596358
Alfotbreen,2089-01-01,-0.7543845539267955,-0.24705620328036249,-0.31105433626023865
Alfotbreen,2089-02-01,-0.9707834073571308,0.036565308212145466,-0.10276388622955028
Alfotbreen,2089-03-01,-0.2182668224187431,0.4928703181008083,0.7607838694142949
Alfotbreen,2089-04-01,-0.05986979384155441,0.09932979229417067,0.2853678842516505
Alfotbreen,2089-05-01,-0.36538419452431586,-0.3179514557414163,-0.2655486756709911
Alfotbreen,2089-06-01,-0.17852699903225153,-0.033245099756364804,-0.04290850054341049
Alfotbreen,2089-07-01,-0.0010754363101520027,0.10251552458614928,-0.039715799133547454
Alfotbreen,2089-08-01,-0.36132415830749937,-0.17529224956284264,-0.19052528320270956
Alfotbreen,2089-09-01,-0.02911461007664438,-0.01764506694863602,-0.048690336841538305
Alfotbreen,2089-10-01,0.07852002177211034,0.24785576658668695,-0.30569979214385623
Alfotbreen,2089-11-01,-0.29517003499383226,-0.23445097778029653,-0.48789728003044325
Alfotbreen,2089-12-01,0.3703488742105336,-0.3429465690257503,-0.14866951013018714
Alfotbreen,2090-01-01,0.9833353851171518,0.3256461715447329,-0.5828855969995583
Alfotbreen,2090-02-01,0.3639680005149881,-0.9227277470633105,0.0681535332892845
Alfotbreen,2090-03-01,0.6436962705425361,-0.4614011082872327,-0.40375908888752093
Alfotbreen,2090-04-01,-0.12435588769047516,0.060784904151470504,0.014466558462044407
Alfotbreen,2090-05-01,-0.1932565259645198,-0.022676756671337017,-0.027970758656391814
Alfotbreen,2090-06-01,-0.1719556513797973,0.1258099387597461,0.062196498330070384
Alfotbreen,2090-07-01,-0.15434376918057324,0.1793079004111514,-0.24395795338271933
Alfotbreen,2090-08-01,-0.030260757974982705,-0.14575711445321937,-0.175675614436779
Alfotbreen,2090-09-01,-0.06084300704992881,0.02037082251578379,-0.1215990078661134
Alfotbreen,2090-10-01,-0.06802730955486531,0.10764789181437578,-0.03472476932689408
Alfotbreen,2090-11-01,-0.2326197570295755,0.16984068644330752,-0.2810800059477962
Alfotbreen,2090-12-01,-0.19951724220455577,-0.3059700215539013,-0.1888320494143144
Alfotbreen,2091-01-01,0.09306946133359197,-0.5723126783688268,-0.4142623392604916
Alfotbreen,2091-02-01,-0.1194650396218259,0.24815004333203738,-0.567045031119362
Alfotbreen,2091-03-01,-0.4637515561764382,0.701909685456522,-0.5174173565652286
Alfotbreen,2091-04-01,-0.08922392674579292,-0.22026865319697095,0.2672556255292166
Alfotbreen,2091-05-01,0.010003962134743036,-0.1235294218826913,0.0017684157266002684
Alfotbreen,2091-06-01,-0.030511623006866512,-0.31417658826374273,-0.4290219633164239
Alfotbreen,2091-07-01,-0.10102270765069186,0.07289601701865851,-0.15740273986016348
Alfotbreen,2091-08-01,0.12492726330979799,0.07592513121024712,-0.1056523012176015
Alfotbreen,2091-09-01,0.16017037186093747,0.10140288361425664,-0.24382853528733725
Alfotbreen,2091-10-01,-0.29070452143309905,0.18951845945378232,-0.2238554920417283
Alfotbreen,2091-11-01,0.12324141821650976,0.29692652750120874,-0.5132487040847596
Alfotbreen,2091-12-01,-0.33997820938293716,0.10392347082435015,0.02600833057639586
Alfotbreen,2092-01-01,0.40533023289611253,0.15284275430802974,0.2925403573698709
Alfotbreen,2092-02-01,0.4554699204565124,0.015025655386067807,-0.1429180157159721
Alfotbreen,2092-03-01,0.3101284709726935,0.4323442654179656,-0.6119192788294795
Alfotbreen,2092-04-01,0.2976208379762553,0.19254274741215127,-0.28107014376002465
Alfotbreen,2092-05-01,-0.07533560125433282,-0.03403398928400284,-0.07647968087687733
Alfotbreen,2092-06-01,0.03844041988618194,-0.41686847007566435,-0.0012227055837282623
Alfotbreen,2092-07-01,-0.13302358325421204,-0.1605166692466715,0.007980095413867579
Alfotbreen,2092-08-01,-0.05926058415724974,-0.04076641436131447,0.21292236135260936
Alfotbreen,2092-09-01,-0.18592498321658293,-0.09249000021697651,-0.02202496645000616
Alfotbreen,2092-10-01,0.11691776773889064,-0.312409804303344,-0.04055280500433093
Alfotbreen,2092-11-01,-0.03902662381731577,-0.207248101335308,-0.2830178770956852
Alfotbreen,2092-12-01,-0.27357747508955166,0.03390862177977885,0.12413212764259508
Alfotbreen,2093-01-01,-0.026969326337215983,0.5395611451134724,-0.3915552950142076
Alfotbreen,2093-02-01,0.05870443009100034,0.30542219268620535,-0.0709984463011948
Alfotbreen,2093-03-01,0.12488147407926282,0.4420392507840692,-0.4009497083620222
Alfotbreen,2093-04-01,0.09671222900357242,0.0067342869023606184,-0.4440191420836321
Alfotbreen,2093-05-01,-0.3529942670347315,-0.15814125864592507,0.29732403477946784
Alfotbreen,2093-06-01,-0.2332315717576359,0.05651988088407595,-0.20845543169159705
Alfotbreen,2093-07-01,-0.09002785949497454,-0.19829457581521281,-0.00880593510360901
Alfotbreen,2093-08-01,-0.11290629647208933,-0.21270279778157705,-0.057091804117671126
Alfotbreen,2093-09-01,-0.25260909867071524,-0.37817722990431185,0.033873021193214864
Alfotbreen,2093-10-01,-0.18893451368260658,0.09905580580076424,-0.4665061625383436
Alfotbreen,2093-11-01,-0.0845202349342466,-0.3213213555218526,-0.41497011934323663
Alfotbreen,2093-12-01,0.08756628630772852,0.45389149955820657,0.6755879507991542
Alfotbreen,2094-01-01,-0.5172382691730841,-0.7934262828615428,-0.06302038060939232
Alfotbreen,2094-02-01,-0.32854984787925345,0.6394681337473324,-0.432295195402743
Alfotbreen,2094-03-01,0.046460658881457007,-0.339355791555405,0.009170938246582635
Alfotbreen,2094-04-01,0.27656764329236977,-0.18339808354616524,-0.1943612271922237
Alfotbreen,2094-05-01,-0.09698694069495428,0.008521525098174157,-0.0906045884974026
Alfotbreen,2094-06-01,-0.03192837896193463,0.26112268509617254,-0.42803124719340113
Alfotbreen,2094-07-01,-0.011871307418336757,-0.0532143522778108,-0.2610826747945016
Alfotbreen,2094-08-01,0.05876578854025024,0.2398745044577545,0.08327944311820992
Alfotbreen,2094-09-01,0.08756063454524708,-0.08551370004543042,-0.05444373477415972
Alfotbreen,2094-10-01,0.10549467719584522,-0.04390866390434,0.020700102619228052
Alfotbreen,2094-11-01,-0.20676407883732872,-0.49705193927513647,0.3740275491071013
Alfotbreen,2094-12-01,-0.1128703059782961,-0.010035621533610262,-0.704189690555387
Alfotbreen,2095-01-01,-0.5744137795623634,0.9714416767085016,-0.35390562070390746
Alfotbreen,2095-02-01,-0.14930107344149868,-0.563782563314606,0.1879672720093372
Alfotbreen,2095-03-01,-0.31612427764666146,0.119677155507327,-0.19983427797225395
Alfotbreen,2095-04-01,0.03815034357620583,-0.3695463150497174,0.13642195033428808
Alfotbreen,2095-05-01,0.029201359607693638,-0.06497244344540896,-0.10559489686632001
Alfotbreen,2095-06-01,-0.03857904139097952,-0.0034118476453769927,-0.01667129059321235
Alfotbreen,2095-07-01,0.06153899000163595,0.12492432489184004,-0.2173404993003475
Alfotbreen,2095-08-01,0.029262426853638,0.07444853261165213,0.13038370191201534
Alfotbreen,2095-09-01,-0.07373250989493664,0.011507067679666349,-0.22528740268620492
Alfotbreen,2095-10-01,-0.0724491311945001,-0.2967920945888217,-0.30018185712851336
Alfotbreen,2095-11-01,0.30179849525580577,0.10966429096830084,0.08681802417624752
Alfotbreen,2095-12-01,-0.15818061026512129,0.2730716106577112,0.011479900669310579
Alfotbreen,2096-01-01,-0.16190781168006055,-0.0049270097903052245,-0.27851983202760344
Alfotbreen,2096-02-01,-0.558119377830447,-0.6279841746548901,-0.23525019280966208
Alfotbreen,2096-03-01,-0.3816696721063791,0.013257415663000621,-0.2545281979256399
Alfotbreen,2096-04-01,0.2780818227298439,0.18931184029240122,-0.33190814405851526
Alfotbreen,2096-05-01,-0.04268428717563453,-0.03908387402576116,-0.29159775304867613
Alfotbreen,2096-06-01,-0.18050885620023874,0.027425795300985666,-0.3485587714138305
Alfotbreen,2096-07-01,-0.16046846404608153,-0.2885998010153426,-0.17787226355702626
Alfotbreen,2096-08-01,-0.0013500301272513944,0.03786293924237125,-0.30377001064879966
Alfotbreen,2096-09-01,0.1303239563600552,0.08413757278191238,-0.5849254654469087
Alfotbreen,2096-10-01,0.07374278222367679,0.03599261511813417,-0.7726566766402564
Alfotbreen,2096-11-01,-0.10946808998574996,-0.18951505577800906,-0.4944278860995917
Alfotbreen,2096-12-01,-0.2467309931748599,-0.5579958356450258,-0.6241438204264762
Alfotbreen,2097-01-01,-0.19558156041865174,-0.37718215237624975,-0.38182481190954504
Alfotbreen,2097-02-01,-0.0057981918192877915,-0.746549202611512,-1.0894768915527377
Alfotbreen,2097-03-01,0.49640681864832836,-0.004554826581997222,-0.03603367601932039
Alfotbreen,2097-04-01,-0.25609270548797125,-0.8106901048257881,-0.21785898869356637
Alfotbreen,2097-05-01,-0.37923734550270316,0.342365987879151,-0.18451492874680386
Alfotbreen,2097-06-01,0.011407362785531054,0.07982584927973692,-0.31933914778941197
Alfotbreen,2097-07-01,-0.0949647661265091,-0.1245651637243531,0.034866708101959874
Alfotbreen,2097-08-01,-0.2853648587111483,-0.08599344848629281,-0.32412401933162366
Alfotbreen,2097-09-01,-0.1502219616777324,-0.030624976237717306,-0.03846970791590327
Alfotbreen,2097-10-01,-0.51641632165562,0.3590418236815472,0.00013842714794614722
Alfotbreen,2097-11-01,0.026974908951519484,-0.3526650722365765,-0.4405207051160734
Alfotbreen,2097-12-01,0.015527488832000924,-0.027035555293695574,-0.2522368948237827
Alfotbreen,2098-01-01,0.20340764858176894,-0.6171862451373012,-0.7824286704942368
Alfotbreen,2098-02-01,-0.05276810659694329,-0.09486613794150524,-0.7278260826678653
Alfotbreen,2098-03-01,0.4295616652675515,-0.6725308215484928,-0.7810186888604892
Alfotbreen,2098-04-01,0.33289101365218504,0.18846009028658894,-0.4937054345948988
Alfotbreen,2098-05-01,-0.09738797256400282,-0.28755935325387294,-0.2349914041408152
Alfotbreen,2098-06-01,0.10194644776583668,0.33875686803201055,0.038518377667241165
Alfotbreen,2098-07-01,-0.051442565648385515,0.22212243941784382,0.04872760548640378
Alfotbreen,2098-08-01,0.02791955932997738,-0.1474224763029404,-0.139703905565731
Alfotbreen,2098-09-01,-0.0793875031080582,-0.23607826609263105,-0.350865102975872
Alfotbreen,2098-10-01,-0.14784532615152968,0.13732449378821218,-0.29688374702799697
Alfotbreen,2098-11-01,0.697653302106997,-0.18966342343014708,0.15296186276184406
Alfotbreen,2098-12-01,-0.13682054518387818,0.250668287328615,0.07796140952932161
Alfotbreen,2099-01-01,-0.6511536015386344,0.12283606821085669,-0.34662083245581204
Alfotbreen,2099-02-01,0.11730819791153663,-0.20373696935301686,-0.6766761381306089
Alfotbreen,2099-03-01,0.06220106505050518,-0.14679556657184686,-0.44843388006105595
Alfotbreen,2099-04-01,0.2020377619379737,-0.07092612386347076,-0.06632279477301493
Alfotbreen,2099-05-01,0.03009562359637395,0.04496549769065137,-0.36813388872780256
Alfotbreen,2099-06-01,-0.1192839088679516,0.1477127155707371,-0.047322461917565846
Alfotbreen,2099-07-01,-0.17492333260246154,0.05333483873422983,-0.24439719128185278
Alfotbreen,2099-08-01,-0.07611622609014528,0.24034795239181792,0.007846880014800677
Alfotbreen,2099-09-01,-0.2551978897403162,-0.16595908278935323,0.07812537267861902
Alfotbreen,2099-10-01,0.015148587563693569,-0.28080228943653734,-0.5955930710019485
Alfotbreen,2099-11-01,-0.2740312453582247,0.12897717999833455,0.20325961040829402
Alfotbreen,2099-12-01,-0.4462191609387414,-0.4516582890925509,-0.2707832266646048
Alfotbreen,2100-01-01,0.06705412635512618,0.20735381575776254,0.11159879567312943
Alfotbreen,2100-02-01,-0.5204755026884366,-0.5467542060705459,-0.11104434559826148
Alfotbreen,2100-03-01,-0.14696191032338649,-0.1949796138576196,-0.3773740558739094
Alfotbreen,2100-04-01,-0.060728094162897324,0.08189223173765431,-0.2550437650400004
Alfotbreen,2100-05-01,-0.04159194543529399,0.07927345634776002,-0.24057214663207252
Alfotbreen,2100-06-01,-0.05927661344981098,0.03882442946511422,-0.11423757757306147
Alfotbreen,2100-07-01,-0.11067022598672749,-0.24284162967212905,-0.09399879598862167
Alfotbreen,2100-08-01,-0.1539381460799478,-0.21520833141549778,0.029082607619705627
Alfotbreen,2100-09-01,-0.011209393207718443,-0.2867480389458505,-0.23553858532443128
Alfotbreen,2100-10-01,-0.3869639015188165,-0.10521623557029432,-0.4005094013018053
Alfotbreen,2100-11-01,-0.09010348073625696,-0.1538193504898598,-0.607468196785097
Alfotbreen,2100-12-01,0.3270620570974969,-0.059080885821580505,-0.7848392298809168
Austdalsbreen,2015-01-01,-0.08782096872656808,-0.10525316911738909,-0.016887409663403265
Austdalsbreen,2015-02-01,-0.30870876596558844,-0.08677198009816851,-0.07809203969243914
Austdalsbreen,2015-03-01,-0.15732314442013046,-0.03891989712488174,-0.20599563450828154
Austdalsbreen,2015-04-01,0.04339127258433891,-0.17602439643215048,-0.1558732322140871
Austdalsbreen,2015-05-01,-0.0907432833405823,-0.061128075014399465,-0.1434864759064024
Austdalsbreen,2015-06-01,-0.028501288108929504,-0.059471577423086945,-0.012183748660790533
Austdalsbreen,2015-07-01,-0.06815608586970719,-0.03203567438482891,-0.07276198317878392
Austdalsbreen,2015-08-01,-0.12409478987562862,-0.03901646008468436,-0.26705666829952374
Austdalsbreen,2015-09-01,-0.1444838532749522,0.04142261444285353,-0.10052740544959482
Austdalsbreen,2015-10-01,-0.31760615725379493,-0.011797072783979692,-0.21209641166896795
Austdalsbreen,2015-11-01,0.10877805783300643,-0.025525788348579267,-0.07751041729200404
Austdalsbreen,2015-12-01,-0.21719182298882247,0.02638685371922238,0.14464295379572192
Austdalsbreen,2016-01-01,-0.04838103684661035,-0.05096099108739949,-0.083157298398998
Austdalsbreen,2016-02-01,0.020427310677853083,-0.01256270160986916,0.020283887488470903
Austdalsbreen,2016-03-01,0.01709458600016167,-0.00635374871258064,-0.2450286255248423
Austdalsbreen,2016-04-01,-0.004684775256329335,-0.011727008596315086,-0.16920211475367364
Austdalsbreen,2016-05-01,-0.11005985938400327,0.06149203913399526,-0.06952699624830296
Austdalsbreen,2016-06-01,-0.15011641393654235,-0.16876077450370716,-0.09506169497410237
Austdalsbreen,2016-07-01,-0.21598466854348267,-0.07668028537694382,-0.07944694926894497
Austdalsbreen,2016-08-01,-0.17797055373691703,-0.046051831097848515,-0.18717528695342214
Austdalsbreen,2016-09-01,-0.1546297861513889,-0.11667416479721138,-0.2585060474396752
Austdalsbreen,2016-10-01,-0.017256547885454512,-0.07319512176118288,0.0784965904843425
Austdalsbreen,2016-11-01,-0.024146031044135915,-0.1331178928940841,-0.2725493789527769
Austdalsbreen,2016-12-01,-0.07633486814632144,-0.14524653828881248,-0.21216635056724864
Austdalsbreen,2017-01-01,-0.011243896609271891,-0.04165122934107184,-0.21822704843864962
Austdalsbreen,2017-02-01,0.004549044091710475,-0.11204305720741137,0.017453206412238614
Austdalsbreen,2017-03-01,-0.1579784165840736,-0.02821891652885329,-0.08637672239956103
Austdalsbreen,2017-04-01,-0.15851332539566956,-0.019583870317536375,0.02406191229964712
Austdalsbreen,2017-05-01,-0.08293701382976491,-0.05977889022808732,-0.14968661843671452
Austdalsbreen,2017-06-01,-0.16985629842092184,-0.03587699949525595,0.053814977371526886
Austdalsbreen,2017-07-01,-0.17666815546384051,-0.0654962459884154,-0.10844132248944734
Austdalsbreen,2017-08-01,-0.02890808310602164,-0.1006183024772691,-0.12899599587799995
Austdalsbreen,2017-09-01,0.01509325055243336,0.0805857266682203,-0.0772519010603954
Austdalsbreen,2017-10-01,-0.006572613342564838,-0.1286197495672637,-0.19299439933897053
Austdalsbreen,2017-11-01,-0.23618840143762956,-0.03279726457848671,-0.16577927237904666
Austdalsbreen,2017-12-01,-0.19763677384800712,-0.20377541862043613,-0.07433073911513138
Austdalsbreen,2018-01-01,-0.19667853799335164,0.05424101544051932,0.03131683520625661
Austdalsbreen,2018-02-01,-0.05087563385151622,-0.03603286698149268,-0.09964558955287867
Austdalsbreen,2018-03-01,-0.1736522995210904,0.012517504401493629,-0.030746222324960062
Austdalsbreen,2018-04-01,-0.22184441489426884,-0.15611725571694593,-0.17151157804302344
Austdalsbreen,2018-05-01,-0.11508236196360459,-0.021080687113589538,-0.10798182775735254
Austdalsbreen,2018-06-01,0.004054209795280465,0.0352892319075803,-0.21211203515614438
Austdalsbreen,2018-07-01,-0.0398014670826856,-0.0032247315377894555,-0.25130132052972254
Austdalsbreen,2018-08-01,-0.06391896748760617,0.019858947820187683,-0.21428481028688282
Austdalsbreen,2018-09-01,-0.23502631115857145,-0.19923280633108645,-0.2597126109751929
Austdalsbreen,2018-10-01,-0.21686172487602687,0.007441979445433862,-0.18561011590465012
Austdalsbreen,2018-11-01,-0.05016981137776098,-0.06912591618720106,-0.13949385696866937
Austdalsbreen,2018-12-01,-0.0113091067055841,-0.20619754806173432,-0.03878083452718858
Austdalsbreen,2019-01-01,-0.12327130598441143,-0.008678107682132041,-0.2445935077326911
Austdalsbreen,2019-02-01,-0.07716101431093361,-0.042825559085717974,-0.07752541236566837
Austdalsbreen,2019-03-01,-0.046747220068324324,-0.1912648955796441,-0.1746633545847827
Austdalsbreen,2019-04-01,-0.09570763865980476,0.02813155078603761,-0.06156179019434164
Austdalsbreen,2019-05-01,-0.05044128191135518,-0.07537696233910358,0.14195665158036416
Austdalsbreen,2019-06-01,-0.15738214109045046,0.007448561295780087,0.11009918133539155
Austdalsbreen,2019-07-01,-0.13272600192925932,-0.06913782998561553,-0.1582681209883907
Austdalsbreen,2019-08-01,-0.19045171308316886,-0.0775284141779709,-0.14597493777510986
Austdalsbreen,2019-09-01,-0.03441608252124021,-0.14471409794964576,-0.1748056115444979
Austdalsbreen,2019-10-01,-0.10806143658944085,-0.04377373563897391,-0.10878892069210223
Austdalsbreen,2019-11-01,-0.09401082932252901,0.018642923736436678,-0.13965256283186592
Austdalsbreen,2019-12-01,-0.0901588703962261,-0.23288418991060253,-0.11551311167683305
Austdalsbreen,2020-01-01,0.16747573714776468,-0.054544848788091536,-0.23354837629764566
Austdalsbreen,2020-02-01,0.032880690990225704,0.0790435025202227,-0.16615229693779598
Austdalsbreen,2020-03-01,-0.23209928306674485,-0.007078739735200952,-0.022512374116045394
Austdalsbreen,2020-04-01,-0.17638349097829384,0.05322802690841231,0.0990404239060954
Austdalsbreen,2020-05-01,-0.06892331954046498,0.04196776931585187,-0.13652275372786038
Austdalsbreen,2020-06-01,-0.14818674554646397,-0.07762046755282503,-0.08458648851536076
Austdalsbreen,2020-07-01,-0.049658965024664325,-0.07057457538301377,-0.15176756942452915
Austdalsbreen,2020-08-01,-0.07830867537433311,-0.02029578892905223,-0.08153519337376491
Austdalsbreen,2020-09-01,0.015265405123584966,-0.07672491395277173,0.009117159761533905
Austdalsbreen,2020-10-01,-0.306777227824902,-0.04938020737084473,-0.1466878671869821
Austdalsbreen,2020-11-01,-0.07750228437823048,-0.10227828701440307,-0.19698403792709265
Austdalsbreen,2020-12-01,-0.10637815898985659,0.0020617091105849714,0.00042121757106762986
Austdalsbreen,2021-01-01,-0.07969873480869101,-0.05582381406578044,-0.0043855223259892245
Austdalsbreen,2021-02-01,-0.14529905043719415,0.05703980269881385,-0.026417346072508938
Austdalsbreen,2021-03-01,0.1827742490972966,0.06387978456019995,-0.0016623968373085894
Austdalsbreen,2021-04-01,-0.2422870590477925,-0.0954075814750145,0.06363443746399985
Austdalsbreen,2021-05-01,0.008208122072071491,0.02593933654833766,0.010271544880655329
Austdalsbreen,2021-06-01,-0.12851808529371436,-0.036821933532465496,-0.06443501612482773
Austdalsbreen,2021-07-01,-0.0779480838512732,-0.1454945254203807,-0.07659081997867839
Austdalsbreen,2021-08-01,-0.08627623717322856,-0.11532787149406672,-0.09088114964662204
Austdalsbreen,2021-09-01,-0.03430113159107049,-0.05571113574316516,-0.1815845801604068
Austdalsbreen,2021-10-01,0.05846579941799542,-0.06207239057750599,-0.1186166099499485
Austdalsbreen,2021-11-01,-0.146500509692953,-0.008481427830666943,0.052042443529896266
Austdalsbreen,2021-12-01,-0.031194129427638842,-0.07114100218337989,0.052802989048134075
Austdalsbreen,2022-01-01,-0.2012127556867825,-0.15409058174906784,-0.15876732236904087
Austdalsbreen,2022-02-01,-0.058420956249638216,-0.13162522174069682,-0.043575884319524714
Austdalsbreen,2022-03-01,-0.16375533394248123,-0.16119874335952375,-0.19896229169604188
Austdalsbreen,2022-04-01,-0.128397536377225,-0.12995300363450876,0.025550484373480065
Austdalsbreen,2022-05-01,-0.10502598770794802,-0.1100854505288154,-0.21855483126985123
Austdalsbreen,2022-06-01,-0.07466337625567686,-0.17915737500717543,-0.17969097161271205
Austdalsbreen,2022-07-01,0.020280047442342537,-0.12719037009247547,-0.11512222124389504
Austdalsbreen,2022-08-01,-0.06032225034966637,-0.07193219325104987,-0.332670380691398
Austdalsbreen,2022-09-01,-0.12987743399512244,-0.1878969395600761,-0.07843337862562055
Austdalsbreen,2022-10-01,0.09060196072090469,-0.11909949867665537,0.0259910055319785
Austdalsbreen,2022-11-01,-0.11728411252220217,-0.13125706994356212,-0.03231924338392271
Austdalsbreen,2022-12-01,-0.03784237172565304,0.019191664877030362,-0.1120978777792897
Austdalsbreen,2023-01-01,0.05806507265408175,-0.032346366205147144,-0.08100931662933336
Austdalsbreen,2023-02-01,-0.039810659816274116,-0.10095694455271687,-0.028568436671891403
Austdalsbreen,2023-03-01,-0.06460623708772571,-0.13126149440728888,-0.0628793792186753
Austdalsbreen,2023-04-01,-0.16377069137311906,-0.040475735117725835,-0.09314748438296709
Austdalsbreen,2023-05-01,-0.005443137216489151,-0.05418187176428111,-0.13428005677307275
Austdalsbreen,2023-06-01,-0.10091836186491514,-0.1780326821694521,-0.1612882670336011
Austdalsbreen,2023-07-01,-0.20206908941208565,-0.11030048100376817,-0.03702752271499047
Austdalsbreen,2023-08-01,-0.0371418036284261,-0.1039372493563236,-0.1693518552688816
Austdalsbreen,2023-09-01,0.11869320491476694,0.014752380244991184,-0.09446940383095874
Austdalsbreen,2023-10-01,0.10664850526421271,0.029551888052073927,-0.23281341747589188
Austdalsbreen,2023-11-01,-0.051429848224031995,-0.24453005183771712,-0.12196097186043915
Austdalsbreen,2023-12-01,0.02411868328864697,-0.13383721243283903,-0.055819984664146366
Austdalsbreen,2024-01-01,-0.007648627258060495,0.05484370317866697,-0.05676759612516804
Austdalsbreen,2024-02-01,0.14465731765991388,0.06324763000494184,-0.08515348957237401
Austdalsbreen,2024-03-01,-0.02464927110467766,-0.0573291923085558,-0.11084810853371385
Austdalsbreen,2024-04-01,-0.07626637921738073,-0.07615893122152921,-0.09561229524356156
Austdalsbreen,2024-05-01,0.08846582305619703,0.07505800036659215,-0.2402495898547736
Austdalsbreen,2024-06-01,-0.082476830051948,-0.03460268315871177,-0.23558555800818703
Austdalsbreen,2024-07-01,-0.0708817156969861,0.008920176742590546,-0.07307156309353577
Austdalsbreen,2024-08-01,-0.10558880659622503,-0.008823528062140712,-0.1000829887084038
Austdalsbreen,2024-09-01,0.0731511831509883,0.027212375997987443,-0.1040434685203508
Austdalsbreen,2024-10-01,-0.15561503283618108,-0.0317210789178264,-0.06813679556547857
Austdalsbreen,2024-11-01,-0.01841014700487723,-0.0066346132025958725,-0.1750144610000368
Austdalsbreen,2024-12-01,-0.2133759034339189,-0.059663104106441406,-0.0716647024677634
Austdalsbreen,2025-01-01,-0.10215232858273236,-0.15208703135384433,-0.16133685133698153
Austdalsbreen,2025-02-01,0.04891437332389948,-0.08178391567695827,-0.16598223709157914
Austdalsbreen,2025-03-01,0.004569495523153361,-0.1831720386406288,-0.03366751206399736
Austdalsbreen,2025-04-01,-0.2300260939554586,-0.11024830290750959,0.031372962740763045
Austdalsbreen,2025-05-01,-0.15675957358116707,-0.14093444726787033,-0.04816335621371837
Austdalsbreen,2025-06-01,0.027032100374248746,-0.09278665220252662,0.0034611286507484906
Austdalsbreen,2025-07-01,-0.12241592879771092,-0.16422514172931205,-0.08732899094454945
Austdalsbreen,2025-08-01,-0.11599318137878901,-0.12075333568530298,0.003856299536322031
Austdalsbreen,2025-09-01,0.04419806169356836,-0.11080401456559336,0.04141887128784175
Austdalsbreen,2025-10-01,-0.20732615497231333,-0.010028850441186487,-0.14294940662394473
Austdalsbreen,2025-11-01,-0.1622959318984274,-0.11672317092556637,-0.1441695025512197
Austdalsbreen,2025-12-01,-0.3226436026993181,-0.08402414707423071,-0.009542615156689976
Austdalsbreen,2026-01-01,-0.29588455603442126,-0.08178466861300007,0.07431107414636723
Austdalsbreen,2026-02-01,-0.21016890490031026,-0.08400745009272852,-0.2911517976780593
Austdalsbreen,2026-03-01,-0.2885734172351111,-0.10930086129687862,-0.10650239521217982
Austdalsbreen,2026-04-01,-0.16316098058521775,0.04297289706496219,-0.15713402752906944
Austdalsbreen,2026-05-01,0.03432311118928316,0.010543661473741195,-0.05398245006848649
Austdalsbreen,2026-06-01,-0.09702737571078394,-0.07784222282577291,-0.162033815690962
Austdalsbreen,2026-07-01,-0.07747605907836129,-0.1179822050321541,-0.07814553345306548
Austdalsbreen,2026-08-01,-0.24675174914715145,-0.059565637397229705,-0.025492211722793316
Austdalsbreen,2026-09-01,-0.0424786686158356,-0.03351815550287522,-0.09486641486508196
Austdalsbreen,2026-10-01,-0.11576411804562896,-0.06995293000108951,-0.1028521852333202
Austdalsbreen,2026-11-01,-0.15363522945208016,0.0501797553358315,-0.11589153914294163
Austdalsbreen,2026-12-01,0.07777468044227553,-0.21125359515027334,-0.001954507574363884
Austdalsbreen,2027-01-01,0.10759908671532599,-0.12406915198383395,-0.13196622586883397
Austdalsbreen,2027-02-01,-0.026849914985825465,-0.1551957400329827,-0.16565814973413648
Austdalsbreen,2027-03-01,-0.007019991142781748,-0.04209088126520653,-0.04189479248932541
Austdalsbreen,2027-04-01,-0.163623426764644,-0.1557676586035199,0.014625399815902792
Austdalsbreen,2027-05-01,-0.055348594373827255,-0.056751938345826536,-0.14901014368879098
Austdalsbreen,2027-06-01,-0.12589827267265938,-0.14135471934331972,-0.10256699777501437
Austdalsbreen,2027-07-01,-0.07213784913845267,-0.14739286433518675,-0.18319217700104076
Austdalsbreen,2027-08-01,-0.11247847770716403,-0.029678277980679443,-0.06389239401070533
Austdalsbreen,2027-09-01,0.03097081878406795,-0.16231287051285762,-0.15868468102166922
Austdalsbreen,2027-10-01,-0.19576151646809978,-0.0015594554986857606,-0.15014531015772764
Austdalsbreen,2027-11-01,0.047934355333916934,-0.1469912450463745,-0.06832849136981146
Austdalsbreen,2027-12-01,-0.14248210706683084,-0.13851091063219523,0.03601228455961123
Austdalsbreen,2028-01-01,0.18881437263261394,-0.19028244513936152,0.11903354837464723
Austdalsbreen,2028-02-01,0.03414758642744712,-0.11611525139451921,0.01214484825472086
Austdalsbreen,2028-03-01,-0.14446304890929568,-0.03633740236419037,-0.006745482516367811
Austdalsbreen,2028-04-01,0.03426078788693363,-0.13138273107728457,-0.15383362976494072
Austdalsbreen,2028-05-01,-0.13366593585505562,-0.1869128512565965,-0.03711232807419324
Austdalsbreen,2028-06-01,0.013709278911685089,-0.012728850423345562,-0.0945027086071717
Austdalsbreen,2028-07-01,0.0009150247010955015,-0.058397718348621085,-0.17495300048533755
Austdalsbreen,2028-08-01,-0.05484535042397539,-0.15324435076143825,-0.07409347741667982
Austdalsbreen,2028-09-01,-0.04459589555846305,-0.03934105662470511,-0.10732285054678099
Austdalsbreen,2028-10-01,-0.08991629402210066,-0.04600071925304189,0.04403568249846795
Austdalsbreen,2028-11-01,-0.10721662803271342,-0.09265901828301826,0.04510682759304046
Austdalsbreen,2028-12-01,-0.08241467993641977,-0.039983686376743925,-0.015674688346466972
Austdalsbreen,2029-01-01,-0.19051741099266514,-0.14864578616879187,-0.2983064949420433
Austdalsbreen,2029-02-01,-0.14557619946584707,-0.07460385351827209,0.10611884204656165
Austdalsbreen,2029-03-01,0.08760450667696466,-0.000153793086650487,0.08425846043582504
Austdalsbreen,2029-04-01,-0.03647255949084665,-0.14460626836336962,-0.025801944783698464
Austdalsbreen,2029-05-01,0.052093087984404464,-0.1014944608169786,-0.012584141620101635
Austdalsbreen,2029-06-01,-0.17916802054814074,-0.04894946210424217,-0.1046734478833452
Austdalsbreen,2029-07-01,-0.12505216170018688,-0.016438857520240643,-0.06844601752498118
Austdalsbreen,2029-08-01,-0.0947642477771352,-0.014977756878808937,-0.021306616057121367
Austdalsbreen,2029-09-01,0.0010331721510980312,-0.0509562082158004,-0.14815719453912735
Austdalsbreen,2029-10-01,-0.19516418955086176,-0.18226483958262774,-0.15899098500778955
Austdalsbreen,2029-11-01,-0.361961439309606,0.00019542206877763238,-0.10959176516257102
Austdalsbreen,2029-12-01,-0.1589912438520549,-0.12496314538787257,-0.019281249000597175
Austdalsbreen,2030-01-01,-0.002602191275294564,0.06041581627768649,-0.15018690500626528
Austdalsbreen,2030-02-01,-0.20165477575094112,-0.09771714616562288,-0.08007362031622696
Austdalsbreen,2030-03-01,-0.10541961783009797,-0.23245500390149812,0.036417802933939224
Austdalsbreen,2030-04-01,-0.2433389084905353,-0.18138640571501363,-0.13547386811918366
Austdalsbreen,2030-05-01,0.05061331543628623,-0.0014982257150399914,0.03216859025282512
Austdalsbreen,2030-06-01,-0.13926723463813662,-0.019859523751192012,-0.10916451546904786
Austdalsbreen,2030-07-01,-0.20676848965928551,-0.031728921820388625,-0.12162469115450929
Austdalsbreen,2030-08-01,-0.06944950777085152,-0.09796273658317804,0.014851543133725248
Austdalsbreen,2030-09-01,-0.13017156828045534,-0.21124736270716524,-0.08881581099208613
Austdalsbreen,2030-10-01,-0.17611514000430248,-0.17855074345385238,-0.12407476884551231
Austdalsbreen,2030-11-01,-0.1202680150948509,-0.15771100288556186,0.031930691175126945
Austdalsbreen,2030-12-01,0.11558014492274765,-0.08798642376886667,-0.07924148040596364
Austdalsbreen,2031-01-01,-0.3404113901058084,-0.2167254811892589,-0.04772335861182312
Austdalsbreen,2031-02-01,-0.05237917553034851,-0.09023796256645988,-0.10504454541350043
Austdalsbreen,2031-03-01,0.008971261150724183,0.021287902326118168,-0.11841362023192219
Austdalsbreen,2031-04-01,-0.14521404182570732,0.05851905354026393,-0.0054839806624804545
Austdalsbreen,2031-05-01,0.028110576225467643,-0.01168771020379653,-0.2055955149885349
Austdalsbreen,2031-06-01,-0.0705856514018463,0.02570031203421369,-0.14391415438975821
Austdalsbreen,2031-07-01,-0.028114532484377244,-0.018392106644672043,-0.14119607188052677
Austdalsbreen,2031-08-01,-0.06136433746560854,-0.12411895785211323,-0.11043062815663764
Austdalsbreen,2031-09-01,-0.08084351398317068,0.010932671274602068,-0.21179403116097792
Austdalsbreen,2031-10-01,-0.15145662445895808,-0.007996695519053451,-0.17670218707445595
Austdalsbreen,2031-11-01,-0.29261764968051146,-0.07874310403904454,-0.10392032847065232
Austdalsbreen,2031-12-01,-0.15483609733070722,-0.11002313186661598,-0.25557089323073096
Austdalsbreen,2032-01-01,-0.14005402617896384,-0.06816081466860821,-0.04638723976348358
Austdalsbreen,2032-02-01,-0.022577096178357084,0.0010610817220966888,0.11311708333296115
Austdalsbreen,2032-03-01,0.05981408649912698,-0.017506300439656494,-0.17138868647745423
Austdalsbreen,2032-04-01,-0.11258784686856131,-0.07468072237287458,-0.0707688022095548
Austdalsbreen,2032-05-01,-0.07508010265901643,-0.06405393064856336,-0.1059680820070666
Austdalsbreen,2032-06-01,0.022424453930147265,-0.0005896395228411899,-0.13150162518800912
Austdalsbreen,2032-07-01,-0.08996131663236251,-0.11579231265780364,-0.11012294983842504
Austdalsbreen,2032-08-01,-0.06011460839320202,-0.0574780882073351,-0.10964352820364964
Austdalsbreen,2032-09-01,-0.005498099558783133,-0.10470286982068044,-0.15005426488502904
Austdalsbreen,2032-10-01,-0.08053922849332414,-0.21157713612656778,-0.07410355466601985
Austdalsbreen,2032-11-01,-0.1328496107181041,-0.081841646022613,-0.14284266447337104
Austdalsbreen,2032-12-01,-0.1242344561018139,-0.1910675698805203,0.004762003855807005
Austdalsbreen,2033-01-01,-0.2393915215609367,-0.17096447129980152,-0.015088705622160484
Austdalsbreen,2033-02-01,-0.12554156376530864,-0.07790052786551255,-0.19202455676362695
Austdalsbreen,2033-03-01,-0.24843220892729703,-0.059149790229869104,-0.09814508109942903
Austdalsbreen,2033-04-01,-0.05663115452330053,-0.06574899213462919,-0.1264379592777734
Austdalsbreen,2033-05-01,-0.06685577718960703,-0.15855576950406639,-0.11716728146974648
Austdalsbreen,2033-06-01,-0.012091928383434578,-0.21488940582163582,-0.0722517024680057
Austdalsbreen,2033-07-01,-0.11288510560860827,0.013857317072272909,-0.0567392660493933
Austdalsbreen,2033-08-01,-0.11772915016966555,-0.12024734215015632,-0.044385984747241515
Austdalsbreen,2033-09-01,-0.02421434174303896,0.04096126080462462,-0.13215175106240742
Austdalsbreen,2033-10-01,-0.0729422143942713,-0.07399176191868773,0.00704492426451823
Austdalsbreen,2033-11-01,-0.15405414038429435,-0.0709947615547832,-0.17884798261172405
Austdalsbreen,2033-12-01,0.08260318456848094,-0.12162090197285758,-0.03866664964717411
Austdalsbreen,2034-01-01,-0.0708138979802183,-0.17257355172180647,-0.056285750490978136
Austdalsbreen,2034-02-01,-0.2594034340561971,-0.2124714369438282,-0.03320603883664074
Austdalsbreen,2034-03-01,0.04582534541958885,-0.11019965737169325,-0.3212045984393348
Austdalsbreen,2034-04-01,-0.09346157224542913,-0.11704624404190932,0.09802459373996227
Austdalsbreen,2034-05-01,-0.1754815262499149,-0.052746654660138115,0.002732310847723259
Austdalsbreen,2034-06-01,-0.00785981556661849,-0.08810218358112631,0.03463528269018512
Austdalsbreen,2034-07-01,-0.2120073884971363,0.10857848431786336,-0.07639855351239733
Austdalsbreen,2034-08-01,-0.23302025205613472,-0.009638916873212078,-0.10288733786915855
Austdalsbreen,2034-09-01,-0.045359067508282315,-0.24219515785536175,-0.04420441535713149
Austdalsbreen,2034-10-01,-0.11174166739495188,-0.16037510973214128,-0.07765141724259671
Austdalsbreen,2034-11-01,-0.01555391124005801,-0.08679728357446476,-0.2806957949506762
Austdalsbreen,2034-12-01,-0.1305837773142898,0.05028812395946061,-0.07181467670277471
Austdalsbreen,2035-01-01,0.10286264919068495,-0.051562976231477854,0.10336326327311744
Austdalsbreen,2035-02-01,-0.1270183544919358,-0.07663589845649461,-0.0907147855809934
Austdalsbreen,2035-03-01,-0.1667794451241987,-0.006482879958246289,-0.010797849252130542
Austdalsbreen,2035-04-01,-0.04867286302492513,-0.10970907641142019,-0.07163006177477331
Austdalsbreen,2035-05-01,-0.2146451942532972,-0.12357330384164888,-0.07088405461006757
Austdalsbreen,2035-06-01,-0.11164448235141596,-0.08755036363865326,0.09479505770242964
Austdalsbreen,2035-07-01,-0.22373719143770043,-0.14717765858274956,-0.10639696194129333
Austdalsbreen,2035-08-01,-0.04283460839583295,-0.08856146289868859,-0.044131425210783594
Austdalsbreen,2035-09-01,-0.11587175367628944,-0.152116084224107,-0.08442659165891142
Austdalsbreen,2035-10-01,-0.09577040189572589,-0.08577020922267382,0.03911110128808331
Austdalsbreen,2035-11-01,-0.07143747015207598,-0.10906876610373585,0.07285115085148679
Austdalsbreen,2035-12-01,-0.09637000754236948,-0.0755539312675907,-0.18995808940406078
Austdalsbreen,2036-01-01,-0.09623317137378444,-0.032360793930858237,-0.04507402096912103
Austdalsbreen,2036-02-01,-0.20375081670572906,-0.15463963509179848,-0.24101774461737668
Austdalsbreen,2036-03-01,0.011941633278492217,-0.2153238821356589,-0.09777886261579825
Austdalsbreen,2036-04-01,0.08161992609026354,-0.07551681200297904,-0.22850192706698538
Austdalsbreen,2036-05-01,-0.16636498202755107,-0.04995179375458675,-0.0617542283734695
Austdalsbreen,2036-06-01,-0.038686586845554656,-0.04484431606352218,-0.12919864026270347
Austdalsbreen,2036-07-01,-0.07206926820879704,0.01149143921099366,-0.09343328242653175
Austdalsbreen,2036-08-01,-0.14015977108175715,-0.10476294306559424,-0.15172775377898348
Austdalsbreen,2036-09-01,-0.17156229198236198,0.016435790328457007,-0.20546733812647613
Austdalsbreen,2036-10-01,-0.05920840464262355,-0.11447675030470472,-0.11864849852605108
Austdalsbreen,2036-11-01,-0.2435248803614721,-0.04219034140809442,-0.1187907922289702
Austdalsbreen,2036-12-01,-0.24124325319246986,0.013110672833546888,-0.08708024716160095
Austdalsbreen,2037-01-01,-0.15861993145664643,-0.036720942425145724,0.01943174979040237
Austdalsbreen,2037-02-01,0.13562286300747142,-0.16287056771106226,-0.09446295179272009
Austdalsbreen,2037-03-01,0.26020273062080734,-0.056613876028700195,0.020994032716993478
Austdalsbreen,2037-04-01,-0.03207002456261263,-0.011857430535699695,-0.20931373485996266
Austdalsbreen,2037-05-01,-0.015995092957864023,-0.10420305734637415,-0.029668510618722818
Austdalsbreen,2037-06-01,0.05109957947007616,-0.1295514785327749,-0.12486147180138256
Austdalsbreen,2037-07-01,0.047108800372969516,-0.10392790773699027,-0.10852694815989701
Austdalsbreen,2037-08-01,-0.180511133417823,-0.06152471492256473,-0.20219782289703744
Austdalsbreen,2037-09-01,-0.23625947417422302,-0.13265680358119614,-0.053460713403136746
Austdalsbreen,2037-10-01,0.03502535765499132,-0.011947028918021718,-0.03667870900507443
Austdalsbreen,2037-11-01,-0.015265833578757887,-0.10207872708998882,-0.32865934787015283
Austdalsbreen,2037-12-01,-0.18273028013618905,0.003422954883933016,-0.08422637791070535
Austdalsbreen,2038-01-01,-0.09752236903455769,-0.028035755442296976,-0.11195532549043037
Austdalsbreen,2038-02-01,0.06275574150014045,-0.1568269105701196,0.043728157354360316
Austdalsbreen,2038-03-01,0.07893784498209955,-0.156539121836035,0.05707366501587612
Austdalsbreen,2038-04-01,-0.18114632695434318,-0.19926475075465203,0.2050356755810424
Austdalsbreen,2038-05-01,-0.07275577653729787,-0.19759050180066792,-0.18259425646283742
Austdalsbreen,2038-06-01,-0.02609752412472607,0.009570087740171096,-0.10728805036224535
Austdalsbreen,2038-07-01,-0.11246975283788548,-0.06808673819702986,-0.06320466252597075
Austdalsbreen,2038-08-01,-0.018966749633242904,0.07343429986567128,-0.18245383564017584
Austdalsbreen,2038-09-01,0.06997095789261853,-0.1622255919400924,-0.002623546299843483
Austdalsbreen,2038-10-01,-0.0534321920723421,-0.06102393780524277,-0.027712302613331994
Austdalsbreen,2038-11-01,0.15675657624056527,0.00553598470333778,-0.0918298632576114
Austdalsbreen,2038-12-01,-0.2614933557671018,-0.20551529572676253,0.09584477619737726
Austdalsbreen,2039-01-01,-0.03785523891054677,-0.15458005791509402,0.04998913883546376
Austdalsbreen,2039-02-01,0.008032582412628636,-0.10135334152624327,-0.22783012403465308
Austdalsbreen,2039-03-01,-0.15368176035059342,0.005737032207416499,-0.3458893548688875
Austdalsbreen,2039-04-01,0.03407383147189392,-0.0543124835606917,-0.25638605542263365
Austdalsbreen,2039-05-01,-0.02774069287876541,-0.08722167926145323,-0.15467558967041148
Austdalsbreen,2039-06-01,-0.11852326803332176,-0.04110167214984669,-0.16533583398495955
Austdalsbreen,2039-07-01,-0.10953479397690684,-0.1281593163369347,-0.013224791362599866
Austdalsbreen,2039-08-01,-0.1289610580695668,-0.13416490833121036,-0.11621967455771198
Austdalsbreen,2039-09-01,-0.2268697273495522,-0.011537502315704815,-0.16822513624232857
Austdalsbreen,2039-10-01,-0.1529597587773858,0.030934126812968754,-0.08640681505712018
Austdalsbreen,2039-11-01,-0.05291105121499869,-0.033087510770518115,-0.0002866827932023197
Austdalsbreen,2039-12-01,0.012814939919821485,-0.21923813491928204,-0.202163295098022
Austdalsbreen,2040-01-01,-0.13423791736143845,-0.14366228796521685,0.125367881628549
Austdalsbreen,2040-02-01,-0.18312011397982375,-0.10049998168772334,0.2670837436071863
Austdalsbreen,2040-03-01,-0.0634669652847335,-0.19897265039717413,-0.014707653027578246
Austdalsbreen,2040-04-01,-0.0033165763857849425,-0.08249401587541876,-0.06701048905152371
Austdalsbreen,2040-05-01,-0.16989630800722058,-0.03986014407390818,-0.07773810948948978
Austdalsbreen,2040-06-01,-0.08848778916572131,-0.04200830042272629,-0.06975872153528852
Austdalsbreen,2040-07-01,-0.1084829922831172,-0.11440031476649841,-0.07497081758291047
Austdalsbreen,2040-08-01,0.08611156042673303,-0.08246713992565508,-0.12265893355092779
Austdalsbreen,2040-09-01,-0.1331287393179838,-0.036457315508064934,-0.1548247438593424
Austdalsbreen,2040-10-01,-0.1058242950662659,-0.057655843311061605,-0.06449098121298542
Austdalsbreen,2040-11-01,0.04289116582552735,-0.04193602299545698,-0.14841812287421763
Austdalsbreen,2040-12-01,0.14028246676828277,-0.15254550701192446,0.04429578632631744
Austdalsbreen,2041-01-01,-0.0017523355323775386,-0.013961947650626763,-0.15109111520427074
Austdalsbreen,2041-02-01,-0.0003212958362653941,-0.12367431199024832,-0.11285726561815289
Austdalsbreen,2041-03-01,-0.07971211028728478,-0.02341318937720517,-0.0036354164500459244
Austdalsbreen,2041-04-01,-0.04557061407623023,-0.0684848213631404,-0.21083189382138498
Austdalsbreen,2041-05-01,-0.1423133093366701,-0.10219213184351368,-0.11972374651399405
Austdalsbreen,2041-06-01,-0.24168757952917286,0.035065589119005064,-0.17116435991017118
Austdalsbreen,2041-07-01,-0.04030487203660324,0.010836769512961178,-0.06270549247787148
Austdalsbreen,2041-08-01,-0.10015806222600836,-0.07344915837161775,-0.19032732938696198
Austdalsbreen,2041-09-01,-0.35966064643984413,-0.03026383569595933,-0.09928774286260132
Austdalsbreen,2041-10-01,-0.16150991404539944,-0.015410258581011124,-0.0811069543638991
Austdalsbreen,2041-11-01,0.0007101636388982396,0.021605215300219527,-0.1466900506373421
Austdalsbreen,2041-12-01,-0.006911465634414383,-0.07424608996968086,-0.1616659419046737
Austdalsbreen,2042-01-01,-0.12818880766209165,-0.04065641946417408,0.07634315132654375
Austdalsbreen,2042-02-01,-0.11628593318412522,-0.001333875927725219,-0.2263644719628418
Austdalsbreen,2042-03-01,-0.1036058830088004,-0.11400343795355061,-0.12583623600566
Austdalsbreen,2042-04-01,-0.055044797694386007,-0.13011758492909467,-0.07745303285754991
Austdalsbreen,2042-05-01,-0.2171276990686911,-0.10725063877029024,-0.19276793074777063
Austdalsbreen,2042-06-01,-0.15270286958126214,-0.06727639133804948,-0.03510048986322088
Austdalsbreen,2042-07-01,0.008933003097771767,-0.020462757623956548,-0.09030286281659834
Austdalsbreen,2042-08-01,-0.15506145338756674,-0.0982276068868298,-0.06377340772398653
Austdalsbreen,2042-09-01,-0.21972658141222132,0.033294960367705816,-0.21029081676282022
Austdalsbreen,2042-10-01,0.05476472059477797,0.04024416448220632,-0.030296533673688984
Austdalsbreen,2042-11-01,-0.17374613041265788,-0.18341023823381383,-0.20739722877743558
Austdalsbreen,2042-12-01,0.20355920806861452,-0.024968431182211957,-0.18157316315314476
Austdalsbreen,2043-01-01,-0.023186598679355682,-0.10875766698909543,-0.2783058974792442
Austdalsbreen,2043-02-01,0.13029007822912145,-0.19496472029189427,-0.04673038996027782
Austdalsbreen,2043-03-01,-0.11909245080976459,-0.061011128622767585,-0.023436716651061725
Austdalsbreen,2043-04-01,-0.04047770524132531,-0.08167947257964954,-0.14320636873995782
Austdalsbreen,2043-05-01,-0.12342203415216461,0.04477920072395261,-0.10429407135405488
Austdalsbreen,2043-06-01,-0.236047948508978,-0.02197482918955411,-0.1642477502503861
Austdalsbreen,2043-07-01,0.016881626800968098,-0.028096379742075215,-0.2049468614811667
Austdalsbreen,2043-08-01,-0.02009334101582341,-0.06542131602708362,-0.13347296805538303
Austdalsbreen,2043-09-01,-0.09387346097501997,-0.05410379572821635,-0.08800860528092917
Austdalsbreen,2043-10-01,-0.022943714899861214,-0.08049192689854556,0.13812816919223903
Austdalsbreen,2043-11-01,-0.061558506559434845,-0.08583084634161049,-0.031814663973712645
Austdalsbreen,2043-12-01,0.0820789603058401,-0.15288485064773125,0.13885509359272682
Austdalsbreen,2044-01-01,-0.03005696619303463,-0.1925828178719473,0.09579601967757483
Austdalsbreen,2044-02-01,0.03762828955172579,0.03110611030968502,-0.003236293120663753
Austdalsbreen,2044-03-01,-0.08918075135739993,-0.022097778570817957,-0.20777505514666172
Austdalsbreen,2044-04-01,0.06716007397827173,-0.09791565440654187,-0.19612163802443416
Austdalsbreen,2044-05-01,-0.16820991870628207,-0.15737446102847494,-0.20563170605162417
Austdalsbreen,2044-06-01,-0.06569439932245832,-0.13087513527248906,-0.17787242261405803
Austdalsbreen,2044-07-01,0.040149482679048255,-0.10462508796432508,-0.07329067763944007
Austdalsbreen,2044-08-01,0.005866736820042036,-0.0913038619917641,-0.10104739116626911
Austdalsbreen,2044-09-01,-0.2001863066990884,-0.0174575052436956,-0.08104320658250845
Austdalsbreen,2044-10-01,-0.13450918567408524,-0.12788236642286877,-0.14586783302795134
Austdalsbreen,2044-11-01,0.06471368546349247,-0.14729830906629127,-0.17010546787531325
Austdalsbreen,2044-12-01,0.10202948975607777,-0.08124215184519912,-0.03498296361006354
Austdalsbreen,2045-01-01,0.014373727877959616,-0.05213434509645889,-0.1742215482778532
Austdalsbreen,2045-02-01,0.2300071233404538,-0.25373821253849876,-0.05628177169419928
Austdalsbreen,2045-03-01,0.06775698650421148,-0.10407517915578801,0.030093324437097186
Austdalsbreen,2045-04-01,-0.01978354496874884,0.002476678969133376,-0.07707832010621284
Austdalsbreen,2045-05-01,-0.05436744539196426,-0.032690166501658076,-0.16843407792798204
Austdalsbreen,2045-06-01,-0.0370934958878301,-0.08361829001361003,-0.03448515393586151
Austdalsbreen,2045-07-01,-0.1497393643917284,-0.05977073291236213,0.04986691837769478
Austdalsbreen,2045-08-01,0.016456257502064087,-0.02528515579711986,0.043941817201104426
Austdalsbreen,2045-09-01,-0.02370419010289621,-0.024933152453913306,-0.24953323788870221
Austdalsbreen,2045-10-01,-0.08835247172481679,-0.046050826910180365,0.02608660370444953
Austdalsbreen,2045-11-01,-0.12527283335027017,-0.07711527125230278,0.0018177848306073867
Austdalsbreen,2045-12-01,-0.1848251534728179,-0.029922081441249457,-0.03230452673355651
Austdalsbreen,2046-01-01,0.011704717643204623,-0.17675500147922565,-0.13124262186166266
Austdalsbreen,2046-02-01,-0.17342551167931486,-0.13856790621528084,0.11484437553982008
Austdalsbreen,2046-03-01,-0.21312428138316677,-0.048128517861870425,-0.1940174694009641
Austdalsbreen,2046-04-01,0.03086131405734473,-0.01418267738957292,-0.1540666372137067
Austdalsbreen,2046-05-01,-0.015481312029953578,-0.09023021890521976,0.04004466733119389
Austdalsbreen,2046-06-01,-0.06537929636563011,-0.11221390913955553,-0.02985739280982932
Austdalsbreen,2046-07-01,-0.050020648013519964,-0.09779582617466069,-0.22137566971633818
Austdalsbreen,2046-08-01,-0.02887488846682941,-0.0033695550120443757,0.059295982370950025
Austdalsbreen,2046-09-01,-0.17499965716506394,-0.1294643791828421,-0.13771644294364774
Austdalsbreen,2046-10-01,-0.018496025868618312,-0.06917897874433893,-0.1649171777118405
Austdalsbreen,2046-11-01,-0.19714138137596368,0.036753072349517,0.07237127958524796
Austdalsbreen,2046-12-01,-0.07262292840504236,-0.1554732169645476,0.053193269900720104
Austdalsbreen,2047-01-01,-0.18541764978890343,-0.014000718004678794,0.04914711466684101
Austdalsbreen,2047-02-01,-0.35051097586181346,-0.2576243786161281,0.14616325862413068
Austdalsbreen,2047-03-01,0.06691009167893214,-0.15221554652516645,-0.04887487425471874
Austdalsbreen,2047-04-01,-0.12704889092858943,-0.00896360552550488,-0.09814298295200886
Austdalsbreen,2047-05-01,-0.09726702728217111,-0.13424615642484858,-0.1773893286133886
Austdalsbreen,2047-06-01,-0.07615607513086424,-0.004354674273830521,-0.15665077821971865
Austdalsbreen,2047-07-01,0.0401946298954585,-0.0639968856593609,-0.09295580068711103
Austdalsbreen,2047-08-01,-0.14038030122943132,-0.05500019238652215,-0.15261582157503517
Austdalsbreen,2047-09-01,0.00631259845136838,-0.17509732040623396,0.016911239535671797
Austdalsbreen,2047-10-01,-0.002005401326951701,-0.13468748175891151,-0.01738013309013016
Austdalsbreen,2047-11-01,-0.1890172059601336,-0.07886484869164877,-0.15684689487080913
Austdalsbreen,2047-12-01,-0.0080963536057912,-0.08723800541833097,-0.010041370698319882
Austdalsbreen,2048-01-01,-0.06424019913454372,-0.05160418346253537,0.07081991877507045
Austdalsbreen,2048-02-01,-0.10920104091531617,-0.08906748523993502,0.018487969873920096
Austdalsbreen,2048-03-01,-0.04366707196209063,-0.04547286763085492,-0.06060861101924512
Austdalsbreen,2048-04-01,-0.0706796245348836,-0.014876264558463076,-0.09491956773971427
Austdalsbreen,2048-05-01,-0.2008879232917092,-0.06137708352650447,-0.19365196050093858
Austdalsbreen,2048-06-01,-0.09827909097827599,-0.14430328647769403,-0.1180548078668794
Austdalsbreen,2048-07-01,-0.08044164959480905,-0.11205616699874636,-0.10172486819515685
Austdalsbreen,2048-08-01,-0.0517503217042683,-0.04188883510273069,-0.12785114567638287
Austdalsbreen,2048-09-01,-0.11588634969052077,-0.027633247154517874,-0.07245756223553011
Austdalsbreen,2048-10-01,0.06162188785974152,-0.18430704828530886,-0.13473132096003018
Austdalsbreen,2048-11-01,-0.16799926667525042,-0.07779215753267486,-0.06110141214798966
Austdalsbreen,2048-12-01,-0.0679010613239157,-0.013929019816890481,-0.21595106163616193
Austdalsbreen,2049-01-01,-0.07768022463039946,-0.05665195524652474,-0.1920745258577253
Austdalsbreen,2049-02-01,0.043064271488898354,-0.10475775301109407,-0.09459318655509037
Austdalsbreen,2049-03-01,0.00410678838319702,-0.043166379669021086,-0.13222390644521384
Austdalsbreen,2049-04-01,-0.021585626456870618,-0.03642381019988657,-0.11915584339399073
Austdalsbreen,2049-05-01,-0.11328368419299044,-0.05714324416284596,-0.0972159117861431
Austdalsbreen,2049-06-01,0.1437557737653278,-0.15553514449864192,-0.11030691596705873
Austdalsbreen,2049-07-01,-0.0692781640976671,-0.05079912272719639,-0.06365982036801503
Austdalsbreen,2049-08-01,-0.01588011265038107,-0.13896904093555498,0.04958912381962677
Austdalsbreen,2049-09-01,0.0018139848089833894,-0.2032869273215218,-0.11790514018396002
Austdalsbreen,2049-10-01,0.03308544454472645,-0.05487089663787629,-0.14149990820548944
Austdalsbreen,2049-11-01,0.029424791588519406,-0.11602480646291109,-0.1410994830423268
Austdalsbreen,2049-12-01,-0.09957608079856976,-0.08429623361879228,-0.1428919788511688
Austdalsbreen,2050-01-01,-0.1366344181414536,-0.1412362117754963,0.03312925111311719
Austdalsbreen,2050-02-01,-0.12222818725364622,-0.07959521449166213,-0.060889421242837805
Austdalsbreen,2050-03-01,-0.24362441984314961,-0.028843843396279448,-0.14587327760883795
Austdalsbreen,2050-04-01,-0.22165293281398846,-0.06257738892429743,-0.01173248469874399
Austdalsbreen,2050-05-01,-0.002894360307002126,-0.13440691678248146,-0.007554202562872254
Austdalsbreen,2050-06-01,-0.05397168600376948,-0.13861567030688968,-0.1685427384359838
Austdalsbreen,2050-07-01,-0.03647313653582677,-0.07645513812233641,-0.1278656142119817
Austdalsbreen,2050-08-01,-0.13379348116384623,-0.08609638987017987,-0.1218840502560814
Austdalsbreen,2050-09-01,-0.004296060374360537,-0.10336575183432427,-0.14422831978452358
Austdalsbreen,2050-10-01,0.04159513687014763,-0.11446620473773121,-0.1784395391016548
Austdalsbreen,2050-11-01,-0.1699324364548956,-0.037310127569687844,-0.11256561339485394
Austdalsbreen,2050-12-01,0.15543177905287583,0.034313534421989395,-0.11275330674320767
Austdalsbreen,2051-01-01,0.27256108326289014,-0.06753664326466423,-0.15250697879029548
Austdalsbreen,2051-02-01,-0.18235343841248275,-0.09013708069759918,-0.13866830172456368
Austdalsbreen,2051-03-01,-0.08963226430332243,-0.04822932415438816,-0.07459616523048225
Austdalsbreen,2051-04-01,-0.05548765924178738,-0.09695032645606794,-0.1334173927335612
Austdalsbreen,2051-05-01,0.04232127949784561,-0.10681510449663123,-0.2887210928049368
Austdalsbreen,2051-06-01,-0.056485864392278484,-0.10740903974979134,-0.07462012483844621
Austdalsbreen,2051-07-01,-0.0713290452607841,-0.0961340763030905,-0.18952182000889617
Austdalsbreen,2051-08-01,0.00010560835813550051,-0.11677414329923523,-0.062436868298514914
Austdalsbreen,2051-09-01,0.03912515065740905,-0.039760202110040825,-0.23161150384406917
Austdalsbreen,2051-10-01,-0.006160613986445994,-0.10313244918277685,-0.11940872588573419
Austdalsbreen,2051-11-01,-0.08226310833822349,-0.15138268310355732,0.12109416965136026
Austdalsbreen,2051-12-01,-0.1757967629866809,-0.1601415591992633,-0.12245745647661072
Austdalsbreen,2052-01-01,-0.22542875134005705,0.01865275608543405,-0.2485936545321882
Austdalsbreen,2052-02-01,-0.07463369787557576,-0.014145639564914098,-0.27119673970970604
Austdalsbreen,2052-03-01,0.030592922420763263,-0.056430491559373096,-0.18895273171093133
Austdalsbreen,2052-04-01,0.034746864094124995,-0.03474471281785903,-0.10581444297397036
Austdalsbreen,2052-05-01,-0.11007734103214718,-0.17173813337297336,0.0028880268825022073
Austdalsbreen,2052-06-01,-0.06311384169256062,-0.1119517997704652,-0.14685911616674854
Austdalsbreen,2052-07-01,0.027100117629743892,-0.13287513592006042,-0.0088408177994724
Austdalsbreen,2052-08-01,0.013719353522682767,-0.21247956671205903,-0.13327440876657795
Austdalsbreen,2052-09-01,-0.06220102968031085,-0.15503346848071747,-0.037664130390510774
Austdalsbreen,2052-10-01,-0.049445157982899536,-0.12700562088205813,0.05136021703920154
Austdalsbreen,2052-11-01,-0.17094163771642223,-0.07507347986224024,0.05311206645974673
Austdalsbreen,2052-12-01,-0.057498125409522004,0.02222044694291081,-0.15204079964059655
Austdalsbreen,2053-01-01,0.05240120668118975,-0.05010419400777827,-0.057266911244434726
Austdalsbreen,2053-02-01,-0.11560689989820634,-0.20710686350648855,0.21635720598755034
Austdalsbreen,2053-03-01,-0.13716804263781665,-0.1287840375120489,-0.03203566490833838
Austdalsbreen,2053-04-01,-0.0562234424618015,-0.12344185410060494,-0.09981432327687279
Austdalsbreen,2053-05-01,-0.04292556011353869,-0.11055388046134429,-0.013979273594021934
Austdalsbreen,2053-06-01,0.058296308290410236,-0.12799102279994012,-0.19263783107726737
Austdalsbreen,2053-07-01,-0.04371336631911318,-0.04882455670834768,-0.05350233722712316
Austdalsbreen,2053-08-01,0.06739142535818181,-0.04049116756884438,-0.13167967207632755
Austdalsbreen,2053-09-01,-0.041338207779091626,-0.12454551236900242,-0.10251189838929879
Austdalsbreen,2053-10-01,-0.10780331945709802,-0.09896118601847637,-0.03490777060104682
Austdalsbreen,2053-11-01,-0.14556690789301885,-0.07037739910251545,-0.2538847530978104
Austdalsbreen,2053-12-01,-0.15981821643975744,-0.11693214871904263,-0.1591766006684594
Austdalsbreen,2054-01-01,-0.039231648612542296,-0.032010140099847394,-0.1949441412172753
Austdalsbreen,2054-02-01,-0.11195163512975732,-0.040555599502703335,-0.1711181174114215
Austdalsbreen,2054-03-01,-0.083461300495827,-0.0021015134158182173,-0.14381955812463557
Austdalsbreen,2054-04-01,0.03686201259539278,0.013083092050052259,-0.17777825619648846
Austdalsbreen,2054-05-01,-0.12444202283376499,-0.05198296072245382,-0.07220312670694001
Austdalsbreen,2054-06-01,0.0316851838262569,-0.20873410191962014,-0.1544572770030653
Austdalsbreen,2054-07-01,-0.12838958679378612,-0.12341982221932328,-0.10140885431210041
Austdalsbreen,2054-08-01,-0.07839005672802735,-0.01566907321736548,-0.07607048864508932
Austdalsbreen,2054-09-01,-0.07471395853913065,-0.0444976003159697,0.07065142303948503
Austdalsbreen,2054-10-01,-0.012156017255771659,-0.12235868102919296,-0.017743963953511147
Austdalsbreen,2054-11-01,0.010605400455901201,-0.14397734847116087,-0.16752109931698025
Austdalsbreen,2054-12-01,-0.07710159654232518,-0.008386390229916066,-0.2602757238399745
Austdalsbreen,2055-01-01,0.048070449111122786,-0.033005894015560734,-0.01921137309192236
Austdalsbreen,2055-02-01,-0.01424537430093758,-0.0788924847005004,-0.007361756749033717
Austdalsbreen,2055-03-01,-0.0020407101541061734,-0.1411537277177414,-0.07132512717784238
Austdalsbreen,2055-04-01,-0.1456598069226864,0.05014984146761312,-0.09370267350944127
Austdalsbreen,2055-05-01,-0.07167004349767014,-0.12312292999851432,-0.001127131908767685
Austdalsbreen,2055-06-01,-0.09915463470281417,-0.03583775965055353,-0.030152957250086446
Austdalsbreen,2055-07-01,-0.06782965823168742,-0.22240448193973453,-0.08930588347802561
Austdalsbreen,2055-08-01,-0.04691970288774757,-0.14472082499468433,-0.07288580074856081
Austdalsbreen,2055-09-01,0.012671573503943656,0.0026695538450425458,0.07460883044301102
Austdalsbreen,2055-10-01,-0.08956046265200168,-0.11286823814698066,-0.13042787320989205
Austdalsbreen,2055-11-01,0.01133198340103625,-0.14740274717285676,-0.015865645532901627
Austdalsbreen,2055-12-01,-0.12014436725658857,0.08678396197312886,0.03248384951082097
Austdalsbreen,2056-01-01,-0.12056603487756277,-0.08370456752134973,0.1124273991026239
Austdalsbreen,2056-02-01,-0.09046303553314212,-0.11054408825454493,-0.02896186475420913
Austdalsbreen,2056-03-01,-0.2181067419626721,-0.1020548637064631,-0.1544648122568001
Austdalsbreen,2056-04-01,-0.19452169384988785,-0.054035145908123396,-0.0776316320139311
Austdalsbreen,2056-05-01,-0.1548855339972076,-0.05372724151918675,-0.12258258616593871
Austdalsbreen,2056-06-01,-0.002791258355798229,-0.09368702735790856,-0.0469521788238381
Austdalsbreen,2056-07-01,0.07966595708823986,-0.047888248558015926,-0.14441412229175735
Austdalsbreen,2056-08-01,-0.06677801803324374,-0.17617454642063524,-0.14332127712857057
Austdalsbreen,2056-09-01,-0.05486948730937935,-0.0731285677456231,-0.05222373849102735
Austdalsbreen,2056-10-01,-0.03575213980428454,-0.06386453225698178,-0.031337184486919877
Austdalsbreen,2056-11-01,0.013008057464140096,-0.016214976696308822,-0.07638500639248104
Austdalsbreen,2056-12-01,-0.29980795205970795,-0.06560136710987004,-0.09108091460360286
Austdalsbreen,2057-01-01,-0.21084282586062938,-0.009325750989664256,-0.12501280081243538
Austdalsbreen,2057-02-01,-0.3758887274023642,-0.057274872526189534,-0.06470102870625732
Austdalsbreen,2057-03-01,-0.2730520343708813,-0.1240292438690927,-0.0557263591255617
Austdalsbreen,2057-04-01,-0.13128114989556286,-0.1705675635807825,-0.13429321817713116
Austdalsbreen,2057-05-01,-0.11289860614178242,-0.13003387701814115,-0.11092333728864272
Austdalsbreen,2057-06-01,-0.19850087084470922,-0.057990201849934864,-0.0337578077862816
Austdalsbreen,2057-07-01,-0.2378673576100775,-0.197747013852292,-0.10386861313053908
Austdalsbreen,2057-08-01,-0.02176981713857518,-0.03532944115557722,-0.17847060802997175
Austdalsbreen,2057-09-01,-0.10364954549147525,-0.03575116519674273,-0.06509394906493214
Austdalsbreen,2057-10-01,-0.07982259407310176,-0.03582228863065034,0.043077770755307256
Austdalsbreen,2057-11-01,-0.14117110411295244,-0.11434406181933776,0.13967829237088059
Austdalsbreen,2057-12-01,-0.22560205979748207,0.012286408493342523,0.01275861751048594
Austdalsbreen,2058-01-01,-0.22742917366961568,-0.12115447120844365,-0.24395793567108526
Austdalsbreen,2058-02-01,-0.17836882787282496,-0.022084003922918757,-0.25073063900187254
Austdalsbreen,2058-03-01,-0.17271537498431214,-0.12666701280436035,-0.1549027488268342
Austdalsbreen,2058-04-01,-0.00866843414603472,-0.061985093118719914,-0.03537944351120421
Austdalsbreen,2058-05-01,-0.06871199201801947,-0.05117748859321423,-0.1076100306651877
Austdalsbreen,2058-06-01,-0.03649297831575247,-0.1668796535930035,-0.10520473413037063
Austdalsbreen,2058-07-01,-0.012322141919489249,-0.22057876710661803,-0.08771035914862296
Austdalsbreen,2058-08-01,0.044162033752167006,-0.08257819955609241,-0.03725191549735158
Austdalsbreen,2058-09-01,-0.024549905645020784,-0.04458745434020517,-0.1598127618824273
Austdalsbreen,2058-10-01,-0.08141440488578956,-0.06787227344716168,0.09383803130929037
Austdalsbreen,2058-11-01,-0.0672987994173866,-0.1478844889056007,-0.010464403919905102
Austdalsbreen,2058-12-01,0.0650178032690019,-0.010007336917153836,-0.1080613796458552
Austdalsbreen,2059-01-01,-0.03510736167341717,0.05674831584962838,0.01534917762042485
Austdalsbreen,2059-02-01,0.03498664736182747,-0.10540829224948457,-0.06398264027503366
Austdalsbreen,2059-03-01,-0.3239182156660727,-0.05474970701990531,-0.03448206572719313
Austdalsbreen,2059-04-01,-0.033322897547046273,-0.04022204197781111,-0.21612743284716363
Austdalsbreen,2059-05-01,0.09792810634634108,-0.010923022238175933,-0.017178772720982814
Austdalsbreen,2059-06-01,-0.16506215230921098,0.05061359429415955,-0.07139338113257733
Austdalsbreen,2059-07-01,-0.1402345855640739,-0.031193164140445626,-0.10301112671754303
Austdalsbreen,2059-08-01,-0.08720407998824321,-0.0757197922440321,-0.039919361131649886
Austdalsbreen,2059-09-01,-0.004289003120009974,-0.13690184644825068,-0.04438377582150007
Austdalsbreen,2059-10-01,0.03171381839506756,-0.10622961120095424,0.03507689772922326
Austdalsbreen,2059-11-01,-0.008661429811354773,-0.20352212954887314,-0.05760277970530364
Austdalsbreen,2059-12-01,-0.023399102843156074,0.05849875601049581,-0.20291339599143254
Austdalsbreen,2060-01-01,0.21587082541277477,-0.03953759596711017,0.14100676623857725
Austdalsbreen,2060-02-01,0.15384790503975,-0.01378201282837519,-0.09081644801326749
Austdalsbreen,2060-03-01,-0.014116239072326633,-0.20900260831226172,-0.14363874579582583
Austdalsbreen,2060-04-01,-0.1294397648146362,-0.1762331482057419,-0.0549704757029895
Austdalsbreen,2060-05-01,-0.12409709514639944,-0.08681007753988411,0.09944553507068228
Austdalsbreen,2060-06-01,0.017483841542405492,-0.1291429369910637,-0.10369214984077135
Austdalsbreen,2060-07-01,-0.010898762688568731,-0.07038792794281247,-0.10052439799094182
Austdalsbreen,2060-08-01,-0.02839093361115043,-0.07534925696617352,-0.03507252971105977
Austdalsbreen,2060-09-01,-0.030516530113408654,-0.03646476990777382,0.013218793815749494
Austdalsbreen,2060-10-01,-0.07275734822716066,-0.08026417414595506,-0.09996817325043454
Austdalsbreen,2060-11-01,-0.10372124703748177,-0.02761802204024014,-0.10479167085247143
Austdalsbreen,2060-12-01,0.19705932273729568,-0.08518683640671408,9.767688359785254e-05
Austdalsbreen,2061-01-01,0.02372439217654319,-0.012901313667633729,-0.15635474656141568
Austdalsbreen,2061-02-01,-0.21504062105012414,-0.031146379336309624,-0.1296682254862258
Austdalsbreen,2061-03-01,-0.19317582398463173,-0.06405393699655014,-0.0662445925154193
Austdalsbreen,2061-04-01,-0.11942303740014922,-0.14843636732012375,-0.1547757904801686
Austdalsbreen,2061-05-01,-0.06748022092459023,-0.06840940656518744,-0.10941361999446546
Austdalsbreen,2061-06-01,-0.04357317199978022,0.062121077756596005,-0.07514321937729085
Austdalsbreen,2061-07-01,-0.06109032312012359,-0.08549966780261231,-0.030377538915201466
Austdalsbreen,2061-08-01,-0.044029992878611944,-0.11672026109436512,0.03620321587627645
Austdalsbreen,2061-09-01,-0.04957728682918316,-0.14107959587796484,-0.0767938781292848
Austdalsbreen,2061-10-01,0.09091988542425093,-0.08002068253793071,-0.2033982355281622
Austdalsbreen,2061-11-01,-0.08282612530262956,-0.08222421468269837,-0.1655637307736294
Austdalsbreen,2061-12-01,-0.20469883753184323,-0.12106624993318467,-0.1787830584730649
Austdalsbreen,2062-01-01,-0.0539388740040064,-0.1441028512793459,-0.03957885464883111
Austdalsbreen,2062-02-01,-0.32685804545901354,-0.08677621001087811,0.16685746277978838
Austdalsbreen,2062-03-01,-0.08700997044454,-0.10053031921009863,-0.11132990753801027
Austdalsbreen,2062-04-01,-0.011841654349259836,-0.03245023317451605,-0.035876146240162866
Austdalsbreen,2062-05-01,0.0006970040944015895,-0.18642554521354873,-0.02876356163625572
Austdalsbreen,2062-06-01,-0.04728123830281713,-0.16283635035345342,-0.1840373222411801
Austdalsbreen,2062-07-01,0.05220583775909099,-0.08118299331605126,-0.06125140416291846
Austdalsbreen,2062-08-01,-0.11956801171833897,-0.22652311187464505,-0.08442806558713739
Austdalsbreen,2062-09-01,-0.021032362785576783,-0.04562345925431654,-0.06053187200850538
Austdalsbreen,2062-10-01,-0.17221567823618936,-0.09953318447969922,-0.27618611975451807
Austdalsbreen,2062-11-01,-0.2814359766178003,-0.04669113673689529,-0.04346131902441001
Austdalsbreen,2062-12-01,-0.19828833971534995,-0.11610279923507649,-0.04053241955423252
Austdalsbreen,2063-01-01,0.10967942490502182,-0.13596930992470835,-0.10860559526700327
Austdalsbreen,2063-02-01,-0.28905603575599964,-0.17859020737540846,-0.18163302185519659
Austdalsbreen,2063-03-01,-0.19338853384760993,-0.13761555014759455,0.07567734306512001
Austdalsbreen,2063-04-01,-0.03523247901459398,0.01686687403626032,-0.11978182319473701
Austdalsbreen,2063-05-01,-0.13379892875163288,-0.027530903089985407,0.005002017545959738
Austdalsbreen,2063-06-01,-0.08694312155656451,-0.029487707685827105,-0.018348154411158998
Austdalsbreen,2063-07-01,-0.1558147541713541,-0.11963528900199571,-0.07515107103711877
Austdalsbreen,2063-08-01,0.04668986413016026,-0.03227372651401817,-0.1547014029926426
Austdalsbreen,2063-09-01,-0.09457241646067466,-0.04166272071886136,-0.04159201742697267
Austdalsbreen,2063-10-01,-0.06708165571516317,-0.23861141456669,-0.13528225029335786
Austdalsbreen,2063-11-01,-0.12504099521002118,-0.06090609885850029,-0.0351678321092329
Austdalsbreen,2063-12-01,0.03694699846219757,-0.00206492017643288,-0.24373239120498172
Austdalsbreen,2064-01-01,-0.09437653044856915,-0.04403185963575318,-0.2764569203243563
Austdalsbreen,2064-02-01,-0.10346942108091224,-0.16326634084777467,-0.2507678194372667
Austdalsbreen,2064-03-01,0.07568254999543093,-0.08402850370074368,0.13976398326986256
Austdalsbreen,2064-04-01,-0.06465005008036158,-0.18642579215641786,0.22317461606262964
Austdalsbreen,2064-05-01,-0.1071613590839726,-0.13718001906692862,-0.11308209847611313
Austdalsbreen,2064-06-01,-0.04914908303507678,-0.13411961204756923,-0.02507942537657965
Austdalsbreen,2064-07-01,-0.1166034055072953,-0.22605786911198592,-0.007025443517991277
Austdalsbreen,2064-08-01,0.003110537797615618,-0.012644190590576684,-0.08634703607891407
Austdalsbreen,2064-09-01,-0.18675081002779007,-0.11729753038405166,-0.20118004347703589
Austdalsbreen,2064-10-01,-0.2048758868820099,0.0320100046726472,0.012599960610863409
Austdalsbreen,2064-11-01,-0.11610706398450209,0.04758083449004615,-0.12346964832096587
Austdalsbreen,2064-12-01,-0.1356945045427657,-0.06876397180232892,-0.18535201339122367
Austdalsbreen,2065-01-01,-0.19940151245155993,-0.05751539700275688,-0.31056929202696043
Austdalsbreen,2065-02-01,-0.041959734714273667,-0.04382602353587702,-0.23625196691565223
Austdalsbreen,2065-03-01,-0.20604004340147472,-0.17217863459813587,0.09546893329600124
Austdalsbreen,2065-04-01,-0.1668360051684554,-0.029350717679732533,-0.04391805003395654
Austdalsbreen,2065-05-01,-0.03839747108929574,-0.19408882799447058,0.024643104951853817
Austdalsbreen,2065-06-01,-0.1616773722773083,-0.15358289855054877,-0.13354314086659033
Austdalsbreen,2065-07-01,-0.07746539772316689,-0.19970112579061652,-0.1152201933944222
Austdalsbreen,2065-08-01,-0.0895259136048931,-0.06658975040004937,-0.2102000447134599
Austdalsbreen,2065-09-01,-0.0655407828776528,-0.21072888195624642,-0.09377775741323592
Austdalsbreen,2065-10-01,-0.11205929261420074,-0.05881852149174938,-0.0721287115794878
Austdalsbreen,2065-11-01,-0.20623933580391263,-0.08800255658834881,-0.01912792165421753
Austdalsbreen,2065-12-01,-0.002718469824522391,-0.04709128327961026,-0.2745102196121099
Austdalsbreen,2066-01-01,-0.19140903148874652,-0.19443986495253807,0.10449740984198429
Austdalsbreen,2066-02-01,-0.2169538174109007,-0.10040097044455513,-0.05139962866039843
Austdalsbreen,2066-03-01,-0.031348328479482566,-0.018949183403953154,-0.2336717294306466
Austdalsbreen,2066-04-01,-0.13045006069202372,-0.008177505582850996,-0.186439526825558
Austdalsbreen,2066-05-01,-0.05110576813628656,-0.10149064107716821,0.04969107598332636
Austdalsbreen,2066-06-01,0.006697526052943881,-0.02179280039938591,0.039221156463516316
Austdalsbreen,2066-07-01,-0.08104104749257636,-0.04834775593934515,0.031013862232864453
Austdalsbreen,2066-08-01,-0.06685152328067602,-0.16263314138256527,-0.011653472955264399
Austdalsbreen,2066-09-01,-0.19271065313642222,-0.07263155684918464,-0.07383236608330736
Austdalsbreen,2066-10-01,-0.04632394782854187,-0.05678025013820313,-0.125067877776071
Austdalsbreen,2066-11-01,0.06638157582615682,-0.018344718220052944,-0.14998151729694617
Austdalsbreen,2066-12-01,-0.08177328383278076,-0.21424701918650343,-0.1569395020242634
Austdalsbreen,2067-01-01,-0.014195559714769726,-0.11249335317536253,-0.18455755487586348
Austdalsbreen,2067-02-01,0.03340053815620909,-0.1315080147546043,-0.1341433046438242
Austdalsbreen,2067-03-01,-0.06099771100072148,-0.028524687347462094,-0.09389948832097252
Austdalsbreen,2067-04-01,-0.19231635219849555,-0.032737691898137515,-0.15923336062223592
Austdalsbreen,2067-05-01,-0.08611691425094802,-0.20767448520954057,-0.17142674811216815
Austdalsbreen,2067-06-01,-0.15517470488114993,0.08984242862118251,-0.16329102779697807
Austdalsbreen,2067-07-01,-0.08155713900816447,-0.11044819837468123,-0.11071055879774867
Austdalsbreen,2067-08-01,-0.15432210998420692,-0.02750971380895464,-0.20430839735221365
Austdalsbreen,2067-09-01,-0.14432529691253415,-0.11046341758813467,-0.007732749770637995
Austdalsbreen,2067-10-01,-0.08117640324501901,-0.0010881847218516493,0.0678156471667568
Austdalsbreen,2067-11-01,-0.21854325404872732,-0.11045805837642947,-0.2069252304491972
Austdalsbreen,2067-12-01,-0.1277744518163149,-0.05121308031508659,0.15745447874395327
Austdalsbreen,2068-01-01,-0.22309881562245604,0.01742104663757993,-0.01893665199639905
Austdalsbreen,2068-02-01,-0.05073012452929876,0.05047503989674751,-0.15159635207989386
Austdalsbreen,2068-03-01,-0.050559194226148685,-0.04137704463032215,-0.11973909973252324
Austdalsbreen,2068-04-01,-0.02372394710145104,-0.05129456448733435,0.10450784063697433
Austdalsbreen,2068-05-01,-0.053505809404960525,-0.028678149044092886,0.0808821503276461
Austdalsbreen,2068-06-01,-0.096014044990459,-0.11348081154276095,-0.11225391638452813
Austdalsbreen,2068-07-01,-0.08521840869803006,-0.08181432508082263,-0.23815221573096404
Austdalsbreen,2068-08-01,-0.07703371355310407,-0.1303805664011303,-0.031201433369038353
Austdalsbreen,2068-09-01,-0.05604474495798397,-0.12706507204519887,-0.07954333792373437
Austdalsbreen,2068-10-01,0.12477754713578075,-0.0688018323402685,-0.11320571156749208
Austdalsbreen,2068-11-01,0.03545721674868085,-0.13541332181855498,-0.23594523972641515
Austdalsbreen,2068-12-01,-0.15181138943048858,-0.09599702280022344,-0.1194138601241268
Austdalsbreen,2069-01-01,0.0022267948296185633,-0.08917767916559179,-0.048237620544837
Austdalsbreen,2069-02-01,0.013204978649967539,-0.019940654492259666,0.15883551267517532
Austdalsbreen,2069-03-01,-0.12780701175122966,-0.08474400783823642,0.1292607491550369
Austdalsbreen,2069-04-01,-0.11342424876471602,-0.13225056119511533,-0.17668466986432926
Austdalsbreen,2069-05-01,-0.09367116739676773,-0.16566094058155428,-0.016652765507705156
Austdalsbreen,2069-06-01,0.07780657174213347,-0.19686802699240044,-0.2268815250988654
Austdalsbreen,2069-07-01,-0.04991501339294931,-0.05982326030285595,-0.07863587832229434
Austdalsbreen,2069-08-01,-0.16742402790291155,-0.04064209734620445,-0.04749532466882902
Austdalsbreen,2069-09-01,-0.05731613842163779,-0.1306360235881086,-0.19167523357928848
Austdalsbreen,2069-10-01,-0.030310350057612775,-0.12947101653947038,-0.19047881246032183
Austdalsbreen,2069-11-01,-0.055250706738704435,-0.011038821299898189,-0.1438075112820789
Austdalsbreen,2069-12-01,-0.060413335679477854,-0.12442260361791418,-0.18167754438904285
Austdalsbreen,2070-01-01,-0.1135674971954404,-0.07225817477470932,-0.18753537247226715
Austdalsbreen,2070-02-01,0.016064072472219665,-0.1802341189791344,0.030849031857718406
Austdalsbreen,2070-03-01,-0.09596425982864719,-0.09307004604335282,0.10575714148583504
Austdalsbreen,2070-04-01,-0.005267996177258312,-0.17184459408987285,-0.11828922747569871
Austdalsbreen,2070-05-01,-0.13623189865525373,-0.15708836267208506,-0.16140768250925838
Austdalsbreen,2070-06-01,0.006618266255316714,-0.06854449789021524,-0.14832737230275847
Austdalsbreen,2070-07-01,-0.00025112638611363147,-0.09504603874867945,-0.16303715868000726
Austdalsbreen,2070-08-01,0.010512335285334509,-0.036808821696305456,-0.13264282602999336
Austdalsbreen,2070-09-01,-0.011197559500004242,-0.006282447469563787,-0.10856319982046429
Austdalsbreen,2070-10-01,-0.0345999708295471,-0.10804351566561014,0.11543034640938171
Austdalsbreen,2070-11-01,0.1031023882770088,-0.10557780807583961,0.03033708922256806
Austdalsbreen,2070-12-01,-0.010688576863275784,-0.0766462424260287,-0.16093073886544615
Austdalsbreen,2071-01-01,-0.13519098192754328,-0.18841536934661338,0.028853231467459068
Austdalsbreen,2071-02-01,-0.16765065151442282,0.04458708104960646,-0.08376676774729987
Austdalsbreen,2071-03-01,-0.26252817377347715,-0.09101098082815177,-0.2412710443471974
Austdalsbreen,2071-04-01,0.05258412207881291,-0.21526462356373996,0.013354451222901362
Austdalsbreen,2071-05-01,-0.1822001669256811,-0.1487218483882123,-0.062456224853197594
Austdalsbreen,2071-06-01,-0.21350584080436996,-0.11014598084578416,-0.07260329890283618
Austdalsbreen,2071-07-01,-0.1662244833751895,-0.09164439650685237,-0.029728658026108194
Austdalsbreen,2071-08-01,-0.11374955656753853,-0.14303369457722384,0.007245033528219508
Austdalsbreen,2071-09-01,-0.12408396437537476,-0.10439639975654598,0.05637306264720308
Austdalsbreen,2071-10-01,-0.15402158955481385,-0.1468296282744319,-0.19117929251540602
Austdalsbreen,2071-11-01,-0.28227737986067414,-0.07946699607502238,-0.0764109899070747
Austdalsbreen,2071-12-01,-0.1376509834521639,-0.05069056925182153,-0.2242459429084062
Austdalsbreen,2072-01-01,0.03154862423367189,-0.023155132822897564,-0.0636069971437154
Austdalsbreen,2072-02-01,0.1283957141790708,-0.023186435528242812,-0.3904000540897008
Austdalsbreen,2072-03-01,-0.0019329151522928384,-0.10026756364587865,-0.1043156392148236
Austdalsbreen,2072-04-01,-0.14463845898291033,-0.009920721099158985,0.05921296899168349
Austdalsbreen,2072-05-01,-0.1038036294811328,-0.02888308997483272,-0.013710747476398208
Austdalsbreen,2072-06-01,-0.2412299824135314,-0.12392384850481124,0.07064170239971673
Austdalsbreen,2072-07-01,0.043636128655650364,-0.12584741659187562,0.0029976225232117293
Austdalsbreen,2072-08-01,-0.15729539934539835,-0.12891007503004528,-0.0024692156087309466
Austdalsbreen,2072-09-01,-0.12732653068282318,-0.06576064177539769,0.11964584113659871
Austdalsbreen,2072-10-01,-0.245958351674634,-0.19436536605492757,-0.06866474680012527
Austdalsbreen,2072-11-01,-0.06342590878394284,0.01227362053714065,-0.05303874408061624
Austdalsbreen,2072-12-01,-0.0868766579983274,-0.11091699128929627,0.20113996567606618
Austdalsbreen,2073-01-01,-0.2001184043822882,-0.1582749607647022,-0.03209933832982261
Austdalsbreen,2073-02-01,-0.043979199991127094,-0.10374960962503625,-0.2651105642224964
Austdalsbreen,2073-03-01,-0.15678302690240878,-0.16425284943567087,-0.18650222114183157
Austdalsbreen,2073-04-01,0.16004777132703293,-0.23278319041474335,-0.11491842384163198
Austdalsbreen,2073-05-01,-0.02495745394762265,-0.04329247752114069,-0.08137427282398017
Austdalsbreen,2073-06-01,-0.13211092720023696,-0.06626768280549374,0.04438085633436114
Austdalsbreen,2073-07-01,-0.04956339258016001,0.0021803115912425544,-0.04505721164910842
Austdalsbreen,2073-08-01,-0.08201143713505028,-0.02793888747447337,-0.10566212569710409
Austdalsbreen,2073-09-01,-0.10722489302019449,-0.1797183861549163,0.042952660708163885
Austdalsbreen,2073-10-01,-0.04840724667311556,-0.00048177879821892367,-0.06686383556165283
Austdalsbreen,2073-11-01,0.038658671833121605,-0.08548102146034069,-0.11994356870361621
Austdalsbreen,2073-12-01,-0.1512339456472521,-0.0332984416273919,-0.3052498528867446
Austdalsbreen,2074-01-01,-0.20914175627934128,0.0509075051984332,-0.024959296902606523
Austdalsbreen,2074-02-01,-0.16864063288983697,-0.0990322685600954,-0.038029660698814846
Austdalsbreen,2074-03-01,-0.18527481674836443,-0.14078428836161136,-0.030622103397963188
Austdalsbreen,2074-04-01,-0.24295375052811266,-0.10849417397109797,-0.13441502941309438
Austdalsbreen,2074-05-01,-0.25997413471434055,-0.332369560296403,-0.1810825483341001
Austdalsbreen,2074-06-01,-0.18040141891017747,-0.1157890779897079,0.027363903327023792
Austdalsbreen,2074-07-01,-0.04624312946014659,-0.08906309879301737,-0.06251474762118214
Austdalsbreen,2074-08-01,-0.0317286585768815,-0.10038729783908495,-0.07282545449549484
Austdalsbreen,2074-09-01,-0.031728583647953126,-0.09434516874300987,-0.13314446599447416
Austdalsbreen,2074-10-01,-0.10536476643802249,-0.12755161766083176,0.1279578033280779
Austdalsbreen,2074-11-01,-0.002073516945127108,-0.04056112561580153,0.16020772387268745
Austdalsbreen,2074-12-01,-0.0677845531028996,-0.09793327072066438,-0.06788271243825718
Austdalsbreen,2075-01-01,-0.15669095838720612,-0.017794947224016703,-0.010408779130768306
Austdalsbreen,2075-02-01,-0.19409388527404492,-0.12627424464077472,-0.25599111294928867
Austdalsbreen,2075-03-01,-0.15457915994525154,-0.06272521227123991,-0.13279920026150382
Austdalsbreen,2075-04-01,-0.07718809576784076,-0.09777712006736074,-0.005211279225164969
Austdalsbreen,2075-05-01,-0.1171852828743447,-0.0710710442167313,-0.04949628331871838
Austdalsbreen,2075-06-01,0.04399014149535068,-0.0005832419110860521,-0.1725511417307483
Austdalsbreen,2075-07-01,0.045331311088190586,0.023014757033673516,-0.11600583429003737
Austdalsbreen,2075-08-01,-0.13613132831875654,-0.04941152759705067,-0.004240051424475852
Austdalsbreen,2075-09-01,0.07713355176664528,-0.01919076539945053,-0.09936388768106623
Austdalsbreen,2075-10-01,-0.11928427598397114,-0.13615596543950428,-0.3119950089969294
Austdalsbreen,2075-11-01,-0.2481167180931617,-0.11544552833737136,-0.3282026502004667
Austdalsbreen,2075-12-01,-0.019598884265631902,-0.09138955327568087,-0.18996261939847617
Austdalsbreen,2076-01-01,-0.2686418520265725,-0.11314184382556684,-0.4044657433663325
Austdalsbreen,2076-02-01,-0.00895614346944841,-0.005409940127423171,-0.20732968141702765
Austdalsbreen,2076-03-01,-0.07700602494898769,-0.1270195636085666,-0.10856453813052114
Austdalsbreen,2076-04-01,0.0817327263339442,-0.23760036537758034,-0.10124826379061673
Austdalsbreen,2076-05-01,-0.1546600660492035,-0.06913517517876337,0.006053168788956047
Austdalsbreen,2076-06-01,-0.1045887865185775,-0.05362427080190666,-0.009905032323300622
Austdalsbreen,2076-07-01,-0.02935043804247879,-0.051916607342574646,-0.17259886788851672
Austdalsbreen,2076-08-01,-0.2218983091685005,-0.025575355895617356,-0.07866554529301517
Austdalsbreen,2076-09-01,-0.26352101147061685,-0.028126446113976813,-0.19817702199481713
Austdalsbreen,2076-10-01,-0.06344564632522579,-0.08015962329315131,-0.1849029305520141
Austdalsbreen,2076-11-01,0.08642032784687137,-0.027762651511489586,-0.11904397874412587
Austdalsbreen,2076-12-01,-0.03131011345587496,-0.20380637888435785,-0.15318263684244557
Austdalsbreen,2077-01-01,-0.29791385958660305,-0.20318463631571015,0.02897305669902191
Austdalsbreen,2077-02-01,-0.3158783016834639,-0.15807919524459557,0.030522429161729075
Austdalsbreen,2077-03-01,-0.28155570132726154,-0.1885666169873411,0.02608047056669047
Austdalsbreen,2077-04-01,-0.10833044904536988,-0.19669467526082443,-0.09367697047470121
Austdalsbreen,2077-05-01,-0.08937280460150672,-0.038268367326085746,-0.19225499111699537
Austdalsbreen,2077-06-01,-0.09180288220680266,-0.27024330743071295,-0.07779221524924528
Austdalsbreen,2077-07-01,-0.11170952761421733,-0.10479229373591048,-0.00045487970768022984
Austdalsbreen,2077-08-01,-0.022516179909860958,-0.09577984751351627,-0.16823262486817966
Austdalsbreen,2077-09-01,-0.17120633139350896,-0.17455632837950683,-0.0451136288030228
Austdalsbreen,2077-10-01,-0.19121423098880252,-0.06373525397302736,0.1227177851339376
Austdalsbreen,2077-11-01,-0.15656936328017637,-0.024834343448660465,0.113721561431954
Austdalsbreen,2077-12-01,0.008539956250561162,-0.1158246168304548,-0.18439540842549632
Austdalsbreen,2078-01-01,-0.0012436042660683572,-0.15662431451442108,-0.11322251075601973
Austdalsbreen,2078-02-01,-0.13745694648418358,-0.06658682780382782,0.013896527647323001
Austdalsbreen,2078-03-01,-0.19047065228009763,-0.0952770906633494,0.014127284539117232
Austdalsbreen,2078-04-01,-0.17857633156360309,-0.18362575672158188,-0.12993832024754795
Austdalsbreen,2078-05-01,-0.06065667622112894,-0.10603095195429423,-0.195141020858648
Austdalsbreen,2078-06-01,-0.16237415672236166,-0.09853284952878232,-0.08918309500923527
Austdalsbreen,2078-07-01,-0.1895541273885247,-0.11318255689721839,0.009358696639197547
Austdalsbreen,2078-08-01,-0.09191181577023248,-0.032016131258267924,-0.01566713381187995
Austdalsbreen,2078-09-01,-0.11633816697053945,-0.007084288207516512,0.02935743684065384
Austdalsbreen,2078-10-01,-0.06051228343123555,-0.10230169973675902,-0.08066716039773174
Austdalsbreen,2078-11-01,0.08474670222543351,-0.08242734227727379,0.057963586049036474
Austdalsbreen,2078-12-01,-0.09225121293446753,-0.12422420929516048,-0.08850143543397833
Austdalsbreen,2079-01-01,-0.08130077115571645,-0.03667085963100485,0.0909290593467153
Austdalsbreen,2079-02-01,-0.015108751655973182,-0.20745520280411198,-0.18876947923931045
Austdalsbreen,2079-03-01,-0.020009355179751196,-0.10807179202682253,0.03895381549956303
Austdalsbreen,2079-04-01,-0.20489285928086334,-0.18484589000423868,-0.014857198673369501
Austdalsbreen,2079-05-01,-0.016949860704392902,-0.16059026521423891,-0.15076606725732952
Austdalsbreen,2079-06-01,-0.19371409826511657,-0.13509302518848165,-0.03552061883659398
Austdalsbreen,2079-07-01,-0.11427115303727746,-0.11114045914513733,-0.03286075832904804
Austdalsbreen,2079-08-01,-0.12518975309013888,-0.09200298454028856,-0.05230425936949446
Austdalsbreen,2079-09-01,-0.07667471228648183,-0.09787806052982329,0.019744015720532398
Austdalsbreen,2079-10-01,-0.23853254987186165,-0.04179459813609787,-0.16812853743028267
Austdalsbreen,2079-11-01,-0.017751807689740915,-0.029843749567071556,-0.20573497060659196
Austdalsbreen,2079-12-01,-0.24729302511263426,-0.06381667668199119,0.020474913541620576
Austdalsbreen,2080-01-01,-0.2250913671013376,-0.08863563013364066,0.08648349186822642
Austdalsbreen,2080-02-01,-0.06492921186020383,-0.13977403169726002,0.13995752473823445
Austdalsbreen,2080-03-01,-0.08430059505088218,-0.050926334938474004,-0.19004432834869234
Austdalsbreen,2080-04-01,-0.2086685004658496,-0.09369855458514949,-0.285903327071885
Austdalsbreen,2080-05-01,-0.08146795795465023,-0.10358762647660973,-0.05219029112716809
Austdalsbreen,2080-06-01,-0.20741990949961342,-0.023771545801446373,0.010511427534921744
Austdalsbreen,2080-07-01,-0.02488621230923234,-0.09731757857355088,-0.1910261329877113
Austdalsbreen,2080-08-01,-0.10939274014155502,-0.11864552442733445,0.04115617870882934
Austdalsbreen,2080-09-01,0.055131910982275455,-0.08684342871522895,0.02124594334189131
Austdalsbreen,2080-10-01,-0.22092778463716697,-0.11957613682997582,0.06558916250960906
Austdalsbreen,2080-11-01,0.09759838209396715,-0.20061422217204017,-0.07089785651538391
Austdalsbreen,2080-12-01,-0.1299500494874882,0.029469557645960615,-0.20284041533765337
Austdalsbreen,2081-01-01,-0.1683769765163663,-0.08231843781200371,-0.23449204974468305
Austdalsbreen,2081-02-01,-0.039626385580048974,-0.055950448669117005,-0.0864995339028377
Austdalsbreen,2081-03-01,0.22662532360560292,-0.1449552490875286,-0.13378910754955006
Austdalsbreen,2081-04-01,-0.04079481514573266,-0.052982269486670265,-0.26469737190956605
Austdalsbreen,2081-05-01,0.08174713553248894,-0.13055126052709257,-0.14296595050258473
Austdalsbreen,2081-06-01,0.024175344814469257,0.028028390725210666,0.04003135563845742
Austdalsbreen,2081-07-01,0.02688919000286047,0.05682006709606672,-0.1356973938587409
Austdalsbreen,2081-08-01,0.004652490718779508,-0.11782322538364236,-0.07099468970932307
Austdalsbreen,2081-09-01,-0.10770485751961252,-0.16183842615739133,-0.033929717642045894
Austdalsbreen,2081-10-01,0.015929670774552113,-0.02694785022741378,0.012358466092625956
Austdalsbreen,2081-11-01,0.1316753268505297,-0.13115897322180042,0.09898534740078131
Austdalsbreen,2081-12-01,-0.1009229375015553,-0.05724656169370645,0.040381718643835135
Austdalsbreen,2082-01-01,-0.2859819898866324,-0.13589088182983075,-0.19243770745176259
Austdalsbreen,2082-02-01,-0.04990896116582522,-0.07485148201149526,-0.344233809687307
Austdalsbreen,2082-03-01,0.027119984162858112,-0.11442527553353121,0.07139260700882065
Austdalsbreen,2082-04-01,0.01303959532212177,-0.03413086596192543,-0.1046373224736803
Austdalsbreen,2082-05-01,-0.11487697834645338,-0.18320482036080069,-0.13674414884398314
Austdalsbreen,2082-06-01,-0.15042294822208171,0.017536406662462162,-0.006182887151705401
Austdalsbreen,2082-07-01,-0.16117856241843154,-0.05502896547281785,0.008506441504554263
Austdalsbreen,2082-08-01,-0.03491255224562414,-0.03797969036921447,-0.061004216586838335
Austdalsbreen,2082-09-01,0.0622709339895444,0.01555760294936337,-0.16299748728414612
Austdalsbreen,2082-10-01,-0.04443208754464045,-0.055579687370665654,-0.11521103517332461
Austdalsbreen,2082-11-01,0.058754132661893756,-0.1546090789925654,0.030405407751384162
Austdalsbreen,2082-12-01,0.045812415149165266,-0.1219858588369722,-0.047308173751953175
Austdalsbreen,2083-01-01,0.07940785666455276,-0.0669019997742643,-0.07921092778576556
Austdalsbreen,2083-02-01,0.014831237668270667,0.0626717201832885,-0.008255785258296571
Austdalsbreen,2083-03-01,0.08978639233537779,-0.0054521070203046446,-0.22102702008870723
Austdalsbreen,2083-04-01,-0.11433042471702111,-0.0036045090791141515,-0.02662340916337588
Austdalsbreen,2083-05-01,-0.10032510023092567,-0.059364483429401795,-0.20500386865907363
Austdalsbreen,2083-06-01,-0.06849246786877454,-0.08331990280349828,-0.05792734995227438
Austdalsbreen,2083-07-01,-0.1319615500649414,-0.08611849289903632,-0.018632139841024967
Austdalsbreen,2083-08-01,-0.05560652258774879,-0.13435900615519344,-0.09484281368947489
Austdalsbreen,2083-09-01,-0.10124993655875825,-0.11250618107330689,0.019035679014532163
Austdalsbreen,2083-10-01,-0.088553550785892,-0.09884954253229812,-0.0066027757514398365
Austdalsbreen,2083-11-01,-0.23178978962056127,-0.04959206717780181,-0.13856967409343057
Austdalsbreen,2083-12-01,-0.22946654372580463,-0.10672736415264412,-0.13417748297694954
Austdalsbreen,2084-01-01,-0.15675511321730942,-0.004890217196128112,-0.05683706915108725
Austdalsbreen,2084-02-01,-0.23814685966008475,-0.05229781029843744,-0.20240868370612008
Austdalsbreen,2084-03-01,-0.10331167741112406,0.056722002870464826,-0.18004954894471017
Austdalsbreen,2084-04-01,-0.15095191597374588,-0.17390440889190795,0.0899019839376231
Austdalsbreen,2084-05-01,-0.0037678177532404905,-0.14505374020730477,-0.17190979875272253
Austdalsbreen,2084-06-01,0.03412144165816063,-0.19401014871858555,-0.07662894276269015
Austdalsbreen,2084-07-01,-0.103809328699407,-0.09746453103867121,-0.22020376011062673
Austdalsbreen,2084-08-01,-0.008641472901203665,-0.13288427107464143,-0.08040641449523889
Austdalsbreen,2084-09-01,-0.18660977996850125,-0.14117132420832865,-0.03345931913659791
Austdalsbreen,2084-10-01,-0.1252945873641583,-0.05455690360257417,-0.07363170008482396
Austdalsbreen,2084-11-01,-0.17124139595950846,-0.11215984549924078,0.1339618630797333
Austdalsbreen,2084-12-01,0.022331472325454505,-0.05165788734552034,0.05481481935795001
Austdalsbreen,2085-01-01,-0.17606186466002183,-0.0715064633566032,-0.10657859330734144
Austdalsbreen,2085-02-01,-0.19625142746355584,0.0007929400987220688,-0.07168109109488296
Austdalsbreen,2085-03-01,0.055040292163537195,-0.0720570695455638,-0.022183790374659753
Austdalsbreen,2085-04-01,-0.026044123801625383,-0.06435435271164625,-0.011373203170364818
Austdalsbreen,2085-05-01,-0.08535083309243939,-0.031055651153601413,0.005137912342386197
Austdalsbreen,2085-06-01,-0.12344643356850632,-0.06749123334739214,-0.11148654722622527
Austdalsbreen,2085-07-01,-0.1934278393607589,-0.07547090230586877,-0.0633021302782024
Austdalsbreen,2085-08-01,-0.18071110904799462,-0.1223132581782223,-0.039540044667911535
Austdalsbreen,2085-09-01,-0.020464472603652858,-0.13234994396621233,-0.025635528770681894
Austdalsbreen,2085-10-01,-0.08441455104035182,-0.08775979656595038,-0.03177031971032853
Austdalsbreen,2085-11-01,-0.06571939712705376,-0.10419466078053723,0.06734356201064305
Austdalsbreen,2085-12-01,0.044470350303376316,-0.13570010589974305,-0.16434665559472525
Austdalsbreen,2086-01-01,-0.09031302928326827,-0.15525707059527818,-0.10686688036054996
Austdalsbreen,2086-02-01,-0.21773744258668046,-0.006931986591734575,-0.09803101778014274
Austdalsbreen,2086-03-01,-0.15457582050890786,-0.043135395280070266,-0.056716100514917246
Austdalsbreen,2086-04-01,-0.1687424222513311,-0.11905872754191303,0.03311019347768334
Austdalsbreen,2086-05-01,-0.08049153891613971,-0.008703420390974062,-0.054612482437027994
Austdalsbreen,2086-06-01,-0.12202970604363512,-0.23250629303541026,-0.060268049173413114
Austdalsbreen,2086-07-01,-0.16746018311333785,-0.08512665251975689,-0.06093244964306641
Austdalsbreen,2086-08-01,-0.1786821143770488,-0.1150333192986714,-0.08602109674845404
Austdalsbreen,2086-09-01,-0.21127349829803074,-0.0560112761346706,-0.053205879606073904
Austdalsbreen,2086-10-01,-0.025477021697112204,-0.17547345467482037,-0.08701366066382048
Austdalsbreen,2086-11-01,0.08369696579272823,-0.16880655474952092,-0.1002776503157296
Austdalsbreen,2086-12-01,-0.20868600702652937,-0.19533945436828137,0.028201576424388673
Austdalsbreen,2087-01-01,-0.21712287464307348,-0.12876622832026888,-0.2913192352558924
Austdalsbreen,2087-02-01,-0.1870135382530456,-0.13161211313513557,0.10963124553984378
Austdalsbreen,2087-03-01,-0.2320541593775487,-0.03625858102402475,-0.19609356015397658
Austdalsbreen,2087-04-01,-0.18888534891376604,-0.009888350991583939,-0.0662656324353585
Austdalsbreen,2087-05-01,-0.1148240505656638,-0.02022062447040535,-0.07396073190873152
Austdalsbreen,2087-06-01,-0.07190172705303736,-0.02599695267097266,-0.08444230883320857
Austdalsbreen,2087-07-01,-0.08634240730471221,-0.12289732918078962,0.010942903256994077
Austdalsbreen,2087-08-01,-0.07110629384665526,-0.13731923380259448,0.0066157949519199495
Austdalsbreen,2087-09-01,-0.1508058696432563,-0.09243654083892457,-0.05767155428320225
Austdalsbreen,2087-10-01,-0.08181847783712963,-0.07675505214228125,-0.29280770302493975
Austdalsbreen,2087-11-01,-0.19211571625304066,-0.1874261092006357,-0.19508121539849452
Austdalsbreen,2087-12-01,0.06506650115259109,-0.05969528339704514,-0.04578781457758846
Austdalsbreen,2088-01-01,-0.06260430559474746,-0.05691988719838012,-0.17196951851242304
Austdalsbreen,2088-02-01,0.03423980198681833,-0.1257967331604127,-0.29780378412553743
Austdalsbreen,2088-03-01,-0.061825338173522315,-0.18037119005076865,-0.02590347586189271
Austdalsbreen,2088-04-01,0.01231377488061918,-0.05180722020797929,0.03877572370587699
Austdalsbreen,2088-05-01,-0.05612669595495829,-0.04891587116281321,0.021783018344399552
Austdalsbreen,2088-06-01,-0.0984305317157444,-0.10496601893652206,-0.11701929095363921
Austdalsbreen,2088-07-01,-0.13137343703567925,-0.025753744747238835,0.008503376418358318
Austdalsbreen,2088-08-01,-0.12003005909715242,-0.028617809700891148,-0.07758669517415816
Austdalsbreen,2088-09-01,-0.2054750446536022,0.025288286722343938,-0.06122668152889552
Austdalsbreen,2088-10-01,-0.15910996030790914,0.0040621847262423865,-0.24302381457212238
Austdalsbreen,2088-11-01,-0.07155217730177112,-0.18532555787355262,0.11499947482745503
Austdalsbreen,2088-12-01,-0.0500998069420923,-0.08138086300636498,-0.059780086781208656
Austdalsbreen,2089-01-01,0.06580260135112047,-0.18404968464362756,0.020822637794248294
Austdalsbreen,2089-02-01,0.021041354369511253,-0.16695049378673232,-0.08155019041255536
Austdalsbreen,2089-03-01,-0.05692389564206345,-0.2180248446274358,-0.0871183345110745
Austdalsbreen,2089-04-01,-0.10225408285975113,-0.18858950270032052,-0.2480014460797247
Austdalsbreen,2089-05-01,-0.17772596764884105,-0.21150282038855217,-0.010226973171317086
Austdalsbreen,2089-06-01,-0.02041762384049645,-0.1330961668438898,-0.1641396318054451
Austdalsbreen,2089-07-01,-0.13780644647222295,-0.06623458294511632,-0.12470080071695362
Austdalsbreen,2089-08-01,-0.1790518670401533,-0.13924405378040505,-0.02980475274097125
Austdalsbreen,2089-09-01,-0.1127643682099753,0.011348400450511295,-0.034886053128147396
Austdalsbreen,2089-10-01,0.036124345843067,-0.08310695543823919,-0.014248823048443238
Austdalsbreen,2089-11-01,-0.18318121938457121,-0.1492911158149044,0.025625975041363953
Austdalsbreen,2089-12-01,-0.02459233928962812,-0.031720138092230725,-0.1014128912542412
Austdalsbreen,2090-01-01,-0.2718451804501047,-0.20589733154471798,-0.015127738658032727
Austdalsbreen,2090-02-01,0.09449530024790953,-0.033866599622278025,-0.1761169384802749
Austdalsbreen,2090-03-01,-0.12787174473829033,-0.08596064993527704,-0.08869882959705959
Austdalsbreen,2090-04-01,-0.2214873967194647,0.09994624884273305,-0.10195638839508697
Austdalsbreen,2090-05-01,-0.14665957041345382,-0.08427924641406416,0.030328868644756396
Austdalsbreen,2090-06-01,-0.1692684404361444,-0.19012673447809683,-0.0795761158819309
Austdalsbreen,2090-07-01,-0.11696268695994054,-0.12822335346146674,-0.06248850730289751
Austdalsbreen,2090-08-01,-0.14147194294987528,0.0048475816015671564,0.02778589697997852
Austdalsbreen,2090-09-01,-0.08838568639936588,-0.05035856233781768,-0.061648706532180665
Austdalsbreen,2090-10-01,-0.08405828548918082,-0.1871898821395308,0.07479781955020447
Austdalsbreen,2090-11-01,-0.02423503598992778,-0.04395216542083491,-0.0948371916933669
Austdalsbreen,2090-12-01,-0.25570386032815745,-0.06226646079577211,-0.22227464777270478
Austdalsbreen,2091-01-01,-0.10583083795081209,0.031532861054259786,-0.07161257671468732
Austdalsbreen,2091-02-01,-0.09480879808477538,-0.1638138094418111,-0.14018047523504398
Austdalsbreen,2091-03-01,-0.17178791217317577,-0.1340712578636741,-0.28655363689290625
Austdalsbreen,2091-04-01,0.06761978880303503,-0.16306352225001883,-0.11932824765788107
Austdalsbreen,2091-05-01,-0.009320585450188245,-0.06188508874577264,-0.07059763253642974
Austdalsbreen,2091-06-01,-0.21717043701760144,-0.15264469631985517,-0.08459461023116101
Austdalsbreen,2091-07-01,-0.034112413489625466,-0.2018234558237274,-0.019376951562023178
Austdalsbreen,2091-08-01,0.0003856014123210516,-0.06493264463261095,-0.01904851917408348
Austdalsbreen,2091-09-01,-0.12399659850500049,-0.1824685377962001,0.048533712029144825
Austdalsbreen,2091-10-01,-0.027862410359653474,-0.15778198298156387,-0.0740443206661781
Austdalsbreen,2091-11-01,0.024364514679885933,-0.09161652568574118,-0.07211969539251234
Austdalsbreen,2091-12-01,-0.10770353069658552,-0.01552761419379646,0.08078066661962051
Austdalsbreen,2092-01-01,-0.18700756357357803,-0.2508691813648252,-0.16356199074256153
Austdalsbreen,2092-02-01,0.030857319401589135,-0.2196563164050298,-0.20267166144600268
Austdalsbreen,2092-03-01,-0.12157228849585498,0.0003384523835660014,-0.07396647079248468
Austdalsbreen,2092-04-01,-0.14377176157704677,-0.01708895100611035,-0.026350430270381
Austdalsbreen,2092-05-01,-0.25170269300480685,-0.05134407286602862,-0.1364364056035444
Austdalsbreen,2092-06-01,-0.06142750743076255,-0.06394123591014321,0.0175986588855635
Austdalsbreen,2092-07-01,-0.04664978388490343,-0.15003436154475533,-0.025078484764466266
Austdalsbreen,2092-08-01,-0.04377047005723231,-0.08124684086367402,-0.11159358795665746
Austdalsbreen,2092-09-01,0.059854968483399766,-0.23319061958281243,-0.08055936858352282
Austdalsbreen,2092-10-01,-0.15067100210983786,-0.06495357474541127,-0.08997123126379121
Austdalsbreen,2092-11-01,-0.21905394442011075,-0.04145432095175724,0.011923559044905227
Austdalsbreen,2092-12-01,-0.10955824480052956,-0.06923366809307628,-0.1557806678638904
Austdalsbreen,2093-01-01,0.07821353327981513,-0.012532594607511627,-0.05608593902831873
Austdalsbreen,2093-02-01,-0.15324115619460685,-0.043921464888968746,-0.0895135795724022
Austdalsbreen,2093-03-01,0.08427626584094415,-0.04436536520400496,-0.15639809231346824
Austdalsbreen,2093-04-01,-0.15106140529795659,-0.1042056730608632,0.08945657788180301
Austdalsbreen,2093-05-01,-0.0705188300336471,-0.015459551611626501,0.08220593192151789
Austdalsbreen,2093-06-01,-0.1025167487958671,-0.06611120152621298,0.1093501409542977
Austdalsbreen,2093-07-01,-0.11354508045800911,-0.127765174571291,0.07671658088927497
Austdalsbreen,2093-08-01,-0.0459332514953981,-0.15252222063957563,-0.030372020839857853
Austdalsbreen,2093-09-01,-0.09105056089233272,-0.17292763169715755,-0.05446760749061482
Austdalsbreen,2093-10-01,0.05241271242017264,-0.06250919209989533,-0.10368680131915442
Austdalsbreen,2093-11-01,-0.07499569359093562,-0.0735988697571661,-0.09591343620312204
Austdalsbreen,2093-12-01,-0.13243026886623124,-0.07740613538817646,-0.23839771291613143
Austdalsbreen,2094-01-01,-0.06712404502900142,0.009724000429224786,-0.22142144027422606
Austdalsbreen,2094-02-01,0.0036821679234348655,0.060112149815099734,-0.23845895538352016
Austdalsbreen,2094-03-01,-0.19583149467448124,0.02115818500564697,-0.01339965260696433
Austdalsbreen,2094-04-01,-0.02066257328493568,-0.12495954431723359,-0.10548444298024846
Austdalsbreen,2094-05-01,0.0531660010391965,-0.09752839519996455,-0.18424871246465616
Austdalsbreen,2094-06-01,-0.021114159318674372,-0.024516539334462975,-0.12052485304459294
Austdalsbreen,2094-07-01,-0.06680539124341267,-0.10131755595963443,-0.17230228158987615
Austdalsbreen,2094-08-01,0.019755963234267915,-0.09668955870056949,0.0059183471332878435
Austdalsbreen,2094-09-01,-0.07937878305958594,-0.043969046844607756,0.05876695872213583
Austdalsbreen,2094-10-01,0.028728481252480276,-0.07463896973136304,-0.19159777518052912
Austdalsbreen,2094-11-01,-0.1186757120819677,-0.12012746638500843,-0.16123511761531387
Austdalsbreen,2094-12-01,-0.024813435724857016,-0.1032903153386041,0.06073268313277753
Austdalsbreen,2095-01-01,0.0048078948639684775,-0.12470448806433183,-0.17805178696922586
Austdalsbreen,2095-02-01,-0.4031093552166925,-0.02488892106828591,-0.08363004613132675
Austdalsbreen,2095-03-01,-0.11725164216304351,-0.16901005323408336,-0.10663368030073501
Austdalsbreen,2095-04-01,-0.22269966646121206,-0.012396074071247843,-0.17838009087987872
Austdalsbreen,2095-05-01,-0.15845366994567653,0.01139154406425541,-0.16396765291032486
Austdalsbreen,2095-06-01,0.0013372002874622129,0.005420819997810781,-0.09380386214680168
Austdalsbreen,2095-07-01,-0.11805596091111581,-0.04285522336350631,-0.011466121663460815
Austdalsbreen,2095-08-01,-0.14855022214342184,-0.14469095427658674,-0.14668189351072053
Austdalsbreen,2095-09-01,-0.06622840892430974,0.005761371393075698,-0.16328075568406597
Austdalsbreen,2095-10-01,-0.14739312427848486,-0.08230560738150879,-0.17762361243375832
Austdalsbreen,2095-11-01,-0.1414867512460962,-0.09645934110537972,-0.13999227363853042
Austdalsbreen,2095-12-01,-0.1802133291794905,-0.013733259644203499,-0.1462093860174471
Austdalsbreen,2096-01-01,-0.16573473755559712,-0.13281880041850946,-0.1483564214338421
Austdalsbreen,2096-02-01,-0.19400179748175939,-0.026493596435418185,-0.24462649748023443
Austdalsbreen,2096-03-01,-0.16837199767273034,-0.04582481958215002,-0.06229379423808664
Austdalsbreen,2096-04-01,-0.01650116523215446,-0.15570255901012045,-0.23452826208843502
Austdalsbreen,2096-05-01,-0.13566786818927126,-0.18572012740779764,-0.08361710776396113
Austdalsbreen,2096-06-01,-0.17612264467926922,-0.09656893668672993,-0.12098065388581847
Austdalsbreen,2096-07-01,-0.11247862070190985,-0.059589436602569656,-0.09379570664534669
Austdalsbreen,2096-08-01,-0.0963196285504317,-0.13625932147967296,-0.10224032663120426
Austdalsbreen,2096-09-01,-0.06500173536860264,-0.15935113984666846,-0.19650529957797572
Austdalsbreen,2096-10-01,-0.20566826642823613,-0.1048040242843803,-0.1458082768384187
Austdalsbreen,2096-11-01,-0.13825752594383786,-0.0602495128724177,-0.01314819653739828
Austdalsbreen,2096-12-01,-0.33325336879997675,-0.0582193771307547,-0.07330431404223366
Austdalsbreen,2097-01-01,0.12133488014863879,-0.09311463611067117,-0.22670063479384298
Austdalsbreen,2097-02-01,-0.18161746461937203,-0.03447871827149241,-0.05688792718381161
Austdalsbreen,2097-03-01,-0.07884553277852736,-0.1257098381367043,-0.22805484952567015
Austdalsbreen,2097-04-01,0.06817726604278733,-0.05666516967811661,-0.19626161447358678
Austdalsbreen,2097-05-01,-0.12558198528181388,-0.08296873241131071,-0.10768079450967538
Austdalsbreen,2097-06-01,-0.12301093293692072,-0.1478480550693159,0.008051097563152032
Austdalsbreen,2097-07-01,-0.133678480633484,-0.14280060894926314,-0.03523761918573566
Austdalsbreen,2097-08-01,-0.28284356634038693,-0.024630874642104547,-0.009523485724323155
Austdalsbreen,2097-09-01,-0.33126357845564597,-0.02307952288561713,-0.10040910447340005
Austdalsbreen,2097-10-01,-0.10873990065141718,-0.10142083612380622,-0.06114590728689465
Austdalsbreen,2097-11-01,-0.10856412896034758,-0.1859223806594308,-0.12038696093649522
Austdalsbreen,2097-12-01,-0.08319126968181642,-0.19804037817838052,0.03187015779004658
Austdalsbreen,2098-01-01,-0.1377110173419223,-0.04505579396912165,0.10085869102964262
Austdalsbreen,2098-02-01,0.09503761619432217,-0.03463389129663599,0.1418311858000926
Austdalsbreen,2098-03-01,-0.15999841588898658,-0.035800651206268845,-0.014352247884365366
Austdalsbreen,2098-04-01,0.0003863834134608668,-0.1233040826835124,-0.01540859042117756
Austdalsbreen,2098-05-01,0.011918563919072478,-0.015394888485231392,-0.009597843768044212
Austdalsbreen,2098-06-01,-0.09025363413950567,-0.08339846045269372,-0.059146940844518804
Austdalsbreen,2098-07-01,-0.09168159010473353,-0.05938864808083651,-0.08544846447119188
Austdalsbreen,2098-08-01,-0.06985592576966879,-0.1803828381425624,-0.026349133033718
Austdalsbreen,2098-09-01,-0.1365958995888832,-0.07392926967400085,-0.07197590220809226
Austdalsbreen,2098-10-01,-0.18341202732945375,-0.15838511625981835,-0.13402188047691585
Austdalsbreen,2098-11-01,0.000990404413884131,-0.06729706447878557,-0.241551583293532
Austdalsbreen,2098-12-01,-0.052851238793964785,-0.024221446949334827,-0.20812662441764496
Austdalsbreen,2099-01-01,-0.008446779411328481,-0.20533538039126617,-0.12371522668240682
Austdalsbreen,2099-02-01,-0.002736551620514935,-0.15788682572962678,0.16911679295215531
Austdalsbreen,2099-03-01,-0.049290188799895475,-0.07381296593956833,0.1291969830536714
Austdalsbreen,2099-04-01,-0.17038421724710204,-0.13418615718777469,-0.025976285227967803
Austdalsbreen,2099-05-01,-0.15121661255273658,0.06081891447285414,0.04162437760889314
Austdalsbreen,2099-06-01,-0.06516137120146918,-0.18802795902578395,-0.18722865555286924
Austdalsbreen,2099-07-01,-0.1770555786903337,0.012178627529520758,0.06324048051458918
Austdalsbreen,2099-08-01,-0.17710652270406713,-0.0510978574196494,-0.057793006941323964
Austdalsbreen,2099-09-01,-0.14086872908474055,-0.09655423441401549,-0.020670467678366247
Austdalsbreen,2099-10-01,-0.10453756636995064,-0.1285233698839186,-0.1525750313133332
Austdalsbreen,2099-11-01,-0.21829298544551237,-0.07495269413262494,-0.028541350845139576
Austdalsbreen,2099-12-01,-0.3125605651092568,-0.15357308487497148,-0.12470927199030596
Austdalsbreen,2100-01-01,-0.1266584468178846,-0.09294590874181319,-0.12856040078661143
Austdalsbreen,2100-02-01,-0.1386811065620163,-0.08629227733632405,-0.17344112740427517
Austdalsbreen,2100-03-01,0.07511114981989525,-0.12125950077028656,-0.08360005959847888
Austdalsbreen,2100-04-01,-0.022217918687584895,-0.03326121075073129,-0.15044768503438
Austdalsbreen,2100-05-01,-0.10842167203566973,-0.09453427011825488,-0.14224232780499388
Austdalsbreen,2100-06-01,-0.11586212115930321,-0.02684462801130424,-0.11185925614246177
Austdalsbreen,2100-07-01,-0.14264878004459738,-0.09412729105536577,-0.0043843789186611
Austdalsbreen,2100-08-01,-0.17168890507451331,-0.14105926311674152,-0.0030487757683262165
Austdalsbreen,2100-09-01,-0.09270320798068654,-0.1497280840253177,-0.09417063107536879
Austdalsbreen,2100-10-01,-0.19363819235057242,-0.07436760270808414,-0.16775337913294686
Austdalsbreen,2100-11-01,-0.08398580106151453,-0.037804664786025836,-0.17377292895578403
Austdalsbreen,2100-12-01,0.016514569081160613,-0.07040695731578128,0.007069720563525478
Engabreen,2015-01-01,-0.32466602618291124,-0.13987935863256104,-0.26567385176145736
Engabreen,2015-02-01,0.061094511439848266,0.14027363607236878,-0.2529960139702306
Engabreen,2015-03-01,-0.05596932911090094,0.13647724266161868,-0.03592312726126321
Engabreen,2015-04-01,-0.22996157299359402,-0.13429386210812128,0.14782805486445222
Engabreen,2015-05-01,-0.036209477195286534,-0.09723423637379779,-0.06564248367474447
Engabreen,2015-06-01,0.020601359727935267,0.03638032136141645,0.041665244916695786
Engabreen,2015-07-01,0.05428203640044,0.021279027449920145,-0.027115417874076037
Engabreen,2015-08-01,0.03208538848447574,-0.03477131009073707,0.02113502457733482
Engabreen,2015-09-01,0.06175025696772091,0.15819059419976397,-0.027231875578214312
Engabreen,2015-10-01,0.13748807697605672,-0.09237671281316662,0.017738397736557505
Engabreen,2015-11-01,0.13342551973293929,-0.10650823875458333,0.04180823859744409
Engabreen,2015-12-01,-0.06231557428767048,-0.058425310951320863,0.029078993409789148
Engabreen,2016-01-01,0.235344115560431,-0.1739032660992009,-0.1138557520311169
Engabreen,2016-02-01,0.3354341117413566,0.17127174312131502,-0.26983906014191344
Engabreen,2016-03-01,0.06486356182710604,0.06601920329424708,0.00784005356194919
Engabreen,2016-04-01,0.021206446392312655,-0.19377421452903723,-0.014663028933238226
Engabreen,2016-05-01,0.12653026800734704,0.02716801167919076,-0.03825729611292645
Engabreen,2016-06-01,-0.007989560705141601,0.0004333113147370511,0.024709580072852705
Engabreen,2016-07-01,-0.05139179155013085,-0.05347513437653748,-0.03871981738299674
Engabreen,2016-08-01,0.04215366689478745,0.04886940186207453,-0.09478049662548853
Engabreen,2016-09-01,-0.08424212451233169,-0.03656131091337591,-0.09457601423854316
Engabreen,2016-10-01,-0.11663984441089385,-0.04856061538885914,-0.02129247772467313
Engabreen,2016-11-01,-0.3761660419711566,0.009108185602760511,-0.10836427693774947
Engabreen,2016-12-01,-0.11407791884772284,0.15464421249493385,-0.07212962826945706
Engabreen,2017-01-01,0.05398705617749064,0.42347378314349743,-0.05242255730569492
Engabreen,2017-02-01,-0.20190408830692785,0.3195551403813974,0.015555998207457226
Engabreen,2017-03-01,-0.2076301352582067,0.48335326970736875,-0.05605025896295925
Engabreen,2017-04-01,0.0003679171347633625,0.13501275909312746,-0.06986774867471442
Engabreen,2017-05-01,0.041514514744489216,0.07922647340080129,0.0726574901045864
Engabreen,2017-06-01,0.06635725537458666,-0.05014334898553439,0.09436011399276407
Engabreen,2017-07-01,0.06513737551095201,-0.08062788069239339,0.0005474533196165888
Engabreen,2017-08-01,-0.0640297235289144,-0.062220917522855336,-0.07859184219184022
Engabreen,2017-09-01,0.04617235566537437,0.012644168102025467,-0.005655042026148752
Engabreen,2017-10-01,-0.10516906198830996,-0.0150888770979053,0.018677027360773035
Engabreen,2017-11-01,0.17506570564199583,-0.03676361760439321,0.14534985005611847
Engabreen,2017-12-01,-0.23446068661197864,0.08832276984902927,-0.12505423402836982
Engabreen,2018-01-01,-0.0782073732246036,-0.18379142273197044,0.29049471485263983
Engabreen,2018-02-01,-0.3197577604952279,-0.15292760750274895,0.31909803715656543
Engabreen,2018-03-01,-0.06713296332795482,-0.025942350956817736,0.21081047789185714
Engabreen,2018-04-01,0.05698647184318013,0.15480541516242588,-0.03032932641764698
Engabreen,2018-05-01,-0.05456249107971809,-0.04460369753100027,-0.11153814523737182
Engabreen,2018-06-01,0.0847363492367827,-0.00029507276701080015,0.0377081776983381
Engabreen,2018-07-01,-0.03574976565250666,0.00030847893867974943,-0.045722621616072524
Engabreen,2018-08-01,0.0271418835017971,0.04970673222045258,-0.05400064861682909
Engabreen,2018-09-01,-0.07759815193348185,-0.10484540394124965,-0.0008113645284139696
Engabreen,2018-10-01,-0.05968903847983037,0.09242751827559521,-0.14674564002607438
Engabreen,2018-11-01,-0.1370745488609855,-0.1925255750530964,-0.24187293026767062
Engabreen,2018-12-01,0.04254465311593523,-0.18620264540514322,-0.17451326196019937
Engabreen,2019-01-01,0.017458468105353373,-0.1428405675054469,-0.03560197421690233
Engabreen,2019-02-01,-0.038271252670813584,0.06841456298690732,0.3498853688210097
Engabreen,2019-03-01,0.03151256830079717,0.059230750166025414,-0.02112037918478124
Engabreen,2019-04-01,0.18276205918747657,-0.049881334229369495,0.10382063965693537
Engabreen,2019-05-01,-0.08924688932407189,-0.1144858458567831,-0.024608144662899775
Engabreen,2019-06-01,0.0405274310215757,0.003837959326868675,0.0627252623087451
Engabreen,2019-07-01,0.032487798350079665,0.036941930317729715,-0.04003199253178288
Engabreen,2019-08-01,-0.057900238694859885,-0.02093142029934517,0.00585066610409309
Engabreen,2019-09-01,-0.03450992757887448,0.00466299050167239,0.023969522280842443
Engabreen,2019-10-01,0.03959441427128826,-0.13390841872211653,0.07303660388189959
Engabreen,2019-11-01,-0.14455845131285328,0.1613717250064806,-0.0009993369879268733
Engabreen,2019-12-01,-0.1841861902195466,-0.027966146363939712,-0.021692345126429476
Engabreen,2020-01-01,-0.09956960985002523,0.31879988238996143,0.008269698503022865
Engabreen,2020-02-01,-0.20622824073772453,0.4315821731842277,-0.13164421421518943
Engabreen,2020-03-01,-0.20244605854435357,0.2613874514396176,-0.2062893153140218
Engabreen,2020-04-01,-0.010162706115710504,-0.07462869360929734,-0.07729245524540186
Engabreen,2020-05-01,0.13640442349406667,-0.024713204745090384,0.062110213264332324
Engabreen,2020-06-01,0.07993681174903043,0.03918906715264233,0.08247267939781282
Engabreen,2020-07-01,-0.0024702498797786235,-0.06695475134431272,0.023319391262212955
Engabreen,2020-08-01,0.01765743501442252,-0.028119935299018062,-0.04638810734495144
Engabreen,2020-09-01,0.09583959563060612,-0.08667195028187313,-0.03087278751211166
Engabreen,2020-10-01,-0.04912605287972822,0.08249280323493557,0.11127945205346458
Engabreen,2020-11-01,-0.08484715841054036,0.00581975033617619,0.07341506190703856
Engabreen,2020-12-01,-0.11927013755065811,0.19917914521118255,-0.13292382391458676
Engabreen,2021-01-01,0.08240936308526507,0.15840820915449902,-0.06707660265884662
Engabreen,2021-02-01,0.17659127076376968,0.23200180919134952,0.14287485195781904
Engabreen,2021-03-01,0.20636338337440194,0.1264402606175131,-0.19531682699105657
Engabreen,2021-04-01,0.07369584033373809,0.024241480590503486,-0.20597368735223734
Engabreen,2021-05-01,-0.1337395893901097,-0.012564406365024719,-0.005111689509664179
Engabreen,2021-06-01,-0.08076179857018508,0.06208775801793659,0.07344824205363733
Engabreen,2021-07-01,-0.034448341721275096,-0.060079887484705885,0.055845677448825674
Engabreen,2021-08-01,-0.0324641335227564,-0.019177993165608757,-0.07590564926842312
Engabreen,2021-09-01,0.07614167628489306,-0.04878332283891763,-0.09877324683743764
Engabreen,2021-10-01,0.045249494594883095,0.022425696329697403,0.03565207851544405
Engabreen,2021-11-01,0.06332149706212382,-0.015958047986456197,-0.06068890440317181
Engabreen,2021-12-01,0.2587949444778404,0.04280479398631071,-0.24886276108723981
Engabreen,2022-01-01,-0.10015594723117964,-0.03460317030346078,-0.10139925074974798
Engabreen,2022-02-01,0.12771384572813463,-0.3642175070121317,-0.18922932583344387
Engabreen,2022-03-01,0.06296660196166882,-0.06962311674473196,-0.2723461466268613
Engabreen,2022-04-01,-0.07936638578374601,-0.1359792940324471,0.25834615443775305
Engabreen,2022-05-01,0.10041542819872956,0.03361283441918599,-0.010052129362632342
Engabreen,2022-06-01,0.10395071891852943,0.0979930106106267,0.04000377994696196
Engabreen,2022-07-01,0.09094567863075458,0.014540234306556876,-0.07395216306208409
Engabreen,2022-08-01,0.021997113136190318,0.0003416961337938916,-0.128816957794491
Engabreen,2022-09-01,-0.00785763568570703,-0.040922160961022185,0.024981612584410867
Engabreen,2022-10-01,0.14756157456303498,-0.1852290617293506,0.007753648114665966
Engabreen,2022-11-01,0.05608247116033271,-0.08461426001629069,-0.029767863044057288
Engabreen,2022-12-01,0.10946268420887113,-0.1735358093911303,0.04238068846702573
Engabreen,2023-01-01,-0.2184538225358216,0.14968263612149985,0.18014987196527002
Engabreen,2023-02-01,-0.13398551813768642,0.028883563139012598,0.2540193683965979
Engabreen,2023-03-01,0.19849697275933853,-0.1980732342695852,-0.16635104357693853
Engabreen,2023-04-01,-0.05137593896895496,0.049848061572132625,0.0013625236835787212
Engabreen,2023-05-01,0.15791160693578235,0.04110292969497777,-0.005257640683159604
Engabreen,2023-06-01,0.07858440433770993,-0.03480809487883236,-0.02136689598335394
Engabreen,2023-07-01,0.03976499563103042,-0.021458581469201116,-0.05754450534468317
Engabreen,2023-08-01,0.0862689446556048,-0.05749667184050774,-0.09939152176110418
Engabreen,2023-09-01,0.03983863893304574,0.05308644184685014,0.0010688218721255176
Engabreen,2023-10-01,0.3566811195175415,-0.002149691980892522,-0.1450804392442939
Engabreen,2023-11-01,0.26227318724805476,-0.020535296621691828,-0.026459376374158895
Engabreen,2023-12-01,0.15296008399356348,0.10285732924721103,0.12218515763385955
Engabreen,2024-01-01,0.0557120861398516,0.5469403086575108,-0.12063296169587168
Engabreen,2024-02-01,-0.08251181261520106,0.05181584643063122,-0.06314706238777391
Engabreen,2024-03-01,0.049141187328010705,-0.08758732695517472,0.04216266048486267
Engabreen,2024-04-01,-0.06725384151332478,0.15640645402087366,0.001257857384616991
Engabreen,2024-05-01,-0.03037434234562088,0.24116741115856777,0.04810727540246169
Engabreen,2024-06-01,0.088798718835292,-0.036801350313728005,-0.019887437941720362
Engabreen,2024-07-01,0.09062669837743982,0.012538330000304061,-0.1176346763841372
Engabreen,2024-08-01,0.002019291537008932,0.03145539007428532,-0.060408022787885006
Engabreen,2024-09-01,0.0213654579925492,0.1011528920745559,-0.05967752504821685
Engabreen,2024-10-01,0.12623301102460388,0.12075875842748889,0.06985437176008473
Engabreen,2024-11-01,0.0709221726374773,-0.061268705679597885,0.19479823778758829
Engabreen,2024-12-01,-0.08465399362910964,0.009714411282746615,-0.06412083930012706
Engabreen,2025-01-01,0.16803072163250077,-0.12807424218542812,-0.053915037993453575
Engabreen,2025-02-01,-0.06298616610529136,0.12760148740180854,0.3481424458774631
Engabreen,2025-03-01,-0.007328800756855329,0.06660565614923074,0.04914142887705735
Engabreen,2025-04-01,0.03187170367204349,-0.10115674256360378,-0.05433614520905226
Engabreen,2025-05-01,-0.09481438605138827,-0.024987360402481965,0.019366914766880048
Engabreen,2025-06-01,0.014829060471213844,0.01510075544884485,0.09397857142706723
Engabreen,2025-07-01,0.056621753210599125,0.011987755959652667,-0.004499196497933841
Engabreen,2025-08-01,0.042428773112136414,-0.10980088338521767,0.05882615755620133
Engabreen,2025-09-01,0.12171229007740803,0.0087434636989146,0.08309521517336135
Engabreen,2025-10-01,-0.031191873442516466,-0.08037519029183593,0.04053529099111825
Engabreen,2025-11-01,0.1705412303548356,0.22593499651392787,-0.07931717808019152
Engabreen,2025-12-01,0.08748723642670508,0.2252549747454957,0.36786221993363183
Engabreen,2026-01-01,-0.256926310577575,0.08025378759331496,0.4853385085179715
Engabreen,2026-02-01,0.0083819356844379,-0.16149020822092897,0.16625944921307265
Engabreen,2026-03-01,-0.15302969046121073,-0.11401210919557676,-0.1414572143877532
Engabreen,2026-04-01,-0.10303527061966354,-0.07621585917656284,-0.07541560739016805
Engabreen,2026-05-01,-0.021210402633423015,-0.031156422589254596,-0.10462096014725926
Engabreen,2026-06-01,0.07837400182027511,-0.0032431993932877053,0.00018974534653204075
Engabreen,2026-07-01,-0.014828529175607716,0.0040580613357925404,-0.02567979028669119
Engabreen,2026-08-01,-0.031693437448935394,0.08025539083374088,0.019460225519187607
Engabreen,2026-09-01,0.033644395358398714,0.027300733107975848,-0.07017156993865777
Engabreen,2026-10-01,0.04935512317790758,0.018997814237026706,-0.11888090113204934
Engabreen,2026-11-01,-0.1251668570013117,0.26954023864660664,-0.0032013297376126105
Engabreen,2026-12-01,-0.10821106413200583,-0.07581631685730561,0.35967882326562933
Engabreen,2027-01-01,0.014960524784454157,-0.319985254721636,0.09510787731778954
Engabreen,2027-02-01,0.21035147196937207,-0.011459074637043478,0.13452770991767904
Engabreen,2027-03-01,-0.2985384186279616,0.26291649542780154,0.015292012718670292
Engabreen,2027-04-01,-0.169024793138567,-0.14118223747120587,0.08082799536191683
Engabreen,2027-05-01,0.12589362251719172,0.08481317098759243,0.06359503067489743
Engabreen,2027-06-01,-0.04176504804264081,0.016196434349779073,0.07139369317974054
Engabreen,2027-07-01,-0.0030564121642450703,0.07434444030872493,0.06539842936554185
Engabreen,2027-08-01,-0.0040032054185251955,-0.06578939875376255,0.04500748865905149
Engabreen,2027-09-01,0.03848913436013655,-0.029428809167373376,-0.00549604257106099
Engabreen,2027-10-01,-0.028995206198153742,0.01577363786268922,0.05029061381582813
Engabreen,2027-11-01,0.004696350830381957,0.15123860069312584,0.17425696204652277
Engabreen,2027-12-01,0.12425921772674663,0.37827336765742575,0.37064051860154706
Engabreen,2028-01-01,-0.1512348081470625,0.34959284192154644,0.33143461725969514
Engabreen,2028-02-01,-0.16428115650481198,0.03352642330407976,0.28834921289131227
Engabreen,2028-03-01,-0.28786003805733945,-0.1991947603120731,0.223263097753672
Engabreen,2028-04-01,0.0429081844130351,-0.09071822209884073,0.11438796804237594
Engabreen,2028-05-01,0.13041308338851546,0.07899619977807473,0.07607660230210642
Engabreen,2028-06-01,-0.07022310427741522,0.03265835191613462,-0.043830122870549125
Engabreen,2028-07-01,0.061984489767552525,-0.04289534968290134,-0.07846899551012561
Engabreen,2028-08-01,-0.003478807128979642,-0.10801061211585021,-0.03529177658366258
Engabreen,2028-09-01,0.029890395056626173,0.03233498312743564,0.04426117884344979
Engabreen,2028-10-01,0.013860153485564982,-0.08933656552878788,-0.10269637321386661
Engabreen,2028-11-01,0.03058092962434882,-0.06766943476895655,-0.21703807124998417
Engabreen,2028-12-01,0.01899907580687465,-0.2095825554860713,0.22320222289318306
Engabreen,2029-01-01,0.03538402079960525,-0.20939627187663068,-0.03886480474872967
Engabreen,2029-02-01,0.03927217432452553,0.00010928219979392205,-0.04500809922358914
Engabreen,2029-03-01,0.01633182442064489,-0.0010618750494150511,0.37882700157737625
Engabreen,2029-04-01,-0.20213895938461424,0.13462848535258115,0.13955874878827274
Engabreen,2029-05-01,-0.020793345984412796,-0.02233278855203154,0.09672373298741155
Engabreen,2029-06-01,0.09924801699898488,0.07499178309608315,0.06506043709560297
Engabreen,2029-07-01,0.062235906128772576,-0.04796760214896154,0.01809912675461316
Engabreen,2029-08-01,0.0035905922195244855,-0.007082240086162653,0.05785286223162587
Engabreen,2029-09-01,-0.06865527275143513,-0.00798348337723875,-0.0013867362369489138
Engabreen,2029-10-01,-0.09139197238220427,0.021706336093908155,0.06120357008316829
Engabreen,2029-11-01,-0.014610744468738704,0.05000709217807355,0.09793730110452341
Engabreen,2029-12-01,-0.1910020423977082,0.0676835021535659,0.25180883065586374
Engabreen,2030-01-01,0.11378470827244376,0.10017292701002546,-0.09501738599405608
Engabreen,2030-02-01,-0.24118976635446635,0.07260076565776893,0.0441562384438338
Engabreen,2030-03-01,-0.1860098619585239,-0.28866969872965376,0.2872787701336954
Engabreen,2030-04-01,-0.18368885026388546,-0.1548757501109708,0.15874315937951372
Engabreen,2030-05-01,0.03511734161989526,-0.038580344773882745,0.08931613951218188
Engabreen,2030-06-01,-0.07272983090870133,-0.03607333366239798,0.12948934886388128
Engabreen,2030-07-01,0.02852911042796702,-0.015819197127619047,-0.028073864926047423
Engabreen,2030-08-01,-0.02439034187292759,-0.05363948886258202,-0.012091617950891607
Engabreen,2030-09-01,-0.02299479513546558,-0.007016479663173219,-0.035613645192113914
Engabreen,2030-10-01,-0.08531505758915514,0.04837434533550213,-0.09700726320055818
Engabreen,2030-11-01,-0.2737149359798741,0.10012947066828742,0.3727463552653436
Engabreen,2030-12-01,0.07830826180138367,0.03405735743196339,0.12154122171015279
Engabreen,2031-01-01,0.022583768662055637,0.04924348980375485,0.09414380840606155
Engabreen,2031-02-01,-0.06667322264878937,0.1643423678880261,0.004250759230279885
Engabreen,2031-03-01,0.11376390445699426,-0.06572768314229599,0.06519625246975179
Engabreen,2031-04-01,0.00934711843968933,-0.021734754920910867,0.10806180730307553
Engabreen,2031-05-01,-0.08068419073184817,0.09523021562912848,0.021831226354867617
Engabreen,2031-06-01,-0.12487650853181098,0.07206716108307994,-0.07324800421599338
Engabreen,2031-07-01,-0.04999119519886013,0.11926694430061097,0.06101826136192268
Engabreen,2031-08-01,0.007637301374349176,-0.025193757953557817,0.1117953633011045
Engabreen,2031-09-01,0.13053904829557497,-0.006468728718899287,0.09161921462692907
Engabreen,2031-10-01,-0.15952126675638567,-0.03553805090392905,-0.02059473249842472
Engabreen,2031-11-01,0.06081737735284454,0.00591489597061004,0.049176476061731
Engabreen,2031-12-01,0.05146738196192204,-0.04836915818816878,-0.10444855143853338
Engabreen,2032-01-01,0.18830278284266808,0.1831266655111838,0.005802581869339647
Engabreen,2032-02-01,0.5041250306633832,0.24812212735512928,0.17770356619026914
Engabreen,2032-03-01,0.3806769427285126,0.09232349393678864,-0.10791548997966975
Engabreen,2032-04-01,0.06642346147676656,-0.06870961188995565,-0.1828931173642607
Engabreen,2032-05-01,0.11481023851903334,-0.09018252834887597,0.05585376020665978
Engabreen,2032-06-01,0.04826542012772483,0.03720607064737764,0.11700377324968854
Engabreen,2032-07-01,-0.0058418788277704225,0.02600411649056698,0.04450281222428782
Engabreen,2032-08-01,-0.05954025528662129,0.0714807127904065,-0.07543424256794708
Engabreen,2032-09-01,0.026325480137124813,0.06188703091365294,0.06860801027924823
Engabreen,2032-10-01,0.225760282088026,-0.10748687725636985,0.22853026309240773
Engabreen,2032-11-01,0.032065947540988314,0.04490523287252576,-0.03346713914669768
Engabreen,2032-12-01,-0.20852901955945793,0.2420388103068721,0.027566704972219375
Engabreen,2033-01-01,-0.1438117959817109,-0.2680578255160551,-0.09135047576581184
Engabreen,2033-02-01,0.06757307164015859,-0.010338056046961407,0.013107145426171645
Engabreen,2033-03-01,0.019029015897379327,0.29424314028613324,-0.26436851616099033
Engabreen,2033-04-01,0.08698024794385707,-0.05165961654416936,-0.18735973443724255
Engabreen,2033-05-01,0.06937794926117007,-0.022764535767558856,-0.08175520095730217
Engabreen,2033-06-01,0.03329643642345712,-0.013680466715941237,-0.027738047748649963
Engabreen,2033-07-01,-0.0227038770494649,-0.014764547980876938,-0.02170575080286223
Engabreen,2033-08-01,-0.003452351730369086,0.006440253360974971,0.06723876752055262
Engabreen,2033-09-01,0.000728458676856143,0.050691025331457584,-0.016909341842584705
Engabreen,2033-10-01,0.08529389319122814,0.028346433704382234,0.0676804652840194
Engabreen,2033-11-01,0.05704570769920808,-0.04247962011285533,0.07188936861619694
Engabreen,2033-12-01,0.460401592658211,-0.08934107891859315,0.09009397512521111
Engabreen,2034-01-01,0.3132088823299775,0.04867849296220254,0.06934754739666124
Engabreen,2034-02-01,0.009364382650154596,-0.059557084456930476,0.08169760547050813
Engabreen,2034-03-01,-0.004573421175403466,-0.1600201090366218,-0.19226343903774357
Engabreen,2034-04-01,0.09141413775968997,0.21948262768254453,-0.10332771465279733
Engabreen,2034-05-01,-0.07981008408419078,-0.15203710042661428,0.06452847907223541
Engabreen,2034-06-01,0.028949588427661516,0.051057278516303095,0.10707077993993981
Engabreen,2034-07-01,0.02763948314234006,0.010249931017614919,0.024464509400489425
Engabreen,2034-08-01,0.07080609296999306,0.07668480261719077,0.04106620689108701
Engabreen,2034-09-01,-0.049462543850592754,0.058122606914117414,0.12732269863117526
Engabreen,2034-10-01,0.0801824640723764,0.018224049000933024,0.061760083806695974
Engabreen,2034-11-01,-0.06113053954658578,-0.0700729836881396,-0.11278646244194719
Engabreen,2034-12-01,-0.06769063642399502,0.10937195908219251,0.18773377643351788
Engabreen,2035-01-01,-0.06401879999011818,-0.09292357709113386,0.024811425177921318
Engabreen,2035-02-01,0.03233831167739929,-0.07905126836734162,0.06239648914993389
Engabreen,2035-03-01,0.02101181798290516,-0.14130659914545515,0.10981150909257865
Engabreen,2035-04-01,0.1853889073323642,-0.12846215776931225,-0.12767771404299313
Engabreen,2035-05-01,-0.0002954415939505443,0.02607751853220581,0.010303521527872004
Engabreen,2035-06-01,0.003723446847110077,-0.04847442250388933,0.05112650531522181
Engabreen,2035-07-01,-0.031822450247157505,0.05571646834237565,0.036472699252328475
Engabreen,2035-08-01,-0.08869585010394099,0.026630723878902845,0.08181208938592353
Engabreen,2035-09-01,0.019417707736674835,0.15997278923216954,0.0660909400800835
Engabreen,2035-10-01,0.11704235514156765,-0.05535651688005816,0.002817328358910872
Engabreen,2035-11-01,0.301610585822822,0.019643975171796207,0.05952458190765313
Engabreen,2035-12-01,-0.1748841736950816,-0.2560757474053476,-0.19175469169669054
Engabreen,2036-01-01,-0.15574431456313376,-0.17579101753768347,-0.029020481517772288
Engabreen,2036-02-01,-0.3298486952631368,-0.2758360406812483,-0.2776559420779458
Engabreen,2036-03-01,0.12851361951648885,-0.14439086166240023,-0.12500947291059225
Engabreen,2036-04-01,0.14642142128709743,0.09163967899906722,0.0011784370136023227
Engabreen,2036-05-01,0.1313574664175429,-0.0704997262858678,0.036646222196915594
Engabreen,2036-06-01,-0.022026496419280034,-0.040852926166519116,0.01720238676860612
Engabreen,2036-07-01,0.07087722363939393,0.13421482168960763,-0.014961742065223849
Engabreen,2036-08-01,0.033643167101247096,0.11484438626130467,0.07281481181377453
Engabreen,2036-09-01,0.07889788413797277,0.14785120572793328,-0.08670101157463865
Engabreen,2036-10-01,-0.04881738927981078,0.11439683362383098,0.06938680169431279
Engabreen,2036-11-01,0.08287909493899386,0.09570524432871796,0.15600709800693882
Engabreen,2036-12-01,0.24307516462174475,0.122726095342779,-0.13321325452392613
Engabreen,2037-01-01,0.13183331004937357,0.2458421590493138,0.08241348997505865
Engabreen,2037-02-01,-0.20842852656503408,0.08392166659826743,0.01320356984491164
Engabreen,2037-03-01,0.10409026268933219,0.2398632115042044,0.011547956552128128
Engabreen,2037-04-01,0.046143680856981194,0.1897385327388308,0.02166897950896594
Engabreen,2037-05-01,-0.030641183961027593,-0.016162315760252014,0.06057440448116421
Engabreen,2037-06-01,-0.03794671769419845,0.017699685410289604,0.02591455037130262
Engabreen,2037-07-01,0.02471428698142954,-0.020876933180124128,0.007897851405535493
Engabreen,2037-08-01,0.15930883280685254,0.09243311174191936,0.008499126563154692
Engabreen,2037-09-01,-0.1281478427389378,0.11282767314465281,0.06567423101260299
Engabreen,2037-10-01,-0.16483584123697725,0.05444868733034763,0.06528449270947034
Engabreen,2037-11-01,-0.1153145134161001,0.005442020353027111,0.005155882127889723
Engabreen,2037-12-01,0.17190558777637324,0.050340762717115906,-0.018953729827008468
Engabreen,2038-01-01,-0.03934426223800142,0.1068161551140485,0.04070939839170293
Engabreen,2038-02-01,-0.11903238957448108,-0.09823476125059359,-0.04951939802431996
Engabreen,2038-03-01,0.18804435370459868,0.14955746606625767,-0.1136386297857167
Engabreen,2038-04-01,0.10491728434226967,0.047033744638577735,0.33836108404096676
Engabreen,2038-05-01,0.17094409218007453,0.1897770865045613,-0.010123587552351964
Engabreen,2038-06-01,-0.0197678083071055,-0.022065492509526736,0.09397337418688208
Engabreen,2038-07-01,0.004942767064623594,0.06428462636973065,-0.04479095865829754
Engabreen,2038-08-01,0.05109826202276165,0.12048450389731608,-0.0361033236419101
Engabreen,2038-09-01,0.0983094950469514,0.14242845709107949,0.011203915009417746
Engabreen,2038-10-01,-0.03806485936702309,-0.08121460803918816,0.07987869679835503
Engabreen,2038-11-01,0.014801079872147562,0.14318523220104376,0.14863329842852482
Engabreen,2038-12-01,-0.1435161832425911,0.12985455915642174,-0.09867619824783236
Engabreen,2039-01-01,0.02333178824243275,0.08029601099687321,-0.18672246271722914
Engabreen,2039-02-01,-0.2632040548347463,-0.15102259849173935,0.2419235219312987
Engabreen,2039-03-01,0.21207826618734268,-0.3931307156263946,-0.0758911367960206
Engabreen,2039-04-01,0.13196396960944187,-0.12150778172476677,-0.065300020184048
Engabreen,2039-05-01,0.1795459843023776,-0.015463874871615518,0.0038150038236147202
Engabreen,2039-06-01,-0.03524252546980732,0.07553188881790475,-0.03535236057673563
Engabreen,2039-07-01,-0.0653162385437026,-0.04119197145226746,-0.06815166271260685
Engabreen,2039-08-01,-0.06789991792934212,-0.10420544292707055,-0.03715711764850592
Engabreen,2039-09-01,-0.009920932460351311,-0.092964951895203,0.12184895681488171
Engabreen,2039-10-01,-0.10011458672735646,-0.0437717168934173,0.132525438888229
Engabreen,2039-11-01,-0.14586056938903577,-0.11849364511595496,0.3464269211532159
Engabreen,2039-12-01,-0.07278760444300665,0.210642578520185,-0.006912935608498427
Engabreen,2040-01-01,-0.05392710965830481,-0.0451921281011268,0.3396982828165321
Engabreen,2040-02-01,-0.033379133691992434,-0.031386064874939876,0.31471052752671896
Engabreen,2040-03-01,-0.1891041997657356,0.08175921599337872,0.1461020583970238
Engabreen,2040-04-01,0.23367899415145177,-0.05714219346870411,0.21010242657951772
Engabreen,2040-05-01,-0.009294514059076095,-0.08278172314520456,-0.05611018574874808
Engabreen,2040-06-01,-0.08256965581156808,0.05002021762087024,0.11902965715787343
Engabreen,2040-07-01,0.010661932747345991,-0.054846689772892344,0.08057326430908882
Engabreen,2040-08-01,0.06923528619695374,0.05536718753473166,-0.1006376248912364
Engabreen,2040-09-01,0.0016130007434225536,0.05728157706577152,-0.011809920237036878
Engabreen,2040-10-01,0.002977055395172236,0.04070345670816078,0.08373747640351414
Engabreen,2040-11-01,-0.04039510377028447,0.006470621542524794,0.27153924740725804
Engabreen,2040-12-01,-0.07869817276375866,-0.10512798775184141,0.07429685876156411
Engabreen,2041-01-01,-0.07536425207647407,-0.07822569996311102,-0.04511000939406464
Engabreen,2041-02-01,-0.07634406983000869,0.04113496497076364,-0.16751957140937457
Engabreen,2041-03-01,0.15822042891618338,-0.1697486260910608,0.22162010005864133
Engabreen,2041-04-01,-0.04157795182420282,-0.052420711229834105,0.0011593511018184548
Engabreen,2041-05-01,0.03882864852269765,0.06350821116500725,0.00116354438226407
Engabreen,2041-06-01,0.029059232604329858,0.04928374956532374,-0.044367434140029104
Engabreen,2041-07-01,0.0020981457497675007,-0.026618880531750433,-0.044095473366410065
Engabreen,2041-08-01,0.004125682082437098,-0.041077555848657486,-0.07132831995499066
Engabreen,2041-09-01,-0.0027659117687929557,-0.0067714809696557314,0.035833057666825124
Engabreen,2041-10-01,-0.019890273622482135,-0.2252725820412561,0.061075552937356094
Engabreen,2041-11-01,-0.12782542540441613,-0.04782860709585952,0.1255931710135594
Engabreen,2041-12-01,-0.14869586263513687,0.07555169282636098,0.10129981702583263
Engabreen,2042-01-01,0.06648279045204927,0.2757549321979261,0.30787272279018457
Engabreen,2042-02-01,0.03626354513877953,0.37176803374012213,-0.16541614133676852
Engabreen,2042-03-01,-0.17104037803938058,0.16628970079204122,-0.06585259084666868
Engabreen,2042-04-01,-0.06992355252133586,0.12107324436530777,-0.09025553694405464
Engabreen,2042-05-01,-0.03744260574482171,0.09953953558799022,0.06749443527535588
Engabreen,2042-06-01,0.014146120304964246,0.017775129859426267,0.016400131668089905
Engabreen,2042-07-01,0.07547245811485138,0.021479588394656506,-0.03325912483599997
Engabreen,2042-08-01,-0.01188949627461189,-0.05628289858544198,-0.014235306458295101
Engabreen,2042-09-01,-0.05181424951097313,-0.0029536578706221652,-0.07348201734684194
Engabreen,2042-10-01,-0.04249587319762521,0.09925495361796548,0.013592959184920128
Engabreen,2042-11-01,0.001884552582536711,0.1519638439389214,-0.02218573823861709
Engabreen,2042-12-01,-0.0970328615897089,-0.010731949359907138,-0.08619732459234171
Engabreen,2043-01-01,0.36695549277285977,0.04205245744593795,0.014549548179599156
Engabreen,2043-02-01,0.054797210204353165,-0.032655114371248135,0.18712102380737136
Engabreen,2043-03-01,0.023354868355481298,0.12385764806260818,0.31058864921361157
Engabreen,2043-04-01,-0.07993321265820229,0.21633005953461867,0.12693044525665775
Engabreen,2043-05-01,-0.08235048783788657,0.06347259763803197,0.02301413438764782
Engabreen,2043-06-01,-0.004117554269129034,0.07687510134433335,-0.03799841761898983
Engabreen,2043-07-01,-0.042452599345185825,-0.05235250517248766,-0.029045097859226793
Engabreen,2043-08-01,-0.01905458026068177,0.042911145830434906,-0.06191091252029498
Engabreen,2043-09-01,-0.03741718941651801,0.028094091539463736,-0.026288085774876985
Engabreen,2043-10-01,0.033336947528498466,0.21586885435944878,0.025417832980317894
Engabreen,2043-11-01,-0.02181495405637712,0.10145807724382201,-0.08080683076507862
Engabreen,2043-12-01,0.31015047454662037,-0.1113725992385453,-0.019994890400831897
Engabreen,2044-01-01,0.19686821889907366,-0.03700466913403199,-0.007515609162162638
Engabreen,2044-02-01,0.36482342408212604,0.09047033806350852,0.11235377073054927
Engabreen,2044-03-01,0.02451764724815657,-0.2875878666409726,-0.08871367098972997
Engabreen,2044-04-01,-0.10895063702472967,-0.11829640959918519,0.02041413360283788
Engabreen,2044-05-01,0.17803241273264284,-0.10329664245591193,-0.013624903330703651
Engabreen,2044-06-01,0.036015022785167355,0.0923895279900923,-0.009792699472403825
Engabreen,2044-07-01,0.014404215707184571,0.05906373897363996,0.011179958775796035
Engabreen,2044-08-01,0.0332802410278519,0.028388789179580275,-0.05576530287198359
Engabreen,2044-09-01,-0.05584943698955066,-0.010633515925795001,-0.013284787803314947
Engabreen,2044-10-01,-0.13164665666892977,-0.05077272161258784,-0.15254585248109528
Engabreen,2044-11-01,-0.009978196502621888,-0.09596457782271546,-0.03610951061123747
Engabreen,2044-12-01,0.039379257445800675,-0.2134582573437045,-0.23115219446152113
Engabreen,2045-01-01,0.06063680638546737,-0.3208961347173999,-0.18266894683825827
Engabreen,2045-02-01,-0.00316876802344943,-0.17580422311468116,-0.014250334127090834
Engabreen,2045-03-01,-0.13236526054231426,-0.03936635069415171,0.054836903818052396
Engabreen,2045-04-01,-0.001916085799332446,-0.12492440235645504,-0.11763184574342093
Engabreen,2045-05-01,0.11644583693044026,0.009246874306037692,-0.04668644016992124
Engabreen,2045-06-01,0.018910697493244956,0.04283992768938218,-0.008248856849906394
Engabreen,2045-07-01,-0.01635863496342214,0.16887343700428495,0.054799890992564576
Engabreen,2045-08-01,0.014331448867900424,0.067051967330195,0.020180124983532746
Engabreen,2045-09-01,0.030870116200525304,0.12568963783655726,0.06734356658963972
Engabreen,2045-10-01,-0.01714882271625919,0.23302301247884935,0.0855683866033234
Engabreen,2045-11-01,0.1574798224521482,-0.0446040071214319,0.04685034749072378
Engabreen,2045-12-01,0.13423070689842,-0.1128101039521926,0.2144121712967828
Engabreen,2046-01-01,-0.07999403099546575,-0.006491092737800223,0.28706664108143926
Engabreen,2046-02-01,-0.3217903027210593,-0.3578922547381255,0.14582824023752242
Engabreen,2046-03-01,-0.04490592727617926,-0.381573676343179,0.1453160090354939
Engabreen,2046-04-01,-0.059012847889617415,0.1244103331813281,-0.027527002495168044
Engabreen,2046-05-01,0.003946488573844206,0.20346640079070574,-0.06379765988528084
Engabreen,2046-06-01,-0.012175945651402294,-0.03881082024941935,0.011346933451171817
Engabreen,2046-07-01,0.1042307512953186,0.09479821286828337,-0.05660576705306939
Engabreen,2046-08-01,0.14432541154417314,0.06455454180904314,0.12310235453187425
Engabreen,2046-09-01,-0.03263524718995937,0.09278328849341096,-0.05809794792091444
Engabreen,2046-10-01,0.123664024425183,0.018876359301653513,-0.049622114404905965
Engabreen,2046-11-01,0.16886175108806703,0.13292066872633976,-0.021083067127730813
Engabreen,2046-12-01,-0.02433321455395597,-0.06735370361582567,0.06474871577801207
Engabreen,2047-01-01,0.12177768197138383,0.08390578820282087,0.4498848263908363
Engabreen,2047-02-01,0.04710173309633741,0.2968805730293426,0.322350249825291
Engabreen,2047-03-01,-0.08426320971159068,0.06324837301080805,0.24724519381095708
Engabreen,2047-04-01,-0.14020393560257519,0.13829987729361545,0.17005523233768605
Engabreen,2047-05-01,-0.0026782858919768347,-0.06708230453513049,0.030569007461136322
Engabreen,2047-06-01,-0.014536044622780077,-0.08325729517402085,-0.053745684427468014
Engabreen,2047-07-01,0.02877018351328564,0.040995938675505196,0.04536349189135631
Engabreen,2047-08-01,0.01938514872448002,-0.018827081210193806,-0.02797779458508828
Engabreen,2047-09-01,0.06674892179577507,0.07400364617232884,-0.009434853965645458
Engabreen,2047-10-01,-0.17066069360560576,-0.13993873101351603,-0.06079012871316986
Engabreen,2047-11-01,0.19916685935752165,0.09296697332217822,-0.0010679618998385616
Engabreen,2047-12-01,0.1339736900638378,0.2622383868070061,-0.08578398147782589
Engabreen,2048-01-01,-0.09650590105013988,0.2679511739854064,0.4312459702168335
Engabreen,2048-02-01,-0.07423448356853218,0.4136961695620949,0.5105127530093527
Engabreen,2048-03-01,0.17309793275273963,0.24706940019428736,-0.04945378061968064
Engabreen,2048-04-01,0.06615567079002883,0.2851495587803922,0.041356242623521534
Engabreen,2048-05-01,0.005054840236977015,-0.07148935960829038,0.016879592049623585
Engabreen,2048-06-01,-0.004248414181584447,0.06032848229746276,0.03332638901151407
Engabreen,2048-07-01,-0.008264959820718875,0.10573267240165873,-0.11126551001060488
Engabreen,2048-08-01,-0.02324884259292209,0.10294204941714709,0.05669595396370195
Engabreen,2048-09-01,0.02646738643640427,0.06777486234427858,-0.08254759565415198
Engabreen,2048-10-01,0.16558735994422652,-0.034726006884476725,-0.01498322265601148
Engabreen,2048-11-01,0.09016911030578952,-0.1277937715699581,0.0602685817057941
Engabreen,2048-12-01,0.2966567316207793,0.22041486119998857,0.07683805615236859
Engabreen,2049-01-01,0.25482658482659554,0.18951319440449088,-0.1652435194640481
Engabreen,2049-02-01,0.279822199630357,0.057755513550632444,-0.0728775818751638
Engabreen,2049-03-01,0.3627470296118764,0.12391555915836379,0.09335513453216808
Engabreen,2049-04-01,0.19374835269463475,0.04682552325193131,0.051084006316018254
Engabreen,2049-05-01,-0.009370507595102618,-0.14702770617997843,-0.04485439082790129
Engabreen,2049-06-01,0.10605057862403584,0.010033834267460765,0.03726940025523002
Engabreen,2049-07-01,0.0019245917508553532,0.025472263853845822,0.03378842931762896
Engabreen,2049-08-01,0.1159147271915889,0.004995059789368023,-0.03825238059737488
Engabreen,2049-09-01,0.0911092952750557,0.032565003864711256,-0.06716122244552926
Engabreen,2049-10-01,0.028484232516658593,0.1707636136770578,0.10371089236058716
Engabreen,2049-11-01,-0.2108612819496282,-0.03855651105709639,0.131479455357891
Engabreen,2049-12-01,-0.062923299200366,-0.18992774141757238,0.04055099666592322
Engabreen,2050-01-01,-0.14207817759026584,-0.005446267521000474,-0.09063962148868702
Engabreen,2050-02-01,0.07278163453163261,0.09361813200479623,-0.02114444429026129
Engabreen,2050-03-01,0.15327781535765428,-0.1659690329030269,0.19430327045324258
Engabreen,2050-04-01,-0.11821877823519696,-0.07131177208300364,0.005970657003222644
Engabreen,2050-05-01,0.005710416592347739,-0.08034788779446161,0.03893015359098295
Engabreen,2050-06-01,-0.01607196830576848,-0.028336919746840772,-0.06895911226798936
Engabreen,2050-07-01,0.05833620926441593,-0.0007527048776239063,-0.05263396816263042
Engabreen,2050-08-01,-0.047699313118224916,0.07680716481563536,0.018585888609405087
Engabreen,2050-09-01,-0.046256922462331256,-0.048522446260692846,0.08098949125292855
Engabreen,2050-10-01,0.031334386893063955,0.004588865962314614,-0.014188162492935641
Engabreen,2050-11-01,-0.04045577862543161,-0.00651807278788578,0.037206856821796426
Engabreen,2050-12-01,0.04218304826645647,0.2939987490390128,0.27622831365998024
Engabreen,2051-01-01,-0.03499804047131697,-0.19080421374425516,0.27371162363423646
Engabreen,2051-02-01,-0.16425563343933897,-0.4076898901838725,-0.22187405513330286
Engabreen,2051-03-01,0.2627785471305764,0.0011589668475685915,-0.03414657786705524
Engabreen,2051-04-01,-0.252716705438564,0.2539561666867591,-0.08683727834158571
Engabreen,2051-05-01,0.09404369940268388,0.18207825900592975,-0.05284630794157647
Engabreen,2051-06-01,-0.05348453810638234,-0.054201419309020234,-0.058751687764501355
Engabreen,2051-07-01,-0.007505661661487116,0.033946098375196285,0.024671903567744735
Engabreen,2051-08-01,-0.0012438970053115013,0.013922163736343177,0.04078309816205899
Engabreen,2051-09-01,0.13622323696248825,-0.012958872127139058,-0.04632883921650338
Engabreen,2051-10-01,0.0446063623290815,-0.008627508592525026,0.018841608804313018
Engabreen,2051-11-01,0.12149971862972282,-0.09524821288726987,0.09533787009171006
Engabreen,2051-12-01,0.15513252691734553,-0.05859680708743703,0.1674236532848473
Engabreen,2052-01-01,0.0013387186842482395,0.28907093573148535,0.011397958231108701
Engabreen,2052-02-01,-0.4093154817278897,0.2270048605931474,-0.12050943867049498
Engabreen,2052-03-01,0.16004991284734196,0.11161305673222129,-0.2628861913015916
Engabreen,2052-04-01,0.4033508218405113,0.06756199088572906,-0.1290756521947274
Engabreen,2052-05-01,-0.15567472155508513,0.0010375991482016965,0.10066358166371714
Engabreen,2052-06-01,0.011541009013260384,0.11012671547446085,0.07163864294372192
Engabreen,2052-07-01,0.1033348307146174,-0.04574902369662478,-0.026123019346923525
Engabreen,2052-08-01,0.07381925545024202,0.15593785964204357,0.06355869708002804
Engabreen,2052-09-01,0.03950518718055836,0.058163735792009154,0.001084810883360613
Engabreen,2052-10-01,-0.09606527867604109,0.022673937742466063,0.04524756368797642
Engabreen,2052-11-01,-0.10903836221560792,-0.1671390360698253,-0.0831364448770661
Engabreen,2052-12-01,-0.08120169877748339,-0.06572929389385024,-0.2728678468305021
Engabreen,2053-01-01,0.30640671220259713,-0.130856295806943,-0.191253675421818
Engabreen,2053-02-01,0.1383761978373062,-0.12045456334226516,0.07020562140683854
Engabreen,2053-03-01,-0.09488067482852774,0.016762866105029715,0.22092119692642878
Engabreen,2053-04-01,0.08094807116974795,0.09905783468160584,-0.07805828226383489
Engabreen,2053-05-01,-0.06962354649219903,0.17477518579340798,0.060488772927165674
Engabreen,2053-06-01,0.038717276753238085,0.009269725772511265,-0.07355576860948256
Engabreen,2053-07-01,0.08971745993894666,0.0042060989211168374,-0.07149236525387033
Engabreen,2053-08-01,0.033090137254602525,0.0025916219363526275,-0.001530288653405937
Engabreen,2053-09-01,-0.009013830171906271,-0.017858141446497094,0.02550436472727587
Engabreen,2053-10-01,0.07647668489983656,-0.05319254724830703,0.006955655167157172
Engabreen,2053-11-01,-0.048974161440593356,0.1505691734938275,0.02169266916656659
Engabreen,2053-12-01,-0.027885291336011597,0.14510946281109074,0.16464316057264763
Engabreen,2054-01-01,0.018108223507391552,-0.054512377411046524,0.1399091696394932
Engabreen,2054-02-01,0.06376515000085549,-0.3260201237582651,-0.04407809591529302
Engabreen,2054-03-01,-0.17192609184112506,-0.05352811961240498,0.32813334483408
Engabreen,2054-04-01,-0.08559791566917718,-0.15564925510718464,-0.0016379375979931287
Engabreen,2054-05-01,0.004436492808023125,-0.0817488559641208,-0.02818285883443999
Engabreen,2054-06-01,-0.07377805340115534,-0.002680282123540989,0.04187008367745141
Engabreen,2054-07-01,-0.0044286903631599395,0.04565799002847942,-0.037262205940432266
Engabreen,2054-08-01,0.09646038305103581,0.01364576951452399,0.03926389069279314
Engabreen,2054-09-01,0.019788232395935256,0.10199573232819104,0.06540363929035153
Engabreen,2054-10-01,0.02122077159266283,0.1649560776382958,0.038611509995382355
Engabreen,2054-11-01,-0.08800968893332133,-0.055729082156828154,0.15409352991708855
Engabreen,2054-12-01,0.19173207483195842,-0.15520204821850878,-0.0780414117862914
Engabreen,2055-01-01,0.2732522889850017,0.12042138743411852,0.15178598167356058
Engabreen,2055-02-01,0.41433044433971394,0.12425247337597171,0.24927776504172505
Engabreen,2055-03-01,-0.0296727612049766,0.024457753726149906,-0.007678846042973829
Engabreen,2055-04-01,0.11204666283217472,-0.1747428676618499,-0.21933115267701317
Engabreen,2055-05-01,-0.03774470214490656,0.05840140320527967,-0.0038159947042448656
Engabreen,2055-06-01,0.03273180335333136,0.01922112435282686,0.011944049999483612
Engabreen,2055-07-01,0.06639765488008459,0.05876454134773057,0.003125493171206209
Engabreen,2055-08-01,-0.06753659215850569,0.03901049100020449,0.029960384288683483
Engabreen,2055-09-01,-0.1168902511348416,0.1540603327933466,0.047400143974637564
Engabreen,2055-10-01,-0.0437466735241632,0.06293365189846788,-0.16065159033977883
Engabreen,2055-11-01,0.08957900212813896,0.238565469324993,0.12990930966086792
Engabreen,2055-12-01,0.00940349148709635,0.15255882956774683,0.11657609676190828
Engabreen,2056-01-01,0.1325800538072502,-0.09586459522822079,0.03538428430955962
Engabreen,2056-02-01,0.26445907138211194,-0.16404930657779754,0.03474240347475641
Engabreen,2056-03-01,0.061069486794626406,-0.06679035760875736,0.05138125963565717
Engabreen,2056-04-01,-0.24832432874556973,-0.021871945650860352,-0.07283272048795135
Engabreen,2056-05-01,-0.050077777482429336,0.20503900368440442,0.04187988993191182
Engabreen,2056-06-01,0.039224974337209007,0.04167601743201952,0.0570538052340771
Engabreen,2056-07-01,0.09349861119858864,0.05576898992204998,0.05178087432144518
Engabreen,2056-08-01,0.05900241632592481,0.05867123665308422,0.049923565478516764
Engabreen,2056-09-01,-0.024864148265774835,0.05969618775796617,0.03883844627371674
Engabreen,2056-10-01,0.08705433457734608,0.03105409795471201,0.14772573008667286
Engabreen,2056-11-01,-0.10200216644158223,0.15260222124045517,0.1637989663842586
Engabreen,2056-12-01,-0.18778829519754048,0.2814391706166035,0.0029076299081395355
Engabreen,2057-01-01,-0.15696665699244292,0.47153148437951314,-0.13206079767640178
Engabreen,2057-02-01,-0.20102193463510684,0.14886268090100696,0.22644128436369423
Engabreen,2057-03-01,-0.2484644850042732,0.01583903871728753,-0.11942608406293233
Engabreen,2057-04-01,-0.03455509810136806,0.02065999071922302,-0.05042296482529582
Engabreen,2057-05-01,0.039054025854454735,0.003859404881379131,-0.12034140171170955
Engabreen,2057-06-01,0.07493098365926401,0.03324731817066024,-0.011908536775859643
Engabreen,2057-07-01,-0.05869554051899132,0.09369438935517553,0.07924812159707643
Engabreen,2057-08-01,-0.08038284179883622,0.02509327180886732,-0.008161075184800347
Engabreen,2057-09-01,0.02693282890073627,0.06794118028250899,-0.013657785310792833
Engabreen,2057-10-01,-0.026079668318619256,0.07841854440026809,-0.08270344982435221
Engabreen,2057-11-01,-0.027231139913764028,0.040225678173452316,0.1558617730563284
Engabreen,2057-12-01,0.015998785113466123,0.08103303154629493,-0.026386399825204358
Engabreen,2058-01-01,0.12517456234065205,-0.04864985531450911,-0.35524514200740737
Engabreen,2058-02-01,-0.12415558638508535,-0.13358178249544397,-0.4193723077815341
Engabreen,2058-03-01,-0.3796136183163696,0.14248021279533205,-0.18432392431592448
Engabreen,2058-04-01,-0.02729721552736337,0.12992017311434087,-0.365329295641956
Engabreen,2058-05-01,0.05816281581238114,0.03479655839553737,-0.0029756553791509452
Engabreen,2058-06-01,-0.1413719698955667,0.13007789580565912,-0.06549657469947558
Engabreen,2058-07-01,-0.009227487536669892,-0.012217064269303279,-0.05106354911673078
Engabreen,2058-08-01,0.03899870415652002,0.011955444681776404,-0.0108289563750595
Engabreen,2058-09-01,-0.09529335050853537,0.020571780046575137,-0.013977509672910879
Engabreen,2058-10-01,0.043233456372539725,0.2001619580986965,0.02430438249732843
Engabreen,2058-11-01,-0.044837583535811444,0.10421769955503381,0.10926760050508129
Engabreen,2058-12-01,-0.0691329843541494,0.12209936440738622,-0.18123948810779913
Engabreen,2059-01-01,0.23628055981062127,-0.17992307930381193,0.10889961715088203
Engabreen,2059-02-01,-0.07987719052362725,0.03892072047777282,-0.14094008295427973
Engabreen,2059-03-01,-0.30549499230268645,-0.03899138052134716,0.15306912592162622
Engabreen,2059-04-01,0.09546532815555393,0.1735872013395925,0.09837936900667231
Engabreen,2059-05-01,0.02495096958156891,0.11041626670801598,-0.01758320254250113
Engabreen,2059-06-01,0.13782373547663593,0.022778779137168678,-0.014695032258957288
Engabreen,2059-07-01,-0.05343616570892636,-0.014711115640216668,0.02017640141999928
Engabreen,2059-08-01,-0.03266314269529164,-0.06874802533860051,-0.027170057186730264
Engabreen,2059-09-01,0.20160853859597805,-0.0536226489839842,0.025578884899596824
Engabreen,2059-10-01,-0.02033510304792945,-0.0670639871824039,0.10922982083910426
Engabreen,2059-11-01,0.011393561273387387,0.10357787727815748,-0.11621810840762585
Engabreen,2059-12-01,0.10186025167043201,-0.04006491752281905,0.2152134991320176
Engabreen,2060-01-01,0.048825823399675915,-0.09299098962784084,0.04486808084895263
Engabreen,2060-02-01,0.23466971848525917,0.14471683013358405,0.15691348146040887
Engabreen,2060-03-01,-0.012284782015202805,0.06920755939534401,0.04214111843093244
Engabreen,2060-04-01,0.03864207758715824,-0.002158288304211419,-0.03861134730859547
Engabreen,2060-05-01,-0.028023092997810018,0.07306696628359187,-0.030919217529206372
Engabreen,2060-06-01,0.03605091699734054,0.10023036563006384,0.06957740681139644
Engabreen,2060-07-01,-0.0004139308982830635,0.005454177928895097,0.019345138211647225
Engabreen,2060-08-01,0.11172905271008694,0.02836547704099378,0.06595261979238938
Engabreen,2060-09-01,0.045697571494315144,0.03851140331276618,-0.013716248914284928
Engabreen,2060-10-01,-0.011298933323094694,-0.09728240585281873,0.14474326551749642
Engabreen,2060-11-01,-0.1731251191296698,-0.14526901486935637,0.12022694619973952
Engabreen,2060-12-01,-0.01132651847451815,0.24144465481207492,-0.1532612289724099
Engabreen,2061-01-01,-0.3760470980227206,0.05537866449270947,-0.1318178124199593
Engabreen,2061-02-01,0.015637360694991595,-0.169153474372385,-0.3124725792036975
Engabreen,2061-03-01,-0.03467666496868156,-0.12952325833348613,0.1268030262636232
Engabreen,2061-04-01,-0.16913872199305047,-0.004838716092721645,0.17643061528673268
Engabreen,2061-05-01,0.011286515791459886,-0.017362652235072235,0.10497727972118509
Engabreen,2061-06-01,0.11268591706478082,0.06748588847961068,-0.052519266840556335
Engabreen,2061-07-01,0.007183391755239521,0.10426696053985884,-0.018679095861553942
Engabreen,2061-08-01,0.0033415680941815754,0.02144468328827233,0.06822597865036197
Engabreen,2061-09-01,0.04994494744588657,-0.03942573711916528,-0.07852218323206224
Engabreen,2061-10-01,0.060509665399904655,0.02534211912625428,-0.07751849686215995
Engabreen,2061-11-01,-0.16300028448659665,-0.0727622674346034,0.08457388234321128
Engabreen,2061-12-01,-0.2664698069116081,-0.07274975744303555,0.1676620005795482
Engabreen,2062-01-01,0.058030949965553025,-0.13434283521901608,0.22961383874044305
Engabreen,2062-02-01,0.03796235417037525,-0.12265712707470537,0.37909507792555114
Engabreen,2062-03-01,0.05236462944407352,0.16976666937222387,0.12783132351850782
Engabreen,2062-04-01,-0.09141642459661888,0.23569300389031497,0.1667995299016288
Engabreen,2062-05-01,0.04233674494592487,-0.0028219305651822364,0.1034517782825342
Engabreen,2062-06-01,0.06894722938827487,-0.0028515415760504426,0.007748381702456446
Engabreen,2062-07-01,0.1259234616002762,-0.01568642117220569,0.02265464070548909
Engabreen,2062-08-01,0.08689779409852932,0.04497256193295901,-0.052929939982727624
Engabreen,2062-09-01,0.018430081913242857,0.03201522272394867,0.06868565980593634
Engabreen,2062-10-01,-0.037628152688595186,0.18997707987652965,0.08426903039588801
Engabreen,2062-11-01,-0.06796476831460314,-0.04937049456796324,-0.07663453268015342
Engabreen,2062-12-01,0.10094379713112218,-0.21754115962672807,0.024340024086509215
Engabreen,2063-01-01,0.38396078419312335,-0.10431721310258658,-0.2173743237282053
Engabreen,2063-02-01,-0.02200389400954032,0.25513032424412385,0.09823097727519091
Engabreen,2063-03-01,-0.1734469896278615,0.2668954005489442,-0.07952774117829298
Engabreen,2063-04-01,0.14015973124451744,0.06814911067541547,0.05318977316373513
Engabreen,2063-05-01,0.004374628027374461,-0.03625699484373287,0.003140218115487524
Engabreen,2063-06-01,0.03706758807014323,-0.061434205961233945,0.0725823164292891
Engabreen,2063-07-01,-0.05010653565918562,-0.024246723668759847,0.016979753711866576
Engabreen,2063-08-01,0.11847240160061068,-0.08821568167302335,0.061787223952560456
Engabreen,2063-09-01,0.018176165002139158,-0.03520296140612568,0.03224897644395594
Engabreen,2063-10-01,0.017538422953043333,0.016556693929352856,0.07673353108438075
Engabreen,2063-11-01,0.03365306395778217,0.12180551717485984,-0.0026745065539889403
Engabreen,2063-12-01,0.07965247440109019,-0.13253870218888833,-0.01805718378864218
Engabreen,2064-01-01,0.08022553136121523,0.01258522134489587,-0.06730318006779362
Engabreen,2064-02-01,0.2726674389165483,-0.09650976966465465,-0.1868009601820478
Engabreen,2064-03-01,0.20364066678073608,-0.0792677738661678,-0.06714561920195872
Engabreen,2064-04-01,0.3254328106121695,0.03185263231339772,0.04048618557254218
Engabreen,2064-05-01,0.010265990434214443,0.010959639882976052,-0.08977689102711685
Engabreen,2064-06-01,-0.08524028673017985,0.021398026460415165,0.012553745363262698
Engabreen,2064-07-01,0.0031403831474178523,0.02360118390084448,0.033508224701141155
Engabreen,2064-08-01,0.042467023101061825,-0.009949733453050235,-0.013806796851920782
Engabreen,2064-09-01,-0.004568412554726501,-0.14646257558996953,-0.0004413401656851122
Engabreen,2064-10-01,-0.08397903950715757,0.0350877244328732,-0.04077541887532105
Engabreen,2064-11-01,-0.13857820032393345,-0.012990167863180696,-0.14227974804853175
Engabreen,2064-12-01,-0.13302888593488202,0.05296593237857113,-0.055413600472935955
Engabreen,2065-01-01,-0.1291394742863198,0.3338238534336573,-0.12371204167274168
Engabreen,2065-02-01,0.17354022699025792,0.2456848126557497,-0.20139206022047074
Engabreen,2065-03-01,0.08795138783301093,-0.19085575786831202,-0.06576837118397318
Engabreen,2065-04-01,0.24714920528935247,-0.12864514278000858,-0.12097473572374218
Engabreen,2065-05-01,0.07311432846394901,0.14446338721504,0.09108436410620628
Engabreen,2065-06-01,-0.06669670206939375,0.07772774036912371,0.0764851848266404
Engabreen,2065-07-01,0.0317303402927491,0.01845004637861322,0.10325202609311847
Engabreen,2065-08-01,0.011153735756733068,0.02499813359569369,0.03280827684523215
Engabreen,2065-09-01,0.08181389935720355,-0.13351175458902334,0.013104503349145022
Engabreen,2065-10-01,0.06331346235335826,0.037845032021762634,0.06452914907139766
Engabreen,2065-11-01,-0.030951024630560136,-0.05250670989261713,0.1334638458654307
Engabreen,2065-12-01,0.07854538652017194,-0.20796471336849853,0.132359782391675
Engabreen,2066-01-01,-0.13605428393800167,-0.11839299304370726,0.21502078381678402
Engabreen,2066-02-01,0.09182777832236107,-0.17865922408258705,-0.1866815551599522
Engabreen,2066-03-01,0.067715600159007,0.045023271238880606,-0.19730583148317385
Engabreen,2066-04-01,0.06777018954198182,-0.2630014259470067,0.029810831641500196
Engabreen,2066-05-01,0.01980787854510134,0.11331424782978765,0.025824222457195428
Engabreen,2066-06-01,0.08808837145256222,-0.006349096506382375,0.05622111289622788
Engabreen,2066-07-01,-0.016820570085270586,0.018555767394124446,0.06308779630104028
Engabreen,2066-08-01,0.005504788661216259,-0.015078537337795081,0.004199016147742973
Engabreen,2066-09-01,-0.022357425242112153,0.05217764108256015,0.021323642471426055
Engabreen,2066-10-01,-0.06239317167780776,0.0327389422783066,0.16803221599028725
Engabreen,2066-11-01,0.16915953406449055,-0.21378885275394888,-0.14170086348759497
Engabreen,2066-12-01,-0.18855242905354766,0.10157764970844711,0.051073992825998525
Engabreen,2067-01-01,7.890438055155324e-05,0.0009335255709083378,-0.15479909700999347
Engabreen,2067-02-01,0.08977220622034027,0.018654400798243053,0.21031872606905588
Engabreen,2067-03-01,0.20810877471869496,0.0895906561990482,0.2785044442151565
Engabreen,2067-04-01,0.07636288179586134,-0.09196404473784299,-0.11139907871225187
Engabreen,2067-05-01,-0.02418226980164004,-0.1083013048142817,0.08668177776109848
Engabreen,2067-06-01,-0.006386146585976624,0.058734528824792166,-0.008542571135727163
Engabreen,2067-07-01,-0.0032686276095837997,0.06414733051326627,0.02229906453940722
Engabreen,2067-08-01,0.029689215425656296,0.05008336753847192,-0.0294994249182034
Engabreen,2067-09-01,-0.031787853659753444,0.1679071396252527,0.0730640538723246
Engabreen,2067-10-01,-0.06368714192995899,0.24592292488918133,-0.013593804824728483
Engabreen,2067-11-01,0.02645602951537446,-0.05832871113912769,-0.12405464817062951
Engabreen,2067-12-01,0.11604114691694085,-0.05050684040524681,0.14577075205198695
Engabreen,2068-01-01,0.21751109227243126,0.16805417674556297,0.1063968789095839
Engabreen,2068-02-01,-0.005191779737221337,0.3820916846349803,-0.048979823681867186
Engabreen,2068-03-01,-0.20162174049199075,0.08817143462746481,-0.09080599173306166
Engabreen,2068-04-01,-0.047954306192996565,-0.11883946039989561,0.0576783701814233
Engabreen,2068-05-01,-0.061857551021154276,-0.08840551820528615,-0.005963182637079424
Engabreen,2068-06-01,0.16871051205144838,0.0916519274593311,0.029587798780271166
Engabreen,2068-07-01,0.09269355519868992,0.050875176559926995,-0.04259306833381355
Engabreen,2068-08-01,0.015883915978625002,0.1460537012185038,0.012184077214983319
Engabreen,2068-09-01,5.7168445794878245e-05,-0.050505255527902713,-0.008232537649951738
Engabreen,2068-10-01,0.08238330855502762,0.10046713982195231,-0.037183354809883884
Engabreen,2068-11-01,-0.05993125328997471,0.08550781224404198,-0.06312426988181627
Engabreen,2068-12-01,-0.0398717286419838,0.046550881100825725,-0.16961057946413338
Engabreen,2069-01-01,-0.11144208206497357,-0.09784637850926496,-0.1801063850284579
Engabreen,2069-02-01,0.4465817935714327,-0.15633197221469167,-0.06612022153606291
Engabreen,2069-03-01,-0.02120958018731124,0.3754477897594606,0.03935508523736891
Engabreen,2069-04-01,-0.10248015342460122,0.1538156341288112,-0.293849342455298
Engabreen,2069-05-01,0.004885458863355165,0.0866282579153524,0.05200542799384437
Engabreen,2069-06-01,0.05115310998973749,0.034891865555098635,-0.03296150211269895
Engabreen,2069-07-01,0.03067511906333319,-0.012419418043562995,0.050991460685272584
Engabreen,2069-08-01,0.10507732881255505,0.023291700739891424,0.09072546049976593
Engabreen,2069-09-01,0.014782777470576117,-0.12846040059979666,-0.05355621246205339
Engabreen,2069-10-01,0.10847922872249671,-0.004357530241294541,-0.008924876440766089
Engabreen,2069-11-01,0.030853546741033317,0.026428893585110348,-0.14496734894720184
Engabreen,2069-12-01,0.2370362138973027,0.12779785539295563,-0.04963788355527207
Engabreen,2070-01-01,-0.1963870197677399,-0.016100458625723166,0.15670631213512998
Engabreen,2070-02-01,0.27356932354889985,-0.02699788966401927,-0.13934052073232928
Engabreen,2070-03-01,-0.15965036710201916,0.39698979664011586,0.17203365416592967
Engabreen,2070-04-01,0.10360806811245706,-0.12020074699401447,0.20382600081304955
Engabreen,2070-05-01,-0.009848989598604257,-0.0516710579067042,-0.0053116766600481355
Engabreen,2070-06-01,-0.037029738210672736,-0.1622145181014214,0.03204230520660898
Engabreen,2070-07-01,0.01935223868883803,-0.04955140839502551,0.09821990527337861
Engabreen,2070-08-01,0.08542668565281308,-0.038273154181694136,-0.09522698706123678
Engabreen,2070-09-01,-0.04563872557192275,-0.0761158504445194,0.02214827208471029
Engabreen,2070-10-01,-0.06674656198152747,-0.10324259323670719,0.009973385463981646
Engabreen,2070-11-01,0.12167338442108606,0.05196608104263481,-0.0986964747852796
Engabreen,2070-12-01,0.04986207831701587,0.08721614739330348,0.07665444992282244
Engabreen,2071-01-01,-0.056680112736378914,0.05853668070484791,-0.10786859158662497
Engabreen,2071-02-01,-0.07496933734283225,0.11719516674144671,-0.21021259183842936
Engabreen,2071-03-01,-0.016621290422124544,0.003535578760621142,-0.027397270134894524
Engabreen,2071-04-01,-0.024238060123703414,-0.031752031424294974,0.21211015583433857
Engabreen,2071-05-01,-0.05539478226050709,0.047958933464539714,-0.06952975547632732
Engabreen,2071-06-01,0.11015915367471951,0.06989650481048693,-0.06171492360755587
Engabreen,2071-07-01,0.03753112856230285,0.004602776686151141,-0.009404727312389718
Engabreen,2071-08-01,-0.018845232576544135,-0.1094844048422422,0.04910143703415595
Engabreen,2071-09-01,0.004504540341265485,-0.1360381443960295,0.1695485237875997
Engabreen,2071-10-01,-0.02856617722639622,-0.029723709777624868,0.04124354118976109
Engabreen,2071-11-01,-0.05325235277706077,0.07529696079447527,0.05850111273233388
Engabreen,2071-12-01,0.1349696414234232,0.17237764819927803,-0.03525007447359033
Engabreen,2072-01-01,0.15155110726400353,0.007979093299344939,-0.22671502302967625
Engabreen,2072-02-01,0.24375151295549866,0.017814629717731473,-0.28799251159524325
Engabreen,2072-03-01,0.35492892100823453,-0.17127020190175438,-0.36937796639656223
Engabreen,2072-04-01,-0.16244370569649344,-0.22018276322239014,-0.1409154858022871
Engabreen,2072-05-01,0.06410257122014447,-0.07132334813306877,0.15552336923328203
Engabreen,2072-06-01,0.012554956891873728,-0.01632583126702535,0.11599859530553558
Engabreen,2072-07-01,0.045517876114298854,0.032620313506618,0.11862276765405429
Engabreen,2072-08-01,0.006690528454272082,0.012706589055674239,0.09395356981803682
Engabreen,2072-09-01,-0.06481023230753503,0.0583590941644009,0.280475678923597
Engabreen,2072-10-01,0.011062375832964327,0.08323158797673139,0.20404419319847159
Engabreen,2072-11-01,-0.06847358885683368,-0.10686695337588455,0.001959738669290179
Engabreen,2072-12-01,0.14463014959817588,-0.2813961790655144,0.04745647929523491
Engabreen,2073-01-01,-0.005869016378166829,-0.25876818052239214,-0.12840113713359813
Engabreen,2073-02-01,-0.034892116431257586,-0.21861258552349092,0.045300882423864104
Engabreen,2073-03-01,0.03490489514974613,-0.15124954589388584,-0.1169212778960785
Engabreen,2073-04-01,0.04118239823011532,0.088357623968486,-0.06138098453341373
Engabreen,2073-05-01,0.00048659763406832916,0.018928665117372158,0.000299574592560922
Engabreen,2073-06-01,-0.04809202634342059,-0.03224697586212597,-0.06411525976074092
Engabreen,2073-07-01,-0.05048689292059633,0.042347131712714425,0.0652495736690503
Engabreen,2073-08-01,0.03991231575033485,-0.04631536095220312,0.016038527594522307
Engabreen,2073-09-01,0.12627137376635758,0.08191246597211836,0.033400879513651886
Engabreen,2073-10-01,-0.015733394020407136,0.07984866119244603,0.04072029012040123
Engabreen,2073-11-01,0.1098730610600482,-0.0013469313656027937,0.15878528514045723
Engabreen,2073-12-01,0.08322455780128901,-0.15779446639392244,0.15930146805053788
Engabreen,2074-01-01,-0.014607984164962335,0.03880020481014252,-0.06354226214361874
Engabreen,2074-02-01,0.17298607832935162,-0.041390281423062655,-0.13069562877854204
Engabreen,2074-03-01,-0.028065224176343263,-0.13947777995642022,0.07927658345623413
Engabreen,2074-04-01,-0.07794126656439755,-0.009195332923680534,0.1966425810264092
Engabreen,2074-05-01,0.044532396065501245,0.11005465723417956,-0.07501354828391549
Engabreen,2074-06-01,-0.059136215322509726,-0.12607299990176105,-0.0595036180403767
Engabreen,2074-07-01,0.010333607477438535,0.020459693785977104,-0.009272485912668528
Engabreen,2074-08-01,0.06132367628857901,-0.07156354334540897,0.014660509009493172
Engabreen,2074-09-01,0.013679343004075153,-0.00025870506407605726,0.008676585106815885
Engabreen,2074-10-01,0.23740020033347617,0.015738674742114902,0.011670013906979892
Engabreen,2074-11-01,0.0797867696076171,0.04095276060935788,-0.0820816603599255
Engabreen,2074-12-01,0.0072349701964705485,-0.16344521024344116,-0.13089585969212783
Engabreen,2075-01-01,0.16765630808709886,0.00909812754661636,-0.04534338937053453
Engabreen,2075-02-01,0.3066947531605253,0.20328632947308076,-0.17182466064837035
Engabreen,2075-03-01,0.041421839716181276,-0.05857773173377584,-0.050248346055286414
Engabreen,2075-04-01,0.12652838667115848,0.1704397082867959,0.09373547594130834
Engabreen,2075-05-01,-0.06782459865147893,-0.11514006549705769,0.15393396011557417
Engabreen,2075-06-01,0.08565652593168017,0.04725987301943946,-0.008268566724433123
Engabreen,2075-07-01,0.0379145380321016,0.011571759554305151,0.04288050789640247
Engabreen,2075-08-01,0.014469384476121777,0.029664936552346883,0.013912374241335809
Engabreen,2075-09-01,0.10529960002757884,0.022957207198420402,0.018642595901936624
Engabreen,2075-10-01,0.1715829781545745,0.10216102937766613,0.04705456050486106
Engabreen,2075-11-01,0.04551406927399224,0.15207187656191737,-0.12179969869178954
Engabreen,2075-12-01,0.11554463356372884,0.18156315290404237,-0.17788279881435998
Engabreen,2076-01-01,-0.1507059959729002,0.03517627945245959,-0.10709720020679607
Engabreen,2076-02-01,-0.2881899211649561,0.030556393479624588,0.0750789228513139
Engabreen,2076-03-01,-0.22545083509087424,-0.2769884015609348,-0.122045164981264
Engabreen,2076-04-01,-0.01293324424680127,-0.11462915506327959,0.03189904606734577
Engabreen,2076-05-01,0.006707290755513834,-0.07975437183389368,0.016797679204529656
Engabreen,2076-06-01,0.0550252382684252,-0.037974807195249594,0.031544246959210535
Engabreen,2076-07-01,0.041206595101751474,0.010985535998634945,0.08556241459231016
Engabreen,2076-08-01,0.013865125345216764,0.05355368669059448,0.07590864225714172
Engabreen,2076-09-01,0.08414885512012131,-0.0740932032161973,0.14324825586951243
Engabreen,2076-10-01,0.04971792266562706,0.010783078199761056,0.008812626786528418
Engabreen,2076-11-01,-0.08472838540425791,0.0429982778221091,-0.035991935666087736
Engabreen,2076-12-01,-0.19088806433361424,0.09266663847815594,0.023472137756430464
Engabreen,2077-01-01,0.07194639821761357,-0.12936726148169939,0.3275992078556329
Engabreen,2077-02-01,0.12368309782856528,0.1525448349226626,0.2333322401778403
Engabreen,2077-03-01,0.005050811920667551,-0.2618287037930363,-0.05584438575750988
Engabreen,2077-04-01,-0.09854044513043973,0.2577516530694379,0.11128859045321172
Engabreen,2077-05-01,-0.003700475759623595,0.021186221796504617,0.03176824802331218
Engabreen,2077-06-01,-0.021894671610468586,0.011447646307391842,0.054716951112997424
Engabreen,2077-07-01,-0.04938948262483723,0.011042751679386356,0.05995488930004778
Engabreen,2077-08-01,-0.060351350977043285,0.03707535635505607,0.02685277657499822
Engabreen,2077-09-01,0.02694619215274165,-0.09501701486673925,-0.04150252938204347
Engabreen,2077-10-01,-0.08404992024815267,0.04418507819538659,0.05522944588848986
Engabreen,2077-11-01,0.21511301092275725,0.11017109159440815,0.006895779406024499
Engabreen,2077-12-01,-0.161126210554731,-0.11943985796286792,-0.022559698997038653
Engabreen,2078-01-01,-0.04744663752981865,0.0866727611912055,0.4582973043554482
Engabreen,2078-02-01,-0.16979776308186958,-0.21031753130927278,0.365805682453376
Engabreen,2078-03-01,-0.06901916193152702,-0.21467611843071754,0.26539215875387884
Engabreen,2078-04-01,0.017884408806533948,0.21024325971258195,-0.0008289922094695002
Engabreen,2078-05-01,0.027594765954714117,0.08640416710885561,-0.1065947186948187
Engabreen,2078-06-01,0.005469518594465074,0.00449560182476759,-0.024318799238342455
Engabreen,2078-07-01,0.03165943984856178,-0.09993824838932752,0.07700697944550479
Engabreen,2078-08-01,0.09097670983345545,-0.06636475777282864,-0.03473076868554988
Engabreen,2078-09-01,0.02838613445660738,-0.057829727678703285,0.03184633700002222
Engabreen,2078-10-01,0.14242971990818576,0.24745313041160907,0.06919109707181419
Engabreen,2078-11-01,0.21428525034265378,0.04111858883865619,-0.08462942355807042
Engabreen,2078-12-01,-0.1544959954928529,-0.2894440993190616,0.03429687360959869
Engabreen,2079-01-01,-0.08959322390821702,-0.2347944148458346,0.15803687223021448
Engabreen,2079-02-01,0.3234618794869905,0.07545471662926077,0.10852840581512442
Engabreen,2079-03-01,0.40101263559182554,-0.06059196713588614,-0.09969272367006865
Engabreen,2079-04-01,0.09010611388512584,0.1570131216591135,-0.03970819007465631
Engabreen,2079-05-01,0.1366279430904816,0.17467493149870264,0.11643006322513576
Engabreen,2079-06-01,0.09694580412921598,-0.02891477222046866,0.006306827414178193
Engabreen,2079-07-01,0.07941295339974379,-0.048979061612270496,0.012881406306085842
Engabreen,2079-08-01,-0.013920176991860113,-0.010104466397538493,0.01815793418757174
Engabreen,2079-09-01,0.06385072969955757,0.06357991653314453,0.11884577166669348
Engabreen,2079-10-01,-0.026695281439013913,-0.18284776890056217,0.004658431482042864
Engabreen,2079-11-01,0.1043918078925659,0.03202075146506629,-0.1421632712251094
Engabreen,2079-12-01,-0.04445443660535947,0.061788458913932455,-0.034366390229465846
Engabreen,2080-01-01,-0.10192050714485273,-0.1594342462933995,0.23134594539623557
Engabreen,2080-02-01,0.09051924957827769,-0.27313952516839574,0.36534443868033595
Engabreen,2080-03-01,-2.3809432165215288e-05,-0.11847919609775914,0.1895749891715781
Engabreen,2080-04-01,-0.10526871985270957,-0.17185250913375594,0.11131052521904643
Engabreen,2080-05-01,0.05181057794933607,0.10172177030266284,-0.04189471708183699
Engabreen,2080-06-01,-0.008489309138535297,-0.028895998965485014,-0.008393103476481251
Engabreen,2080-07-01,0.08077451534291905,0.0007681862533646493,-0.004373335077609813
Engabreen,2080-08-01,0.054434420307596265,-0.07098164224738217,0.023634191141613938
Engabreen,2080-09-01,0.09316170786895879,-0.07080875746047817,-0.01525161736349682
Engabreen,2080-10-01,0.007017529591131312,-0.10872322987129428,0.0340320935179868
Engabreen,2080-11-01,0.14923208032241503,-0.1696986477848117,0.052138382617353596
Engabreen,2080-12-01,0.3891086621660273,0.1346032958508423,-5.2392298273031913e-05
Engabreen,2081-01-01,0.3122595382387153,0.21144754938427987,0.11967264817335858
Engabreen,2081-02-01,0.07179092966572274,0.13349899908271076,0.1701309946062649
Engabreen,2081-03-01,0.16362493108409187,0.05050731994925415,0.05764409185219473
Engabreen,2081-04-01,-0.19315353763907384,0.09829917739644982,0.1256615048227869
Engabreen,2081-05-01,0.056795611741041606,0.026295297063501154,-0.03913000871018314
Engabreen,2081-06-01,0.11557498043156238,-0.02853240447239047,0.020483148520498675
Engabreen,2081-07-01,-0.014336942655377502,0.0811331375165687,0.0794166156686669
Engabreen,2081-08-01,0.03177508698820591,0.12935458730657093,0.07536320608488754
Engabreen,2081-09-01,0.05886401022113905,-0.01225081100719387,-0.10074330427302856
Engabreen,2081-10-01,0.08786922729855083,-0.12631731101554708,-0.02482847922004232
Engabreen,2081-11-01,-0.04407689380438276,0.06279994000473764,0.11116093386878538
Engabreen,2081-12-01,0.10105581652767,0.27490198975669766,0.00458373333115239
Engabreen,2082-01-01,-0.20543617824275887,-0.06481176837930243,-0.031003913493783317
Engabreen,2082-02-01,0.023467898809237137,0.12279869993351089,-0.3488482696940114
Engabreen,2082-03-01,-0.013893943553466515,0.11934995460996987,-0.08791586475637658
Engabreen,2082-04-01,-0.02829370204888243,0.2481136868499174,0.008667737335581068
Engabreen,2082-05-01,-0.03523180537692266,-0.02332111969862051,0.04794145419943383
Engabreen,2082-06-01,-0.015928876210718618,0.03499718677830715,-0.04435568904293425
Engabreen,2082-07-01,0.06717728847234232,0.0330592318896867,0.054037102678311834
Engabreen,2082-08-01,-0.05021364892271796,0.08280987662413085,0.06259196083137052
Engabreen,2082-09-01,0.046938349751049796,0.026431368110918466,-0.027229827668054433
Engabreen,2082-10-01,0.023472626085295725,-0.06341380711523681,0.032343667138867195
Engabreen,2082-11-01,0.0722940124919446,-0.00826761436525219,0.10599385648468258
Engabreen,2082-12-01,-0.01849639332446646,-0.10284421688858447,-0.08679399408813582
Engabreen,2083-01-01,0.11459055676453896,-0.02492008812302615,-0.09967248450826209
Engabreen,2083-02-01,0.02402122879578042,0.5092563968682474,-0.24400155736784693
Engabreen,2083-03-01,0.2927085685971067,0.11817761055511278,-0.005730788008132361
Engabreen,2083-04-01,0.15287970193729553,0.25019304443597834,0.26965176729462553
Engabreen,2083-05-01,0.0992472403498366,0.1829386021328364,0.07980891379819482
Engabreen,2083-06-01,0.058368197984861314,0.013230339142002966,0.09070547197719897
Engabreen,2083-07-01,0.04802366914811163,0.056173664227391916,0.05023487330858251
Engabreen,2083-08-01,0.055202174407308395,0.03857433031488625,0.1309670758448761
Engabreen,2083-09-01,0.006246807384948004,-0.10873283062553289,-0.01710868711934271
Engabreen,2083-10-01,-0.12030063176582452,0.03302919584225484,-0.17544466367446276
Engabreen,2083-11-01,0.04480022630128965,0.024457356265709117,0.04930504942425378
Engabreen,2083-12-01,-0.03874234814428793,0.04032997112792921,0.016040288485389475
Engabreen,2084-01-01,-0.060917864607782944,-0.04856811647481627,-0.22611662443591193
Engabreen,2084-02-01,-0.08552758072044814,0.16214029624617163,-0.06370616707181392
Engabreen,2084-03-01,-0.0730308010171352,0.08958172056011492,0.0313191503657352
Engabreen,2084-04-01,0.14092296565346482,-0.13740293904398712,0.21327859798650398
Engabreen,2084-05-01,0.07354239456300277,0.04557075970697685,0.03557506780898307
Engabreen,2084-06-01,-0.019260057716731224,-0.003689334046118165,-0.07690393202318707
Engabreen,2084-07-01,0.021744116614022927,0.07708890961132205,0.031151256097887606
Engabreen,2084-08-01,-0.05000007478531853,0.16432561594575942,-0.0431936071338715
Engabreen,2084-09-01,-0.027341618001751333,0.07544813960835282,0.09642441922659463
Engabreen,2084-10-01,0.03143949630152701,-0.010509542391266287,-0.10476893542990884
Engabreen,2084-11-01,0.1857199604239029,0.081471225236887,-0.011372732542821668
Engabreen,2084-12-01,0.3308635390490165,0.18982781058267864,-0.12559238647606477
Engabreen,2085-01-01,-0.026050979625876214,0.19952811589503358,-0.0535216745541774
Engabreen,2085-02-01,0.017970119010521073,0.21182335531840457,-0.1510693694261103
Engabreen,2085-03-01,-0.2862486173806127,0.042814881716031504,0.03098385497974798
Engabreen,2085-04-01,-0.151863165072373,-0.11846549192553053,-0.13709789389212793
Engabreen,2085-05-01,0.1310111451027989,0.018619561776410082,0.026470404542837472
Engabreen,2085-06-01,-0.12005925329387745,0.09791611859430382,0.03122275681869786
Engabreen,2085-07-01,-0.02889052120405414,-0.039907906391678113,0.026192136802346316
Engabreen,2085-08-01,-0.008443275928263242,0.04384792946473689,0.03454141094767885
Engabreen,2085-09-01,-0.00883260450443841,0.006398439849965365,0.016370341684261245
Engabreen,2085-10-01,0.0501242031595592,0.060113777887874864,-0.061739992917206755
Engabreen,2085-11-01,-0.0005653945189624416,0.11441823224337982,0.06990553267739423
Engabreen,2085-12-01,0.1373168398502398,-0.10733019767467161,0.11360590021938492
Engabreen,2086-01-01,-0.12675859328057668,-0.0299925052045952,-0.05069649148492461
Engabreen,2086-02-01,-0.05906453731727889,-0.029133308450771386,0.2531019720697042
Engabreen,2086-03-01,0.22237691819751013,0.017053367809868752,0.29502196261734825
Engabreen,2086-04-01,0.05442077332849395,0.252433871580804,0.08861260285201346
Engabreen,2086-05-01,0.1086917076601484,-0.0005573139289376342,0.08456827756057504
Engabreen,2086-06-01,0.20780135337929853,0.017874755565926315,0.04975632044410708
Engabreen,2086-07-01,-0.10757341239797232,0.043819797745693834,0.002951610941075269
Engabreen,2086-08-01,0.029338584454419836,0.07825887525585158,0.056532765152384166
Engabreen,2086-09-01,-0.005070440016495377,0.086273786978657,0.0573740367578503
Engabreen,2086-10-01,0.18344042663113677,0.1298856048374786,-0.006224933633822409
Engabreen,2086-11-01,0.09540937545384497,0.10993573416130198,0.09413643416565974
Engabreen,2086-12-01,0.14059779819796028,-0.19556575331459236,0.0553919042910142
Engabreen,2087-01-01,0.14240873849561134,0.12024109720333248,-0.13839135578313635
Engabreen,2087-02-01,-0.0638419956269578,0.25808417621044893,0.22746409892182765
Engabreen,2087-03-01,-0.01830735766865567,0.08669333498048341,0.16803060817821236
Engabreen,2087-04-01,0.07029185416042721,0.17411152237103147,-0.137574221592332
Engabreen,2087-05-01,-0.03972613205949352,-0.017011596317139083,-0.07956554210003779
Engabreen,2087-06-01,0.08460211736709672,0.07539007632724688,-0.05805267726817894
Engabreen,2087-07-01,0.02206041149912716,0.03254482995182281,0.06700170898208206
Engabreen,2087-08-01,0.015273919999996074,0.05787663348390595,0.05653139813544288
Engabreen,2087-09-01,-0.08434142388822675,-0.06841279498394277,0.06669087028940358
Engabreen,2087-10-01,0.09767938475552966,-0.12666768425395689,0.08318745440661103
Engabreen,2087-11-01,0.0599266885809421,-0.05174904064139305,-0.12030297909488287
Engabreen,2087-12-01,0.06650391396699144,0.019747831464915756,-0.08764553806661683
Engabreen,2088-01-01,0.2710303028952985,-0.16062861246151763,0.19613477145232747
Engabreen,2088-02-01,0.31302252189273433,-0.23732085751791032,0.018631779148023594
Engabreen,2088-03-01,0.14088862747137762,-0.1600889654894081,0.19677988112338726
Engabreen,2088-04-01,0.1488759230099046,-2.9821209849306234e-05,0.09200587893523031
Engabreen,2088-05-01,0.06591907772673765,0.16597911243180966,0.10886182074718032
Engabreen,2088-06-01,-0.00374651461646493,0.07599897747236178,-0.029163639183915624
Engabreen,2088-07-01,-0.09677797791717553,-0.041755837086221735,0.051740566337549886
Engabreen,2088-08-01,-0.058509035953508225,0.04300407447825158,-0.004763101377475561
Engabreen,2088-09-01,0.0017259511002754996,0.07340245599139865,0.041460156342102414
Engabreen,2088-10-01,0.028329185011721752,0.09114428438154772,0.029074710428651437
Engabreen,2088-11-01,0.26977815149889856,0.18796179568341986,-0.013921124986104982
Engabreen,2088-12-01,-0.12786139656242496,-0.13841341681306493,-0.056048975123853324
Engabreen,2089-01-01,-0.2940809509628754,-0.21226782800778934,0.008964508256457802
Engabreen,2089-02-01,-0.4131463836855887,-0.12726290359977746,0.11790215417157109
Engabreen,2089-03-01,0.03347719399073373,0.049076753944043226,0.2758084692891806
Engabreen,2089-04-01,-0.036964356140082644,0.028553006126854467,0.05319380660054803
Engabreen,2089-05-01,-0.16830162000854232,-0.05057000697949584,-0.07630198850707572
Engabreen,2089-06-01,-0.09139761963734751,0.079298676724628,0.05688250577331272
Engabreen,2089-07-01,-0.01820899686794509,0.057782935033271116,0.04168219372878149
Engabreen,2089-08-01,-0.08716764329828024,0.0263118024229972,0.06896933951951831
Engabreen,2089-09-01,0.08300302383983262,0.10967226525040748,0.12467263715788608
Engabreen,2089-10-01,0.11082186859680303,0.07521824396012938,-0.10303570521509368
Engabreen,2089-11-01,-0.12948947264205524,-0.033119635211738906,-0.07574600073209989
Engabreen,2089-12-01,0.12378759974805519,0.0597446522428258,0.04431430764428265
Engabreen,2090-01-01,0.3825207932308546,0.03807857328675962,-0.1437599000046099
Engabreen,2090-02-01,0.3017898705587147,-0.23917344132715282,-0.05854284235666913
Engabreen,2090-03-01,0.277635887609539,-0.11645371621066551,0.008391740981682692
Engabreen,2090-04-01,-0.0055660111038638264,0.02819839469076781,0.2721387935273072
Engabreen,2090-05-01,-0.07204453840723449,-0.05797244026733813,0.00780265364851761
Engabreen,2090-06-01,-0.04091670912585412,0.05191612565430433,-0.0025933951342173487
Engabreen,2090-07-01,-0.004412448537349301,0.02469540369170904,0.0013474011726787149
Engabreen,2090-08-01,0.047444777975162,0.04012443478288824,0.045771652271131835
Engabreen,2090-09-01,0.0040881719786171195,0.002765283845974274,-0.009226784019570005
Engabreen,2090-10-01,0.13635133855611933,0.17817308599710244,0.025161328044897107
Engabreen,2090-11-01,-0.07828067204627505,0.11800742483994954,-0.11129610111239074
Engabreen,2090-12-01,-0.03156918552207529,-0.15276261769842409,-0.13596425761315092
Engabreen,2091-01-01,0.06443526051730768,-0.14763428534403986,-0.04680798521567464
Engabreen,2091-02-01,0.004590326240589971,-0.051357707759855716,-0.2642532411241158
Engabreen,2091-03-01,-0.249134809094679,0.3890242989195168,-0.1783433810466365
Engabreen,2091-04-01,-0.02967112385418515,-0.03669029213942674,0.08236291397639002
Engabreen,2091-05-01,0.06356678637033515,0.05086438203423287,0.08022455485979789
Engabreen,2091-06-01,-0.03831010734389415,-0.0728384334549259,-0.0015398744585864977
Engabreen,2091-07-01,0.023698079473824265,0.05516748263652812,0.05051451152883335
Engabreen,2091-08-01,0.033960339932901616,0.06620153887398433,0.03169214177876852
Engabreen,2091-09-01,0.1318726083979064,0.10111457994549448,-0.004689482886219345
Engabreen,2091-10-01,-0.1435297705288355,0.15377445825817584,-0.01906811592146377
Engabreen,2091-11-01,0.1702906270129186,0.17640363894593772,0.020241832797667222
Engabreen,2091-12-01,0.09295184631366554,0.21333049079405167,0.3226041374508357
Engabreen,2092-01-01,0.1891572980017958,-0.024340213236062492,0.1826915015542471
Engabreen,2092-02-01,0.27668341162527077,-0.06594767336449545,-0.14377695850174824
Engabreen,2092-03-01,0.152674036510004,0.27158402237408014,-0.19984284653195994
Engabreen,2092-04-01,0.07680000208494654,0.10437252959329739,-0.0010249976051089071
Engabreen,2092-05-01,-0.10269926108781673,0.014561016019912693,0.0414184885012212
Engabreen,2092-06-01,-0.003794883685519286,-0.12267617216596975,0.07051223359306623
Engabreen,2092-07-01,-0.05974830017224494,-0.054521551812853175,0.09141099040061706
Engabreen,2092-08-01,0.010238138307917916,-0.0039301160889000375,0.07896991958745446
Engabreen,2092-09-01,0.03863774512498416,-0.077530769125258,0.0733543080392726
Engabreen,2092-10-01,0.04988200058138703,-0.17812766415761772,0.04676034798336659
Engabreen,2092-11-01,-0.018926874550332578,-0.03379326576623088,0.11860562056679085
Engabreen,2092-12-01,-0.15426121797059886,0.06908449811394082,0.12020109366112826
Engabreen,2093-01-01,0.024004836221348996,0.24160781644967097,-0.14460654717771906
Engabreen,2093-02-01,-0.020591188001851148,0.09577239214201978,-0.15164172302948195
Engabreen,2093-03-01,0.07390440481426373,0.2624396581494701,-0.1827581662309575
Engabreen,2093-04-01,0.20707821599752152,-0.0923185768849188,-0.1869316990519353
Engabreen,2093-05-01,-0.05432739744740367,-0.08457435786794926,0.11074082955099229
Engabreen,2093-06-01,-0.06658283130541197,0.015537610898512235,0.04678477457283598
Engabreen,2093-07-01,0.02247328179287326,0.039128934838395434,0.1619479804340102
Engabreen,2093-08-01,0.004971393453983508,-0.04626321655333204,0.07522231151533763
Engabreen,2093-09-01,-0.03257282395325784,-0.05709073357678222,-0.05869893273774193
Engabreen,2093-10-01,0.03369415837805031,0.06761577835644948,0.04685644696230077
Engabreen,2093-11-01,-0.12143977520867344,-0.09804571441127781,0.00042665489778482304
Engabreen,2093-12-01,0.1535723179683656,0.1604056197594518,0.2391539630758965
Engabreen,2094-01-01,-0.19685527250148802,-0.09578607294023415,-0.062317262027017865
Engabreen,2094-02-01,-0.10946503116190757,0.3833103301821888,-0.14302213246351003
Engabreen,2094-03-01,0.008681118878995961,0.10635720884358126,0.2403317523691284
Engabreen,2094-04-01,0.10361465744707742,-0.07649102592022967,0.1539695683552543
Engabreen,2094-05-01,-0.04325619767200997,-0.019044459407892806,0.03414554490322085
Engabreen,2094-06-01,0.032710179962387446,0.11202143710907882,-0.01671819873524183
Engabreen,2094-07-01,0.06117059027872183,0.030017535380593194,-0.0675887261943127
Engabreen,2094-08-01,0.11533991857807502,0.07937115188203353,0.014696043735113967
Engabreen,2094-09-01,0.08983909269273001,-0.040805436359873805,-0.005732145028601519
Engabreen,2094-10-01,0.11636668601209384,0.01896205598486363,0.049919017846953385
Engabreen,2094-11-01,-0.015646542890138306,-0.26135024774038035,0.0799267000002218
Engabreen,2094-12-01,-0.01873588370866303,0.010425040926923104,0.001728655864676222
Engabreen,2095-01-01,-0.2487941484194746,0.44295891094444423,-0.1738588001676392
Engabreen,2095-02-01,-0.19188057298393144,0.04588287212547093,0.06986761994275065
Engabreen,2095-03-01,-0.06251896032685306,0.08125947813813354,0.11512075296195708
Engabreen,2095-04-01,-0.006302202326543771,-0.11076677178293015,0.0976356025677763
Engabreen,2095-05-01,-0.020778173269504683,-0.08253016523552974,0.048755171661606915
Engabreen,2095-06-01,0.07225469475024986,-0.0039524893750264665,-0.04699261135876041
Engabreen,2095-07-01,0.10476780640534467,0.054466971895171024,0.01208545788524606
Engabreen,2095-08-01,0.05908325333217326,0.07266782076852192,0.0649816883748958
Engabreen,2095-09-01,-0.005660863583888555,0.06162774389007928,-0.008729818054022327
Engabreen,2095-10-01,-0.09217726939571952,-0.15472150121106606,0.010136120458330594
Engabreen,2095-11-01,0.15835341332277428,-0.1276245871191504,-0.026211827248042094
Engabreen,2095-12-01,-0.024228946839367632,0.08992780543377592,-0.009375057616000654
Engabreen,2096-01-01,0.00868278293758003,-0.042340227717410694,-0.020569730712975676
Engabreen,2096-02-01,-0.30594461419023106,-0.2689788780833173,-0.033226727862632234
Engabreen,2096-03-01,-0.2038304942661762,0.29499994532632895,-0.03415719164709724
Engabreen,2096-04-01,0.1955875396783293,0.17323859817369214,-0.10969600294993416
Engabreen,2096-05-01,0.015263648707140082,0.05570452867259221,0.055622722410989804
Engabreen,2096-06-01,0.0340456390247578,-0.011894775548797776,-0.06469013676879891
Engabreen,2096-07-01,-0.014172782318999646,-0.04886406019434678,0.04510576518049612
Engabreen,2096-08-01,-0.012690154014834185,-0.07863435910432741,-0.01055800025304824
Engabreen,2096-09-01,-0.04815410611700741,0.1192165965659846,-0.01542160276941381
Engabreen,2096-10-01,0.016961186616748312,0.03863295635584343,-0.07043583330509275
Engabreen,2096-11-01,-0.1122136245628218,0.0112330081826248,-0.19650845471112363
Engabreen,2096-12-01,-0.19828516508698832,-0.20900861856517264,-0.2165891689058664
Engabreen,2097-01-01,0.10283334791242976,-0.030964093963178865,-0.21962761832247557
Engabreen,2097-02-01,-0.05577321667955704,-0.2447062549056944,-0.2326501972343349
Engabreen,2097-03-01,0.3134204462805741,-0.027900203234751147,-0.02500179124491442
Engabreen,2097-04-01,-0.051790389642453444,-0.20800839759447567,-0.04301575646874963
Engabreen,2097-05-01,-0.09828778381845373,0.1288214382546017,-0.03127365211246195
Engabreen,2097-06-01,0.004312624909134595,-0.07450796379204777,0.0031331191772503105
Engabreen,2097-07-01,0.04907255492911297,-0.09585690331321765,0.12013087990538673
Engabreen,2097-08-01,-0.002074843245600144,-0.03213828118265551,0.09201628535863497
Engabreen,2097-09-01,0.014191886992724487,0.0022576893025478043,0.022475324567923994
Engabreen,2097-10-01,-0.1029959351975022,0.010586995951434882,0.017039385387411083
Engabreen,2097-11-01,0.005441212001995034,-0.014753501411766533,-0.16001656256622265
Engabreen,2097-12-01,-0.02691077537235827,-0.02201539744065904,0.023831306354043347
Engabreen,2098-01-01,0.029352825109059708,-0.20566731578657507,-0.06927088602666916
Engabreen,2098-02-01,0.049828718383359755,0.00240422783218164,-0.02426847873336215
Engabreen,2098-03-01,0.13120987925968686,-0.21128402858150544,-0.005175076588640241
Engabreen,2098-04-01,0.14582710445157673,0.04452220331612796,0.03014293577020107
Engabreen,2098-05-01,0.06350996823338491,-0.0791653716856004,-0.02200065714871822
Engabreen,2098-06-01,0.02608020391203707,0.1968210200576396,0.11064868064073241
Engabreen,2098-07-01,0.015917032249385926,0.10772251991767716,0.07935511891645038
Engabreen,2098-08-01,-0.012046381708813836,-0.07376794728717849,0.1021658282548275
Engabreen,2098-09-01,-0.05006468567577749,0.03630872501787353,0.001734844486673141
Engabreen,2098-10-01,0.09794647847244063,0.04293443061070965,-0.03740666576698983
Engabreen,2098-11-01,0.37232551919645873,0.05619113540106441,-0.12869263565880595
Engabreen,2098-12-01,-0.005159684987410116,0.22158976524618415,-0.0067320456589150925
Engabreen,2099-01-01,-0.23914498278673016,0.10268944777492695,-0.002864843689987522
Engabreen,2099-02-01,0.12157730376824649,-0.21951653843971305,0.011307676529040847
Engabreen,2099-03-01,0.0759735694366294,0.01735798791422077,0.033657710817494295
Engabreen,2099-04-01,0.07080090374523194,-0.03845170846077662,0.09538522030420094
Engabreen,2099-05-01,0.0683757254463279,-0.03741563208441827,0.027490228734781644
Engabreen,2099-06-01,0.019051622379781044,-0.07075649655804149,0.04344389404412493
Engabreen,2099-07-01,-0.0385908428053787,0.06796971930392659,0.06015400017869252
Engabreen,2099-08-01,0.014519431463815874,0.13723584647317988,0.09314907421941893
Engabreen,2099-09-01,-0.060771722899848585,0.03490923765901499,0.10039070574458182
Engabreen,2099-10-01,0.07704367563671038,0.00015155274079460662,-0.009237947436690739
Engabreen,2099-11-01,-0.061196848380033274,0.1333754018384099,0.26154177512357124
Engabreen,2099-12-01,-0.24795682453024379,-0.0629429060004249,-0.04327882849347318
Engabreen,2100-01-01,0.03167787252529286,0.1360892633492258,0.14754074479579468
Engabreen,2100-02-01,-0.20090696978030742,-0.17178758752250942,0.11535935934563342
Engabreen,2100-03-01,0.03546357155420316,-0.013077671396100854,-0.1107488924422461
Engabreen,2100-04-01,0.0379265435952697,0.14581456129952886,-0.028561799255833988
Engabreen,2100-05-01,0.06320634596486395,0.03307797697806526,0.07098689017584202
Engabreen,2100-06-01,0.039908917558833364,0.015091250715748522,-0.004151367937784441
Engabreen,2100-07-01,-0.015729362768798886,0.014231354000840623,0.07444309068253419
Engabreen,2100-08-01,-0.13486181958393081,0.010658365739474075,0.13509047659887333
Engabreen,2100-09-01,0.021530591851834913,0.08161339639922593,0.03868341278503174
Engabreen,2100-10-01,-0.20454943996506825,-0.02942947567116025,-0.0015078151223437742
Engabreen,2100-11-01,0.06506149111251452,-0.02827774724527196,-0.20453128888937033
Engabreen,2100-12-01,0.09574858951133584,-0.12881270498045871,-0.139005732602529
Grafjellsbrea,2015-01-01,-0.7601545094023856,-0.6081800579145406,-0.8386815993506627
Grafjellsbrea,2015-02-01,0.1379985356753844,-0.07788331059315017,-1.1635590348975755
Grafjellsbrea,2015-03-01,-0.060278518027237514,-0.16461744944408196,-0.17660444184651095
Grafjellsbrea,2015-04-01,-1.2264144809096342,-0.09531268179936686,0.3122985481440939
Grafjellsbrea,2015-05-01,-0.6276437606460491,-0.28423577455033516,-0.26084199615770437
Grafjellsbrea,2015-06-01,-0.2906944944357778,-0.23964111291902013,-0.2923229268983886
Grafjellsbrea,2015-07-01,-0.14490749170303271,-0.10752859340558885,-0.10953728696524996
Grafjellsbrea,2015-08-01,0.028501330970054823,0.19194974490225913,0.23338045035959012
Grafjellsbrea,2015-09-01,0.16801872497687384,0.1380692314437366,-0.320072527793496
Grafjellsbrea,2015-10-01,0.4033629632702998,-0.5865919928049009,-0.19126887871382656
Grafjellsbrea,2015-11-01,-0.1843693099459717,-0.640816914812791,-0.30610813833939815
Grafjellsbrea,2015-12-01,-0.3003821105763479,-0.517957058427881,-0.9798021700790511
Grafjellsbrea,2016-01-01,0.3412796216178089,-0.8650395880487897,-0.6385655281408571
Grafjellsbrea,2016-02-01,0.657235500218493,0.4178043076044185,-1.4902337761252804
Grafjellsbrea,2016-03-01,-0.1294953173533768,-0.11119059498993866,0.3094589678920311
Grafjellsbrea,2016-04-01,-0.1791637020224385,-0.7729221821058793,0.30881735185176873
Grafjellsbrea,2016-05-01,0.08858682391557536,-0.30565528159627536,-0.39457742950259106
Grafjellsbrea,2016-06-01,-0.05987825353098205,0.03837460693844036,0.02720937019689353
Grafjellsbrea,2016-07-01,-0.04933548124362023,-0.19715750613071828,-0.1853266656265791
Grafjellsbrea,2016-08-01,-0.06332506132703435,0.2089780841563517,-0.18666122756535977
Grafjellsbrea,2016-09-01,-0.2021228926358676,0.2557713050654908,-0.09614688065199807
Grafjellsbrea,2016-10-01,-0.20946613405807737,-0.17544341990269408,-0.6575336874271822
Grafjellsbrea,2016-11-01,-0.9204631350287142,0.029893558495148503,-0.14943306874141568
Grafjellsbrea,2016-12-01,-0.857360008340716,-0.05843666115304854,-0.08626327816960032
Grafjellsbrea,2017-01-01,-0.07017739881146674,0.4502567240540285,0.28149844638876875
Grafjellsbrea,2017-02-01,-0.6574042984170289,0.45121653892190006,-0.3137452801373329
Grafjellsbrea,2017-03-01,-1.1721694188579794,0.7467779539091022,-0.2222401074058106
Grafjellsbrea,2017-04-01,-0.1441021076918281,0.06841331694239457,-0.6158808725686922
Grafjellsbrea,2017-05-01,-0.0607022192110101,-0.12274213067363961,0.1715182543975943
Grafjellsbrea,2017-06-01,0.09037309130176596,-0.211734870050968,-0.08497358466053188
Grafjellsbrea,2017-07-01,0.12737554500116474,-0.3000792923033784,-0.18247138833527554
Grafjellsbrea,2017-08-01,-0.320910571620248,-0.17463596158042685,-0.17702774045265626
Grafjellsbrea,2017-09-01,-0.34062235356647635,-0.6255161462475787,-0.24301751030166133
Grafjellsbrea,2017-10-01,-0.7113673363063412,-0.366763485224925,0.3710006077893219
Grafjellsbrea,2017-11-01,-0.015336143666282035,-0.4093601616423374,0.4951133389763411
Grafjellsbrea,2017-12-01,-0.45779651461151594,0.45124320399109985,-0.4536538703989778
Grafjellsbrea,2018-01-01,-0.43923122208054766,-1.040211046962561,0.5908219133309432
Grafjellsbrea,2018-02-01,-1.5439861788293763,-0.5631992690771551,0.6449683373604258
Grafjellsbrea,2018-03-01,-0.10528936285834921,-0.5925324926892362,0.16061830629770832
Grafjellsbrea,2018-04-01,0.39714370243946817,0.30907166105011186,0.10369100252722052
Grafjellsbrea,2018-05-01,-0.25294108984312835,-0.4000377768514471,-0.3076250107659105
Grafjellsbrea,2018-06-01,-0.058338132762076944,-0.6061274447762169,0.24405391301422297
Grafjellsbrea,2018-07-01,-0.345599409913326,-0.3953099630808729,0.04755641069636074
Grafjellsbrea,2018-08-01,-0.39919002355132055,-0.29053605573395497,-0.34177290212153877
Grafjellsbrea,2018-09-01,-0.13539457534720542,-0.037758332551068884,0.0009980878400517867
Grafjellsbrea,2018-10-01,-0.5563276779822078,-0.10267427934198814,-0.4206143747594892
Grafjellsbrea,2018-11-01,-0.5788512283690912,-0.7526809137817952,-0.5406608517315631
Grafjellsbrea,2018-12-01,-0.1339868085306084,-0.22164919727239873,-0.5607263481324652
Grafjellsbrea,2019-01-01,-0.18463274834488733,-0.4627275490418378,0.004218442625277208
Grafjellsbrea,2019-02-01,-8.350346730467972e-06,0.05152692803433092,0.35324873029205855
Grafjellsbrea,2019-03-01,-0.39240268037736636,0.2029624542080329,0.05572296267150112
Grafjellsbrea,2019-04-01,0.18500252107297144,-0.28018059177515237,0.13126314537189748
Grafjellsbrea,2019-05-01,-0.6935316719722803,-0.39193934443494355,-0.5767204787950303
Grafjellsbrea,2019-06-01,0.08697577021614267,-0.4086783707342188,-0.47547118479675426
Grafjellsbrea,2019-07-01,-0.21189984734531767,-0.297432443774871,-0.2462570970461255
Grafjellsbrea,2019-08-01,0.008317522793458229,-0.08736668462894963,-0.07968830859445793
Grafjellsbrea,2019-09-01,-0.26094673996749024,-0.06408570186603611,-0.22606822708242535
Grafjellsbrea,2019-10-01,-0.2501688992244682,-0.3954550714677738,0.13990183570447293
Grafjellsbrea,2019-11-01,-0.23708270583909816,-0.2784395699032161,-0.14062530325427655
Grafjellsbrea,2019-12-01,-0.8638891814636106,-0.10257806717817543,-0.5230410298375977
Grafjellsbrea,2020-01-01,-1.4323529387502998,0.49913714338754156,0.3035620338126636
Grafjellsbrea,2020-02-01,-1.0638949778557294,0.692242883992591,-0.6237474814846274
Grafjellsbrea,2020-03-01,-0.3043140410813795,0.2321153508437955,-0.8070158700616231
Grafjellsbrea,2020-04-01,0.1912667642880023,-0.6330775858112045,-0.897286168371724
Grafjellsbrea,2020-05-01,0.10862685972659984,-0.6200754178562068,-0.1488790615371384
Grafjellsbrea,2020-06-01,-0.030932971863592545,-0.12032306633131729,0.03851020317950551
Grafjellsbrea,2020-07-01,0.007767462851097713,-0.26583147456517336,-0.2148979495094037
Grafjellsbrea,2020-08-01,-0.31272702893542353,-0.3703609126306268,-0.4130730521371211
Grafjellsbrea,2020-09-01,-0.40655413884582137,-0.1601046643346041,-0.33817336298114303
Grafjellsbrea,2020-10-01,-0.095456092076617,0.19184646431171712,0.23290878391470993
Grafjellsbrea,2020-11-01,-0.5164256233676552,-0.07340592312935658,0.2846048070161408
Grafjellsbrea,2020-12-01,-0.25971059910690547,0.21600450443415312,-0.7378807167648732
Grafjellsbrea,2021-01-01,0.014766869911128189,0.23072839647774476,-0.6384122323143053
Grafjellsbrea,2021-02-01,0.021309429076089997,0.22358805408738444,0.16422979293901074
Grafjellsbrea,2021-03-01,-0.39619919696513356,-0.03943963741668401,-0.9154607740518829
Grafjellsbrea,2021-04-01,0.4069815666940091,-0.2070646939621664,-1.010267118837816
Grafjellsbrea,2021-05-01,-0.5786848319320775,-0.4394068234833463,-0.6094130278185518
Grafjellsbrea,2021-06-01,-0.28933117523481916,0.06480234972902821,-0.26024952090508785
Grafjellsbrea,2021-07-01,-0.30152779389424694,-0.07602918272850723,-0.06499641319064513
Grafjellsbrea,2021-08-01,-0.1946772534827891,0.032050677960354525,-0.15684661895622834
Grafjellsbrea,2021-09-01,-0.09751372662371083,-0.46115304592379,0.023647868073627787
Grafjellsbrea,2021-10-01,-0.05017803451949987,0.30928268308546497,-0.4036451334997597
Grafjellsbrea,2021-11-01,0.10108125865274442,-0.5451858085995641,-0.5232722088026698
Grafjellsbrea,2021-12-01,0.5975365019262292,-0.20999029454758414,-1.3745251044590656
Grafjellsbrea,2022-01-01,-0.26570868115473517,-0.0752890625683942,-0.6104093160504478
Grafjellsbrea,2022-02-01,0.024790364024847373,-1.3304466139948457,-0.5449965181547136
Grafjellsbrea,2022-03-01,0.4050493624804554,-0.3728483002604894,-0.8990749132145163
Grafjellsbrea,2022-04-01,-0.41841174277438564,0.16565797740494978,0.2393235119577514
Grafjellsbrea,2022-05-01,0.06436248357412662,-0.03995504581337315,-0.15652452874962833
Grafjellsbrea,2022-06-01,0.07947450419875672,0.18512186299957079,-0.1362271612786782
Grafjellsbrea,2022-07-01,-0.26130481155103974,-0.007904191721576045,-0.2162348578656089
Grafjellsbrea,2022-08-01,-0.2527968637080817,-0.274948532030532,0.012329467067347591
Grafjellsbrea,2022-09-01,0.0011761120994547292,0.13087016179855496,-0.006316810904351007
Grafjellsbrea,2022-10-01,0.289429731138159,-0.5086578869101684,-0.511667947505075
Grafjellsbrea,2022-11-01,0.11208537524967625,-0.41579865625923523,-0.3915635206074826
Grafjellsbrea,2022-12-01,-0.0037649024341782265,-0.9961409760114813,0.23234587370499518
Grafjellsbrea,2023-01-01,-0.5758157005139005,0.17844888533346673,0.524741223920473
Grafjellsbrea,2023-02-01,-0.383428578052154,0.18613542425823484,0.3243744638177935
Grafjellsbrea,2023-03-01,0.2776623882988593,-0.39343452710183335,-0.7036438586017684
Grafjellsbrea,2023-04-01,-0.4558392766369744,0.0685144751631182,0.06810867331023411
Grafjellsbrea,2023-05-01,-0.19925946270810813,-0.4467035232233532,-0.19362976081935324
Grafjellsbrea,2023-06-01,-0.1959037866433453,0.0505382417385255,-0.24031434510365357
Grafjellsbrea,2023-07-01,0.030916594813626908,-0.003189404876455526,-0.5322345681500992
Grafjellsbrea,2023-08-01,0.05215925706187833,-0.15074061900852329,-0.25089003287656175
Grafjellsbrea,2023-09-01,-0.033196345117870805,-0.6260479247718452,-0.23775414578600418
Grafjellsbrea,2023-10-01,0.5176905826941982,-0.500564469915569,-0.23200019996681767
Grafjellsbrea,2023-11-01,0.06878040564157271,-0.045507924739517314,-0.15757124859418148
Grafjellsbrea,2023-12-01,0.012823389108467123,0.10180499087373061,0.18913717131138674
Grafjellsbrea,2024-01-01,-0.2770664461117238,0.6300445534084086,-0.5720297921510271
Grafjellsbrea,2024-02-01,-0.5282304275528328,-0.44596581060676765,-0.42324391915634685
Grafjellsbrea,2024-03-01,-0.2268986907925432,-0.3738204762133208,-0.17063842132371998
Grafjellsbrea,2024-04-01,-0.5815489564596708,0.31470717838621637,-0.35047810967788484
Grafjellsbrea,2024-05-01,-0.513247639024469,-0.07888462200895836,0.16908931166112576
Grafjellsbrea,2024-06-01,-0.20911591270955868,-0.24673670165829145,-0.19094197684876166
Grafjellsbrea,2024-07-01,0.05596221586415993,-0.4276463290644719,-0.42679543375553425
Grafjellsbrea,2024-08-01,-0.021259957758392456,-0.372299260596395,-0.4117352301513502
Grafjellsbrea,2024-09-01,-0.20587273700504236,0.03729744043055019,-0.3554023903747601
Grafjellsbrea,2024-10-01,0.1212696069005534,-0.12746372787998794,0.20418624837234997
Grafjellsbrea,2024-11-01,-0.17953728949971534,-0.9109603207518369,0.38144732304384316
Grafjellsbrea,2024-12-01,-0.4588036225418471,-0.5368509268573588,-0.45030964611448554
Grafjellsbrea,2025-01-01,0.11764719400470362,-0.4450880456234903,-0.23966713869145215
Grafjellsbrea,2025-02-01,-0.7583294341717405,0.0411049795370965,0.8994738946849655
Grafjellsbrea,2025-03-01,-0.5524991645982344,0.3616483802198876,-0.2805472291980243
Grafjellsbrea,2025-04-01,0.10767697819838191,-0.2559907370029886,-0.5482106183663622
Grafjellsbrea,2025-05-01,-0.04858256844811012,-0.10514908446940195,-0.3470157918626659
Grafjellsbrea,2025-06-01,-0.3813682469714574,-0.10648871783874823,-0.23954054343094622
Grafjellsbrea,2025-07-01,-0.24941906322432827,-0.10407682182352401,-0.2262151360032869
Grafjellsbrea,2025-08-01,0.06525064863447706,-0.38836919554220545,-0.28073134161459073
Grafjellsbrea,2025-09-01,-0.34277296686855796,-0.0003301449803613428,-0.5262626594706651
Grafjellsbrea,2025-10-01,0.08019005658898944,-0.6449372691371141,0.03383336136511126
Grafjellsbrea,2025-11-01,0.10154098830246612,0.4672264370058152,-0.2973040596970883
Grafjellsbrea,2025-12-01,0.13161400319706845,0.4856786651475604,0.7968499598838682
Grafjellsbrea,2026-01-01,-0.9626562643846478,0.48658072425736276,0.7782422484707466
Grafjellsbrea,2026-02-01,-0.24689936107267593,-0.5447348128726565,0.43077109165647715
Grafjellsbrea,2026-03-01,-0.4578836576869843,-0.6935244523774081,-0.7410009044164839
Grafjellsbrea,2026-04-01,-0.1705710428862092,-0.7248435999173357,-0.41296087032491463
Grafjellsbrea,2026-05-01,-0.487169921628216,-0.6005894164433362,-0.5589978521485076
Grafjellsbrea,2026-06-01,-0.05309931576265533,-0.37874964174949605,-0.11562143844530735
Grafjellsbrea,2026-07-01,-0.02956489596380611,-0.31972050911136357,-0.18606409688074577
Grafjellsbrea,2026-08-01,-0.07987079075592367,-0.22702275609151665,-0.32700974949512723
Grafjellsbrea,2026-09-01,-0.2939067649761758,-0.4180991359672026,-0.24596826852391515
Grafjellsbrea,2026-10-01,-0.041449455538138946,-0.07134218203227351,-0.4384979538161223
Grafjellsbrea,2026-11-01,-0.40880307749574946,0.3585829972393592,-0.17175547093489318
Grafjellsbrea,2026-12-01,-0.2912939629426074,-0.05199872954131877,0.6247395061190187
Grafjellsbrea,2027-01-01,-0.29021061543177135,-0.5743946077466624,-0.10339123155433284
Grafjellsbrea,2027-02-01,0.303802325354272,-0.33047780188189,0.3729597784023835
Grafjellsbrea,2027-03-01,-0.9706359669765771,0.15741448774556235,-0.19526916329509278
Grafjellsbrea,2027-04-01,-0.3186985434188911,-0.46667948024073863,-0.34293891645957864
Grafjellsbrea,2027-05-01,0.06419685748424712,0.06758541017525188,0.11371524132689954
Grafjellsbrea,2027-06-01,-0.23954543034739925,-0.08509890220222972,-0.1914069170488394
Grafjellsbrea,2027-07-01,-0.4279464728620985,0.029869156610581222,0.19975606775115948
Grafjellsbrea,2027-08-01,-0.40879704487446406,-0.4259862900492151,-0.2203842747496431
Grafjellsbrea,2027-09-01,-0.31531393760515786,0.062182633745455074,-0.003893564316937307
Grafjellsbrea,2027-10-01,-0.41737072719572943,-0.6668858230855466,0.0986398663145891
Grafjellsbrea,2027-11-01,-0.5554808267301432,-0.0121002919122149,0.5128215188662902
Grafjellsbrea,2027-12-01,0.09987628517222548,0.7510778210525348,0.6292390446259073
Grafjellsbrea,2028-01-01,-0.75642765329078,0.38388994565061757,0.44164577639337144
Grafjellsbrea,2028-02-01,-0.9452055594778725,-0.36573277067423043,0.6877487385038469
Grafjellsbrea,2028-03-01,-1.0984433043921564,-0.8615098836537545,0.15307803120150867
Grafjellsbrea,2028-04-01,-0.37627187640706805,-0.36225523917238855,-0.027573840121777087
Grafjellsbrea,2028-05-01,0.27880235834540573,0.05696800150333329,-0.214381307688965
Grafjellsbrea,2028-06-01,-0.5721063749288865,-0.37961178142248775,-0.18219498495792794
Grafjellsbrea,2028-07-01,-0.2886565269331715,-0.3445963432981156,-0.2979616954681406
Grafjellsbrea,2028-08-01,-0.13778053162864654,-0.11757133423791381,-0.2677555006367774
Grafjellsbrea,2028-09-01,-0.24204701931822759,-0.009315211831339635,-0.008125849081725589
Grafjellsbrea,2028-10-01,-0.5312816714853602,-0.43641489431931596,-0.840674156341955
Grafjellsbrea,2028-11-01,-0.4856842692778523,-0.3897411650683757,-1.0886584119267073
Grafjellsbrea,2028-12-01,-0.12793959133426422,-0.9513484540557088,0.20376558128843122
Grafjellsbrea,2029-01-01,0.07972353703786113,-0.3095772402142685,0.15581349465527228
Grafjellsbrea,2029-02-01,0.07497234001630794,0.04270062973045968,-0.4689704978726948
Grafjellsbrea,2029-03-01,-0.3420694430704381,-0.05783137330190228,0.4374861326588813
Grafjellsbrea,2029-04-01,-0.7218319597341282,0.0919967389594525,-0.27300212031996934
Grafjellsbrea,2029-05-01,-0.622230550028814,-0.05217175251489268,-0.16257674992979568
Grafjellsbrea,2029-06-01,0.3039008750386371,-0.060794331429766035,-0.04499311691994584
Grafjellsbrea,2029-07-01,-0.11574934924059692,-0.3791905889830421,-0.2772893972912434
Grafjellsbrea,2029-08-01,-0.17566609008303904,-0.33304053214752494,-0.4191562648221159
Grafjellsbrea,2029-09-01,-0.43185027187264424,-0.3754117576620292,0.16981113249067545
Grafjellsbrea,2029-10-01,-0.22748400534415056,0.45475732753564313,0.229742734406998
Grafjellsbrea,2029-11-01,0.08013660560768522,-0.29618146339424595,0.1257055276810863
Grafjellsbrea,2029-12-01,-0.7895646117877632,0.18789219845595598,0.4399565222151521
Grafjellsbrea,2030-01-01,0.11689367785998561,-0.3087865328101667,-0.38799942207592597
Grafjellsbrea,2030-02-01,-0.8188153864857797,0.27993595694979806,0.17988389974141414
Grafjellsbrea,2030-03-01,-0.83659164088327,-0.5684501134161103,0.3922045477606273
Grafjellsbrea,2030-04-01,-0.2490229796527712,-0.32386569470074567,0.3183782595704292
Grafjellsbrea,2030-05-01,-0.5428369979627515,-0.4009989937464225,-0.2332863373883948
Grafjellsbrea,2030-06-01,-0.12998767474465556,-0.6441519075902944,-0.08348229950275503
Grafjellsbrea,2030-07-01,-0.01292096652617882,-0.4292722807113177,-0.21971395689042486
Grafjellsbrea,2030-08-01,-0.3530296232437191,-0.23172484968716747,-0.5307774153055024
Grafjellsbrea,2030-09-01,-0.29938845327746927,0.2639041851372798,-0.3262967163624587
Grafjellsbrea,2030-10-01,-0.5055833320385129,0.2870838296344373,-0.3844543033001293
Grafjellsbrea,2030-11-01,-1.0725284971384694,0.23433563486667297,0.5064972949993526
Grafjellsbrea,2030-12-01,-0.13692306165893708,-0.19767469033629403,-0.3108527309739103
Grafjellsbrea,2031-01-01,0.31822129434025886,0.07394078303971419,0.10742056160129343
Grafjellsbrea,2031-02-01,-0.2906127231008711,-0.056940897201320416,0.33918535345295503
Grafjellsbrea,2031-03-01,0.10438217634634277,-0.576936235746108,-0.06063857058992176
Grafjellsbrea,2031-04-01,0.12430760499977629,-0.5529460267951377,0.07677055300623521
Grafjellsbrea,2031-05-01,-0.6532580735995569,-0.029031023703318448,0.11585189943588119
Grafjellsbrea,2031-06-01,-0.17739728437968857,-0.23594712444432198,-0.41928410378239406
Grafjellsbrea,2031-07-01,-0.39536228212363483,0.11064673690470767,-0.02920681432737073
Grafjellsbrea,2031-08-01,-0.3038161713916338,-0.26311518049310423,0.034061768731019126
Grafjellsbrea,2031-09-01,0.44683885829966935,-0.5096119466185357,0.2857527415768115
Grafjellsbrea,2031-10-01,-0.37522898227446505,-0.268487581915762,0.046090895335863746
Grafjellsbrea,2031-11-01,0.04093332388830619,-0.3005080472959219,-0.29168655111921177
Grafjellsbrea,2031-12-01,0.3906620334742897,0.1457629452376962,-0.28646515981151127
Grafjellsbrea,2032-01-01,0.23984981796035923,-0.043827624592641445,-0.4617136205723608
Grafjellsbrea,2032-02-01,0.8250590663568321,0.45949940355592744,0.10182361206314894
Grafjellsbrea,2032-03-01,0.6253803737070046,0.1724835231749621,-0.08125364066235292
Grafjellsbrea,2032-04-01,0.26199261369057525,-0.44319440944684313,-0.5182913405461287
Grafjellsbrea,2032-05-01,0.3657525217413347,-0.28958965377596996,0.03164061569693934
Grafjellsbrea,2032-06-01,-0.15130475554778963,-0.4363436687500987,0.1365251205816231
Grafjellsbrea,2032-07-01,-0.20064276429208305,-0.1648369247462197,-0.07347016130106758
Grafjellsbrea,2032-08-01,-0.5241932086388189,-0.1092831522193796,-0.29348299274908524
Grafjellsbrea,2032-09-01,0.007433483899507247,-0.1828887949304364,0.1325891819588634
Grafjellsbrea,2032-10-01,0.2150230672315598,0.22993397747568312,0.23850080437494822
Grafjellsbrea,2032-11-01,-0.16451186155300773,0.056573386183516074,-0.16213949381559944
Grafjellsbrea,2032-12-01,-0.5238886476148004,0.5171794590744122,-0.21431486828196658
Grafjellsbrea,2033-01-01,-0.4863135428907667,-0.6367653786811084,-0.769877183075285
Grafjellsbrea,2033-02-01,0.22028210835177475,-0.32419141653381195,0.06392188891523898
Grafjellsbrea,2033-03-01,0.14310298995217322,0.6672333603684439,-0.9785913254249822
Grafjellsbrea,2033-04-01,-0.3104211504872434,-0.5978517996481765,-0.9322232981433034
Grafjellsbrea,2033-05-01,-0.06562554859688595,0.04592198952255453,-0.4196248308663694
Grafjellsbrea,2033-06-01,-0.13079562545514392,-0.17841249875813436,-0.28555488073942203
Grafjellsbrea,2033-07-01,-0.13891869618730682,-0.3726005651543929,-0.36145845997863685
Grafjellsbrea,2033-08-01,-0.21228735592955192,-0.112873661160455,-0.2707689415283386
Grafjellsbrea,2033-09-01,-0.28744027441947767,-0.6685819929344702,-0.38385830689427963
Grafjellsbrea,2033-10-01,0.3253440560525849,-0.2792528288511496,-0.3076754443250416
Grafjellsbrea,2033-11-01,0.13290477304158374,-0.5776388568378109,-0.06408678079261963
Grafjellsbrea,2033-12-01,0.6856369354080843,-0.22644168932458864,-0.29883928737370297
Grafjellsbrea,2034-01-01,0.622860500191352,0.10508236910751985,-0.06027374215828916
Grafjellsbrea,2034-02-01,0.11672913200926575,0.13699359924802032,-0.36751382379451214
Grafjellsbrea,2034-03-01,-0.6847928307217385,-0.5927969599653876,-0.5988226333266197
Grafjellsbrea,2034-04-01,0.019738055291448564,0.19751108311187263,-0.8189623429990784
Grafjellsbrea,2034-05-01,-0.2016066635423491,-0.47797841958601084,-0.14121112397993985
Grafjellsbrea,2034-06-01,-0.16764565928457975,-0.18755104495699818,-0.19770606780274047
Grafjellsbrea,2034-07-01,0.10181623783641013,-0.559365990832618,-0.13753591763039483
Grafjellsbrea,2034-08-01,0.14305824876211626,-0.4652939119484191,-0.13670046605584363
Grafjellsbrea,2034-09-01,-0.35206229115527127,0.5115873804046154,-0.33650176440191554
Grafjellsbrea,2034-10-01,0.028893094397290358,0.3749890357999803,0.22585903502754703
Grafjellsbrea,2034-11-01,-0.4635731400491164,-0.3670803947071153,-0.09413668843500211
Grafjellsbrea,2034-12-01,-0.3356668431366053,-0.3671604761436162,0.6029841436423045
Grafjellsbrea,2035-01-01,-0.5773409724359018,-0.6767152697714676,-0.6424343575901379
Grafjellsbrea,2035-02-01,-0.258090118048015,-0.26434144778848057,0.00033797175904274707
Grafjellsbrea,2035-03-01,0.04140533882136627,-0.3686359013973817,-0.04169839085742699
Grafjellsbrea,2035-04-01,0.06941566402447268,-0.5000674332617366,-0.6356633167243647
Grafjellsbrea,2035-05-01,0.047778372421320624,0.03467923831052192,-0.33636198836743986
Grafjellsbrea,2035-06-01,-0.20223391280124156,-0.31298476913934536,-0.40202719140978854
Grafjellsbrea,2035-07-01,0.11445154405489479,0.15982341309096101,-0.22938459944362613
Grafjellsbrea,2035-08-01,-0.33906652704367163,-0.1018095784085678,-0.17777071931989696
Grafjellsbrea,2035-09-01,-0.405630774572064,0.15060783584310133,0.21040887784280585
Grafjellsbrea,2035-10-01,0.10566500732418864,-0.5330056282123584,-0.6137716735835236
Grafjellsbrea,2035-11-01,0.441941303807785,-0.14289769138561811,-0.15394959295955002
Grafjellsbrea,2035-12-01,-0.27521676675377077,-1.0689088600701935,-0.4776586961440495
Grafjellsbrea,2036-01-01,-0.7454368733111097,-0.7415218641087842,-0.10322371266400472
Grafjellsbrea,2036-02-01,-0.7623524824773488,-1.0149938437737143,-1.017824057196926
Grafjellsbrea,2036-03-01,0.12104283932083053,-0.28957408358500675,-0.5533855701452376
Grafjellsbrea,2036-04-01,0.08634430755469924,0.026474491526379557,-0.11665006216233305
Grafjellsbrea,2036-05-01,0.007165287272627867,-0.4672226471618213,-0.08472992074346046
Grafjellsbrea,2036-06-01,-0.44339171682122114,-0.393701756470943,-0.2444426762588686
Grafjellsbrea,2036-07-01,-0.11126215535527995,-0.2105559349583197,-0.06981887488914391
Grafjellsbrea,2036-08-01,0.038613549394709755,-0.11164904345003024,-0.009087416815341087
Grafjellsbrea,2036-09-01,0.38422820280008896,-0.12796638430990012,-0.07112221493919746
Grafjellsbrea,2036-10-01,0.012647190745598003,0.1703708449965828,-0.33317867776056403
Grafjellsbrea,2036-11-01,0.23872831726359278,-0.23536928877600227,0.06519360738198154
Grafjellsbrea,2036-12-01,0.5041315797353644,-0.4362589540172497,-0.11612843372937424
Grafjellsbrea,2037-01-01,-0.010631796258210905,0.17114618251779698,-0.031630758712007934
Grafjellsbrea,2037-02-01,-0.4704051332229547,-0.18631595658730013,-0.37155097824993977
Grafjellsbrea,2037-03-01,-0.4552351060339734,0.19428981827576774,-0.4217378303392479
Grafjellsbrea,2037-04-01,-0.2197114854052535,0.3110729525293512,-0.14933519752146374
Grafjellsbrea,2037-05-01,-0.5416905337537729,-0.053663477667686345,-0.004939093080116548
Grafjellsbrea,2037-06-01,-0.42199846637902905,-0.038681116602508114,-0.15842276920425258
Grafjellsbrea,2037-07-01,-0.3844752746541252,-0.2878167112289718,-0.1326641570514749
Grafjellsbrea,2037-08-01,0.1935075932720901,-0.3239370023009605,0.031446672070736
Grafjellsbrea,2037-09-01,-0.01719418321356238,-0.10116334546319834,-0.09475744976097551
Grafjellsbrea,2037-10-01,-0.501426169270955,-0.1320552674251284,0.13960075626663745
Grafjellsbrea,2037-11-01,-0.7242979783736622,-0.17346280418184223,0.05352179829464737
Grafjellsbrea,2037-12-01,0.5128425733936823,-0.10892629861639193,-0.48353939023227605
Grafjellsbrea,2038-01-01,-0.613927344495446,-0.07352834341224379,-0.24272929158411993
Grafjellsbrea,2038-02-01,-0.7427361739520418,-0.5834574900545381,-0.7566544516965864
Grafjellsbrea,2038-03-01,0.07334134440245095,0.11492254849512838,-0.5683871624546376
Grafjellsbrea,2038-04-01,0.05049966891301718,-0.04353975457004337,0.0012797124631544106
Grafjellsbrea,2038-05-01,-0.12386754770929802,0.5112021275544743,-0.08448438099045119
Grafjellsbrea,2038-06-01,-0.3510681986007602,-0.648755998958822,-0.11271462357442412
Grafjellsbrea,2038-07-01,-0.1669784869025235,-0.17306859664742344,-0.4257937089411323
Grafjellsbrea,2038-08-01,-0.18592730365348067,-0.5172972077908388,-0.20683795928370632
Grafjellsbrea,2038-09-01,-0.3269040654357535,0.22565495057617632,-0.5396392104121598
Grafjellsbrea,2038-10-01,-0.3465758454720536,-0.570478170159069,-0.24200338472183594
Grafjellsbrea,2038-11-01,-0.4846976651462053,-0.37886711715810506,0.19507039351314573
Grafjellsbrea,2038-12-01,-0.30640692126255104,-0.05200935790946496,-1.0386964047719747
Grafjellsbrea,2039-01-01,0.0737572121733447,0.2561345956351985,-0.8611098692167758
Grafjellsbrea,2039-02-01,-1.0585150761557847,-0.618970988691539,0.8358767466972573
Grafjellsbrea,2039-03-01,0.3768785039923613,-1.6905977560968442,-0.09113046146206864
Grafjellsbrea,2039-04-01,-0.058884300327329255,-0.5636358796726251,-0.1766187622883035
Grafjellsbrea,2039-05-01,-0.039994602549414816,-0.41123119747665343,-0.04150800389320991
Grafjellsbrea,2039-06-01,-0.010652475157747495,-0.18940816603739727,-0.17470053439872124
Grafjellsbrea,2039-07-01,-0.07721804660014053,-0.08903405723179546,-0.36988975045135875
Grafjellsbrea,2039-08-01,-0.3136961850125301,-0.21680018698726275,-0.4162306083660641
Grafjellsbrea,2039-09-01,0.1643919277522396,-0.5683070354897902,0.35356945056544725
Grafjellsbrea,2039-10-01,-0.3839058495210847,-0.7007409039064454,0.15890938767048002
Grafjellsbrea,2039-11-01,-0.8834536917442212,-0.49943075587770974,0.5892750826314516
Grafjellsbrea,2039-12-01,-0.6972852288922337,0.5184207846304834,0.058274691265239986
Grafjellsbrea,2040-01-01,-0.5443972737681174,-0.21627099990021123,0.5050976965505148
Grafjellsbrea,2040-02-01,-0.18927704346048355,-0.44870233834101914,-0.06675660487458186
Grafjellsbrea,2040-03-01,-0.7633407774840082,0.25778826183415554,0.15977689092982647
Grafjellsbrea,2040-04-01,-0.03628915613182112,-0.6911559997212159,0.16599137353039276
Grafjellsbrea,2040-05-01,0.06047443506060812,-0.5598129606124037,-0.23800856286567998
Grafjellsbrea,2040-06-01,-0.4440557342350542,-0.1879533743826908,-0.10403272012196474
Grafjellsbrea,2040-07-01,-0.09888894792219267,-0.3839050041888383,0.04587860039316013
Grafjellsbrea,2040-08-01,-0.3695435777638733,0.10155745168530218,-0.28387967311309353
Grafjellsbrea,2040-09-01,0.036464014271821145,-0.04359163434459521,-0.15539424867705706
Grafjellsbrea,2040-10-01,-0.16099268988046814,-0.4203622259509558,0.1101651244718272
Grafjellsbrea,2040-11-01,-0.2635412039607454,-0.3875660319649356,0.8251819903686951
Grafjellsbrea,2040-12-01,-0.6201261362487199,-0.21464935100007262,-0.23755113918511817
Grafjellsbrea,2041-01-01,-1.4564942227097488,-0.44037048051335664,0.012029995574775187
Grafjellsbrea,2041-02-01,-1.4396567275267544,-0.2276402746057745,-0.5388040679987666
Grafjellsbrea,2041-03-01,-0.13447120051518766,-1.1422186940306065,0.4832144175803476
Grafjellsbrea,2041-04-01,-0.37121947734913235,-0.12301041800015548,0.0065618697669864905
Grafjellsbrea,2041-05-01,0.1764899812215289,-0.24188498185567206,-0.14181028069189747
Grafjellsbrea,2041-06-01,0.010543283484825972,-0.41578035548774683,-0.11780803924606426
Grafjellsbrea,2041-07-01,-0.32957335592877374,-0.43777865577742764,-0.41646380433601643
Grafjellsbrea,2041-08-01,-0.3533792402741121,-0.27796660875593915,-0.2661260531354715
Grafjellsbrea,2041-09-01,0.08998595450501845,-0.27416963539601286,-0.25092229795110393
Grafjellsbrea,2041-10-01,-0.14443610767217122,-0.9470850150055615,-0.1517911633127159
Grafjellsbrea,2041-11-01,-1.2524827232665132,-0.2554462020241218,-0.01390015925598063
Grafjellsbrea,2041-12-01,-1.1454806172500036,-0.03569762649522875,0.41383198881139976
Grafjellsbrea,2042-01-01,-0.21692366897301238,0.29098661673769843,0.7137439942336647
Grafjellsbrea,2042-02-01,-0.03371265463216185,0.4401316961772434,-0.7266872488020435
Grafjellsbrea,2042-03-01,-0.6605876063004233,0.4745037107727473,-0.14739881143320563
Grafjellsbrea,2042-04-01,-0.4750674083428071,0.3238127076558448,-0.5481289645888654
Grafjellsbrea,2042-05-01,-0.10951894422094267,0.02443227206433124,0.16644839948513837
Grafjellsbrea,2042-06-01,-0.1878467173629462,-0.12885683263580403,-0.37519700671915857
Grafjellsbrea,2042-07-01,-0.14613490434750412,-0.3034533642268494,-0.335592802628182
Grafjellsbrea,2042-08-01,-0.25671594038382634,-0.3700879553522891,-0.3767070454941078
Grafjellsbrea,2042-09-01,-0.20483978151649418,-0.5701764825233759,-0.1349338082107282
Grafjellsbrea,2042-10-01,-0.25129140832728425,-0.31074582043319393,-0.11120827152727396
Grafjellsbrea,2042-11-01,-0.5136079802990089,0.5780150478105116,-0.08820297687226786
Grafjellsbrea,2042-12-01,-0.7006629093925483,-0.24878044687389542,-0.5309026797552606
Grafjellsbrea,2043-01-01,0.7613703966063566,-0.23665332324072721,-0.051967732103864905
Grafjellsbrea,2043-02-01,-0.12909477757654017,-0.48880220380538253,0.26631735559093755
Grafjellsbrea,2043-03-01,-0.07140690938559524,-0.17179158540824693,0.37734838590344194
Grafjellsbrea,2043-04-01,-0.34297214777698093,0.21493893206523448,0.07600048520878559
Grafjellsbrea,2043-05-01,-0.4548895342579553,-0.20554812179813217,-0.07965660194074181
Grafjellsbrea,2043-06-01,0.13159575089447864,-0.2718524685371866,-0.20304336281502644
Grafjellsbrea,2043-07-01,-0.5166815253779137,-0.5601765410937641,0.042731474329173846
Grafjellsbrea,2043-08-01,-0.6742914963832426,-0.2379205754540282,-0.10837341026570695
Grafjellsbrea,2043-09-01,-0.3790747298208534,-0.22842781288242966,-0.43657423066924483
Grafjellsbrea,2043-10-01,-0.2570322082170129,0.16527553625640334,-0.46907683948842366
Grafjellsbrea,2043-11-01,-0.21804861144551735,0.16496866557683112,-0.49562867759169843
Grafjellsbrea,2043-12-01,0.20984066075546057,-0.8165519369822166,-0.4973025294372215
Grafjellsbrea,2044-01-01,0.35966728864163994,-0.0072450358838735225,-0.4438408948711985
Grafjellsbrea,2044-02-01,0.7326774064954537,-0.07808698191475798,-0.09091682747955238
Grafjellsbrea,2044-03-01,-0.44415625801030495,-0.9012097559207078,-0.4661171665375012
Grafjellsbrea,2044-04-01,-0.6653219663025319,-0.0719426578291077,0.14034138152755216
Grafjellsbrea,2044-05-01,0.27056093281960597,-0.23527378099222332,0.03327476726332355
Grafjellsbrea,2044-06-01,-0.3009839612074353,0.09379093755226575,-0.05582971217900262
Grafjellsbrea,2044-07-01,-0.5087436023475385,-0.04970045830142646,-0.12159487029411649
Grafjellsbrea,2044-08-01,-0.48257198274598667,-0.20886582934614553,-0.2806275308371409
Grafjellsbrea,2044-09-01,-0.40474067065754077,-0.5189810884567475,-0.07023058307722646
Grafjellsbrea,2044-10-01,-0.6230763237049212,-0.040645707134330966,-0.4359534484231136
Grafjellsbrea,2044-11-01,-0.6398616524626404,-0.2063625397448425,-0.3185999430859913
Grafjellsbrea,2044-12-01,0.07843752657659601,-0.5770489229100949,-1.270088187590846
Grafjellsbrea,2045-01-01,-0.3248725696100105,-0.8539321400858064,-0.5125876689334697
Grafjellsbrea,2045-02-01,-0.687029930346028,-0.4645250587041072,-0.04405458802095016
Grafjellsbrea,2045-03-01,-1.0942732747894326,-0.38428164881442917,-0.36907683274269226
Grafjellsbrea,2045-04-01,-0.4238902381576774,-0.6671831890042457,-0.8241098386024578
Grafjellsbrea,2045-05-01,0.1666235266524494,-0.4664568939437195,-0.007754479363873394
Grafjellsbrea,2045-06-01,-0.33041647969182336,-0.19249012540315183,-0.2053807009801396
Grafjellsbrea,2045-07-01,-0.1832334694661213,0.16978429782465612,-0.4408491571337225
Grafjellsbrea,2045-08-01,-0.6061430947116736,-0.11360574914795517,-0.4279770120643091
Grafjellsbrea,2045-09-01,-0.03877091804429481,-0.2021782303520988,0.5087005065985921
Grafjellsbrea,2045-10-01,-0.1336058708998116,0.048557061772356046,-0.6332452023382907
Grafjellsbrea,2045-11-01,0.23277624498114502,-0.3271275539190565,-0.4387415111252016
Grafjellsbrea,2045-12-01,0.13017302884523063,-0.7895604820101347,0.32894827656562997
Grafjellsbrea,2046-01-01,-0.48983207563344006,-0.20939249179768935,0.6649147342905081
Grafjellsbrea,2046-02-01,-1.069066596410815,-1.0452755877630893,0.09838105309091938
Grafjellsbrea,2046-03-01,-0.21547424149971905,-1.1054821859239228,0.28086702596080554
Grafjellsbrea,2046-04-01,-0.8234765089239895,-0.3123863495504469,-0.1312639091232403
Grafjellsbrea,2046-05-01,-0.21123456436460786,0.4671803220454253,-0.6068872161460345
Grafjellsbrea,2046-06-01,-0.3140895861950421,-0.13530959236718695,-0.2956672613595562
Grafjellsbrea,2046-07-01,-0.22589472585106654,-0.011593156370434529,-0.10701373906369661
Grafjellsbrea,2046-08-01,0.077655192358639,-0.4439803120468231,-0.1537593488028706
Grafjellsbrea,2046-09-01,-0.03762641265644059,0.07879752915305409,-0.149434587162113
Grafjellsbrea,2046-10-01,0.18604613408782963,-0.34816509635726295,-0.21560502997651165
Grafjellsbrea,2046-11-01,0.04881549594608867,0.19045089908955695,-0.8793487851143547
Grafjellsbrea,2046-12-01,-0.09405162216113684,-0.37450118866581533,-0.46600439186116177
Grafjellsbrea,2047-01-01,0.026329101551260354,-0.02224708497916968,0.8081977614642505
Grafjellsbrea,2047-02-01,0.2282828591609256,0.6791838477494802,0.22710975347119958
Grafjellsbrea,2047-03-01,-0.49546144163593,0.16954946353568737,0.21134570086581636
Grafjellsbrea,2047-04-01,-0.5768049563264342,-0.011032093360840304,0.3233754040142598
Grafjellsbrea,2047-05-01,-0.12018071113092736,-0.08327756807172047,-0.0972662255541283
Grafjellsbrea,2047-06-01,-0.18299270933817224,-0.45880171465284586,-0.05961592747649654
Grafjellsbrea,2047-07-01,-0.2876106253932773,-0.18635765450934816,-0.11262555439553996
Grafjellsbrea,2047-08-01,-0.1333375762311356,-0.28168621962294754,-0.0962521023287745
Grafjellsbrea,2047-09-01,-0.4557773916645586,0.06296779646055756,-0.20098311809903893
Grafjellsbrea,2047-10-01,-0.9826819785945075,-0.2871134172533618,-0.4930725921977331
Grafjellsbrea,2047-11-01,-0.06151042271791455,-0.26160169193554306,0.056073084303249865
Grafjellsbrea,2047-12-01,0.11427013086578652,0.4576429448656829,-0.8479773625567079
Grafjellsbrea,2048-01-01,-0.5313344215566079,0.478422453498862,0.8814972798910571
Grafjellsbrea,2048-02-01,-0.5127454556676234,0.9786752133964508,1.008123912450645
Grafjellsbrea,2048-03-01,0.21647577143138605,0.39683060751586746,-0.27299416073624233
Grafjellsbrea,2048-04-01,-0.4874186619384934,0.14587931374702548,-0.0315104090403703
Grafjellsbrea,2048-05-01,-0.02702172493369857,-0.4411173782989592,-0.12031685111424524
Grafjellsbrea,2048-06-01,-0.31617559349394964,0.03813079242398182,-0.3235212452300967
Grafjellsbrea,2048-07-01,-0.3135238363068198,0.16092813873034076,-0.24790437295694367
Grafjellsbrea,2048-08-01,-0.1967422527150194,-0.26962472978399576,-0.22322992686312973
Grafjellsbrea,2048-09-01,-0.21773654965461178,-0.21776988895850438,-0.5849671419377586
Grafjellsbrea,2048-10-01,0.35826335851135555,-0.07585719411893131,-0.04628938440162563
Grafjellsbrea,2048-11-01,0.13535144027879034,-0.4037333045486073,-0.16116083029875064
Grafjellsbrea,2048-12-01,0.5262341668163816,0.32595613893607767,-0.15575900017118258
Grafjellsbrea,2049-01-01,0.45531059888142184,0.22883243499541836,-0.35328604552960624
Grafjellsbrea,2049-02-01,0.2801421274600562,0.23711470681486246,-0.18125358931524324
Grafjellsbrea,2049-03-01,0.6576469806167194,0.24760908208534196,0.42473439794516804
Grafjellsbrea,2049-04-01,-0.14251178693384237,0.09210463616830615,0.35425530667728894
Grafjellsbrea,2049-05-01,-0.34781121987678304,-0.4939763559131551,-0.4189347069587388
Grafjellsbrea,2049-06-01,-0.35751365196501483,0.032592535051586824,-0.2490759505105616
Grafjellsbrea,2049-07-01,-0.5609172286798275,-0.10482065581091164,-0.0355629392737129
Grafjellsbrea,2049-08-01,-0.23402275883472692,0.02469819914704698,-0.4996531004600279
Grafjellsbrea,2049-09-01,-0.29330174384760777,0.27714965693067056,-0.607502310570713
Grafjellsbrea,2049-10-01,-0.2017340794435772,0.12309013694108202,0.06488924934043905
Grafjellsbrea,2049-11-01,-0.5651599314906627,-0.08563678323736436,0.1959243515852834
Grafjellsbrea,2049-12-01,-0.44108828409984624,-0.5366501133775671,0.0514841775853108
Grafjellsbrea,2050-01-01,-0.32947831258519306,-0.3257377077479056,-0.4126701639832988
Grafjellsbrea,2050-02-01,-0.3327389899702248,0.33235241892033374,-0.48780428461820896
Grafjellsbrea,2050-03-01,0.2647448706598829,-0.9470464182659125,0.5855660194303435
Grafjellsbrea,2050-04-01,0.30175556387039976,-0.7226529951803494,0.02228731149320934
Grafjellsbrea,2050-05-01,-0.2762185985686441,-0.18988265399895896,-0.18744436738936096
Grafjellsbrea,2050-06-01,-0.2499629508969267,-0.03398699084274409,-0.3737355688869153
Grafjellsbrea,2050-07-01,-0.22275139865235535,-0.20162947342956014,-0.17943508189463198
Grafjellsbrea,2050-08-01,-0.022723486830806883,0.016770638160629087,0.014000575867275822
Grafjellsbrea,2050-09-01,-0.5347517272470982,-0.3270577455483166,0.11092842217280297
Grafjellsbrea,2050-10-01,0.036388751282502775,-0.06591796550269259,-0.26584918479954833
Grafjellsbrea,2050-11-01,-0.03539621890425817,-0.08718833007731051,-0.2568715316202872
Grafjellsbrea,2050-12-01,-0.5693960274985864,-0.09121195880559259,0.6181924852295236
Grafjellsbrea,2051-01-01,-0.5473398641205421,-0.649647495529047,0.2834069489066436
Grafjellsbrea,2051-02-01,-0.4469466660589941,-1.2001461445083244,-0.7511978290465492
Grafjellsbrea,2051-03-01,0.3069489035707485,-0.4722156930217795,-0.07836614094845813
Grafjellsbrea,2051-04-01,-1.1718940932073967,0.08017142341203347,-0.3437166957342086
Grafjellsbrea,2051-05-01,-0.2607329381056526,0.1358591308307717,0.08206913805130166
Grafjellsbrea,2051-06-01,-0.30426276519872975,-0.41444159990076496,-0.3085371038770967
Grafjellsbrea,2051-07-01,-0.19486608105320072,-0.24307883284425016,-0.006951641916775904
Grafjellsbrea,2051-08-01,-0.5852359830132013,-0.20538921503484153,-0.1597874722309526
Grafjellsbrea,2051-09-01,-0.12914448117211733,-0.6643258375964107,0.190635892678668
Grafjellsbrea,2051-10-01,0.2411664585229325,0.05718687351298235,-0.17503064521349695
Grafjellsbrea,2051-11-01,-0.0361284563082799,-0.40148558856167815,-0.47366779010014143
Grafjellsbrea,2051-12-01,0.2467919895855802,-0.0760247035881944,0.5703543448335143
Grafjellsbrea,2052-01-01,0.02713932353587036,-0.03991065112185832,0.2181883720708583
Grafjellsbrea,2052-02-01,-0.7002365923429705,-0.10357023685496629,-0.7314989439653884
Grafjellsbrea,2052-03-01,0.042615685143077175,-0.06184424600415293,-0.6673333268127615
Grafjellsbrea,2052-04-01,0.39118210409304716,-0.07767634087396398,-0.13489207045616916
Grafjellsbrea,2052-05-01,-0.6080389911257448,-0.08889015312123645,-0.1660497077273538
Grafjellsbrea,2052-06-01,-0.22131127239921145,0.09436446444128943,0.21661076192607032
Grafjellsbrea,2052-07-01,-0.529424947118986,-0.17018797914744277,-0.5170209081227964
Grafjellsbrea,2052-08-01,-0.29962094330398625,0.2733103767048524,0.03198856449496218
Grafjellsbrea,2052-09-01,-0.1474865002906878,-0.16400267356644904,-0.3329376522498916
Grafjellsbrea,2052-10-01,-0.6440948107361795,-0.08815401037224153,-0.38680097677833736
Grafjellsbrea,2052-11-01,-0.806704817308504,-0.8218388485181004,-0.579418596225386
Grafjellsbrea,2052-12-01,-0.6480069070157923,-0.6205020854736838,-0.5359215509015655
Grafjellsbrea,2053-01-01,0.5428636006642925,-0.7709549652162452,-0.45757514801386107
Grafjellsbrea,2053-02-01,0.1883519306071817,-0.2165259349895642,-0.5821918614730058
Grafjellsbrea,2053-03-01,-0.7587901795928084,-0.10052825935419181,0.2662127484698685
Grafjellsbrea,2053-04-01,-0.5189511429012436,-0.028603740014486567,-0.39590123278732525
Grafjellsbrea,2053-05-01,-0.3147318120965756,-0.09791774206890029,-0.3879200154116799
Grafjellsbrea,2053-06-01,-0.4861968369093887,-0.061053377988267564,-0.25721455987733033
Grafjellsbrea,2053-07-01,-0.38863722302610854,-0.23161224374877967,-0.46876645705134495
Grafjellsbrea,2053-08-01,-0.43101676113583576,-0.22775428168880849,-0.2408402885794274
Grafjellsbrea,2053-09-01,-0.5232792287083569,-0.5812034334533877,-0.321444459582873
Grafjellsbrea,2053-10-01,-0.4080289753135707,-0.510578013214257,-0.45056378176685535
Grafjellsbrea,2053-11-01,-0.10698069709842033,0.0710927069450733,0.1999688421263025
Grafjellsbrea,2053-12-01,-0.0828633055774049,0.20247430537464764,0.4996929862864768
Grafjellsbrea,2054-01-01,-0.21765228097794895,-0.7715318044517064,0.23608544481156182
Grafjellsbrea,2054-02-01,0.059774844502741564,-1.1092482974433526,0.05923542423141703
Grafjellsbrea,2054-03-01,-1.15962739384615,-0.7948708286630962,0.7154017601137994
Grafjellsbrea,2054-04-01,-0.39696230019858225,-0.9504750500139982,-0.04605088334257923
Grafjellsbrea,2054-05-01,-0.0808335912831225,-0.3666176035133925,-0.23531380605967034
Grafjellsbrea,2054-06-01,-0.4085582985710651,0.0373607072090964,0.3530661928346788
Grafjellsbrea,2054-07-01,-0.11547859441048093,-0.23089736380027537,-0.3861113321259169
Grafjellsbrea,2054-08-01,-0.1099099751634524,-0.4656805760608133,-0.2643821148447925
Grafjellsbrea,2054-09-01,-0.4064661332190333,-0.010291696723106517,-0.211423413178641
Grafjellsbrea,2054-10-01,-0.48384190353439654,0.22483633553366167,-0.4658471347876622
Grafjellsbrea,2054-11-01,-0.5182049532532566,-0.6139423653122131,0.6942729673983105
Grafjellsbrea,2054-12-01,0.274096693364042,-0.9026511395922602,0.200089182501322
Grafjellsbrea,2055-01-01,0.13009147601958412,0.014874977767476724,-0.2168385598106858
Grafjellsbrea,2055-02-01,0.6755941054817117,-0.11555344395247445,0.4161490023115622
Grafjellsbrea,2055-03-01,-0.12778820866207885,-0.09299382031414093,-0.2056282206030863
Grafjellsbrea,2055-04-01,0.21568118897163732,-0.8181145802935769,-0.4714166728306404
Grafjellsbrea,2055-05-01,-0.22098210179938993,0.12021879209028803,-0.3708252563323236
Grafjellsbrea,2055-06-01,-0.16009799905219668,-0.3207837381577655,-0.1156084016816802
Grafjellsbrea,2055-07-01,-0.03002228419905519,0.14420919134998333,-0.21817536560548914
Grafjellsbrea,2055-08-01,-0.27793294185037165,-0.16370904345812362,-0.13609567829950717
Grafjellsbrea,2055-09-01,-0.327964266344418,-0.22517303450901494,-0.3620987581553028
Grafjellsbrea,2055-10-01,0.07897164982277834,-0.07189976877024033,-0.4930071942402008
Grafjellsbrea,2055-11-01,0.013156374391282921,0.3097353559159158,0.1095883325361398
Grafjellsbrea,2055-12-01,-0.6176215035199698,-0.051127745704387995,0.13225887641812953
Grafjellsbrea,2056-01-01,0.3307376304318013,-0.25749271933130585,-0.5698294505443867
Grafjellsbrea,2056-02-01,0.543416809798011,-0.27443167144545,0.4178994465701868
Grafjellsbrea,2056-03-01,0.3799543767090104,-0.21491433792663353,-0.05262301071591652
Grafjellsbrea,2056-04-01,-0.7118868192771299,-0.13871650171282712,-0.35388256528159595
Grafjellsbrea,2056-05-01,-0.18843122237622403,0.26441398784597847,0.029054286955250752
Grafjellsbrea,2056-06-01,-0.5408957404452309,-0.2356208152955125,-0.06956115909590756
Grafjellsbrea,2056-07-01,-0.3789701188806835,-0.4556917316218021,0.1820575832959157
Grafjellsbrea,2056-08-01,-0.2951044133820913,0.5158726815962618,-0.1202533654716409
Grafjellsbrea,2056-09-01,-0.06321539975421646,-0.18868426615832798,-0.1808020060410888
Grafjellsbrea,2056-10-01,0.16201252860787071,-0.11936635298354858,0.3138273723822528
Grafjellsbrea,2056-11-01,-0.5082526824722526,0.008636177493971331,0.3175374739727584
Grafjellsbrea,2056-12-01,-0.6849369560160014,0.3706637537499576,-0.13942787737460988
Grafjellsbrea,2057-01-01,-0.6194231186725613,1.015076641661587,-0.7614818997915854
Grafjellsbrea,2057-02-01,-0.6098964443460627,0.03461550382479687,0.22373464366867393
Grafjellsbrea,2057-03-01,-0.6095931502649953,0.06405925522369167,-0.36493678190538864
Grafjellsbrea,2057-04-01,-0.42231618300423884,-0.1292981276520946,-0.18747246933521058
Grafjellsbrea,2057-05-01,0.13680676978235043,0.007470775144590251,-0.6737310587889915
Grafjellsbrea,2057-06-01,0.14548425442212404,-0.30627603174780343,-0.27278387595081593
Grafjellsbrea,2057-07-01,0.04365045759276387,0.25568791082303827,-0.0896459472249002
Grafjellsbrea,2057-08-01,-0.516855849223502,-0.5234923723951658,-0.19580383123173575
Grafjellsbrea,2057-09-01,-0.009884920745992806,-0.09643016566112796,-0.34071562729961363
Grafjellsbrea,2057-10-01,-0.30991435070709056,-0.0347636503884716,-0.7701163933940479
Grafjellsbrea,2057-11-01,-0.07629625546941422,-0.18867165455945178,-0.18861831940858034
Grafjellsbrea,2057-12-01,0.1660848266441739,-0.2456303214579553,-0.43645368393514633
Grafjellsbrea,2058-01-01,0.2964666952060645,-0.020915825824809275,-0.8322120970023094
Grafjellsbrea,2058-02-01,0.1762202086489597,-0.635417479723776,-1.0318219523193015
Grafjellsbrea,2058-03-01,-0.8503774617296417,0.11654376985509178,-0.55667194434225
Grafjellsbrea,2058-04-01,-0.14802792609007762,0.36476885787585206,-0.9812125803452368
Grafjellsbrea,2058-05-01,-0.24140014854106726,-0.43849233589109965,-0.06382423855996222
Grafjellsbrea,2058-06-01,-0.7381171423146166,0.036873611714251964,-0.2148800476502223
Grafjellsbrea,2058-07-01,-0.39532185989473306,0.13830069684388996,-0.2573459079558752
Grafjellsbrea,2058-08-01,-0.3037397989410595,-0.11908693680244557,-0.3517031161299136
Grafjellsbrea,2058-09-01,-0.2200521456565986,-0.31060268525385687,-0.04930255107303191
Grafjellsbrea,2058-10-01,-0.17813930438677159,-0.03578352732925453,-0.40874336653549515
Grafjellsbrea,2058-11-01,-0.02236156819357421,0.1638934715058267,-0.12475904117630694
Grafjellsbrea,2058-12-01,-0.47039241484724376,0.04180393213859218,-0.8019590856356186
Grafjellsbrea,2059-01-01,0.4075803529098618,-0.6893566655624391,-0.11669694736759949
Grafjellsbrea,2059-02-01,-0.24182643589968333,0.08813804021131648,-1.026904824821839
Grafjellsbrea,2059-03-01,-0.7584529916272422,-0.21778517976235745,0.37090990421384634
Grafjellsbrea,2059-04-01,0.04581242296297181,0.08703183943646801,0.26943639415715775
Grafjellsbrea,2059-05-01,-0.3293551030050136,-0.34879351326615166,-0.38040162751699413
Grafjellsbrea,2059-06-01,0.1703179061611104,-0.18899253780956268,-0.18987304808524164
Grafjellsbrea,2059-07-01,-0.2807604856807399,-0.2202815523405477,-0.04368718210377857
Grafjellsbrea,2059-08-01,-0.5094241870571982,-0.39206095883895203,-0.3850135372610913
Grafjellsbrea,2059-09-01,0.09213524772235497,-0.00304716946663001,-0.19556297565693123
Grafjellsbrea,2059-10-01,-0.5466919534909098,-0.5080390201566842,-0.3959401439752585
Grafjellsbrea,2059-11-01,-0.13191615158600975,0.5328960607713037,-0.3559886500454424
Grafjellsbrea,2059-12-01,-0.18284417755649018,0.048313085082865914,0.5861864736919015
Grafjellsbrea,2060-01-01,-0.32420506367499247,-0.40018084218442534,-0.08389263158347031
Grafjellsbrea,2060-02-01,0.12805077561786243,-0.008068934086160273,0.29085845379768355
Grafjellsbrea,2060-03-01,-0.13175039600343955,0.4839867501458162,0.22892063763227208
Grafjellsbrea,2060-04-01,-0.11092525530267024,-0.03527353914066996,-0.5406630582022833
Grafjellsbrea,2060-05-01,-0.10575479508653023,-0.2513658265241732,-0.6227649453625302
Grafjellsbrea,2060-06-01,-0.4244868190507812,-0.031607683890400064,0.04213056119758357
Grafjellsbrea,2060-07-01,-0.252762797668052,-0.2688349373549504,-0.26021620764299974
Grafjellsbrea,2060-08-01,-0.1376747202423851,-0.2697407121972679,-0.20156682510441645
Grafjellsbrea,2060-09-01,-0.021781134569557176,-0.21451495122248296,-0.37561910055703196
Grafjellsbrea,2060-10-01,-0.4939631921448213,-0.6949357411788154,0.2897501965135849
Grafjellsbrea,2060-11-01,-0.5544762793788697,-0.7980596372203986,0.12571197203165943
Grafjellsbrea,2060-12-01,-0.4095942419414747,0.56704147419085,-0.7053726680711708
Grafjellsbrea,2061-01-01,-1.0308506410128222,-0.2621114367714186,-0.3482074341808023
Grafjellsbrea,2061-02-01,-0.41714711057006487,-0.5281660367836337,-1.3690001379356593
Grafjellsbrea,2061-03-01,-0.023510752426619857,-0.48404214472324875,0.056342695355693674
Grafjellsbrea,2061-04-01,-0.5548344904470542,0.05812184667595673,0.18713015833745583
Grafjellsbrea,2061-05-01,-0.02248427682887964,-0.36056547702239244,-0.12352726454586094
Grafjellsbrea,2061-06-01,0.11574127287010383,-0.5134450165855662,-0.3079830622166128
Grafjellsbrea,2061-07-01,-0.6154930400526019,0.05075665512053649,-0.37698010313628005
Grafjellsbrea,2061-08-01,-0.10762680246385481,-0.08617544067295702,-0.24172089618521528
Grafjellsbrea,2061-09-01,-0.13903313003792703,-0.2231546839707693,-0.637770760318421
Grafjellsbrea,2061-10-01,-0.041423284099363966,-0.2004980816724112,0.11231230475746327
Grafjellsbrea,2061-11-01,-0.736161583495344,-0.43167286163419866,-0.0189427705420393
Grafjellsbrea,2061-12-01,-0.9363841561153657,-0.200202633154312,0.5183396016513556
Grafjellsbrea,2062-01-01,-0.6023270149017469,-0.16526717400702176,0.3543251056606185
Grafjellsbrea,2062-02-01,0.2152940237496865,-0.6034079463949881,0.3785485319870574
Grafjellsbrea,2062-03-01,-0.10639803468324711,0.21715458893703535,0.14818720781914793
Grafjellsbrea,2062-04-01,-0.762895919014371,0.19853298094900362,0.045061665622094106
Grafjellsbrea,2062-05-01,-0.41932101003320876,-0.046744324261898985,-0.1963383327766588
Grafjellsbrea,2062-06-01,-0.297762185961246,-0.22107586529262213,0.024912656020448436
Grafjellsbrea,2062-07-01,-0.30714445445358857,-0.32469964315984945,-0.17862969587992847
Grafjellsbrea,2062-08-01,0.18664014455313124,0.069171950407666,-0.2837546886911784
Grafjellsbrea,2062-09-01,-0.49025777187926917,-0.1298437033420257,-0.33490230498392687
Grafjellsbrea,2062-10-01,-0.0698178633525508,0.31828963741301014,0.2670528495642223
Grafjellsbrea,2062-11-01,0.05527081050843676,-0.7593274129797458,-0.6239031865284269
Grafjellsbrea,2062-12-01,0.41077411289000865,-0.8422551795661241,-0.24916348482693837
Grafjellsbrea,2063-01-01,0.4695283664905559,-0.6028850213092931,-0.8093150485136736
Grafjellsbrea,2063-02-01,-0.27374257095758847,0.20362545277088037,0.5478117098394225
Grafjellsbrea,2063-03-01,-0.5474613360669712,0.43590162916244113,-1.1172211398024772
Grafjellsbrea,2063-04-01,0.139270115561736,-0.26551267675389056,-0.18739300539106574
Grafjellsbrea,2063-05-01,-0.164255302367277,-0.6535458719469246,-0.35466186723272974
Grafjellsbrea,2063-06-01,-0.04161264027408329,-0.42699102426649493,-0.047706036213046844
Grafjellsbrea,2063-07-01,-0.2161914244459345,-0.23157815625606903,-0.14996405849181668
Grafjellsbrea,2063-08-01,-0.049518944803618827,-0.3172538711774256,0.057531234886927164
Grafjellsbrea,2063-09-01,0.0074211010797426424,-0.553554477357792,-0.27515085374882225
Grafjellsbrea,2063-10-01,-0.025247747195108788,-0.075056127663936,0.5189227138684517
Grafjellsbrea,2063-11-01,-0.3455868494294913,0.4223579101841774,-0.15017598098953422
Grafjellsbrea,2063-12-01,-0.005393855813377961,-0.41082019650247964,0.22145511658108952
Grafjellsbrea,2064-01-01,-0.2538426022568729,-0.46955432763704597,-0.13584210943169694
Grafjellsbrea,2064-02-01,0.6758727711299182,-0.2764875577205645,-0.6101546928322298
Grafjellsbrea,2064-03-01,0.16034726168696445,-0.5710058020003903,-0.878408625360791
Grafjellsbrea,2064-04-01,0.4853536412795199,-0.20983640693406316,-0.3513681677196125
Grafjellsbrea,2064-05-01,-0.03776240666313335,-0.15861186879502315,-0.22886466588739066
Grafjellsbrea,2064-06-01,-0.6014451502521897,-0.11164647181066494,-0.09058401440033269
Grafjellsbrea,2064-07-01,-0.0653853918239335,0.1306073218182219,-0.1958141748404517
Grafjellsbrea,2064-08-01,-0.3512424106421556,-0.4207702384953591,-0.20438715145455744
Grafjellsbrea,2064-09-01,-0.33344756340121123,-0.1629974845754443,-0.15203886097482544
Grafjellsbrea,2064-10-01,-0.05457624218425666,-0.4078334404699498,-0.7428535716895142
Grafjellsbrea,2064-11-01,-0.0912695674757476,-0.6839782485294991,-0.6257931212509293
Grafjellsbrea,2064-12-01,-0.04945711195788375,-0.47132112650326136,-0.06277797033992238
Grafjellsbrea,2065-01-01,-0.5976162619518575,0.5741369484394007,-0.23304886838025007
Grafjellsbrea,2065-02-01,0.03496627990430373,0.44983815253752163,-0.4708576189355999
Grafjellsbrea,2065-03-01,-0.2381599903653329,-0.3029131675767323,-1.0966144720075253
Grafjellsbrea,2065-04-01,0.23865819667988994,-0.4522620477591485,-0.6824931194841222
Grafjellsbrea,2065-05-01,-0.5101405666426281,0.25100767047449496,-0.1409368521219025
Grafjellsbrea,2065-06-01,-0.20618165368299712,-0.06699203980409706,-0.0549211032209889
Grafjellsbrea,2065-07-01,-0.23107547468141765,0.20551490645661633,-0.019903103082200113
Grafjellsbrea,2065-08-01,0.2340597031787011,-0.16100146068426752,0.0841548530469184
Grafjellsbrea,2065-09-01,-0.028567831008456352,0.08065338437867997,-0.02346773653376529
Grafjellsbrea,2065-10-01,-0.0930531249639941,-0.313386436877114,-0.3350027661807458
Grafjellsbrea,2065-11-01,0.25802364982629017,-0.15355209173257056,-0.2824324395277016
Grafjellsbrea,2065-12-01,0.00522381501849543,-1.046593057266985,0.4409308451876395
Grafjellsbrea,2066-01-01,-0.02903385937970974,-0.3031955970287039,0.20177982621570942
Grafjellsbrea,2066-02-01,0.1883043865245798,-0.4405320305045511,-1.2308229190406659
Grafjellsbrea,2066-03-01,0.23270956367580445,-0.4816761691278644,-0.5483602275713821
Grafjellsbrea,2066-04-01,0.19090798542813472,-0.9942164250110926,-0.013466894303619914
Grafjellsbrea,2066-05-01,-0.13605050681330122,0.0704658578706926,-0.11624077709845222
Grafjellsbrea,2066-06-01,-0.21409903301294544,-0.2864444530439699,-0.44908353222226244
Grafjellsbrea,2066-07-01,-0.14041581341605566,-0.2758423184121552,-0.45429484201251374
Grafjellsbrea,2066-08-01,-0.26091986404398315,-0.12966173737943762,-0.3970415564644439
Grafjellsbrea,2066-09-01,-0.24732959883920227,0.032768351892243086,-0.2538540275067906
Grafjellsbrea,2066-10-01,-0.7087812016556301,-0.16578899005756112,0.3682601834153947
Grafjellsbrea,2066-11-01,0.14925691173419975,-0.8969366554972535,-0.6765503988313033
Grafjellsbrea,2066-12-01,-0.6108856295704357,0.13734167702848699,-0.001134707543862597
Grafjellsbrea,2067-01-01,-0.4155299151703022,-0.17016765983279813,-0.7383245783255082
Grafjellsbrea,2067-02-01,-0.2710014259174612,-0.14145098261713818,0.5442462205083319
Grafjellsbrea,2067-03-01,-0.10149297590115695,-0.008202267029847424,0.4081715100353159
Grafjellsbrea,2067-04-01,0.22527381087695164,-0.5508152120495504,-0.5028905247423417
Grafjellsbrea,2067-05-01,-0.41173214290281407,-0.09032969237550177,-0.07367283729240502
Grafjellsbrea,2067-06-01,-0.07210093950483609,-0.2808988789726749,0.040233919016591936
Grafjellsbrea,2067-07-01,-0.19412564051640713,0.04468039232760148,-0.22915429994448433
Grafjellsbrea,2067-08-01,0.06092091984605519,-0.07837473741985039,0.08659289016533507
Grafjellsbrea,2067-09-01,-0.05719731041374879,0.5294507593291455,-0.21834876383892401
Grafjellsbrea,2067-10-01,-0.09938025500709395,-0.0012588831267026923,-0.44186206492951086
Grafjellsbrea,2067-11-01,0.11122048686426644,-0.021931389880377277,-0.5639401332396993
Grafjellsbrea,2067-12-01,0.41478617772425147,-0.442106536209413,-0.6415090354690768
Grafjellsbrea,2068-01-01,0.5437385561405912,0.1323754167254003,-0.13257111764761512
Grafjellsbrea,2068-02-01,-0.027191755612371693,0.6948711380098694,-0.3496415694995149
Grafjellsbrea,2068-03-01,-0.7094767391225533,-0.26450403957962143,-0.4840201219239096
Grafjellsbrea,2068-04-01,-0.44811000475989604,-0.5997232945551553,-0.25227659630948235
Grafjellsbrea,2068-05-01,-0.5250242142337506,-0.5917305437166414,-0.7424470296896065
Grafjellsbrea,2068-06-01,0.49964091021166396,-0.09513429658487815,-0.09907251784338215
Grafjellsbrea,2068-07-01,-0.2244039604300092,-0.09820510826474937,0.02625107470581865
Grafjellsbrea,2068-08-01,0.04491984702432974,0.46084395071682316,-0.40100119498702086
Grafjellsbrea,2068-09-01,-0.30085364737674264,-0.09780712731496566,-0.04729419598424994
Grafjellsbrea,2068-10-01,-0.10804172171608828,-0.34265334524950375,-0.15267049490913956
Grafjellsbrea,2068-11-01,-0.3192808484879766,0.07662283260806868,0.0032414123812683124
Grafjellsbrea,2068-12-01,-0.33659520967678064,-0.11297719328407492,-0.6877852443851911
Grafjellsbrea,2069-01-01,-0.9346112100054503,-0.5138181153613482,-0.9772593242887627
Grafjellsbrea,2069-02-01,0.47046235310215656,-0.7347299896708047,-0.917946461029041
Grafjellsbrea,2069-03-01,0.20370033572068688,0.7126206629622819,-0.5208691037279704
Grafjellsbrea,2069-04-01,-0.22845728561533796,0.250816143267124,-0.6639229705598829
Grafjellsbrea,2069-05-01,-0.08887835959252531,0.1887329489719514,-0.2857469746695484
Grafjellsbrea,2069-06-01,-0.28560294349524756,-0.03831446677111774,-0.05096942474181707
Grafjellsbrea,2069-07-01,0.03410836685741956,-0.4270741491495705,-0.11158728492082698
Grafjellsbrea,2069-08-01,0.2304293959551231,-0.40771877844269033,0.06027898035861005
Grafjellsbrea,2069-09-01,-0.33267268182288817,-0.11750085303216873,-0.14576176241270603
Grafjellsbrea,2069-10-01,-0.19237907386455277,-0.04189328108388535,-0.14510528744112036
Grafjellsbrea,2069-11-01,-0.38529497419469344,-0.045062937210932665,-0.8053458861847312
Grafjellsbrea,2069-12-01,0.2354694745171466,0.04814722356069584,-0.08108930435946086
Grafjellsbrea,2070-01-01,-0.34216162542650697,-0.4651053952525392,0.4282545645688291
Grafjellsbrea,2070-02-01,-0.055561556186003724,-0.06557277703334509,-0.49473779349041264
Grafjellsbrea,2070-03-01,-0.47895552505965516,0.5987199056964608,-0.04981878860971358
Grafjellsbrea,2070-04-01,0.12511726669648945,-0.20970879255557284,0.4287087670532248
Grafjellsbrea,2070-05-01,-0.23589902740529586,-0.37945377610136116,0.05915736932247103
Grafjellsbrea,2070-06-01,-0.6265332692844487,-0.5021126655127826,-0.2471275446322966
Grafjellsbrea,2070-07-01,-0.31772130843247487,-0.1281899292870256,0.20841065158944208
Grafjellsbrea,2070-08-01,-0.2069270915343031,-0.18175265746066185,-0.4722589824641062
Grafjellsbrea,2070-09-01,-0.23708241046480957,-0.6959032431576594,-0.3884681881451461
Grafjellsbrea,2070-10-01,-0.4882113493757065,-0.3366071617453536,-0.7530000103260149
Grafjellsbrea,2070-11-01,0.07605122521621797,-0.011837755595884403,-0.8421011112943456
Grafjellsbrea,2070-12-01,0.15361524311162938,-0.10110896654666411,0.14009566742282253
Grafjellsbrea,2071-01-01,0.1203023806211087,0.14512706055907457,-1.0105033363761968
Grafjellsbrea,2071-02-01,-0.3536837864390267,-0.18340969401071816,-0.9409864091931978
Grafjellsbrea,2071-03-01,-0.15087177156227108,0.1057959565635556,-0.0473046232572523
Grafjellsbrea,2071-04-01,-0.44210821810323003,0.1683410191600417,-0.055150675715078847
Grafjellsbrea,2071-05-01,-0.002114922899911128,0.07682161685611,-0.43232985624844406
Grafjellsbrea,2071-06-01,0.3757731253185723,0.16360184144760745,-0.2669014483816023
Grafjellsbrea,2071-07-01,0.09023973225730235,-0.011074390956125854,-0.3400416015986722
Grafjellsbrea,2071-08-01,-0.3152492768017159,-0.36091309978827746,-0.3041697359700291
Grafjellsbrea,2071-09-01,-0.5721005011601629,-0.4019391901670635,-0.13685767918043926
Grafjellsbrea,2071-10-01,0.16951297297473944,-0.1357280353008594,-0.052423474688312655
Grafjellsbrea,2071-11-01,-0.2907360290944719,-0.09147219079810164,-0.02285925178310076
Grafjellsbrea,2071-12-01,0.20687195755578766,0.3856617623154847,-0.10103643240869849
Grafjellsbrea,2072-01-01,0.033017188540323504,-0.37887728060149795,-0.3719125999161914
Grafjellsbrea,2072-02-01,0.2097428354441205,-0.49075253640364,-0.09652105992588898
Grafjellsbrea,2072-03-01,0.4769386336400619,-0.7381207097319961,-1.0212096173541407
Grafjellsbrea,2072-04-01,-0.30854634199041503,-0.6580551051258733,-0.9187128237065708
Grafjellsbrea,2072-05-01,0.07059233609589814,-0.4959581331269372,-0.13054135813581302
Grafjellsbrea,2072-06-01,-0.1456650311532857,0.031942778342444654,-0.16976828362440707
Grafjellsbrea,2072-07-01,-0.25672713643042916,-0.21420104020459885,-0.048329341108171185
Grafjellsbrea,2072-08-01,-0.2353068680336661,-0.10125195210533454,-0.1685130959399573
Grafjellsbrea,2072-09-01,-0.2889656361788448,-0.21357242128054219,0.008753416823515917
Grafjellsbrea,2072-10-01,-0.01771375436996786,0.4098728352161884,0.6844863666173024
Grafjellsbrea,2072-11-01,-0.23709862043563698,-0.4257444578589385,-0.4769045513752019
Grafjellsbrea,2072-12-01,0.12817094343417915,-0.9527821906957324,-0.9674859237517169
Grafjellsbrea,2073-01-01,-0.057860029585480234,-0.6001151747512802,-0.47929592036286994
Grafjellsbrea,2073-02-01,-0.39588747471839003,-0.9223144696099047,0.20731920323936895
Grafjellsbrea,2073-03-01,0.07784731231162349,-0.4943410268644577,-0.18541095249287634
Grafjellsbrea,2073-04-01,-0.6258027088826038,0.16897663748791672,-0.2118614863091024
Grafjellsbrea,2073-05-01,-0.13160506538210584,-0.12479883195804893,-0.07587703784771792
Grafjellsbrea,2073-06-01,-0.3227625468988962,-0.27253065112130265,-0.5770248746488972
Grafjellsbrea,2073-07-01,-0.2317320212978109,-0.49125711778649633,-0.15804325080165518
Grafjellsbrea,2073-08-01,-0.047586536246714585,-0.44796638446901377,0.01447696410367777
Grafjellsbrea,2073-09-01,0.38994359351208235,0.4339023550715475,-0.5646137728742665
Grafjellsbrea,2073-10-01,-0.6033140416478969,-0.10841920399615083,-0.2994660033266623
Grafjellsbrea,2073-11-01,-0.2633623728946879,-0.11789731388539611,0.35988482617777934
Grafjellsbrea,2073-12-01,-0.06568549978518913,-1.0854079795243672,0.5804436389510331
Grafjellsbrea,2074-01-01,0.019706507351369733,-0.43509513211494566,-0.7024197771699235
Grafjellsbrea,2074-02-01,0.2248084855876119,-0.2886470732445705,-0.9383286789567963
Grafjellsbrea,2074-03-01,0.11219879800829939,-0.6555313405584116,-0.1832702963383288
Grafjellsbrea,2074-04-01,-0.531832362064634,-0.23570545702733522,0.20397836669772038
Grafjellsbrea,2074-05-01,-0.004962768696859503,0.2545565424596116,-0.2660749562615861
Grafjellsbrea,2074-06-01,-0.25282804491145183,-0.2942966065827944,-0.6300831951057552
Grafjellsbrea,2074-07-01,-0.3205927206147256,-0.09365277987514287,-0.20848370827306328
Grafjellsbrea,2074-08-01,-0.03200237517255505,-0.3043648633030828,-0.25892402398380965
Grafjellsbrea,2074-09-01,-0.45441464824262234,-0.08821856861679468,-0.06270330853891128
Grafjellsbrea,2074-10-01,0.10258659730752119,0.23803253027039675,-1.0209718916640025
Grafjellsbrea,2074-11-01,0.1247629228441773,0.21349224812212828,-1.1420498889437458
Grafjellsbrea,2074-12-01,-0.3844309917740166,-0.4868657068591528,-0.5014500492854612
Grafjellsbrea,2075-01-01,0.27336613879078375,-0.38570212889495076,-0.7830621999445627
Grafjellsbrea,2075-02-01,0.5633128082659083,0.28013748319886506,-0.2914326797981408
Grafjellsbrea,2075-03-01,-0.10286543025702599,-0.10940288630218949,-0.456329467533447
Grafjellsbrea,2075-04-01,-0.05414294084682612,0.23349111919976973,0.18878658080063362
Grafjellsbrea,2075-05-01,-0.3958412955598342,-0.47131545271330255,-0.2068222393976197
Grafjellsbrea,2075-06-01,-0.09089607569959669,-0.016707890993560476,-0.055435166267313395
Grafjellsbrea,2075-07-01,-0.27118696129553643,-0.5806939810732312,-0.1643320937413265
Grafjellsbrea,2075-08-01,0.10623473403267851,-0.34207953740792885,-0.188581158074103
Grafjellsbrea,2075-09-01,-0.2894015275439323,-0.6527709066775527,-0.11681365704436163
Grafjellsbrea,2075-10-01,0.22765105882430212,0.1201278739524572,0.35936157203525815
Grafjellsbrea,2075-11-01,0.4053499000077716,0.14526108987827374,0.31758034105509164
Grafjellsbrea,2075-12-01,-0.017592445787130834,0.2743179897534598,-0.5755229636468185
Grafjellsbrea,2076-01-01,-0.28035083295789937,-0.5205846643095232,-0.07488835921227448
Grafjellsbrea,2076-02-01,-0.965499227308047,-0.47697452886426234,0.026581004720728645
Grafjellsbrea,2076-03-01,-0.9006056296057028,-0.6582326774840085,-0.10157087831360843
Grafjellsbrea,2076-04-01,-0.5581476704147309,-0.11127381512568672,-0.3797952258239758
Grafjellsbrea,2076-05-01,0.06945432149674946,-0.2833518725255597,-0.545514031867306
Grafjellsbrea,2076-06-01,0.12114601223709805,-0.36243859589466226,-0.43474971562454684
Grafjellsbrea,2076-07-01,-0.252504325513863,-0.3372107492028264,0.26601851500781604
Grafjellsbrea,2076-08-01,0.026260753771035428,-0.41234521897080856,-0.023610981530084268
Grafjellsbrea,2076-09-01,0.17807723757197838,-0.4054117836241275,0.4365522839250556
Grafjellsbrea,2076-10-01,-0.056970337806006834,-0.31321071250081123,0.07808321695104097
Grafjellsbrea,2076-11-01,-0.8222364923755904,-0.4571030582311142,-0.1927229307179236
Grafjellsbrea,2076-12-01,-1.1480118028562667,0.21079088609304808,-0.09435745441519154
Grafjellsbrea,2077-01-01,0.358828400677805,-0.15158553306635467,0.39770504243927385
Grafjellsbrea,2077-02-01,0.43436190249364204,-0.15530659020929735,0.20360445263220425
Grafjellsbrea,2077-03-01,-0.0013555252531211222,-0.9208825041293403,-0.7499875962128183
Grafjellsbrea,2077-04-01,-0.5634236523820313,0.40125695923171883,0.14677963985582906
Grafjellsbrea,2077-05-01,-0.4131779957543838,-0.3525154990905306,0.03803752531687621
Grafjellsbrea,2077-06-01,-0.4167577754653751,0.11045188723901535,-0.15797605275423238
Grafjellsbrea,2077-07-01,-0.352947372252374,-0.16322179483179552,-0.20183261533137734
Grafjellsbrea,2077-08-01,-0.35335239980091754,-0.16108525898020298,0.1056350747366172
Grafjellsbrea,2077-09-01,-0.03559675656742458,-0.16342282492576807,-0.2167976071894294
Grafjellsbrea,2077-10-01,-0.5801448886284216,-0.44697368012672506,-0.6290911848963775
Grafjellsbrea,2077-11-01,0.21077121013795566,-0.05442179962404923,-0.1625412683888545
Grafjellsbrea,2077-12-01,-0.5125258485255894,-0.45868756012374057,0.24541156563135932
Grafjellsbrea,2078-01-01,-0.4471789588233173,0.29720771852100064,0.7265246101782802
Grafjellsbrea,2078-02-01,-0.7552657821044235,-0.36481403494469705,0.5193535246938646
Grafjellsbrea,2078-03-01,-0.3926393840059487,-0.968344521240544,0.2635558577068641
Grafjellsbrea,2078-04-01,0.17076041437995784,0.36853759198554226,-0.15158843841490136
Grafjellsbrea,2078-05-01,-0.017120258509944402,-0.05912175785139515,-0.25898610280308626
Grafjellsbrea,2078-06-01,-0.15609989603701502,-0.22675481183109678,0.052698923994102954
Grafjellsbrea,2078-07-01,0.23227498555636672,-0.16211397395976682,-0.19045423328753644
Grafjellsbrea,2078-08-01,-0.1082741311346024,-0.6274430105936827,-0.6660331281754078
Grafjellsbrea,2078-09-01,-0.26420255131922116,-0.711177003147201,-0.6235389481042314
Grafjellsbrea,2078-10-01,-0.0632897714390062,0.2884740542713899,-0.20771356283045164
Grafjellsbrea,2078-11-01,0.06713807398911213,-0.3734169467915778,-0.8095600068109062
Grafjellsbrea,2078-12-01,-0.745846443402152,-0.6334124335425775,-0.014901952540907981
Grafjellsbrea,2079-01-01,-0.35188315904785367,-1.2045198995946518,0.0808136095144389
Grafjellsbrea,2079-02-01,0.4618500114253757,-0.2127421256115195,0.22366334635963345
Grafjellsbrea,2079-03-01,0.4150570064304251,-0.45746480542615187,-0.6069778767992818
Grafjellsbrea,2079-04-01,0.20807627194182055,0.23400699334858777,-0.4894011850036947
Grafjellsbrea,2079-05-01,-0.011233115712853051,0.4159956283354085,0.2302810048184445
Grafjellsbrea,2079-06-01,0.07474495850494527,-0.07707314649394968,-0.3471746990659525
Grafjellsbrea,2079-07-01,-0.06332755638034097,-0.4393376570598533,-0.12578072046136732
Grafjellsbrea,2079-08-01,-0.2340682391136001,-0.2033691082787722,-0.30897025845167064
Grafjellsbrea,2079-09-01,-0.13935458945030052,0.1565395517149808,-0.015417446107649169
Grafjellsbrea,2079-10-01,-0.4453882571484043,-0.8764228773873706,0.3005355811865594
Grafjellsbrea,2079-11-01,0.13096297680135524,-0.7582221806214458,-0.31387005041362886
Grafjellsbrea,2079-12-01,-0.32119894798324483,-0.284250435760292,-0.23266836516523356
Grafjellsbrea,2080-01-01,-0.20648433466827543,-0.43847089008719525,0.14366325721894072
Grafjellsbrea,2080-02-01,-0.30676840279802786,-0.7507424637989972,0.18515966920998383
Grafjellsbrea,2080-03-01,-0.5183635779911998,-0.39877120903863084,0.21127535345687418
Grafjellsbrea,2080-04-01,-0.22685595569874742,-0.7764714238385225,0.3350362842084989
Grafjellsbrea,2080-05-01,-0.1805107477156229,-0.09336215535883292,-0.28089450774017816
Grafjellsbrea,2080-06-01,0.01847809093255957,-0.30155648965115694,-0.4995470670041042
Grafjellsbrea,2080-07-01,-0.33793820878065617,-0.20546841868963753,0.0033638625388866896
Grafjellsbrea,2080-08-01,-0.1049676505230293,-0.2751326139528936,-0.3910818325997945
Grafjellsbrea,2080-09-01,-0.42427010582399416,-0.5171170111887817,-0.5080542457036321
Grafjellsbrea,2080-10-01,-0.1798839979037786,-0.417274226452226,-0.5292755499209187
Grafjellsbrea,2080-11-01,-0.31825239320895354,-0.503423150870404,-0.16078426993126493
Grafjellsbrea,2080-12-01,0.8617720672126262,-0.21993080723441205,-0.0014720029164336974
Grafjellsbrea,2081-01-01,0.3734545782023784,0.399583937814624,0.18079069658081412
Grafjellsbrea,2081-02-01,0.30341386186101077,0.49816993529699,0.12326218539073269
Grafjellsbrea,2081-03-01,-0.06629163664739046,0.2153243840799759,-0.18665783258158422
Grafjellsbrea,2081-04-01,-0.6815074974792378,0.11485208905241956,0.26137723901738946
Grafjellsbrea,2081-05-01,-0.6820813648986149,-0.03065216469382546,-0.1373195012466041
Grafjellsbrea,2081-06-01,0.062102073760690955,-0.562698020078319,-0.2987807034856966
Grafjellsbrea,2081-07-01,-0.3744246610618391,-0.39870850202467684,0.1788349599744484
Grafjellsbrea,2081-08-01,-0.14418429782092243,0.023640073529350658,0.014309072089945344
Grafjellsbrea,2081-09-01,-0.44166391557161605,-0.09270120204127669,-0.7293332249594523
Grafjellsbrea,2081-10-01,0.11967361624006817,-0.6594154890230941,-0.4878795908058862
Grafjellsbrea,2081-11-01,-0.4085151519344041,0.05192707282315212,-0.1528386297402314
Grafjellsbrea,2081-12-01,0.21785047977619307,0.3865836933108194,-0.41274345375685345
Grafjellsbrea,2082-01-01,-0.5998515137504947,-0.366542110528596,-0.3724367426901914
Grafjellsbrea,2082-02-01,-0.45700895166290606,-0.2038379857532783,-0.4669766938514535
Grafjellsbrea,2082-03-01,-0.38447309645982797,0.31129304058333923,-0.92053514880168
Grafjellsbrea,2082-04-01,-0.5030155683883761,0.05340223335027879,-0.2486392612805889
Grafjellsbrea,2082-05-01,-0.20563859362778783,0.02054134954598687,0.11235804410225066
Grafjellsbrea,2082-06-01,-0.25425667602827867,-0.38982121306608436,-0.6819912433173053
Grafjellsbrea,2082-07-01,0.24513655275164858,-0.16005796752884358,-0.577847006065519
Grafjellsbrea,2082-08-01,-0.2742893722072,-0.10881209970616278,0.05568328052145192
Grafjellsbrea,2082-09-01,-0.09108299776011543,-0.3909936436624925,0.03258617371733615
Grafjellsbrea,2082-10-01,-0.05610821507859252,-0.1900849591926634,0.16486071702019608
Grafjellsbrea,2082-11-01,-0.12340406440574074,-0.15133271125804615,-0.17538722410559426
Grafjellsbrea,2082-12-01,-0.844037237120034,-0.10034936114242293,-0.6594691296690923
Grafjellsbrea,2083-01-01,-0.24191224875188877,-0.14163257467836313,-0.76568791731097
Grafjellsbrea,2083-02-01,-0.01375793302969347,0.4591992270233877,-0.8874601386142773
Grafjellsbrea,2083-03-01,0.06820125682378524,0.039736240659545154,0.12826901045510164
Grafjellsbrea,2083-04-01,0.004566321463190304,0.36382246710445526,0.5798006194150195
Grafjellsbrea,2083-05-01,-0.12969566560206847,0.12479203776827108,0.02948350888600419
Grafjellsbrea,2083-06-01,-0.3028534705315744,-0.236405163812314,-0.14697014586382165
Grafjellsbrea,2083-07-01,0.0553872463090845,-0.19092116171475806,-0.310350553178139
Grafjellsbrea,2083-08-01,-0.22249332961473836,-0.023593387398709958,0.18888143021547266
Grafjellsbrea,2083-09-01,-0.1053414490414339,-0.23131988716589233,-0.49297533757758744
Grafjellsbrea,2083-10-01,-0.3886580630899736,-0.22689588661866997,-0.8315785790826595
Grafjellsbrea,2083-11-01,0.12046412374546002,-0.18019666142108215,-0.23392514596075187
Grafjellsbrea,2083-12-01,-0.3427459259395524,-0.029585264278181884,-0.49343704947210315
Grafjellsbrea,2084-01-01,-0.3750901178819901,-0.8069298296039912,-0.8107168745496033
Grafjellsbrea,2084-02-01,-0.10666222451497905,0.10465446258350548,-0.2401994331210853
Grafjellsbrea,2084-03-01,-0.1716140282322651,-0.6268747527222264,0.17342734606004498
Grafjellsbrea,2084-04-01,0.10457020776449692,-0.5422602767654925,0.07665770186310152
Grafjellsbrea,2084-05-01,-0.25697612912030515,0.010329240496691908,-0.03941053098239857
Grafjellsbrea,2084-06-01,-0.5579946268534385,0.1004400667600412,-0.3729812834825836
Grafjellsbrea,2084-07-01,0.040329729667194,-0.13050961694147464,-0.005752383443681767
Grafjellsbrea,2084-08-01,-0.24414808632732998,0.0369954558124333,-0.3646903196954705
Grafjellsbrea,2084-09-01,0.1395960435190842,-0.0231596992262361,-0.021800181447017602
Grafjellsbrea,2084-10-01,-0.1584954617414218,-0.45398095893333723,-0.766554657249432
Grafjellsbrea,2084-11-01,0.3058431539031554,0.053454147666084695,-0.8641811480525391
Grafjellsbrea,2084-12-01,0.44167949513245147,0.5515852298810108,-0.9321332570218068
Grafjellsbrea,2085-01-01,-0.22852932025806258,0.4368401556441277,-0.5021099346263925
Grafjellsbrea,2085-02-01,0.09434708529080614,0.6752131802584506,-0.6951747823986412
Grafjellsbrea,2085-03-01,-0.47109074725252476,0.3337305285428684,0.07255444454693359
Grafjellsbrea,2085-04-01,-0.34323119378795325,-0.6666315056872599,-0.9287867798965941
Grafjellsbrea,2085-05-01,-0.029108513274887633,-0.29878056599571634,-0.43829229539499187
Grafjellsbrea,2085-06-01,-0.15792878915286285,-0.1942089016090454,-0.0939959734886243
Grafjellsbrea,2085-07-01,-0.11430453178423856,-0.24213679972057559,-0.31575364001306155
Grafjellsbrea,2085-08-01,-0.12210812864817694,-0.2767143967671259,-0.25035471694042816
Grafjellsbrea,2085-09-01,-0.5470134486435091,-0.13102260593222156,-0.20103580340319863
Grafjellsbrea,2085-10-01,-0.24052134870827738,0.11485074461826018,-0.45953572372699814
Grafjellsbrea,2085-11-01,-0.10354063361401095,0.2700717046182994,-0.315756353190064
Grafjellsbrea,2085-12-01,0.08669356082456642,-0.3983277161544481,0.06292752761326371
Grafjellsbrea,2086-01-01,-0.33712252423005906,-0.3496667557464423,-0.09242895563857328
Grafjellsbrea,2086-02-01,-0.10686132887690551,-0.1874793854088644,0.4024554475612956
Grafjellsbrea,2086-03-01,-0.061805589817437966,-0.1746097256254827,0.3684040908870221
Grafjellsbrea,2086-04-01,-0.10224813430119083,0.17743539959549373,-0.08764385858643171
Grafjellsbrea,2086-05-01,0.28519780544513385,-0.17157430808092436,0.14796959824222208
Grafjellsbrea,2086-06-01,0.5004434881291213,0.26817528451776446,-0.1620361972616455
Grafjellsbrea,2086-07-01,-0.24890064329626135,-0.3373751487880237,-0.22502920541086016
Grafjellsbrea,2086-08-01,-0.10986014807769233,0.10486843548867408,-0.14401412314103632
Grafjellsbrea,2086-09-01,-0.166342174008631,-0.11063270704742623,-0.32736808870373585
Grafjellsbrea,2086-10-01,0.17902607609884327,0.6438736067013726,0.05786035974532026
Grafjellsbrea,2086-11-01,0.18454457060553445,-0.008777400407852576,-0.010110889496730521
Grafjellsbrea,2086-12-01,0.1678013538715233,-0.6453869257152273,-0.4842678305381029
Grafjellsbrea,2087-01-01,0.27761257243984677,-0.006767522309806373,-0.31591419958629735
Grafjellsbrea,2087-02-01,-0.24811862074370383,0.44803724603625344,0.12423808960929598
Grafjellsbrea,2087-03-01,0.18764710417457284,0.18426233444608295,0.2749220879406022
Grafjellsbrea,2087-04-01,0.40750529978281785,-0.04599194964785056,-0.5011607829784045
Grafjellsbrea,2087-05-01,-0.08606414395945157,-0.03336830810030772,-0.3177593370367276
Grafjellsbrea,2087-06-01,-0.03658283488081454,-0.2038958601419593,-0.26396240369319757
Grafjellsbrea,2087-07-01,-0.2764530358414196,0.007320537968969291,-0.25770498589826885
Grafjellsbrea,2087-08-01,-0.36412930573557173,-0.003576052198684824,-0.04990702269427181
Grafjellsbrea,2087-09-01,-0.6629716079548961,-0.37078450000649793,-0.06836474462546482
Grafjellsbrea,2087-10-01,-0.29005604210843977,-0.5806400546297433,0.5269650609506475
Grafjellsbrea,2087-11-01,-0.3026128802711191,-0.20845295769579328,-0.19217418512640083
Grafjellsbrea,2087-12-01,-0.5738154949726425,0.0015305387196494953,-1.0048436895650383
Grafjellsbrea,2088-01-01,0.378755304455699,-1.0303108127032086,0.5900605665935542
Grafjellsbrea,2088-02-01,0.4752762863106061,-0.6807564924065953,0.4143083770513542
Grafjellsbrea,2088-03-01,0.31820909070836334,-0.20727362294933757,0.2312600120365276
Grafjellsbrea,2088-04-01,-0.2658012930321333,-0.3881966060876125,-0.07066261185576879
Grafjellsbrea,2088-05-01,0.012732091418445316,0.12431120323473493,-0.05378786230846477
Grafjellsbrea,2088-06-01,-0.23139334908384987,-0.2870742665083647,-0.1990158106926079
Grafjellsbrea,2088-07-01,-0.20312496768239316,-0.537905481541653,-0.418237278144932
Grafjellsbrea,2088-08-01,-0.3499316830055803,-0.3152177852917675,-0.13383992078575896
Grafjellsbrea,2088-09-01,0.017744467126673786,-0.4008053333977894,0.03009729678820085
Grafjellsbrea,2088-10-01,-0.1265062484810915,-0.07738047888629557,0.28897486837559777
Grafjellsbrea,2088-11-01,0.54815822044198,0.5852230966401389,-0.5998396596222116
Grafjellsbrea,2088-12-01,-0.7416770783067337,-0.3997421007869428,-0.2708469892010979
Grafjellsbrea,2089-01-01,-0.9894682335201415,-0.3885076927975837,-0.5259640993634008
Grafjellsbrea,2089-02-01,-1.6053716879148758,-0.2142509463133494,0.36770295354309174
Grafjellsbrea,2089-03-01,-0.24181660543244718,0.15770832128424409,0.6943090867670936
Grafjellsbrea,2089-04-01,-0.04157425293912992,-0.16649579041903595,0.16469609373571925
Grafjellsbrea,2089-05-01,-0.17552598437049557,-0.0485993897601655,-0.5985183606829009
Grafjellsbrea,2089-06-01,-0.4724136901594391,-0.04731344049820888,-0.036960125839165026
Grafjellsbrea,2089-07-01,0.02810991168992007,-0.1093307354297479,-0.03895736478425044
Grafjellsbrea,2089-08-01,-0.27519184801969104,-0.023479149701025253,-0.19256002672346584
Grafjellsbrea,2089-09-01,0.06215041929609303,-0.5157357912828211,-0.06969668250588662
Grafjellsbrea,2089-10-01,-0.1641420320385293,0.17922669941062516,-0.877329220577284
Grafjellsbrea,2089-11-01,-0.15785939142947275,-0.1801927120873722,-0.9154580507835868
Grafjellsbrea,2089-12-01,0.12268530141806266,-0.31358240463480747,-0.14888607899014447
Grafjellsbrea,2090-01-01,0.9074989125717211,-0.012982929445211714,-0.8912491462996021
Grafjellsbrea,2090-02-01,0.3063799971619124,-0.9819947099517737,-0.03298430203354389
Grafjellsbrea,2090-03-01,0.5615056117878391,-0.7026270219662915,-0.37655569674147554
Grafjellsbrea,2090-04-01,-0.212376106483008,-0.6681142815011091,0.31647635695328685
Grafjellsbrea,2090-05-01,-0.3162765333455741,-0.4113264782907448,-0.2312249385430949
Grafjellsbrea,2090-06-01,-0.23053392072979886,0.06422582822243454,-0.026386539736907726
Grafjellsbrea,2090-07-01,-0.1702709521715542,0.07506928380730256,-0.21245310222491506
Grafjellsbrea,2090-08-01,0.02362511854738449,-0.46030870368068855,-0.27675918144115097
Grafjellsbrea,2090-09-01,-0.0401058419979494,-0.6910406803881878,-0.051736929875758786
Grafjellsbrea,2090-10-01,-0.1454804631668789,0.405188032265061,-0.0723933053182101
Grafjellsbrea,2090-11-01,-0.6625585120930793,-0.11056015773499549,-0.6927514550714653
Grafjellsbrea,2090-12-01,-0.6369647324016884,-0.35963265249465753,-0.02695762179734762
Grafjellsbrea,2091-01-01,0.0351786205849939,-1.4154060861603364,-0.27437579504435233
Grafjellsbrea,2091-02-01,-0.16741787536213024,-0.3034622389355343,-1.2635887120969589
Grafjellsbrea,2091-03-01,-0.8265761212495454,0.4924840669437838,-0.49788256398373076
Grafjellsbrea,2091-04-01,-0.6193118849183654,-0.2479131888607359,0.12157331964868662
Grafjellsbrea,2091-05-01,-0.2919555484348339,-0.24500179238369368,0.06104719746158357
Grafjellsbrea,2091-06-01,-0.00829106807271801,-0.36335361814848416,-0.11949952627424605
Grafjellsbrea,2091-07-01,-0.10856766278445618,0.2704631675248386,-0.4167636711557921
Grafjellsbrea,2091-08-01,-0.08120126079979101,-0.11419148629758813,-0.15042134465057705
Grafjellsbrea,2091-09-01,-0.17282091936487162,0.26172041193228784,-0.5043147697125505
Grafjellsbrea,2091-10-01,-0.9024989968256011,0.19960324822687445,-0.3715729397218566
Grafjellsbrea,2091-11-01,-0.004924823896600557,0.3879291349751419,0.13349648847544707
Grafjellsbrea,2091-12-01,-0.35938249893519,0.47520804692721846,0.44152383781142807
Grafjellsbrea,2092-01-01,0.6596344372011658,0.3668189592115072,0.49601470109301
Grafjellsbrea,2092-02-01,0.3943853744935703,-0.3444441464059975,-0.2506364189629354
Grafjellsbrea,2092-03-01,0.3835390683789926,0.23568583250499597,-0.8331033058919252
Grafjellsbrea,2092-04-01,0.16720570297085816,0.16005955693110702,-0.26508156085956297
Grafjellsbrea,2092-05-01,-0.06964667837948542,-0.3437092521976248,0.012197497281245492
Grafjellsbrea,2092-06-01,-0.6197325036367264,-0.4814353880778728,-0.3324794315046996
Grafjellsbrea,2092-07-01,-0.28821575234844016,-0.172631428916424,-0.22087331335931318
Grafjellsbrea,2092-08-01,-0.16454973161516176,-0.1509456335957742,0.1256937296507542
Grafjellsbrea,2092-09-01,-0.35946658374782364,0.29360234113941996,-0.1695401405278323
Grafjellsbrea,2092-10-01,0.052715543438800784,-0.7598709052373139,-0.45838742165442836
Grafjellsbrea,2092-11-01,-0.3156866775572184,-0.10096882636098232,0.02222061381381707
Grafjellsbrea,2092-12-01,-0.2603128416463875,0.18787636743581274,0.3113455099391396
Grafjellsbrea,2093-01-01,-0.011970197053745005,0.5150289399464499,-0.6730809838283235
Grafjellsbrea,2093-02-01,-0.049642452029379204,-0.29096235342118365,-0.05443107586895694
Grafjellsbrea,2093-03-01,-0.012268789619184428,0.027785514800944766,-0.35329868834082173
Grafjellsbrea,2093-04-01,0.29936716761490245,-0.35336455620686885,-0.9695486839553981
Grafjellsbrea,2093-05-01,-0.5046011623192408,-0.519788489877793,-0.08784492472699568
Grafjellsbrea,2093-06-01,-0.21402457611813042,-0.13193477022197003,-0.4950881501296553
Grafjellsbrea,2093-07-01,-0.29280737239880894,0.02027809254649669,-0.1706161953662401
Grafjellsbrea,2093-08-01,-0.377080316849892,-0.09489314811980605,-0.18678358925173852
Grafjellsbrea,2093-09-01,-0.14214523473459129,-0.019986433102375228,-0.2051199034786049
Grafjellsbrea,2093-10-01,-0.1283077329180331,-0.35084685287372447,-0.33004450019872394
Grafjellsbrea,2093-11-01,-0.15861703911485825,-0.4467509190736007,-0.27243091025680516
Grafjellsbrea,2093-12-01,-0.22221924258579487,0.019423079498985456,0.6258813071165622
Grafjellsbrea,2094-01-01,-0.7431083555052406,-0.5846535757364615,0.009455431434916284
Grafjellsbrea,2094-02-01,-0.8262871014542323,0.5099099399968926,-0.7426805684271421
Grafjellsbrea,2094-03-01,0.25493983415941696,-0.19434941483550405,-0.06969453669186558
Grafjellsbrea,2094-04-01,-0.06183577145603947,-0.44898489831981986,-0.031523035665811716
Grafjellsbrea,2094-05-01,-0.5734324526340165,-0.18943809463240516,0.13553395880966748
Grafjellsbrea,2094-06-01,-0.5451250438942047,-0.12603129462633475,-0.20051330939805048
Grafjellsbrea,2094-07-01,-0.12443117933315095,-0.14355406392709721,-0.11013952616794091
Grafjellsbrea,2094-08-01,-0.2917251031500652,-0.14125083977442235,-0.3668763562579156
Grafjellsbrea,2094-09-01,-0.020474187627684753,-0.44939765416160293,-0.574295068765332
Grafjellsbrea,2094-10-01,-0.38947111826577013,-0.23538543520181,0.31979252378360984
Grafjellsbrea,2094-11-01,-0.4798930332020264,-0.6376036516815485,0.4645720202675631
Grafjellsbrea,2094-12-01,-0.18170350977608227,-0.2705246771882503,-0.48924941465427835
Grafjellsbrea,2095-01-01,-0.8551204340165278,0.8355316906074864,-0.3927380743656652
Grafjellsbrea,2095-02-01,-0.28053595511839435,-0.37220473774657997,0.07730114416199359
Grafjellsbrea,2095-03-01,-0.1164401355577599,-0.026809920025279505,0.22025444210555076
Grafjellsbrea,2095-04-01,0.08063898516689283,-0.4912443412935514,0.0365586836290863
Grafjellsbrea,2095-05-01,-0.13890959542955794,-0.6718868335103393,-0.006304288938067393
Grafjellsbrea,2095-06-01,-0.14089548490995057,-0.4340098316301748,-0.2710189183936678
Grafjellsbrea,2095-07-01,0.09252466736142255,-0.32967907536385327,-0.2934401786180509
Grafjellsbrea,2095-08-01,0.084134843993384,0.03198766063366596,0.2820052757885986
Grafjellsbrea,2095-09-01,-0.17803360611618235,-0.5606763830303929,-0.17112020979413214
Grafjellsbrea,2095-10-01,-0.07020821546452467,-0.5054552157099921,0.08510359479498553
Grafjellsbrea,2095-11-01,0.3900536055924755,-0.5446817531684974,-0.034523093216263345
Grafjellsbrea,2095-12-01,-0.2360312932798839,-0.09093330005245975,0.011955891048165912
Grafjellsbrea,2096-01-01,-0.26258110560384235,-0.30915411268266824,-0.37145622333019784
Grafjellsbrea,2096-02-01,-0.9948602627520987,-1.012732252285087,-0.2524447898729686
Grafjellsbrea,2096-03-01,-0.8640911459719306,0.5758593381873038,-0.007965004749585928
Grafjellsbrea,2096-04-01,0.34153230587694816,0.3945438804197341,-0.34548401005371304
Grafjellsbrea,2096-05-01,-0.13999361217347173,-0.09326119491313777,0.03455662787084355
Grafjellsbrea,2096-06-01,0.1729919851920527,-0.18777561638840798,0.021158078146799025
Grafjellsbrea,2096-07-01,-0.047290213919017166,-0.3517376820521678,0.15967757632201982
Grafjellsbrea,2096-08-01,-0.10584350865086668,-0.03309735293979651,-0.23433406287017564
Grafjellsbrea,2096-09-01,0.10223422722400828,0.20563187721581322,0.003297094772474437
Grafjellsbrea,2096-10-01,-0.16524063255655316,-0.2554451226299283,-0.6540596037992997
Grafjellsbrea,2096-11-01,-0.22742850642383305,-0.26470898450441377,-0.7818851122946767
Grafjellsbrea,2096-12-01,-0.4211835947514748,-0.8649396535769361,-0.8794395609047908
Grafjellsbrea,2097-01-01,-0.20351434919874167,-0.07685296075958277,-0.8228805224510386
Grafjellsbrea,2097-02-01,-0.24731891905178896,-0.7104374299018791,-0.8532311328752454
Grafjellsbrea,2097-03-01,0.27832482915748336,-0.43501468923403336,-0.006306693127551073
Grafjellsbrea,2097-04-01,-0.7890472867953866,-0.8699184629283297,-0.0045618357193570325
Grafjellsbrea,2097-05-01,-0.5479924671165445,0.0007336113021974566,-0.08497981264889125
Grafjellsbrea,2097-06-01,-0.33102665332509285,-0.038925656677352795,-0.33534229417674694
Grafjellsbrea,2097-07-01,-0.1300342274212696,-0.00581008485254932,-0.07025211432428086
Grafjellsbrea,2097-08-01,0.08779695263484079,-0.4863521758608464,-0.20040419582465674
Grafjellsbrea,2097-09-01,0.0688758973878026,-0.4282039760768677,-0.2145996784519085
Grafjellsbrea,2097-10-01,-0.7240856065117232,-0.15438578176975096,0.12149280342143554
Grafjellsbrea,2097-11-01,0.04957412479497875,0.13151334091787428,-0.38934060592651515
Grafjellsbrea,2097-12-01,0.019858486208150505,-0.29883335395137317,-0.5044306500762935
Grafjellsbrea,2098-01-01,0.04632739138001709,-0.809406520618035,-1.2272164086804949
Grafjellsbrea,2098-02-01,0.0873055558710802,-0.6574587973535211,-0.6234282578430839
Grafjellsbrea,2098-03-01,0.6879435889370106,-0.8223731026056713,-0.42207754445167645
Grafjellsbrea,2098-04-01,0.14712020753837107,0.0635053238436556,-0.40879746723329696
Grafjellsbrea,2098-05-01,-0.3371190822992178,-0.5193712428777474,-0.5417947264073493
Grafjellsbrea,2098-06-01,0.040553221007266306,0.28635884653437366,-0.158563748140793
Grafjellsbrea,2098-07-01,-0.2924698445371711,-0.16252782919779565,-0.08184124039786683
Grafjellsbrea,2098-08-01,-0.45501975892945623,-0.27899721647008696,-0.11045227401536178
Grafjellsbrea,2098-09-01,-0.5038295539065732,-0.4490661102389419,-0.16741140902447485
Grafjellsbrea,2098-10-01,-0.05291465541259014,0.0276730638226782,-0.13505168276838636
Grafjellsbrea,2098-11-01,0.7847189955748436,0.1612951355848852,-0.0480955268867154
Grafjellsbrea,2098-12-01,-0.1464887407369193,0.21377370613259003,-0.12817309139192581
Grafjellsbrea,2099-01-01,-1.0372868015726742,0.4345371210876013,-0.32424410870508774
Grafjellsbrea,2099-02-01,-0.07870933694463972,-0.541963467612709,-0.6471184189096431
Grafjellsbrea,2099-03-01,-0.04191696390375205,-0.3344715130348759,-0.7799901442093983
Grafjellsbrea,2099-04-01,0.15640081882470522,-0.194700893883742,-0.11807207877572341
Grafjellsbrea,2099-05-01,0.11386080100655567,-0.5851895552924313,-0.6012813136402338
Grafjellsbrea,2099-06-01,-0.4162023236907347,0.03773165819239649,0.17191459456956137
Grafjellsbrea,2099-07-01,-0.17039719627234576,-0.38662941690786695,-0.5663416437725763
Grafjellsbrea,2099-08-01,0.046015076174736325,-0.1667145743000631,0.11725192367334099
Grafjellsbrea,2099-09-01,-0.5789720443055512,-0.33851855585857543,-0.2549694856807925
Grafjellsbrea,2099-10-01,-0.33874470434451215,-0.4973366326518284,-0.39094884141608904
Grafjellsbrea,2099-11-01,-0.6503617765376947,-0.044751504270653275,0.35859296073975533
Grafjellsbrea,2099-12-01,-0.8948162570784208,-0.3525124038904237,-0.0773473476236564
Grafjellsbrea,2100-01-01,-0.11085508630192105,0.6718632750472083,0.21698597065691824
Grafjellsbrea,2100-02-01,-0.44608193104085103,0.3283979656188259,-0.0661196805026803
Grafjellsbrea,2100-03-01,-0.3011357243542931,-0.1486550492532787,-0.510737776315743
Grafjellsbrea,2100-04-01,-0.0018808650341480087,-0.3602286339298389,-0.19067428422978225
Grafjellsbrea,2100-05-01,0.1183753584198825,-0.26097706013227306,0.0642679630986875
Grafjellsbrea,2100-06-01,-0.05255142604606348,-0.2985596199211061,-0.2000428062100658
Grafjellsbrea,2100-07-01,-0.022220694168012794,-0.3950472796293047,-0.29105119847207517
Grafjellsbrea,2100-08-01,-0.19096182785605187,0.004750070062861674,-0.06847029104405448
Grafjellsbrea,2100-09-01,-0.13575863584720718,0.08958864451434723,-0.06924749349362015
Grafjellsbrea,2100-10-01,-0.6583559279970913,-0.6623465399304027,0.10132822112201927
Grafjellsbrea,2100-11-01,0.03361246976895862,-0.553008643479116,-0.7727626451089272
Grafjellsbrea,2100-12-01,0.4913522780523565,-0.5598765061331701,-0.8733650253679718
Grasubreen,2015-01-01,-0.09419615882798005,-0.019959960900048864,-0.10146958191914603
Grasubreen,2015-02-01,0.16451376970422804,0.07279017311682857,-0.06381466035833733
Grasubreen,2015-03-01,0.045290682356252054,0.04462680926886741,0.05125674212099348
Grasubreen,2015-04-01,-0.09363948479512456,0.004236604276572753,0.10521233749310333
Grasubreen,2015-05-01,-0.0026282315356492398,-0.018943665602569004,0.02079699106748969
Grasubreen,2015-06-01,0.0023667352216495247,0.031741759935721564,0.009346639724879554
Grasubreen,2015-07-01,0.01244200051578786,0.011455787273060541,0.005698316309331618
Grasubreen,2015-08-01,0.04541172234133872,-0.026462518935594186,0.05656805649128918
Grasubreen,2015-09-01,0.06017888340298002,0.008956130710348542,0.055736277661691015
Grasubreen,2015-10-01,0.16149487113831115,-0.01046490969244875,0.0969415980739071
Grasubreen,2015-11-01,-0.05529735336669028,-0.04420285166022109,0.026528623098672446
Grasubreen,2015-12-01,0.035890114657152285,-0.026188148186654252,-0.08645188974072242
Grasubreen,2016-01-01,0.10428613767919016,-0.06421528461818386,-0.043179382622705154
Grasubreen,2016-02-01,0.1481537721517275,0.0006210089473817118,-0.09383177947705983
Grasubreen,2016-03-01,0.002793931171175705,-0.0012130888822393382,0.08799572524329992
Grasubreen,2016-04-01,-0.01401618613539265,-0.06949534884595078,0.023839682196049233
Grasubreen,2016-05-01,0.0682502312942864,0.012579979523661314,0.02874484313622468
Grasubreen,2016-06-01,0.03557071469391027,0.0045533674205363445,0.011957783210564685
Grasubreen,2016-07-01,0.02219863056435724,-0.012937453422255748,-0.004176522441422035
Grasubreen,2016-08-01,0.0741495054529739,0.0024162155899031396,0.00757386941059338
Grasubreen,2016-09-01,0.0022819274699384198,0.010922997023783847,0.047071611978274384
Grasubreen,2016-10-01,-0.041463430120579035,-0.00519291582796642,-0.01785799565821679
Grasubreen,2016-11-01,-0.12155856764246704,0.024403285007135178,0.08931922644430568
Grasubreen,2016-12-01,0.009575114167569579,0.12962037313577807,0.0502899474135027
Grasubreen,2017-01-01,-0.0348090688855316,0.1912009310295472,0.11521575888865776
Grasubreen,2017-02-01,-0.14768999018941034,0.16261094625855813,0.016517181562510957
Grasubreen,2017-03-01,0.017868209389941988,0.16190321948738307,-0.017164641701498826
Grasubreen,2017-04-01,0.05713773063983394,-0.02157773116875052,-0.0683607755264229
Grasubreen,2017-05-01,0.008311113068552528,0.03755232709318121,0.01371760375258963
Grasubreen,2017-06-01,0.034599244352268715,-0.04280621739399992,0.02332173044107984
Grasubreen,2017-07-01,0.04664600456955498,-0.0186309293588956,0.012357657771276646
Grasubreen,2017-08-01,-0.019584122667669356,0.00347568222032469,0.000556771319657467
Grasubreen,2017-09-01,0.002461752417343456,-0.03364237267749144,0.018759698270388477
Grasubreen,2017-10-01,-0.062470459273568514,0.04855541131287026,0.06448629748317593
Grasubreen,2017-11-01,0.146353697199939,0.017478779932530854,0.10747705948130827
Grasubreen,2017-12-01,-0.016181771814072664,0.09237830993961853,-0.028612167683175788
Grasubreen,2018-01-01,0.06662506982841117,-0.11444063878187333,0.08408190059050208
Grasubreen,2018-02-01,-0.1422062911880376,-0.024231861992012757,0.09118521337061924
Grasubreen,2018-03-01,-0.007878594252342904,-0.023534553841211326,0.06077835618047364
Grasubreen,2018-04-01,0.07686175657843781,0.13287982733949752,0.04445314851410067
Grasubreen,2018-05-01,0.0031537475888582293,-0.027415770575778844,-0.01111220346770659
Grasubreen,2018-06-01,-0.030011642472845546,-0.01984446982758595,0.050145351573395947
Grasubreen,2018-07-01,-0.004527146804594488,0.0034570073831069865,0.06560275849645446
Grasubreen,2018-08-01,0.016282347190313008,0.0020524555938246807,0.06770908685393856
Grasubreen,2018-09-01,0.08078579529169592,0.03749658044271243,0.09312096962377613
Grasubreen,2018-10-01,0.09407656899091447,0.0032428745105165316,0.03157798528805456
Grasubreen,2018-11-01,-0.008867284324677469,-0.0158190424402069,-0.05354168338132343
Grasubreen,2018-12-01,0.0005057398540072727,-0.024751464219888632,-0.05425053390601279
Grasubreen,2019-01-01,0.0007062254613672501,-0.0572313537783146,0.08523518323304234
Grasubreen,2019-02-01,-0.031396134693041006,0.02322329135197458,0.16283362207729676
Grasubreen,2019-03-01,0.05463674159895963,0.04310323236104358,0.08784467759028236
Grasubreen,2019-04-01,0.1076354412767049,0.01385168674456932,0.01935465243245059
Grasubreen,2019-05-01,-0.0015646083462008593,-0.0019082182011961278,-0.06266206208891041
Grasubreen,2019-06-01,0.04594906614815942,-0.008186843955919716,-0.0019148397671828882
Grasubreen,2019-07-01,0.039891407631689496,0.03458881129203787,0.029437055219472107
Grasubreen,2019-08-01,0.02095875035606901,0.015361523971536893,0.05200329691209132
Grasubreen,2019-09-01,-0.013864662119594195,0.07860320368026041,0.09277500708741047
Grasubreen,2019-10-01,0.055950814732357024,-0.021652948058027293,0.05516211527940057
Grasubreen,2019-11-01,-0.04262671907514844,0.03636165036156907,0.03850548750256017
Grasubreen,2019-12-01,-0.05412032247144935,0.07320064553593424,0.05953668028456379
Grasubreen,2020-01-01,-0.15563028014385083,0.13057334254851768,0.0793480327350179
Grasubreen,2020-02-01,-0.07385700500446121,0.13688671471399655,0.056016763805512036
Grasubreen,2020-03-01,0.02257305048835088,0.07704019051264917,-0.06540447214204147
Grasubreen,2020-04-01,0.05031216461351889,-0.08637649255014024,-0.046975864017157226
Grasubreen,2020-05-01,0.05599842348437834,0.008341543668321743,0.05294899433317429
Grasubreen,2020-06-01,0.07279165427753932,-0.022396575200046828,0.04344885327861608
Grasubreen,2020-07-01,-0.0009026470429485863,-0.027660924732210157,0.05343353099051636
Grasubreen,2020-08-01,0.02778936014979276,-0.0237666524635001,0.03540717160284631
Grasubreen,2020-09-01,0.0353339083866497,-0.011129780279673358,-0.02156671347342565
Grasubreen,2020-10-01,0.08766261203671961,0.03995186382974922,0.0910680255200506
Grasubreen,2020-11-01,0.01632771940287367,0.04238803167553009,0.14466450410959877
Grasubreen,2020-12-01,0.004892864935365164,0.07774337314473077,-0.04806809916883703
Grasubreen,2021-01-01,0.057175478300313755,0.0573427438861153,-0.04029531367341246
Grasubreen,2021-02-01,0.11024328564772294,0.07210845259641702,0.02223487626488742
Grasubreen,2021-03-01,-0.04601899025040096,0.053085010952771496,-0.04255403413963645
Grasubreen,2021-04-01,0.057918988204955675,0.03329294878180777,-0.10050866724217605
Grasubreen,2021-05-01,-0.014149590644691734,-0.02840159407837406,0.03745676556166818
Grasubreen,2021-06-01,0.008834490155975946,-0.007509443267598281,0.03932753154192471
Grasubreen,2021-07-01,0.016312440459999456,-0.01614409081160743,0.032231678301068344
Grasubreen,2021-08-01,-0.006132402880777497,0.0014594898261791472,0.01332436496639422
Grasubreen,2021-09-01,0.007155412349867901,0.0002777048610797898,0.0568765128362592
Grasubreen,2021-10-01,-0.01278061942632625,-0.001102507223143932,0.07168049109558554
Grasubreen,2021-11-01,0.06815813053339033,-0.02244534400163768,-0.058865108169129036
Grasubreen,2021-12-01,0.04773691270172026,0.03843990207670095,-0.08834364143050877
Grasubreen,2022-01-01,0.04184649541341523,-0.011389715372460201,-0.001393143473619363
Grasubreen,2022-02-01,0.07009266664538377,-0.139384585961106,-0.05931667833198014
Grasubreen,2022-03-01,0.14373988933112702,0.04001729504620522,-0.03228606011614332
Grasubreen,2022-04-01,0.06859399627959248,0.02271719739639905,0.02465025089218593
Grasubreen,2022-05-01,0.035002172700424945,0.05917765249891612,0.07273016731564634
Grasubreen,2022-06-01,0.04897227092402292,0.044787416786324676,0.05707752480059139
Grasubreen,2022-07-01,0.0007552529187139501,0.02903969213430935,0.01007374696821802
Grasubreen,2022-08-01,0.016364693972848735,0.03380905788068338,0.06422141021163813
Grasubreen,2022-09-01,0.024499621604594134,0.04398259684893615,0.00045095193128423067
Grasubreen,2022-10-01,-0.02350703239876489,-0.016804520486811293,-0.023335293652887987
Grasubreen,2022-11-01,0.04125270425705584,0.025523832022176608,0.0002585935357218479
Grasubreen,2022-12-01,0.0879332963625033,-0.027410539067453693,0.05562781344488923
Grasubreen,2023-01-01,-0.11920665326236585,0.05712261516032783,0.10821756473637971
Grasubreen,2023-02-01,-0.05458549940611531,-0.01231173441099461,0.16099603927470396
Grasubreen,2023-03-01,0.09508474954690367,0.010305675497703235,-0.018519825673593563
Grasubreen,2023-04-01,0.03393535687002939,0.013213892735284916,0.02281838907755182
Grasubreen,2023-05-01,0.0640529932509503,0.04631406930704026,0.012980462365427025
Grasubreen,2023-06-01,0.043332391326673554,0.03616673655813218,0.03554651533713279
Grasubreen,2023-07-01,0.06071043258108977,0.0030137692657128796,-0.012147056561633887
Grasubreen,2023-08-01,0.014291259729550124,0.0027886549946568675,0.01103087585885173
Grasubreen,2023-09-01,-0.06437225728443256,0.017945178641656317,0.03125037562179802
Grasubreen,2023-10-01,-0.003980899777524627,-0.032135279180207324,0.07742702128170728
Grasubreen,2023-11-01,0.06034313402535091,0.08417116366588151,0.03525254473188602
Grasubreen,2023-12-01,-0.025171047920472662,0.07321907874006162,0.0742348497101258
Grasubreen,2024-01-01,-0.037691821429503405,0.1599628251034558,-0.02636091578553096
Grasubreen,2024-02-01,-0.1941762841979454,-0.07873451966607506,-0.034497197588865054
Grasubreen,2024-03-01,-0.05138196483902798,0.007208317965904878,0.02281472847803583
Grasubreen,2024-04-01,0.057484434819590625,0.09865183172271812,0.04434444546639862
Grasubreen,2024-05-01,-0.08951846040811333,0.055918121658559805,0.09387320230844116
Grasubreen,2024-06-01,0.037030770155008226,0.010514699031422893,0.07462995414867118
Grasubreen,2024-07-01,0.053228734677472224,0.0023231165282392835,-0.004910371514630367
Grasubreen,2024-08-01,0.004146160960829773,0.008700528857021432,0.03105647832275714
Grasubreen,2024-09-01,-0.04131960230326671,0.008755756852106092,0.010717764705435978
Grasubreen,2024-10-01,0.06050723659127057,0.043113275032101446,0.005543013320780448
Grasubreen,2024-11-01,0.04121298440462084,-0.029356233760455295,0.1453826141489216
Grasubreen,2024-12-01,0.08330357084882585,0.03485631556745251,0.0330674922355026
Grasubreen,2025-01-01,0.08576294421104959,0.05137267601810397,0.06613028203389844
Grasubreen,2025-02-01,-0.04659086160372711,0.060783688651557984,0.16621263138207798
Grasubreen,2025-03-01,0.02209104121525768,0.0716817438230944,-0.025412906574498795
Grasubreen,2025-04-01,0.05440588323835779,-0.029725167620043652,-0.06298337942254395
Grasubreen,2025-05-01,-0.01591683126537579,0.012117787637105337,0.04448297980120422
Grasubreen,2025-06-01,0.011314421761174143,0.020709952684044634,0.012325267481483942
Grasubreen,2025-07-01,0.06457537374031991,0.03219488219758696,0.028072947199825407
Grasubreen,2025-08-01,0.04159263528425811,0.04011755857040666,0.006906097174531165
Grasubreen,2025-09-01,-0.0023653995913631154,0.04693611496673473,0.03482813331229417
Grasubreen,2025-10-01,0.036019839989099085,-0.04597836583865913,0.029549853348641696
Grasubreen,2025-11-01,0.07882338778321973,0.10580207591517161,0.028843249303339008
Grasubreen,2025-12-01,0.11648202511972527,0.07498157857166324,0.06861319761404834
Grasubreen,2026-01-01,0.05266536335598774,0.043767059568774136,0.16495288798936966
Grasubreen,2026-02-01,0.10015120066787532,-0.031623487433498125,0.16400051414324415
Grasubreen,2026-03-01,0.024053775839992967,-0.0014747907359873279,0.026940556263876512
Grasubreen,2026-04-01,0.030444696650716377,-0.050670938758691796,0.017193561699792057
Grasubreen,2026-05-01,-0.008351776975881728,-0.027779413612536445,0.0030043543605424946
Grasubreen,2026-06-01,0.015029375037452046,0.035428431184064905,0.013738183867190121
Grasubreen,2026-07-01,0.020930849485274853,0.03599857451775147,-0.003955986305325257
Grasubreen,2026-08-01,0.07770358461501208,0.011393264777396475,0.003969386294293366
Grasubreen,2026-09-01,-0.009463159927137053,0.038893310297428534,0.03497910089535735
Grasubreen,2026-10-01,0.039359967859249646,-0.002716796035515811,-0.010978200197365904
Grasubreen,2026-11-01,-0.017913820581105504,0.029661633564278006,0.03993154075545997
Grasubreen,2026-12-01,-0.12507730153025146,0.0684794090424626,0.09324970781392679
Grasubreen,2027-01-01,-0.1408925712663527,-0.03638584357836701,0.10003647202759984
Grasubreen,2027-02-01,0.05055915826989931,0.08765489271784709,0.10682879243725736
Grasubreen,2027-03-01,-0.1410836468128481,0.15156296459330318,0.01977397150518299
Grasubreen,2027-04-01,-0.03109462745680854,-0.011810725758501658,0.029433278078874484
Grasubreen,2027-05-01,0.012993237217344314,0.03551393768034823,0.061655646225301564
Grasubreen,2027-06-01,-0.000897753328852266,0.03856858030213102,0.04727511879022719
Grasubreen,2027-07-01,0.021109753431546766,0.0450407943470272,0.05509182474861424
Grasubreen,2027-08-01,0.043578446666208824,-0.03232160619032648,0.022184163368804775
Grasubreen,2027-09-01,0.009892004946261081,-0.005884468773932304,0.025958946939465054
Grasubreen,2027-10-01,0.08548707582107183,0.021055186670701182,0.08534591524246314
Grasubreen,2027-11-01,-0.0531406554484577,0.0601183655252104,0.1051932864067352
Grasubreen,2027-12-01,0.1016338415264502,0.15213602791590766,0.11185615412116401
Grasubreen,2028-01-01,-0.17418046281300395,0.22033646852900693,0.07704453649744242
Grasubreen,2028-02-01,-0.07264250738024891,0.07344030641420198,0.08571114405842191
Grasubreen,2028-03-01,-0.05042648954187068,-0.06438020819802331,0.1302460312060809
Grasubreen,2028-04-01,-0.026162070882048718,-0.03782980111679463,0.11705299474549007
Grasubreen,2028-05-01,0.05783999129137155,0.07613516577449463,0.0020195547072322517
Grasubreen,2028-06-01,-0.03267496792067548,-0.004755780023064297,0.01689022695943807
Grasubreen,2028-07-01,0.01800016404682185,-0.02009044652422395,0.04895804297623016
Grasubreen,2028-08-01,0.025112235588128844,0.0020515026112603307,0.011868966535890335
Grasubreen,2028-09-01,0.005895526017390927,-0.027883352392581644,0.05091419619518523
Grasubreen,2028-10-01,0.04998082628698117,0.012986546104730878,-0.06055954807256519
Grasubreen,2028-11-01,0.03294681519171954,-0.0016396087564942384,-0.12188249600579822
Grasubreen,2028-12-01,0.0002588070042559125,-0.08057640538977251,0.02339835343882647
Grasubreen,2029-01-01,0.08754915367371778,0.003423256828510112,0.10305695959739937
Grasubreen,2029-02-01,0.054619842796662134,0.013347117337406499,-0.16179803185712582
Grasubreen,2029-03-01,-0.109196320830325,-0.01033449953105022,0.1152222468347004
Grasubreen,2029-04-01,-0.08906926961144145,0.1098605784507919,0.057928827435230944
Grasubreen,2029-05-01,-0.03765012306046192,0.01797983270584416,0.0004909873171193707
Grasubreen,2029-06-01,0.0610389118856303,0.0347341777381217,0.04469403902561945
Grasubreen,2029-07-01,0.050390241748773934,-0.01548526427508038,0.033710103218222744
Grasubreen,2029-08-01,0.03865689702263505,-0.02337453816263425,0.041643458449804015
Grasubreen,2029-09-01,-0.04732738567776185,-0.024194485403452707,0.023380274578879128
Grasubreen,2029-10-01,0.041862181197774684,0.04045729308772566,0.051734773955498185
Grasubreen,2029-11-01,0.13178018706915598,-0.025299427541654287,0.09122496054102218
Grasubreen,2029-12-01,-0.03473395301963738,0.04452051199238949,0.11972931461066583
Grasubreen,2030-01-01,0.026162266483600052,-0.016833982337697614,0.07116069966084197
Grasubreen,2030-02-01,0.03217676034708034,0.0604893895159996,0.023292138542523263
Grasubreen,2030-03-01,-0.05426061183675498,0.007594060126263742,0.1251712854747312
Grasubreen,2030-04-01,0.014931323425640462,-0.020966584382458093,0.08759475210674021
Grasubreen,2030-05-01,0.018774190545295874,-0.06467948064140787,-0.010504036574632933
Grasubreen,2030-06-01,0.017600469421787418,0.004656092883267291,0.06728583927964354
Grasubreen,2030-07-01,0.08743740905761725,0.012960652563128,0.051566311678123644
Grasubreen,2030-08-01,0.008149384168305197,-0.0023637390213949333,0.016697059537972847
Grasubreen,2030-09-01,0.011855849549814381,0.034472650138156306,0.052505381552456314
Grasubreen,2030-10-01,0.025772139754469268,0.041653214945225,0.030919628559826915
Grasubreen,2030-11-01,-0.03902751206118922,0.090985340249569,0.08040001868981299
Grasubreen,2030-12-01,-0.06773844951443751,0.017179555508812335,0.0776562998741023
Grasubreen,2031-01-01,0.1387677866021325,0.08325607918528312,0.0005030345540549033
Grasubreen,2031-02-01,0.039791834734198304,0.02899352290335747,0.05982303776663769
Grasubreen,2031-03-01,0.021313457328024168,-0.021492557806301927,0.13204540160654135
Grasubreen,2031-04-01,0.03386050612464034,-0.06510631751622985,0.017236869237558728
Grasubreen,2031-05-01,-0.024216562010006448,-0.0022789195243927787,0.07978858909247834
Grasubreen,2031-06-01,-0.031044350963664535,0.015112493993376053,0.06340029913604288
Grasubreen,2031-07-01,-0.029850696939887452,0.0032457302027208306,0.0402906412407732
Grasubreen,2031-08-01,-0.004482848952521952,0.03270551148880587,0.056437365364118385
Grasubreen,2031-09-01,0.04045293850869599,0.003925140400616864,0.0923657677163533
Grasubreen,2031-10-01,0.0069435438502812655,-0.0016988149915148816,0.04316205075194197
Grasubreen,2031-11-01,0.11161646123333364,0.03088659048911288,0.0748152537116674
Grasubreen,2031-12-01,0.12888395402796288,0.04628985220829962,0.05391894936795658
Grasubreen,2032-01-01,0.1050494965315333,0.0923962219968703,0.023225218407282228
Grasubreen,2032-02-01,0.18455611655327567,0.02242528920902649,-0.014137625869116889
Grasubreen,2032-03-01,0.13602452258966224,0.041484122732138536,0.030336339532603663
Grasubreen,2032-04-01,0.03904710281106876,-0.016052414963182746,-0.019129134183917318
Grasubreen,2032-05-01,0.03518153017399109,-0.025601359329891105,0.030931000480948923
Grasubreen,2032-06-01,-0.05216057629111326,0.03467334613510738,0.07827351728817841
Grasubreen,2032-07-01,-0.00948208067920761,0.02575513691861279,0.04311436334251555
Grasubreen,2032-08-01,0.002752820798558972,0.044452714535571015,0.03470713633685468
Grasubreen,2032-09-01,0.013973951112322525,0.05044353169936885,0.03473917728443409
Grasubreen,2032-10-01,0.07966415004777605,0.026900671125315866,0.036704247812293624
Grasubreen,2032-11-01,0.06476924734724619,0.06517673435941705,0.06131622845086617
Grasubreen,2032-12-01,-0.03147745221649278,0.14008738874703966,-0.03722681336289951
Grasubreen,2033-01-01,0.01764948752297752,0.002422200813980547,-0.06887750158181319
Grasubreen,2033-02-01,0.006488863265664416,0.025703044226218042,0.046546395759303784
Grasubreen,2033-03-01,0.12888582404270554,0.09391379967129525,-0.020903147051692845
Grasubreen,2033-04-01,0.06021986543320291,0.04126122143583577,-1.2694707841952313e-05
Grasubreen,2033-05-01,0.0698066272642044,0.009502614216707688,0.005672672177211391
Grasubreen,2033-06-01,-0.012057872540374777,0.05520273755437311,0.023546920713160845
Grasubreen,2033-07-01,0.034436148189381934,-0.0011033248520226334,0.014992761043574958
Grasubreen,2033-08-01,0.04464146276982465,-0.010062791710417995,0.04140351457521944
Grasubreen,2033-09-01,-0.0024617318833177145,0.003490078024700268,0.044735988071186096
Grasubreen,2033-10-01,-0.023147816363074853,-0.0015420037446369865,0.04767646237000844
Grasubreen,2033-11-01,0.07912571214986507,0.009063914623079079,0.10619037576826411
Grasubreen,2033-12-01,0.06708264363783546,-0.03904805444358817,0.05777094456087393
Grasubreen,2034-01-01,0.1264472924506068,0.04921697089716524,0.03571830128076051
Grasubreen,2034-02-01,0.15173128546599648,0.04406681826769605,0.026103974824372173
Grasubreen,2034-03-01,-0.02370344921035215,-0.04812640490757724,0.040569310298114086
Grasubreen,2034-04-01,0.03665092519534114,0.10576666192733064,-0.0912193333866163
Grasubreen,2034-05-01,0.023074388833981403,-0.01514686604723838,0.009626248865430752
Grasubreen,2034-06-01,0.01660267576594351,0.014983837506911101,0.01781474806570059
Grasubreen,2034-07-01,0.07236338173110092,-0.01743938923283884,0.0049140396970695985
Grasubreen,2034-08-01,0.03542132460072361,0.023789599226621824,0.057060290699355774
Grasubreen,2034-09-01,0.010714086217209082,0.06456441736600181,0.050194781265369366
Grasubreen,2034-10-01,0.02007839807908849,0.033153193407032946,-0.012841338081723663
Grasubreen,2034-11-01,-0.030258278185872994,-0.015794615237764244,0.07875948406189835
Grasubreen,2034-12-01,0.02077673931846512,-0.0434177626565286,0.07708533341269491
Grasubreen,2035-01-01,-0.09733814485821157,-0.028870130774766915,-0.100450969782719
Grasubreen,2035-02-01,0.04415642568667206,-0.028116452847928585,0.0757014910263451
Grasubreen,2035-03-01,0.09541995980471533,-0.05016369883761315,0.034092844646504056
Grasubreen,2035-04-01,0.06539160957520336,0.03630256933584659,0.056312401121349005
Grasubreen,2035-05-01,0.0885354751585448,0.035344818271142116,0.01075871251389591
Grasubreen,2035-06-01,0.03258156984825827,-0.014302411952055158,-0.009955459300860668
Grasubreen,2035-07-01,0.02601929371288718,0.014917078390438218,0.03879096586522058
Grasubreen,2035-08-01,-0.016472434233850915,0.0217650073653953,0.056837421592709124
Grasubreen,2035-09-01,0.031616873465745064,0.061181700001742924,0.03472620938812523
Grasubreen,2035-10-01,0.03655232506916895,0.02412444763464322,-0.039964859270799034
Grasubreen,2035-11-01,0.10528678772128623,0.0719167440369683,-0.015917957752584158
Grasubreen,2035-12-01,-0.025620514394226263,-0.06116482420026421,0.027555530237644826
Grasubreen,2036-01-01,-0.02254863478525444,-0.08235266419119174,-0.0074353875110678746
Grasubreen,2036-02-01,-0.004164621169264804,-0.004987911994595751,0.034994256500573424
Grasubreen,2036-03-01,-0.05184379396221622,0.002988510477325873,-0.005725005972194897
Grasubreen,2036-04-01,0.004622198607868763,0.005016800940596815,0.09830673171373551
Grasubreen,2036-05-01,0.029712136901662346,-0.005223765615629278,-0.0008220201895850071
Grasubreen,2036-06-01,-0.004817586801403695,0.014366881496346087,0.07650902167378947
Grasubreen,2036-07-01,0.016341511765527488,0.049460624905218326,0.06072611904197086
Grasubreen,2036-08-01,0.018578214541752902,0.06345983506072823,0.05536651336070936
Grasubreen,2036-09-01,0.04539195672398962,0.0363099273037122,0.0367737615747687
Grasubreen,2036-10-01,-0.02959147505600838,0.05560171588881671,0.0507345577135721
Grasubreen,2036-11-01,0.09227090994693904,0.049366464585274,0.10056994842696777
Grasubreen,2036-12-01,0.1824727814951257,0.029417683915140602,0.00513606439701064
Grasubreen,2037-01-01,0.11503626316431896,0.06993352311714236,0.029489817225015477
Grasubreen,2037-02-01,-0.19264833756722657,0.06350468788395297,0.016384168516980314
Grasubreen,2037-03-01,-0.09643978416866512,0.09371327133170589,-0.008952539654673332
Grasubreen,2037-04-01,0.047808955489075156,0.05854336358903541,0.13330118082314804
Grasubreen,2037-05-01,0.01108548983288845,0.00500391517087254,0.028430556360778587
Grasubreen,2037-06-01,-0.03282208483152516,0.00736017970811798,0.05743654928572558
Grasubreen,2037-07-01,-0.03199257340247323,0.014121719136753731,0.03244176018524761
Grasubreen,2037-08-01,0.08663647045202294,0.030796282470008554,0.06683850407025159
Grasubreen,2037-09-01,0.02297215698429503,0.04521789211508512,0.03705235341483906
Grasubreen,2037-10-01,-0.08635795291299443,0.014860449263208751,0.04551786635619032
Grasubreen,2037-11-01,0.009314839450642992,0.03865484447353179,0.1426670641436224
Grasubreen,2037-12-01,0.12314456015056997,-0.05595976085341318,0.013521167198103418
Grasubreen,2038-01-01,-0.003752023558971603,0.04379706205690906,0.037600206084585544
Grasubreen,2038-02-01,-0.13615923830933077,0.05891963867742664,-0.09375725781988804
Grasubreen,2038-03-01,-0.00789790929549962,0.08732230373598288,-0.09343202595027744
Grasubreen,2038-04-01,0.057826489575562516,0.051075425068653126,0.05203042101054916
Grasubreen,2038-05-01,0.055534855809573604,0.09207650613490337,0.07361830596948031
Grasubreen,2038-06-01,-0.009421796217966552,-0.0017492665515875829,0.04966331787894999
Grasubreen,2038-07-01,0.0005049331392426026,0.05239506013828721,0.006961965106389116
Grasubreen,2038-08-01,-0.007571781565213982,0.03951186928645478,0.06509358657294996
Grasubreen,2038-09-01,-0.020620472183959963,0.06913277530245972,0.027463317823009797
Grasubreen,2038-10-01,-0.011714999840615331,0.01777101590009249,0.028429964666386944
Grasubreen,2038-11-01,-0.1376002142062335,0.016928245245265868,0.09901712706477316
Grasubreen,2038-12-01,0.052187942195579345,0.09616456666896195,-0.1239452717561977
Grasubreen,2039-01-01,-0.02676007269780147,0.09365545258596127,-0.15597192145980088
Grasubreen,2039-02-01,-0.07959536864803507,-0.012562946744613007,0.14068982607935984
Grasubreen,2039-03-01,0.09184082529787839,-0.11908411031578585,0.14039527017117803
Grasubreen,2039-04-01,0.0040863322364418295,-0.05923354948788224,0.04136582904809145
Grasubreen,2039-05-01,0.04237555197953676,-0.030816203478099033,0.016174892924699643
Grasubreen,2039-06-01,0.019429582954504733,0.046584523871252254,-0.00024195207094664337
Grasubreen,2039-07-01,0.004851642004910668,0.03187769937895085,-0.028332299610274225
Grasubreen,2039-08-01,0.026711671288589322,0.03681221061427304,0.039676400096232585
Grasubreen,2039-09-01,0.034926384153721006,-0.008965933442540111,0.07705536832216019
Grasubreen,2039-10-01,0.012936530360526265,-0.05472703144897297,0.04021839858532602
Grasubreen,2039-11-01,-0.08134281478283271,-0.02676565226231037,0.09817626789996091
Grasubreen,2039-12-01,-0.0622175817198628,0.11468220076421398,0.11906063585763972
Grasubreen,2040-01-01,0.023152098359135495,0.027912832086310718,0.00918166447269386
Grasubreen,2040-02-01,0.0026846871873195143,0.026431651608248733,-0.045731143055273406
Grasubreen,2040-03-01,-0.08119787698762838,0.09340947678257892,0.03824914893927386
Grasubreen,2040-04-01,0.00985164716038767,0.02247427863097255,0.025045271618136303
Grasubreen,2040-05-01,0.01012911210640544,0.00825953660562504,0.018381807904586125
Grasubreen,2040-06-01,0.005654966999908019,0.011121980486913116,0.040934329207796265
Grasubreen,2040-07-01,0.025741133834951205,0.013315888263236812,0.014849998560425003
Grasubreen,2040-08-01,-0.007062775739545904,-0.005886027835296584,-0.005276924788451293
Grasubreen,2040-09-01,0.022388569462901714,-0.009144151807406213,0.03633260903862892
Grasubreen,2040-10-01,0.01718876595100894,0.014354081956118606,0.03229178441719726
Grasubreen,2040-11-01,-0.07403806286151442,0.011536439439599823,0.12265769209548216
Grasubreen,2040-12-01,-0.1738922771569662,0.011896466912373749,-0.01431101799166682
Grasubreen,2041-01-01,-0.0238983015219737,-0.07250601829630081,0.047143669523454446
Grasubreen,2041-02-01,-0.049831233351203374,0.022648848148783336,-0.024061537549657685
Grasubreen,2041-03-01,0.021375080274114944,-0.038772965266147735,0.05600987039527747
Grasubreen,2041-04-01,-0.02230436961538033,-0.05630556760238934,0.10709000104353383
Grasubreen,2041-05-01,0.05601049812027623,0.07795155711543864,0.06458566083291971
Grasubreen,2041-06-01,0.04378109533328345,0.0214957677661171,0.023216238094466643
Grasubreen,2041-07-01,0.0018471193817049282,-0.027547047149240125,0.02631378877202122
Grasubreen,2041-08-01,0.04867380388252337,0.01539139532369214,0.04912509760814743
Grasubreen,2041-09-01,0.13330276364557517,0.014676399530986262,0.03713015128456661
Grasubreen,2041-10-01,0.03558529088699954,-0.052300498914576665,0.05570252279205686
Grasubreen,2041-11-01,-0.039744720045608896,-0.0419122772245842,0.1186655127145636
Grasubreen,2041-12-01,-0.06434669124702434,0.0267089013995014,0.08910355317515982
Grasubreen,2042-01-01,0.07523314418629762,0.07384150436098375,-0.0012341579123273754
Grasubreen,2042-02-01,0.04689925160631863,0.15848455802577713,0.0517845347088103
Grasubreen,2042-03-01,-0.06480469845271769,0.09107867093876194,0.019140225854106453
Grasubreen,2042-04-01,-0.033181928781819296,0.07287654783676752,-0.02363962707015722
Grasubreen,2042-05-01,0.038845516853006766,0.017253947278013843,0.0555223496968835
Grasubreen,2042-06-01,0.053160094245256716,0.016558379517112424,0.023015244532744505
Grasubreen,2042-07-01,0.020380889393565943,0.035963963066407374,0.012479418910278784
Grasubreen,2042-08-01,0.054253881967209344,0.005758891490498438,0.04554823749921686
Grasubreen,2042-09-01,0.062065237349133495,-0.028387208948971437,0.03732103170460077
Grasubreen,2042-10-01,-0.05473474453928667,-0.004212835349568747,-0.05197813790430261
Grasubreen,2042-11-01,0.028771279601135787,0.10969604657475841,0.061538022309021466
Grasubreen,2042-12-01,-0.15193732211524938,-0.013698593447251736,0.06487657620294508
Grasubreen,2043-01-01,0.05690968420330542,0.011219750512354095,0.1282066984335461
Grasubreen,2043-02-01,-0.09311936050855078,0.1150488052601404,0.09511055676730613
Grasubreen,2043-03-01,0.04635437457200834,0.011735302731076423,0.1319943057390285
Grasubreen,2043-04-01,-0.06022555007980434,0.07053714311513676,0.07323451398742396
Grasubreen,2043-05-01,0.028193734233674956,-0.026837554258397577,0.027624304506356126
Grasubreen,2043-06-01,0.04725501166582577,0.03398861053811839,0.0031825722232589984
Grasubreen,2043-07-01,-0.023802253222793873,0.032970697872892155,0.023514018218747827
Grasubreen,2043-08-01,0.031466330313720474,0.036609479165768725,0.005464726653001624
Grasubreen,2043-09-01,0.016916457274098937,0.028342784178760086,0.031033898764885947
Grasubreen,2043-10-01,0.0003611097833578006,0.0803297921167624,-0.05518150027168037
Grasubreen,2043-11-01,-0.0032530650936600744,0.025625084723215705,-0.00813972621262186
Grasubreen,2043-12-01,0.031299761824705875,0.030835496021693515,-0.07770004240484282
Grasubreen,2044-01-01,0.07754046053205166,0.06337325046559701,-0.05221360749733886
Grasubreen,2044-02-01,0.1334131137738754,0.04958863453290319,-0.0028978618003113743
Grasubreen,2044-03-01,0.08365980403982266,-0.10595429410533157,0.027317229611603294
Grasubreen,2044-04-01,-0.08638874464663715,-0.016659535869142577,0.028866518119418566
Grasubreen,2044-05-01,0.06914252054785226,-0.019841245855975864,0.03978266585653047
Grasubreen,2044-06-01,0.035703339103670344,0.02428264767208893,0.044436642138608706
Grasubreen,2044-07-01,0.0015265474696280086,0.06061899330790183,0.008689196885472601
Grasubreen,2044-08-01,-0.015121148959474584,0.03480391150628007,0.018126987233207593
Grasubreen,2044-09-01,0.06665979793262629,0.021538338850543223,-0.012849764831841087
Grasubreen,2044-10-01,0.008358044531903109,0.02431285929442768,0.010864885274014255
Grasubreen,2044-11-01,-0.07963548920296984,-0.014279022685841055,0.0246305019423582
Grasubreen,2044-12-01,-0.08857075540394632,-0.0750687795604331,-0.07793219811857106
Grasubreen,2045-01-01,-1.9768405593913647e-05,-0.13986555607897808,0.05307912903880791
Grasubreen,2045-02-01,-0.16297761463383084,-0.0029013957146162652,-0.027642624198427765
Grasubreen,2045-03-01,-0.08700874580483331,-0.00902592835060853,-0.055102572252081684
Grasubreen,2045-04-01,-0.016556503886493764,-0.013004497990739444,0.0007723897080742295
Grasubreen,2045-05-01,0.04135384928760242,-0.009569322679025166,0.056894289044467826
Grasubreen,2045-06-01,-0.01583545032075924,0.02677120055854346,0.024099344997438737
Grasubreen,2045-07-01,0.011885313441226522,0.054792465427470814,-0.015477825225763417
Grasubreen,2045-08-01,-0.002539946435350722,0.049925400020278565,0.008453482666950807
Grasubreen,2045-09-01,-0.012792223794195196,0.03091037745681092,0.10742723879082726
Grasubreen,2045-10-01,-0.009253191945589873,0.08275276292141186,0.0077762483609185905
Grasubreen,2045-11-01,0.07050135886438227,0.0024529400238312085,-0.03063168766507524
Grasubreen,2045-12-01,0.08100377312771699,-0.04738706004896717,0.07392986916921228
Grasubreen,2046-01-01,-0.05967894379039564,0.06446424845606846,0.15128398737792614
Grasubreen,2046-02-01,-0.013319472567130014,-0.09414337748515489,-0.04834411990597065
Grasubreen,2046-03-01,0.03822968348524881,-0.12121621269828074,0.13332587125123202
Grasubreen,2046-04-01,-0.07046066509196396,0.06639072509547138,0.055473081085660875
Grasubreen,2046-05-01,0.016090177609396322,0.06655248331535339,-0.02876395412625887
Grasubreen,2046-06-01,-0.007794064036121882,0.021763770418859418,-0.006897215977338447
Grasubreen,2046-07-01,0.040766814061469835,0.04261881849787968,0.05362473403006817
Grasubreen,2046-08-01,0.0008429448709016777,0.051930521181581944,-0.01726989008284346
Grasubreen,2046-09-01,0.04671442133870279,0.026095712336980798,0.008661729448508093
Grasubreen,2046-10-01,0.04036678457018144,0.024608398372563883,0.008335181549291339
Grasubreen,2046-11-01,0.1278269658488704,0.03417817941844881,-0.015730572279374896
Grasubreen,2046-12-01,0.03696866684181344,0.03644248615640203,-0.043353581478361526
Grasubreen,2047-01-01,0.11728450672746106,-0.024609037096044905,0.07818904800666078
Grasubreen,2047-02-01,0.15726484103230798,0.1862662892938478,-0.006118105902793894
Grasubreen,2047-03-01,-0.09300830131661586,0.026418446426883,0.05358909117307278
Grasubreen,2047-04-01,-0.0005308371874778913,0.027509799034275806,0.056061581726986894
Grasubreen,2047-05-01,-0.0016706856013665658,0.02311282488317368,0.08682660085494076
Grasubreen,2047-06-01,0.0011875607401795399,-0.005684585878156049,0.016121304695259468
Grasubreen,2047-07-01,-0.013112671604219292,-0.003710244890275771,0.03381593566412363
Grasubreen,2047-08-01,0.04010755097482083,0.006271966196825354,0.011274341186854933
Grasubreen,2047-09-01,0.01001065597596107,0.019040053870519227,-0.03378491675172488
Grasubreen,2047-10-01,-0.0611663216147282,-0.025107598692066146,-0.024793014508118244
Grasubreen,2047-11-01,0.14442873506883658,0.019899810522136123,0.06049929162532761
Grasubreen,2047-12-01,0.01670316199892725,0.07691814107198251,-0.0519333207922843
Grasubreen,2048-01-01,0.006739598959175042,0.09497036711356599,0.09633424336358032
Grasubreen,2048-02-01,0.025376527479487477,0.15821986187762063,0.20638019845293618
Grasubreen,2048-03-01,0.09833076411124568,0.0838583388288413,-0.009988520357054229
Grasubreen,2048-04-01,0.07723159278817703,0.09348452098371261,0.024289028856213063
Grasubreen,2048-05-01,0.04880785281520042,-0.023706978829201794,0.0906946002986201
Grasubreen,2048-06-01,0.043574836273514106,0.010003749380406988,0.038715829551973203
Grasubreen,2048-07-01,0.03790957758124175,0.006832690175713714,-0.01101045349734664
Grasubreen,2048-08-01,0.013799444296291248,0.042100141013075104,0.05723441360121273
Grasubreen,2048-09-01,0.05718686938539743,6.016827360981238e-05,0.015557410262490171
Grasubreen,2048-10-01,-0.044793021026009607,0.037082860089422055,0.04209512041567742
Grasubreen,2048-11-01,0.1192576475707543,-0.03964174306427617,0.00918769476592962
Grasubreen,2048-12-01,0.13355660287046028,0.0752901885725873,0.1113690010235574
Grasubreen,2049-01-01,0.12470748267518321,0.06375381960585264,-0.017760772293034015
Grasubreen,2049-02-01,0.021874017603864,0.023891497944541335,0.01498651202656604
Grasubreen,2049-03-01,0.13010744912348118,0.048513372153072366,0.0803035082413065
Grasubreen,2049-04-01,0.07051115670651213,-0.022282610933636027,0.025375727807222373
Grasubreen,2049-05-01,-0.025395886655842106,-0.04069255890974568,0.014362856536601182
Grasubreen,2049-06-01,-0.026265041198572165,-0.007070795560350743,0.036865814363351845
Grasubreen,2049-07-01,0.05272362406622901,-0.011602724622018676,0.01221963948042965
Grasubreen,2049-08-01,0.037719357489855644,-0.004246618451450042,-0.031188684802167993
Grasubreen,2049-09-01,0.01261851864889986,0.046233493329274546,0.019654004034967178
Grasubreen,2049-10-01,-0.032085362290205206,0.09361495696906819,0.07608864146435262
Grasubreen,2049-11-01,-0.13238621607179182,0.004846810200560971,0.09047919395854154
Grasubreen,2049-12-01,0.02996713815450323,-0.04990946817758363,0.043664871391239625
Grasubreen,2050-01-01,-0.011964767993962325,0.021216233351849023,-0.07918834579508925
Grasubreen,2050-02-01,0.09800348367806037,0.034635812303341125,0.015342945466238949
Grasubreen,2050-03-01,0.11751402104975195,-0.01801436332400805,0.11485284835825067
Grasubreen,2050-04-01,0.014478864835871956,-0.03469147525106499,0.020046277918509565
Grasubreen,2050-05-01,0.006546737011351067,0.013657139310015805,0.0017300229140126387
Grasubreen,2050-06-01,0.018919852480574543,0.0023820036929982683,0.053887905847801953
Grasubreen,2050-07-01,0.003163134622185234,-0.0073921122890713885,-0.0032064043168600113
Grasubreen,2050-08-01,-0.010907042291247402,0.03601563957742627,0.045557271256095044
Grasubreen,2050-09-01,0.016011115994768024,0.049047426191596084,0.026005302327491587
Grasubreen,2050-10-01,-0.04805713258808275,0.03042399645069357,0.047854580224278125
Grasubreen,2050-11-01,0.0334426114733744,-0.01282475545820643,0.05105108923046733
Grasubreen,2050-12-01,-0.12114544493030423,0.004914292912352678,0.10078530110339824
Grasubreen,2051-01-01,-0.1812283654886829,-0.0795601990142009,0.1654832651377556
Grasubreen,2051-02-01,0.00599952061476258,-0.11684936945851349,-0.005799623527624237
Grasubreen,2051-03-01,0.11798537920356594,-0.029923669762830077,0.013191302424976062
Grasubreen,2051-04-01,-0.03519443991470323,0.07739609921687497,-0.016132478711531898
Grasubreen,2051-05-01,-0.004522567660557339,0.058435374013982765,0.09554956746613004
Grasubreen,2051-06-01,-0.01065612116929991,0.04257716726088229,0.01851744065233794
Grasubreen,2051-07-01,0.004441795208110205,0.04712397350373652,0.055062034333314726
Grasubreen,2051-08-01,0.020178331244390738,0.022690868345327932,0.02586978156254276
Grasubreen,2051-09-01,-0.007434664861401802,0.012990096221154615,0.05836116950511381
Grasubreen,2051-10-01,0.0062070549539521664,0.004537205607972525,0.03747539396973457
Grasubreen,2051-11-01,0.029883877578668488,0.021363287545574813,-0.07142761668923564
Grasubreen,2051-12-01,0.13723303589914265,0.038108792619353286,0.06573617354565885
Grasubreen,2052-01-01,0.08335328425604276,0.09116191820761861,0.07729872865527038
Grasubreen,2052-02-01,-0.13669904462807797,0.020533500937072003,0.06965677433653109
Grasubreen,2052-03-01,0.00911706515888354,-0.00374835958640266,-0.026115116328544463
Grasubreen,2052-04-01,0.028280216608510874,-0.01433097883236954,-0.022865070643311825
Grasubreen,2052-05-01,-0.030768478506475294,0.06780821359279969,-0.028133869760489132
Grasubreen,2052-06-01,0.022484222568126416,0.023599864651696802,0.02931517251768775
Grasubreen,2052-07-01,0.05223547575114076,0.045710484248588916,0.011820458323558746
Grasubreen,2052-08-01,0.009364711185829835,0.09072529368482574,0.028402102181971478
Grasubreen,2052-09-01,0.013780648587657178,0.061790506621023804,0.003250779760836956
Grasubreen,2052-10-01,0.0003876972923607345,0.028099939618548713,-0.03116432415883617
Grasubreen,2052-11-01,0.021087347274208374,-0.03151025500351981,-0.06930751930824412
Grasubreen,2052-12-01,-0.039094177365209495,-0.08017754075668405,-0.047231528677737576
Grasubreen,2053-01-01,0.0520224183155456,-0.11310651978242199,-0.019393601667786076
Grasubreen,2053-02-01,0.1181746382048765,0.0016116549432771247,-0.18135843660664383
Grasubreen,2053-03-01,-0.01291691643293906,0.061924490064085465,0.031835834903188094
Grasubreen,2053-04-01,0.004272697215745118,0.06500940305300856,0.04958423549122743
Grasubreen,2053-05-01,-0.044323977124086235,0.07050485135500277,-0.0038741719127512314
Grasubreen,2053-06-01,0.0031600306896683306,0.04097596302195964,0.03308835188695769
Grasubreen,2053-07-01,0.05280427269700703,0.008288970034646537,-0.0041669164413204755
Grasubreen,2053-08-01,-0.003667438120910383,0.04228656696212782,0.03426294060409653
Grasubreen,2053-09-01,0.021708772528845195,0.05467669785645133,0.02246773415948315
Grasubreen,2053-10-01,0.06754665145242358,0.007556955541966406,0.03237445600637518
Grasubreen,2053-11-01,0.02700269585334414,0.03987099155771767,0.07956142507392508
Grasubreen,2053-12-01,0.031091043170668967,0.05039788521491342,0.09646171978541836
Grasubreen,2054-01-01,-0.010536580816634472,-0.03336645352663822,0.12203780990121228
Grasubreen,2054-02-01,0.01252632756060266,-0.09908746975412451,0.039282309177465224
Grasubreen,2054-03-01,0.004888898932264005,-0.01208153521510115,0.13292224064019073
Grasubreen,2054-04-01,-0.048501794976848735,-0.0354187660525689,0.06461366535949072
Grasubreen,2054-05-01,0.07058613229992883,-0.006243951048997397,0.0074570934756264485
Grasubreen,2054-06-01,-0.04116768205778534,0.08043100481931087,0.035082939172642234
Grasubreen,2054-07-01,0.032609296885443326,0.06939396107033086,0.039227973712688304
Grasubreen,2054-08-01,0.04757322726334745,0.01874386997392836,0.036669314021563836
Grasubreen,2054-09-01,0.04508295776480622,0.016044918064322962,-0.01669246921502214
Grasubreen,2054-10-01,-0.019135865402891316,0.08725035826377614,0.022558708659916493
Grasubreen,2054-11-01,-0.04451681957314193,0.0332796487370911,0.10959355467206754
Grasubreen,2054-12-01,0.06685833402013662,-0.0652488926352859,0.06928711977289352
Grasubreen,2055-01-01,0.009134128269165293,0.0038181407082596105,0.03684684740615456
Grasubreen,2055-02-01,0.08888631291860201,0.0525343706584126,0.019770672511180185
Grasubreen,2055-03-01,-0.018921900975706007,0.022233611104055816,0.03291124451168179
Grasubreen,2055-04-01,0.09693011747366904,-0.04260517832518018,-0.04202354132822162
Grasubreen,2055-05-01,0.024536884983023352,0.03871409222672873,-0.015268958678335852
Grasubreen,2055-06-01,0.0036356314894428893,0.008388624703713099,0.009805982172554031
Grasubreen,2055-07-01,-0.0014981700863910357,0.0730559209327663,0.026629534513045394
Grasubreen,2055-08-01,0.005641603521977147,0.05644826751662577,0.00983804442593014
Grasubreen,2055-09-01,-0.09641804751605743,0.044654308537992515,-0.014852697767946075
Grasubreen,2055-10-01,-0.006689009313666917,0.015116376485052182,0.02141592616724865
Grasubreen,2055-11-01,-0.02586766160317197,0.10016743167531245,-0.02640915580321938
Grasubreen,2055-12-01,0.08843192394024267,-0.022062811844129736,0.04169741468159729
Grasubreen,2056-01-01,0.05143524743481947,-0.021997977103277763,-0.094120383356823
Grasubreen,2056-02-01,0.10718752233482615,-0.05351573070702479,0.03239687589514806
Grasubreen,2056-03-01,0.11029564627971067,0.018430625195242176,0.04461350408856966
Grasubreen,2056-04-01,0.005226008439161156,-0.03499264066899702,-0.04668879567766138
Grasubreen,2056-05-01,0.01323096953823002,0.04215944535986516,0.042012338283206385
Grasubreen,2056-06-01,0.0408588636006172,0.06518703311970747,0.01608041512337725
Grasubreen,2056-07-01,0.012677970241120556,0.05418841094404329,0.008626058859907988
Grasubreen,2056-08-01,0.028636161128276983,0.04998633131975031,0.028284456536622118
Grasubreen,2056-09-01,-0.019803623464941408,0.0637672029724925,0.012577083477928594
Grasubreen,2056-10-01,-0.01945409198688192,-0.03868195516091489,0.010694068374621455
Grasubreen,2056-11-01,-0.07848912135822646,0.030402433473285837,0.07793274229442933
Grasubreen,2056-12-01,0.0746503098086213,0.1027746262765425,0.03331015135201312
Grasubreen,2057-01-01,0.08339017204768866,0.19970692464104,0.01880196425543204
Grasubreen,2057-02-01,0.05724569630998627,0.07484045199838134,0.016220833646504562
Grasubreen,2057-03-01,0.017206946126035183,0.027267614396697264,-0.07948349745716768
Grasubreen,2057-04-01,0.006201509419296862,0.05461187055736646,0.010814941655073775
Grasubreen,2057-05-01,0.04204124975600091,0.030881076222186016,0.019784599878929537
Grasubreen,2057-06-01,0.047497453284927806,0.030885576966870998,0.01142391418526263
Grasubreen,2057-07-01,0.01002669794465227,0.054611464073059945,0.062270327763361645
Grasubreen,2057-08-01,-0.005760249393203164,0.02600031548487332,0.07626367914739444
Grasubreen,2057-09-01,-0.021215829558780524,0.018472993267902322,0.05545200156220285
Grasubreen,2057-10-01,-0.03057286319327787,0.004776304779476871,-0.029502787344176978
Grasubreen,2057-11-01,0.012306594172745875,0.04283126493557493,-0.06932192725163538
Grasubreen,2057-12-01,0.10128144897505292,0.002968591900261948,-0.035328524608661274
Grasubreen,2058-01-01,0.087987919301264,-0.009578559405621368,-0.012385478834198965
Grasubreen,2058-02-01,0.07151321642481002,-0.04286822694616849,-0.03296815379466178
Grasubreen,2058-03-01,-0.08783514402097002,0.09268503646745396,-0.05350432240860625
Grasubreen,2058-04-01,-0.028216868335977027,0.061348024728184354,-0.11124519242594082
Grasubreen,2058-05-01,-0.006349627085185242,0.054021721837875375,0.008518215940451497
Grasubreen,2058-06-01,-0.041359672266556326,0.04696134211531033,-0.009475086943052305
Grasubreen,2058-07-01,-0.0025962096314927443,0.02770955252293722,-0.0037517898301526373
Grasubreen,2058-08-01,-0.019024024133271544,-0.002095104867819784,-0.02091857480641372
Grasubreen,2058-09-01,-0.020127981488938244,0.02265960784362231,0.033292505457331915
Grasubreen,2058-10-01,0.06024669584757041,0.07290017882709994,-0.0532968717964446
Grasubreen,2058-11-01,-0.008920162812555024,0.09017870232917968,-0.010709969623438518
Grasubreen,2058-12-01,-0.05430072755649893,0.014279060535918679,-0.006796988707463869
Grasubreen,2059-01-01,0.12661500181496763,-0.15821103514701654,-0.025872525896662734
Grasubreen,2059-02-01,-0.0898698094997427,-0.0038280972806408096,-0.005351904338078074
Grasubreen,2059-03-01,0.05115968988480535,-0.0290953500743967,0.06571367666105786
Grasubreen,2059-04-01,0.04410145294752685,0.02368521260335002,0.12385091898078092
Grasubreen,2059-05-01,-0.03729449071777068,0.011243271799216645,-0.018106485763851925
Grasubreen,2059-06-01,0.09941741060941407,-0.01872313239728182,0.020206584595186133
Grasubreen,2059-07-01,-0.007663665939459566,-0.04832866369971379,0.021983762717611155
Grasubreen,2059-08-01,0.02347860341649558,-0.0055390470579102695,0.01524917097632135
Grasubreen,2059-09-01,0.07385687974419562,0.019539563577987033,-0.0036603976724424703
Grasubreen,2059-10-01,-0.029581376830575403,-0.017797397274617387,0.02467700750530714
Grasubreen,2059-11-01,-0.010514985298624676,0.07366586734978599,-0.024103803218688453
Grasubreen,2059-12-01,0.030219678521616698,-0.020361182344009573,0.15880841104496066
Grasubreen,2060-01-01,-0.15463389670405697,-0.02695918089381498,-0.019382015081409586
Grasubreen,2060-02-01,-0.05164417408678148,0.05298704469892401,0.10827476292920642
Grasubreen,2060-03-01,-0.05523704098298071,0.08838358608594347,0.06340687397717533
Grasubreen,2060-04-01,0.08595964243051069,0.06808598934297423,0.029526212041549715
Grasubreen,2060-05-01,0.02704398503273292,0.03591162301871257,-0.028704080814664065
Grasubreen,2060-06-01,0.018713754213965563,0.07312411596107975,0.053938477184724665
Grasubreen,2060-07-01,0.0156996762324198,0.024431387168893797,0.023201487623865216
Grasubreen,2060-08-01,0.01982022293876014,0.01809674905477374,0.043779749469263544
Grasubreen,2060-09-01,0.011578016674952745,0.011642916073849994,-0.02170025978656424
Grasubreen,2060-10-01,-0.026205710626077825,-0.008976697014495898,0.028924816380657473
Grasubreen,2060-11-01,-0.003065198938125041,-0.06533942898746312,0.04875633730052225
Grasubreen,2060-12-01,-0.1712685698332506,0.1029402868052738,-0.08159907145849538
Grasubreen,2061-01-01,-0.16005540646158953,-0.04635836749025666,0.03380420997405937
Grasubreen,2061-02-01,0.02123375590799576,-0.07829204951105595,-0.03677854701756765
Grasubreen,2061-03-01,0.07167550139834651,-0.021367067694210526,0.08311919072296528
Grasubreen,2061-04-01,-0.03541189096333074,0.006472872935599436,0.09975328126757821
Grasubreen,2061-05-01,0.034326791172130305,-0.0034512555587721907,0.06270252770366756
Grasubreen,2061-06-01,0.035303475549321915,0.05575340490778737,-0.007432160466353047
Grasubreen,2061-07-01,0.041059529921986304,0.05041011850199705,-0.014067798030532278
Grasubreen,2061-08-01,-0.003473554293676228,0.0558686225351773,-0.05161649569529392
Grasubreen,2061-09-01,0.025656299283399686,0.013293890155935776,-0.004850783438139217
Grasubreen,2061-10-01,-0.0508724096438636,0.001774050665354028,0.05449140309018593
Grasubreen,2061-11-01,-0.03609205254243326,-0.011010759205925971,0.10401790907942521
Grasubreen,2061-12-01,-0.019097124275620325,0.009162083730840478,0.1308469933471739
Grasubreen,2062-01-01,0.044187929773369584,-0.005518722209252591,0.1190195324302417
Grasubreen,2062-02-01,0.12389432123321392,-0.04340235867734388,-0.022613555767779348
Grasubreen,2062-03-01,0.005247988687194653,0.10001417588044309,0.11192169156998955
Grasubreen,2062-04-01,-0.06605262807594144,0.0787180946135444,0.05711039892596199
Grasubreen,2062-05-01,0.02062381618702426,0.02507400279936479,0.043427537973464325
Grasubreen,2062-06-01,0.015114245427408904,0.028208242328635846,0.049252363619640756
Grasubreen,2062-07-01,0.024193239186277072,0.002393120628760068,0.02463827758521107
Grasubreen,2062-08-01,0.028854464371112328,0.05867538417368107,-0.008251344368093369
Grasubreen,2062-09-01,0.012950519727580026,0.014533910065960144,0.021981350245393185
Grasubreen,2062-10-01,0.07050662734476322,0.04453887281536586,0.14570817122396476
Grasubreen,2062-11-01,0.07910439549895304,0.008417349424243326,0.009306776542974779
Grasubreen,2062-12-01,0.10039887100781619,-0.04627187062754229,-0.0016516498512334176
Grasubreen,2063-01-01,0.08308368401247128,-0.015796491442516433,-0.022768363857241198
Grasubreen,2063-02-01,0.10170009961687983,0.17498753167449502,0.10123054973624666
Grasubreen,2063-03-01,0.007474717389025974,0.12688397846275853,-0.07571965680043252
Grasubreen,2063-04-01,0.05768511902421128,0.03316085467178885,0.05547301431827554
Grasubreen,2063-05-01,0.0256032355352601,-0.03824776468035727,-0.022964912093362627
Grasubreen,2063-06-01,-0.005294315726358856,-0.02028932485830918,0.021616634633803127
Grasubreen,2063-07-01,0.0009116315462621358,0.004549438374051781,0.03410671719086194
Grasubreen,2063-08-01,-0.0032461915959758197,-0.04349349509347953,0.05408926729515421
Grasubreen,2063-09-01,0.01392378168229755,-0.02032422139493041,0.0064672520703651
Grasubreen,2063-10-01,-0.011634034723336073,0.097568383931199,0.0927018275374311
Grasubreen,2063-11-01,0.03797360818424295,0.05213649791923728,-0.06674103225704309
Grasubreen,2063-12-01,-0.03539671513962319,-0.02548789440117666,0.10339919738504506
Grasubreen,2064-01-01,0.08733182144709499,0.031069084293639793,0.060606222257018304
Grasubreen,2064-02-01,0.10154222358584418,0.023135673498084975,0.05439825879308264
Grasubreen,2064-03-01,0.0452241539780436,-0.018642621534661577,-0.11063950941567148
Grasubreen,2064-04-01,0.1357926916046882,0.05794505906503664,-0.11580359154067359
Grasubreen,2064-05-01,0.00727836726607118,0.000795001754949759,-0.0029088237190150654
Grasubreen,2064-06-01,0.025294165173179797,0.02128700993178112,-0.021562580765035543
Grasubreen,2064-07-01,0.013882476014607978,0.04863319969227169,0.0069023400608735005
Grasubreen,2064-08-01,0.01758463698802327,-0.0034089094856732997,0.01191850104402816
Grasubreen,2064-09-01,0.03787210972622931,0.007117162444236091,0.07242928352048282
Grasubreen,2064-10-01,0.04403660948656168,0.004060676339935221,-0.0020533380160165835
Grasubreen,2064-11-01,-0.041905446855277605,-0.016568139657795578,-0.002890031575158015
Grasubreen,2064-12-01,0.013323711011872935,0.026519546753417157,0.033596959468630117
Grasubreen,2065-01-01,0.02470732052006282,0.09391147960017904,0.10846878552725515
Grasubreen,2065-02-01,0.09112409267908528,0.05386450195186404,0.06616863128926948
Grasubreen,2065-03-01,0.10828137532616466,-0.01689520521510377,-0.09800289407028591
Grasubreen,2065-04-01,0.13684363981172357,-0.010509315498111621,-0.023191850742140224
Grasubreen,2065-05-01,0.05536114656365639,0.08603400732457056,-0.008089600908345198
Grasubreen,2065-06-01,0.01297441602297788,0.04062898350988188,0.06628444503831164
Grasubreen,2065-07-01,0.029462326679668586,0.051033151825920976,0.01100342332683136
Grasubreen,2065-08-01,-0.03467339359902242,0.03024922522702309,0.01805700120924197
Grasubreen,2065-09-01,0.02831832244408421,-0.007754482154887189,0.006093230213155054
Grasubreen,2065-10-01,0.06047745458978002,0.0319509929686572,0.042311476635119964
Grasubreen,2065-11-01,0.0918016411911536,0.00501586589694783,0.02301451536698627
Grasubreen,2065-12-01,0.011014656308673447,-0.041667582406297345,0.16556918481014773
Grasubreen,2066-01-01,0.028478533200069562,0.025843791054984435,-0.021966003871558216
Grasubreen,2066-02-01,0.12516046878528503,-0.008633684368863337,-0.016793383408079423
Grasubreen,2066-03-01,0.01171460373775912,0.02996477500739474,0.012367760105529984
Grasubreen,2066-04-01,0.006263940146035184,-0.08977200729332939,0.07702347842557551
Grasubreen,2066-05-01,0.040148625153204776,0.08919906506176255,-0.05149175951447702
Grasubreen,2066-06-01,0.04105979807276941,-0.025593085401954124,0.01552593614487296
Grasubreen,2066-07-01,0.0017379876900795014,0.024158828719674553,0.015013174501613566
Grasubreen,2066-08-01,0.0170746154208501,0.02696837053313649,0.009067726769860505
Grasubreen,2066-09-01,0.05201877743143054,0.007369109743114846,0.033712687433421006
Grasubreen,2066-10-01,0.0032636275363661857,-0.0025833868015624505,0.016751624353571005
Grasubreen,2066-11-01,0.0041230200904621124,-0.10172353412378726,0.03398670565926997
Grasubreen,2066-12-01,-0.05773366391142424,0.10343619880622677,0.04571591909779147
Grasubreen,2067-01-01,-0.06630033570501241,0.02021545679811454,0.006858825428785402
Grasubreen,2067-02-01,0.00953421857071538,0.017172156470519184,0.08477805938857519
Grasubreen,2067-03-01,0.08810841817822773,0.003268913378555928,0.12663249640882826
Grasubreen,2067-04-01,0.06073938181397855,-0.02421597653545725,0.04709694240692702
Grasubreen,2067-05-01,0.032386861972510006,0.02394965105474355,0.09209875790321374
Grasubreen,2067-06-01,-0.0022386207558865168,-0.015228197954368047,0.009798006159452694
Grasubreen,2067-07-01,0.010994466091698239,-0.0055696269120169145,0.018760859852718567
Grasubreen,2067-08-01,0.010903068462916799,-0.017661090926004624,-0.013043890962964091
Grasubreen,2067-09-01,0.02423487083158868,0.05227146834568098,-0.02774845165633094
Grasubreen,2067-10-01,-0.022015911261783982,0.06553331421489586,-0.04309553026948345
Grasubreen,2067-11-01,0.08854031160495153,-0.027342532531719973,0.03748335796599764
Grasubreen,2067-12-01,0.1154635829938006,-0.0008728968378511337,-0.07331632817357361
Grasubreen,2068-01-01,0.16084334449327733,0.03422193251969192,0.006330887086134186
Grasubreen,2068-02-01,-0.007691843624533369,0.06551912031238234,0.02614500566391517
Grasubreen,2068-03-01,-0.05092689939540693,0.015424933400718965,-0.05556565214372844
Grasubreen,2068-04-01,-0.007717204040346847,-0.051301620831030514,-0.09010915914148164
Grasubreen,2068-05-01,0.015901818060958205,-0.013566294920436142,-0.019539084114825977
Grasubreen,2068-06-01,0.034756922357981966,0.045445820936795035,0.02893686388090431
Grasubreen,2068-07-01,0.046769351663838915,0.02950738818103127,0.028992431086715276
Grasubreen,2068-08-01,-8.001399166279038e-05,0.03957238589048889,0.019353966182137004
Grasubreen,2068-09-01,0.002932443775516977,0.010447862487467234,-0.005357342132603184
Grasubreen,2068-10-01,-0.05304924825785417,0.04668174391223089,-0.00487328562154439
Grasubreen,2068-11-01,-0.08044352600574663,0.06346352810261473,0.07532564633096445
Grasubreen,2068-12-01,0.03986443843572152,0.04429213989426142,-0.03765962345026938
Grasubreen,2069-01-01,-0.08465400957442044,-0.016252490054094616,-0.11364667759332871
Grasubreen,2069-02-01,0.15544564621141502,-0.04861203865725505,-0.17577816496080903
Grasubreen,2069-03-01,0.02127330709569257,0.10738783680878612,-0.10883651689148122
Grasubreen,2069-04-01,-0.027880540467019915,0.04176950312479022,-0.04648108536395482
Grasubreen,2069-05-01,0.011941946483711413,0.06148744740288605,0.0383193036338274
Grasubreen,2069-06-01,-0.03192235602284841,0.035230348762641674,0.037723174702588035
Grasubreen,2069-07-01,0.0008270082939995857,0.015138625669831903,0.025619020782700064
Grasubreen,2069-08-01,0.04274480055866142,0.0036151405265395045,-0.0037690111206017166
Grasubreen,2069-09-01,0.012322770977407818,0.0086118254925941,0.006670866165928158
Grasubreen,2069-10-01,0.02421420785776578,0.00752757946498563,0.03207851172766718
Grasubreen,2069-11-01,0.03342147882075099,-0.03649325709496296,0.0018625283209267502
Grasubreen,2069-12-01,0.08288809923575036,0.042715077739869635,0.04855741880284298
Grasubreen,2070-01-01,-0.029819306068942463,0.006570718925586243,0.13083048431423835
Grasubreen,2070-02-01,0.0900241120215544,0.0879495112696963,-0.06620045243368372
Grasubreen,2070-03-01,-0.007776610776833258,0.09107931787459389,-0.01617436175429843
Grasubreen,2070-04-01,0.013068664602602744,0.027533701613248755,0.04406752173997064
Grasubreen,2070-05-01,0.011542528722032569,0.032123847625032405,0.028361878079356345
Grasubreen,2070-06-01,0.0040811971510445215,-0.029656335075235157,0.05224294860190944
Grasubreen,2070-07-01,0.008428675355275335,-0.02023058623663004,0.047935710459113656
Grasubreen,2070-08-01,0.017388540995142202,-0.05215048776301221,0.021589478593800133
Grasubreen,2070-09-01,-0.0034446232552510455,-0.021121763512460354,0.03844788680721279
Grasubreen,2070-10-01,0.0070429234810367725,-0.0030823471557438614,-0.06554275898175653
Grasubreen,2070-11-01,-0.03188147328853005,0.03197080545883675,-0.08491462433769997
Grasubreen,2070-12-01,-0.009224261862561464,0.03922670727130528,0.0809901466244613
Grasubreen,2071-01-01,0.044735997442773866,0.13109624560880695,-0.10489329329821184
Grasubreen,2071-02-01,0.010340000455824925,0.020040501409614938,-0.03989266362553357
Grasubreen,2071-03-01,0.028690855320250883,0.014496007818731886,0.12213651481774081
Grasubreen,2071-04-01,-0.04858822421237883,0.03584353421474491,0.00951015381259768
Grasubreen,2071-05-01,0.009795224368240294,0.02770343211275435,-0.04583767541954504
Grasubreen,2071-06-01,0.09678454550227887,0.04694580690082118,-0.02316366339070537
Grasubreen,2071-07-01,0.06524349670672314,-0.018133586042709954,0.0056784392490098964
Grasubreen,2071-08-01,0.02808382835479442,0.0004308762430610194,-0.01593733429477058
Grasubreen,2071-09-01,0.046970662526247514,-0.0007576613024721143,-0.012221061121102638
Grasubreen,2071-10-01,0.05669125505594517,0.04454291205094346,0.054762694852544445
Grasubreen,2071-11-01,0.11413331126339361,0.05191821246481715,0.013167361666959927
Grasubreen,2071-12-01,0.06555228113917165,0.10769322638613865,0.08170667209469872
Grasubreen,2072-01-01,-0.019840341291811125,0.024532601278333413,-0.10803363466682513
Grasubreen,2072-02-01,-0.04130267734206497,-0.03885334192657698,0.04869385588275114
Grasubreen,2072-03-01,0.10497807800519,-0.01957483445302859,-0.11571269655705008
Grasubreen,2072-04-01,-0.01088774545871105,-0.10444154267284056,-0.048010965120157754
Grasubreen,2072-05-01,0.06127155146235632,-0.02346054804842036,0.011276563007558653
Grasubreen,2072-06-01,0.06942986004709883,0.028077528250076884,0.0018773384898083968
Grasubreen,2072-07-01,-0.027442629590944276,0.019210888289182885,0.03339890180102394
Grasubreen,2072-08-01,0.07299346011507175,-0.014682812289606764,0.005902101447636823
Grasubreen,2072-09-01,0.038373921874167445,-0.016397811355591773,-0.025971226504808622
Grasubreen,2072-10-01,0.08286685323463289,0.04827455765862066,0.0738388972769754
Grasubreen,2072-11-01,-0.05537863707103355,-0.0909177704805433,-0.0027385096219324522
Grasubreen,2072-12-01,0.04682910149210625,-0.04365265680455669,-0.14713084259359957
Grasubreen,2073-01-01,0.07634324238196945,-0.0655164876217894,-0.0723378515178728
Grasubreen,2073-02-01,-0.05826646240011674,-0.03697996282683632,0.11351031062658194
Grasubreen,2073-03-01,0.03580817739213447,-0.05045766448771608,0.013953386701928243
Grasubreen,2073-04-01,-0.0691400926898687,0.10002560902174641,0.03957924058070877
Grasubreen,2073-05-01,-0.03727331559153942,0.012655163230821978,0.009898548853529658
Grasubreen,2073-06-01,0.020045580164121213,-0.0013101189930676317,-0.05180363289257444
Grasubreen,2073-07-01,-0.013859252073181881,0.031046729460280937,-0.007188938975512045
Grasubreen,2073-08-01,-0.0007392157899240257,-0.004227713737386655,0.0073877750657442036
Grasubreen,2073-09-01,0.04184949554781638,0.042350529527710956,-0.0013630302267790644
Grasubreen,2073-10-01,-0.007652223028026139,0.01143239633476497,-0.004402719697127269
Grasubreen,2073-11-01,-0.03799465089108195,0.026546308784859196,0.06125707445789569
Grasubreen,2073-12-01,0.09442765395632537,-0.053343681622827675,0.14442345330918943
Grasubreen,2074-01-01,0.06581062161496326,-0.03136717679048193,-0.030042441750083904
Grasubreen,2074-02-01,0.16133396290480212,-0.025295968372735813,-0.0442211971930264
Grasubreen,2074-03-01,0.01824640160650456,-0.015448233261045866,0.02299154624827111
Grasubreen,2074-04-01,0.08914338977764047,0.04629081909237481,0.05928599790430351
Grasubreen,2074-05-01,0.060064537408226704,0.12850957376163294,0.025214606341816062
Grasubreen,2074-06-01,0.019750488306215678,-0.021952490566915703,-0.027924311540286392
Grasubreen,2074-07-01,0.020972081489540675,-0.0014516552157368297,-0.008044543560733114
Grasubreen,2074-08-01,0.009041933330578013,-0.018665580753497665,-0.008443289281142208
Grasubreen,2074-09-01,-0.014174131966664283,-0.013485129980675872,-0.016597393011698165
Grasubreen,2074-10-01,0.09212295809067127,0.009551894217732495,-0.04573464938014916
Grasubreen,2074-11-01,-0.004693623485111288,0.043411959021372036,-0.1307258560109046
Grasubreen,2074-12-01,-0.009455842840111264,-0.017331891079367338,-0.0520779197168158
Grasubreen,2075-01-01,0.16149051994036454,-0.044859210868088806,-0.05521178022463582
Grasubreen,2075-02-01,0.23894899324949914,0.09770307395788543,0.018781370335290055
Grasubreen,2075-03-01,0.1175198367452413,0.00013916679633675655,-0.039363540897203314
Grasubreen,2075-04-01,0.09071466444001179,0.08307836624854507,-0.027732047409691582
Grasubreen,2075-05-01,0.021753349974503778,-0.03236043604176304,0.05582430659643991
Grasubreen,2075-06-01,-0.002855603823991281,-0.007805394627822861,0.03618317795384341
Grasubreen,2075-07-01,-0.0046213691720324995,-0.005330376471232283,0.06430897900534063
Grasubreen,2075-08-01,0.02322198740762262,-0.01826813650800797,-0.005927712919947814
Grasubreen,2075-09-01,-0.008101813623870672,0.025097567251285258,0.020100566861066944
Grasubreen,2075-10-01,0.0887601893530357,0.08787947391664008,0.12588536540442016
Grasubreen,2075-11-01,0.06729566814552745,0.06852913687446213,0.0897092236862418
Grasubreen,2075-12-01,-0.015252118789575051,0.08834097526384492,-0.0108117927998857
Grasubreen,2076-01-01,0.03361620614898512,0.026970108994102543,0.12716786652503392
Grasubreen,2076-02-01,-0.1323236470229541,-0.05858395091832507,0.07756100929143696
Grasubreen,2076-03-01,-0.07613824262160308,-0.07297071672657506,-0.02519563873460379
Grasubreen,2076-04-01,-0.06371816473233055,0.02656192165148438,0.03243354120312896
Grasubreen,2076-05-01,0.03258473776476568,-0.02813255418874595,-0.006875557740766762
Grasubreen,2076-06-01,0.01715617336075141,0.005506194630601373,-0.01702160637011357
Grasubreen,2076-07-01,0.013685174870859546,0.04606593006846616,0.026181598231153947
Grasubreen,2076-08-01,0.05240662131960472,0.051688741499901054,0.0027273022634453936
Grasubreen,2076-09-01,0.07770965019356744,-0.006666639943346317,0.08193453764784894
Grasubreen,2076-10-01,0.033859798291282946,0.0038756386295693,0.040237236403273896
Grasubreen,2076-11-01,-0.07662544851471713,0.030687154277616136,0.005594032104424669
Grasubreen,2076-12-01,-0.0404069626605255,0.08455748913587119,0.06380154188954355
Grasubreen,2077-01-01,0.18079977876590522,0.055269198359830685,0.06995593990398884
Grasubreen,2077-02-01,0.14445009674488682,0.09415847007287537,0.043810530933483194
Grasubreen,2077-03-01,0.10185570720112624,0.01525924025407121,-0.06580806064278204
Grasubreen,2077-04-01,0.013827695144966888,0.10224722442821806,0.04045891139067995
Grasubreen,2077-05-01,0.009311260350777737,0.02287502962660397,0.06315019285446148
Grasubreen,2077-06-01,0.03452753959349949,0.0839370451580328,0.02986578749475353
Grasubreen,2077-07-01,0.020104952753134762,0.05902741925036211,-0.010057336912780691
Grasubreen,2077-08-01,-0.007245005564597717,0.03606280285252119,0.04491936969050769
Grasubreen,2077-09-01,0.02749722173200554,0.014001562433058452,-0.022985229086654218
Grasubreen,2077-10-01,0.02496090916476479,0.026131976306144073,-0.10099490731741269
Grasubreen,2077-11-01,0.10497367770019411,-0.0029543563803544753,-0.126753864159183
Grasubreen,2077-12-01,-0.10344020720566734,0.02695629446001134,0.04067886965188162
Grasubreen,2078-01-01,-0.022779019090565882,0.08218950315953473,0.1505188990483112
Grasubreen,2078-02-01,0.018227220507257953,-0.03147428221254012,0.043510411409394066
Grasubreen,2078-03-01,0.04236433885793,0.008486247742307886,0.06407857970402504
Grasubreen,2078-04-01,0.05887919312975354,0.12692609993460927,-0.01165517251749861
Grasubreen,2078-05-01,-0.024832251392039106,0.02781872061295913,0.052340062192911735
Grasubreen,2078-06-01,0.046974287847963814,0.01593794807935979,0.0012557910041848068
Grasubreen,2078-07-01,0.02963854906342313,0.003343953311784558,-0.004042639915139062
Grasubreen,2078-08-01,0.009315501142259002,-0.025429554454737324,0.009799665847828855
Grasubreen,2078-09-01,0.04689140265551165,-0.037977285959469594,-0.025341241195245053
Grasubreen,2078-10-01,0.04696322175074739,0.03916800082263345,0.011945062873670193
Grasubreen,2078-11-01,0.00029154036468562644,-0.02149616144526823,-0.07710833004577573
Grasubreen,2078-12-01,-0.05809869392858715,-0.10972511875612283,-0.0028684696702196747
Grasubreen,2079-01-01,-0.03676396782154928,-0.10336150644599157,-0.05505755360561146
Grasubreen,2079-02-01,0.05724642099972751,0.12587795015187417,0.10699091696081164
Grasubreen,2079-03-01,0.15662533766347905,-0.007458195919208076,-0.09668571052387374
Grasubreen,2079-04-01,0.04446054723612486,0.07858071423167103,-0.012882919349657226
Grasubreen,2079-05-01,0.0453036071188086,0.0485701173703312,0.05865869981957831
Grasubreen,2079-06-01,0.07286174908386439,0.017568055520529816,-0.0008668785691633476
Grasubreen,2079-07-01,0.037508311700885096,0.009885454306244561,-0.008684872796843846
Grasubreen,2079-08-01,0.016740495802034374,0.00906638768050366,0.01331051850278068
Grasubreen,2079-09-01,0.039235559261215865,0.009510060580389028,-0.011623497065552926
Grasubreen,2079-10-01,0.09279209531310444,-0.021073466102204536,0.029187796529093906
Grasubreen,2079-11-01,0.014679929568730344,-0.02861935643852292,0.024515055295205895
Grasubreen,2079-12-01,0.06306224771207221,0.02281427913805302,-0.04475660767805145
Grasubreen,2080-01-01,0.027673159543444997,-0.026653947474817332,-0.03236502976629905
Grasubreen,2080-02-01,-0.0012755376506589113,-0.06209529478252307,0.05301514831188573
Grasubreen,2080-03-01,-0.009712476888605263,-0.08821322627650095,0.10817376621517345
Grasubreen,2080-04-01,0.024602773825147084,-0.04329863850527326,0.13470776728849573
Grasubreen,2080-05-01,-0.011590574697074585,0.029557880510420038,-0.022211666063369873
Grasubreen,2080-06-01,0.00920486621214133,0.02007300904714929,-0.033832762310741706
Grasubreen,2080-07-01,0.027073673183227533,0.037659376143965195,0.024115694089431483
Grasubreen,2080-08-01,0.029984112515956868,0.010366879348591871,-0.020376617578310982
Grasubreen,2080-09-01,-0.025310947007343394,0.0013150984699986032,-0.016734485696272044
Grasubreen,2080-10-01,0.08352409749181967,-0.006506395902438927,-0.05030646585166621
Grasubreen,2080-11-01,-0.009988015586807402,0.0035054490131176605,0.04108869547788815
Grasubreen,2080-12-01,0.1740006699317754,0.0017731542298457595,0.03354162244953798
Grasubreen,2081-01-01,0.16588387978174401,0.0681183886201497,0.09722992045743221
Grasubreen,2081-02-01,0.03553785361698434,0.04222635552710302,0.06687642606509664
Grasubreen,2081-03-01,-0.10267631247190852,0.023388248018215468,-0.007726071417313435
Grasubreen,2081-04-01,-0.03776192662843903,0.04132500030708113,0.12920425518715054
Grasubreen,2081-05-01,0.002349424392952444,0.051202355822979044,0.028274667751897922
Grasubreen,2081-06-01,0.0014238261021076563,0.0006266397100101346,-0.021604239747439483
Grasubreen,2081-07-01,-0.007268599492040516,0.013531952923029722,0.043120072867245306
Grasubreen,2081-08-01,0.010598840869139805,0.05968575593948935,0.0047405649771806
Grasubreen,2081-09-01,0.05504260132452038,0.04790038500452395,-0.0038384256461218777
Grasubreen,2081-10-01,-0.027893344360590183,-0.02212177322504554,0.0011816931964867296
Grasubreen,2081-11-01,-0.07918086129327882,0.04397784811303073,-0.10671757163243929
Grasubreen,2081-12-01,0.05255902061315659,0.03243701959141094,-0.07123518894651554
Grasubreen,2082-01-01,0.04894854040805674,0.01957572396564283,0.03540407657048545
Grasubreen,2082-02-01,0.0178556910411637,0.012320168488859765,0.06197184866894076
Grasubreen,2082-03-01,-0.08628789112006972,0.030065945814186184,-0.07291033440897893
Grasubreen,2082-04-01,-0.05097821757444613,0.05831639342412536,0.002836415912038729
Grasubreen,2082-05-01,-0.0008839925988105545,0.02840599305152278,0.039364842645589815
Grasubreen,2082-06-01,0.03171807832984822,0.005443849456615475,0.002346645148237699
Grasubreen,2082-07-01,0.032859438413147014,-0.021832027307387137,0.03925022864699728
Grasubreen,2082-08-01,-0.01062700535125026,0.011040489689214597,0.003422070686602434
Grasubreen,2082-09-01,-0.0265285221258483,-0.008937975451647632,0.04336124030287991
Grasubreen,2082-10-01,0.03289110650850927,-0.013540688922118108,-0.006170652641618676
Grasubreen,2082-11-01,-0.0204848030551083,0.05817052806335593,-0.01703163476559148
Grasubreen,2082-12-01,-0.057646951194122324,0.008567973803310721,-0.04615981952901651
Grasubreen,2083-01-01,-0.07930707649210116,-0.011851424639709488,-0.016475137176620202
Grasubreen,2083-02-01,-0.05379765147975099,0.13802984845179986,-0.09470899573402214
Grasubreen,2083-03-01,0.005348711609552384,0.033802307386383276,0.056609050175335296
Grasubreen,2083-04-01,0.08269758982830107,0.07366146506293676,0.039917204052163695
Grasubreen,2083-05-01,0.052414210786792814,0.06709793309316503,0.08433001600888257
Grasubreen,2083-06-01,0.05409290430717243,-0.007781523164212022,0.04066618246259155
Grasubreen,2083-07-01,0.035887283740821445,0.017891398810834385,0.02679792811205273
Grasubreen,2083-08-01,0.002763894729700652,0.037471940380225464,-0.01740095997394792
Grasubreen,2083-09-01,0.009573415233287435,0.0055433016923228705,-0.03926557076373318
Grasubreen,2083-10-01,-0.023508406318165174,0.004853984707922819,-0.045695094370591514
Grasubreen,2083-11-01,0.09390805853116785,0.01930539550461633,0.05833352130228516
Grasubreen,2083-12-01,0.07809308131225978,0.019999395285210077,0.04041044280050931
Grasubreen,2084-01-01,0.04684915738587142,-0.011006846795650171,-0.11635204730092075
Grasubreen,2084-02-01,0.06206032206936699,0.03154495139251155,0.019312973012670584
Grasubreen,2084-03-01,-0.013342395625781564,-0.017909332731521472,0.0440729216016243
Grasubreen,2084-04-01,0.04480755780724186,-0.013101906408302439,-0.017075490775707334
Grasubreen,2084-05-01,0.030827879137097336,0.03308613009315268,0.04637436172013066
Grasubreen,2084-06-01,0.0027343285266085864,0.005632521887258278,-0.010526735201746198
Grasubreen,2084-07-01,0.030675818620353415,0.030450767448628558,0.04820278404269577
Grasubreen,2084-08-01,-0.025058476643933347,0.07365227027752495,0.005493598665900448
Grasubreen,2084-09-01,0.05769189707907671,0.06406752337151896,-0.026956639151751404
Grasubreen,2084-10-01,0.07314857644762654,-0.004994439137009869,-0.05439654450053572
Grasubreen,2084-11-01,0.14323475665529792,0.04507392299274033,-0.12426368657381459
Grasubreen,2084-12-01,0.104599725365003,0.07110565029273895,-0.08518199179841525
Grasubreen,2085-01-01,0.027017284147293496,0.08922311876626605,-0.010575504360982563
Grasubreen,2085-02-01,0.03482769667366426,0.04183770244570445,-0.08845887450756945
Grasubreen,2085-03-01,-0.1428758276925021,0.04468911586373269,-0.04520434928790664
Grasubreen,2085-04-01,-0.061001102434825795,-0.04453691334455131,-0.05380376415097587
Grasubreen,2085-05-01,0.06310762649444034,0.0286206660956053,-0.012128548876428003
Grasubreen,2085-06-01,0.0086172715727324,0.057386475934511204,0.018160674889510172
Grasubreen,2085-07-01,0.027364591749647674,0.007264623282343678,0.027914385422812927
Grasubreen,2085-08-01,0.04454846879474492,0.05655327889319694,0.011131006564198631
Grasubreen,2085-09-01,-0.016464233186578085,0.033057664549665265,-0.015374246822552695
Grasubreen,2085-10-01,0.029391985618731103,0.036240866221301106,-0.026347693665901634
Grasubreen,2085-11-01,0.04146906701030049,0.03117625467020387,-0.06870572791118551
Grasubreen,2085-12-01,-0.02236398731982735,-0.01897952429203754,0.0385775509328486
Grasubreen,2086-01-01,-0.030937164698220766,0.03436457574349867,-0.009203928736433465
Grasubreen,2086-02-01,0.04870908207837049,-0.06581132542895134,0.10707868515999752
Grasubreen,2086-03-01,0.10974985252387703,-0.01788475858946939,0.13464031671972623
Grasubreen,2086-04-01,0.010718758321842622,0.11761634259460003,-0.02059949697129893
Grasubreen,2086-05-01,0.03185030367069259,-0.0037917376738896857,-0.006140444061515103
Grasubreen,2086-06-01,0.04453859574785346,0.0291233007999339,-0.01041771459294256
Grasubreen,2086-07-01,0.02301791618150695,0.0404813130521478,0.023306409741655276
Grasubreen,2086-08-01,0.04047451360227503,0.06249455085957473,0.03667671067162486
Grasubreen,2086-09-01,0.0431790157503976,0.021670213575781472,0.03874045944208204
Grasubreen,2086-10-01,0.06749093096747685,0.05808241690019985,0.004419267311965985
Grasubreen,2086-11-01,-0.010413959650504984,0.08110526374217208,0.03462689022006408
Grasubreen,2086-12-01,0.0966489737484482,0.016139995561570808,-0.04797570296129849
Grasubreen,2087-01-01,0.11335124388079842,0.14247549698076153,0.05026866226153997
Grasubreen,2087-02-01,0.06574409315629204,0.13192668808671906,-0.10163271295761393
Grasubreen,2087-03-01,0.07958568762815747,0.01833113177542448,0.07650514994351566
Grasubreen,2087-04-01,0.05528109836345602,0.037463434140279035,-0.022769064665456917
Grasubreen,2087-05-01,0.0410944393652276,-0.015294493806887619,0.0021274857014911067
Grasubreen,2087-06-01,0.01948632691084619,0.018727983019981603,0.015351470843114565
Grasubreen,2087-07-01,0.04133576665776924,0.050690385399065584,0.004382258573154958
Grasubreen,2087-08-01,0.021802570141579398,0.05818689489106804,-0.016043958022555104
Grasubreen,2087-09-01,0.0735489429597535,-0.008455040922652313,0.00247668167358246
Grasubreen,2087-10-01,0.08327819330879675,-0.03364133865280466,0.1054207590522503
Grasubreen,2087-11-01,0.07496028851572871,0.01854585300582676,0.025180153830248363
Grasubreen,2087-12-01,-0.05061443141321934,0.005830014250485733,-0.025377608361894358
Grasubreen,2088-01-01,0.09407484497723435,-0.072731596049577,0.13173682399024966
Grasubreen,2088-02-01,0.014816714080806974,-0.010633161613993867,0.12919886788560528
Grasubreen,2088-03-01,0.046228305642293716,0.00010767954762478753,0.04109187746741761
Grasubreen,2088-04-01,0.021746548902255903,-0.02903086753199893,-0.012008101216847302
Grasubreen,2088-05-01,0.0377856099998517,0.031463166088597665,0.0005894852650371688
Grasubreen,2088-06-01,0.015174467770349117,0.06808611285039266,0.005991266005746135
Grasubreen,2088-07-01,0.004517552154204819,0.021951983272239694,0.026683706690074593
Grasubreen,2088-08-01,0.02374610788714745,0.007765106199038971,0.012345931839480314
Grasubreen,2088-09-01,0.07442447613384169,0.025792754731713174,0.01354995212033141
Grasubreen,2088-10-01,0.0597187228010558,0.029695890169304486,0.08805644934572614
Grasubreen,2088-11-01,0.07816237842872226,0.07316152812191662,-0.09609625962550362
Grasubreen,2088-12-01,-0.05194763514180457,-0.04625377603522187,-0.050685111649580304
Grasubreen,2089-01-01,-0.16497302788326437,-0.030774361254677373,-0.04077189511278629
Grasubreen,2089-02-01,-0.15423589338121882,0.041130968358733234,-0.02476510547836681
Grasubreen,2089-03-01,-0.03473334891637514,0.11481027209135124,0.14595947285913116
Grasubreen,2089-04-01,-0.00340251783847835,0.12728371884424636,0.13083396857675222
Grasubreen,2089-05-01,-0.013261493013998793,0.017378931852870292,-0.024068874112128363
Grasubreen,2089-06-01,-0.018362492267741216,0.04515345463512813,0.03732245850923655
Grasubreen,2089-07-01,0.01260972216426659,0.016235059763183252,0.034178024498173205
Grasubreen,2089-08-01,0.013563071751856491,0.031675694555543525,-0.0007518091850960996
Grasubreen,2089-09-01,0.02656736528996061,0.02328900265613994,0.009085524699526138
Grasubreen,2089-10-01,0.004697816248265138,0.0066416969616907295,-0.03858623629586694
Grasubreen,2089-11-01,-0.014244561623550206,0.05393908199023153,-0.06172248470207631
Grasubreen,2089-12-01,0.0603216501322705,0.011241314607194929,0.06504851940789137
Grasubreen,2090-01-01,0.2691022122022744,0.11434552046219754,-0.06021358912862638
Grasubreen,2090-02-01,-0.007860144293305943,-0.14773398853114536,0.03794300216950488
Grasubreen,2090-03-01,0.13956144731244371,-0.07494861989922003,0.011214962945240034
Grasubreen,2090-04-01,0.06645128571375337,-0.03031508672516235,0.07201360989158616
Grasubreen,2090-05-01,0.021453690166739658,0.011564653434000987,-0.03820664139661109
Grasubreen,2090-06-01,0.061618022893129204,0.04656233371207855,-0.0033775503697100473
Grasubreen,2090-07-01,0.00488923179426796,0.04053679580574583,-0.011974624556147478
Grasubreen,2090-08-01,0.04027060148753583,-0.012791857193855656,-0.020289702165734554
Grasubreen,2090-09-01,-0.01107438651993464,0.04114343691362285,-0.008111144130548453
Grasubreen,2090-10-01,0.03256364457370309,0.0900524767164675,-0.07598114366170639
Grasubreen,2090-11-01,-0.043653150166185505,0.007092153390322116,-0.010540359354001749
Grasubreen,2090-12-01,0.09603747250365895,-0.03576859971367474,0.03762617204566592
Grasubreen,2091-01-01,0.08284936141069983,-0.12070293064895897,-0.01841980919867518
Grasubreen,2091-02-01,-0.004672919768022185,-0.01906822418348574,-0.070005213957838
Grasubreen,2091-03-01,-0.028231047721867877,0.13733593482879156,0.0378150078292963
Grasubreen,2091-04-01,-0.04954878729121457,0.012126709546491149,0.03618812783339274
Grasubreen,2091-05-01,0.009340767728585197,0.05676855107685602,-0.0047353220638973
Grasubreen,2091-06-01,0.05457978484740129,0.021757461395575776,-0.02193666429888287
Grasubreen,2091-07-01,-0.02195560187268712,0.05065659238803705,0.00568522020309663
Grasubreen,2091-08-01,0.0026643114983536526,0.029383392838524643,-0.016136588866147977
Grasubreen,2091-09-01,0.09557937936916022,0.04327604950319199,-0.04737824009581309
Grasubreen,2091-10-01,-0.028901679315213535,0.08435845360941252,-0.003539700994521088
Grasubreen,2091-11-01,0.011318306010810977,0.054733720085267924,-0.008886324034306543
Grasubreen,2091-12-01,-0.003102674928723889,0.06089462788600044,-0.007803575194021713
Grasubreen,2092-01-01,0.14950633036145997,0.042484877309424345,0.12742298584050218
Grasubreen,2092-02-01,0.04086887970063921,0.06338411106114854,0.0351648618564108
Grasubreen,2092-03-01,0.09305528776858442,0.0669235517457694,-0.09383204906708226
Grasubreen,2092-04-01,0.10357130586513674,0.06833901235220502,-0.025031344570310924
Grasubreen,2092-05-01,0.02087525757304495,0.007104851323138849,0.01179508811285092
Grasubreen,2092-06-01,0.0287011157637409,-0.02967455914373938,0.01721026562936968
Grasubreen,2092-07-01,-0.005042404723674228,0.020348681600841207,0.02542477974977723
Grasubreen,2092-08-01,-0.014892073555628287,0.01386379514505614,0.05638337540710379
Grasubreen,2092-09-01,-0.06415208474320151,0.029869077586693632,0.02861813185337503
Grasubreen,2092-10-01,0.05525638539710934,-0.030568933539001548,0.05041349885070206
Grasubreen,2092-11-01,0.10192420344701243,-0.016156660194166214,-0.03072757318333261
Grasubreen,2092-12-01,-0.05670612719042684,0.026896850108966835,0.048028312218993514
Grasubreen,2093-01-01,-0.06814445324883409,0.09667992223894702,-0.07764535825168067
Grasubreen,2093-02-01,0.04048349914254507,0.03478137981181553,-0.002285333748702892
Grasubreen,2093-03-01,-0.03631529936399971,0.10916804299760034,-0.02632395711173455
Grasubreen,2093-04-01,0.08365431451664107,0.0019316171810401493,-0.09380425279438333
Grasubreen,2093-05-01,-0.015197256333679257,-0.04342772638619707,0.019236135067379128
Grasubreen,2093-06-01,-0.007217062970410078,0.012646071222484881,-0.057237271472065365
Grasubreen,2093-07-01,0.020813087485974612,0.03272835991144917,-0.005697461219220423
Grasubreen,2093-08-01,0.027557969964933742,0.022419148507521202,0.008509533317052925
Grasubreen,2093-09-01,-0.014181624312705199,-0.0004231963399481976,0.012066661500433873
Grasubreen,2093-10-01,-0.09662939041134057,0.03503272880194664,0.03195597593676531
Grasubreen,2093-11-01,-0.051340413007353446,-0.00619071027660784,0.00549216792198963
Grasubreen,2093-12-01,0.08135038824711013,0.05687455821732167,0.16787941793588823
Grasubreen,2094-01-01,-0.0939586983349915,-0.07662177031033149,0.0524309733753451
Grasubreen,2094-02-01,-0.04792402066347562,0.06593181422279076,0.035307592034856734
Grasubreen,2094-03-01,0.04877883550423608,-0.028145438876513138,0.03128769618907316
Grasubreen,2094-04-01,0.050566788671025625,-0.021476884840548476,0.019836872157905847
Grasubreen,2094-05-01,-0.029121562418552266,0.009066678657349734,0.01223432583074116
Grasubreen,2094-06-01,0.03394834727020203,0.04203964468422592,-0.008894448228699121
Grasubreen,2094-07-01,0.02064212232421235,0.02608899797784246,-0.0029483757157959395
Grasubreen,2094-08-01,0.01897941299915416,0.04820116551444827,0.02636251241508251
Grasubreen,2094-09-01,3.7446138163912033e-06,0.04590925838624857,-0.009406215713027374
Grasubreen,2094-10-01,0.03823734849078708,0.002902674306793624,0.05253042596558477
Grasubreen,2094-11-01,0.07129693312266146,-0.025284271782191604,0.04751045669061701
Grasubreen,2094-12-01,-0.047626877596361826,0.0196027812144053,-0.07138903425630934
Grasubreen,2095-01-01,-0.08649571475691774,0.1858883139157457,0.0006462162857314898
Grasubreen,2095-02-01,0.07408972744070358,-0.05629517936293188,0.040474037835363776
Grasubreen,2095-03-01,-0.016639449328821696,0.02752098290390076,0.015901775135165917
Grasubreen,2095-04-01,0.056696703978651085,-0.05527414811267207,0.06261445141740503
Grasubreen,2095-05-01,0.04437938617945018,0.0030575211560084706,0.07335027098481303
Grasubreen,2095-06-01,-0.01623580766948343,-0.010092241489978988,0.018607058750411166
Grasubreen,2095-07-01,0.041366745903176926,0.03004872466437784,-0.02761970633513469
Grasubreen,2095-08-01,0.0658898675308559,0.05731782145950761,0.04182503357153339
Grasubreen,2095-09-01,0.003480551089589584,0.006307094511370781,0.025021100982250133
Grasubreen,2095-10-01,-0.005640870726590687,-0.030639196354391263,0.07271052544313306
Grasubreen,2095-11-01,0.0761323592095297,0.003763835611351851,0.053521112311713435
Grasubreen,2095-12-01,0.07177491525771462,0.031032337658837793,0.020522789772099825
Grasubreen,2096-01-01,0.014016853834749245,0.0039303708939415,0.02534484235140554
Grasubreen,2096-02-01,-0.007511753198484132,-0.1124771928213562,0.08043020546587946
Grasubreen,2096-03-01,0.030901803127678974,0.08367242142489245,-0.06299245113340392
Grasubreen,2096-04-01,0.06274510031505602,0.08624793967954958,-0.009971926226894266
Grasubreen,2096-05-01,0.03784787280779417,0.05934065520661449,-0.036141223681907274
Grasubreen,2096-06-01,0.005356581080692022,0.01308980241344384,-0.03273527316048831
Grasubreen,2096-07-01,-0.005132320704096004,-0.026361172508576072,0.002817614526810603
Grasubreen,2096-08-01,-0.0073488331788669065,0.015862663030088254,-0.010763913693760384
Grasubreen,2096-09-01,-0.023256381686321072,0.06460094187797831,0.00726095673505299
Grasubreen,2096-10-01,0.11431312579709452,0.01946187226761839,0.008412751033061456
Grasubreen,2096-11-01,0.007700755679940763,0.0028420797170726,-0.09475918856603364
Grasubreen,2096-12-01,0.08296483719575273,-0.07184654615993229,-0.0644354429041376
Grasubreen,2097-01-01,-0.06809489015541902,-0.03123054413212409,-0.010601411702452332
Grasubreen,2097-02-01,0.06357954792222599,-0.08463217715219486,-0.07081856765576382
Grasubreen,2097-03-01,0.11340278112055924,0.03520732944705562,0.05941322779302655
Grasubreen,2097-04-01,-0.0389949887644803,-0.08400924104440706,0.02631567162048039
Grasubreen,2097-05-01,3.9207945329753725e-05,0.09037415979672046,-0.016159268172561265
Grasubreen,2097-06-01,0.06078071230590626,0.0333042863620681,-0.03250066351629605
Grasubreen,2097-07-01,0.0541232354093411,-0.015632131850669573,0.012506484989920108
Grasubreen,2097-08-01,0.05191506701799836,-0.012978151121481651,-0.007957079329521138
Grasubreen,2097-09-01,0.10175577430058592,-0.018702542913079434,0.02853452610873136
Grasubreen,2097-10-01,-0.025555443543279186,0.06647878546183199,-0.010734265175889065
Grasubreen,2097-11-01,0.05301565582012754,0.011401093614007818,-0.04883339400101134
Grasubreen,2097-12-01,0.018604655535035736,0.041027555588730856,-0.03391065491837135
Grasubreen,2098-01-01,0.06374817125601835,-0.0781357066832094,-0.1364397263943699
Grasubreen,2098-02-01,-0.08100670467476574,0.010451998262114183,-0.14459080949422518
Grasubreen,2098-03-01,0.09482462569169736,-0.14195914552772576,-0.05137930252054226
Grasubreen,2098-04-01,0.04463071739145741,0.025810135298699365,-0.03894715420655196
Grasubreen,2098-05-01,-0.013194365045354227,-0.018074909679346312,-0.02157980809609746
Grasubreen,2098-06-01,0.018399532682144466,0.05453054137624994,0.04061209810960655
Grasubreen,2098-07-01,0.0262948360963923,0.03976733026480492,0.031882397360426896
Grasubreen,2098-08-01,0.04339761290902761,0.02518967510190138,-0.012679190535335652
Grasubreen,2098-09-01,0.061877704011186696,-0.00553980878613942,-0.038499745016328
Grasubreen,2098-10-01,0.07222066098250841,0.07033738477348105,-0.006482260776652565
Grasubreen,2098-11-01,0.10438813636427224,0.0129751558780307,0.04903107236703777
Grasubreen,2098-12-01,0.014809318764336022,0.047623127762015875,0.06242226519325506
Grasubreen,2099-01-01,-0.12793940223684644,0.07568888162232587,0.015026595367479925
Grasubreen,2099-02-01,-0.006030371855203225,-0.0090871285229053,-0.1426128787164714
Grasubreen,2099-03-01,-0.004050256280554239,0.02520774581698423,-0.09246825976250578
Grasubreen,2099-04-01,0.08122962463302859,0.01998036514553207,0.013064680240405682
Grasubreen,2099-05-01,0.05071953551070302,-0.03542923666485473,-0.004969887352013295
Grasubreen,2099-06-01,0.03505159679356372,0.005397002129305222,0.029164609980645503
Grasubreen,2099-07-01,0.02366365283242089,0.023099237701310945,-0.015118458775126862
Grasubreen,2099-08-01,0.02737842126147863,0.046492842976460926,0.028169270848485726
Grasubreen,2099-09-01,0.030635660653240412,0.025895704868824077,0.03686347981748638
Grasubreen,2099-10-01,0.06969413270351203,0.023318462469821305,0.042932362055193594
Grasubreen,2099-11-01,0.0649157883673655,0.06307586537780539,0.04741434412857833
Grasubreen,2099-12-01,0.06309523499796592,-0.027862501448586683,-0.019814372493777307
Grasubreen,2100-01-01,0.029989792242269497,0.06691924986827373,0.1026582153209547
Grasubreen,2100-02-01,-0.039367265639563435,-0.039515937856465254,0.10259391425590923
Grasubreen,2100-03-01,-0.08695974254436117,0.020053270322025512,-0.013014063471978051
Grasubreen,2100-04-01,-0.035780420492483665,0.03168256185670112,0.04189233708714244
Grasubreen,2100-05-01,0.014776568034107871,0.036043252214914716,5.459554056623286e-05
Grasubreen,2100-06-01,0.05015270329938381,0.024291583323928275,0.02636311961319988
Grasubreen,2100-07-01,0.009253672885809784,0.03193743684032665,0.021614209093733416
Grasubreen,2100-08-01,-3.952658633051461e-05,-0.004012720316610499,0.0319550134003127
Grasubreen,2100-09-01,0.010521128592988519,0.04445967387451096,0.01898213060283549
Grasubreen,2100-10-01,-0.00885514639332728,0.017381926871347823,0.012079523430898291
Grasubreen,2100-11-01,0.0661471472441693,0.0034110326083247045,-0.017713772045699423
Grasubreen,2100-12-01,0.03194505204317444,-0.0165008105007268,-0.08972327624708475
Hansebreen,2015-01-01,0.0016430177966164177,0.28729731474342773,0.21081653775396467
Hansebreen,2015-02-01,-0.37642005972697357,-0.0034972068962247824,-0.3102115253087429
Hansebreen,2015-03-01,0.0509925850405502,-0.021894721825315062,-0.17144082173270492
Hansebreen,2015-04-01,-0.243949169565459,0.10644687431404964,0.051726332663583674
Hansebreen,2015-05-01,-0.37848667114157397,0.08410444977170338,0.020243054763564142
Hansebreen,2015-06-01,0.029594530339724895,0.03733679868593276,0.15211228054716455
Hansebreen,2015-07-01,0.0909390322482041,0.07556094009591967,0.2555776685977004
Hansebreen,2015-08-01,-0.0790241298475055,0.39972329533973133,-0.1317053262494545
Hansebreen,2015-09-01,-0.24210382893021534,0.3888700770326503,0.11345915749557141
Hansebreen,2015-10-01,-0.32432457114862645,-0.12106981641591529,-0.27312085672148717
Hansebreen,2015-11-01,0.1996212537347869,0.058294057549611734,-0.2606499558827328
Hansebreen,2015-12-01,-0.11130317155817931,-0.0500902356220011,-0.42879760574611403
Hansebreen,2016-01-01,-0.023042408335582337,0.1646843540194318,-0.03291681127580833
Hansebreen,2016-02-01,0.24600031212622664,0.4418765989567562,-0.374732488575848
Hansebreen,2016-03-01,0.1087453219943761,0.011666825982754293,0.284076271563485
Hansebreen,2016-04-01,0.11463674388686612,0.08271414395996668,0.4467576191127433
Hansebreen,2016-05-01,-0.085836958906798,0.506871930019764,0.08631064191344372
Hansebreen,2016-06-01,-0.20458387257622057,0.12775634435108452,0.2084223523849127
Hansebreen,2016-07-01,-0.09758768735146561,0.1645785298882424,0.26379796842026787
Hansebreen,2016-08-01,-0.17329811491287264,0.3635425085415716,-0.06328889075674678
Hansebreen,2016-09-01,-0.1444032924362371,0.1220588340302566,-0.12084067821480855
Hansebreen,2016-10-01,0.1185700142617951,-0.09565260153551032,-0.054480176085537325
Hansebreen,2016-11-01,0.0367819688424173,0.43655686656870235,-0.06461764391355851
Hansebreen,2016-12-01,-0.34368000773207097,-0.1512134839545736,-0.0523207467882142
Hansebreen,2017-01-01,0.1503847772516495,0.3513970442399619,0.09510599537332355
Hansebreen,2017-02-01,0.0382453222252944,0.2284418127709155,-0.03135908430925744
Hansebreen,2017-03-01,-0.6921363291405608,0.4940132977734481,-0.011117537260042049
Hansebreen,2017-04-01,-0.1701781004907328,0.049024155100822774,-0.12972737322589534
Hansebreen,2017-05-01,0.16691734647747447,0.19645906409039474,0.18186446947368143
Hansebreen,2017-06-01,-0.12092214337728381,0.21338654905547771,0.2408347477743682
Hansebreen,2017-07-01,-0.1990917117301879,-0.08364283006282998,0.12690763669201463
Hansebreen,2017-08-01,0.08102713428606864,-0.029279146440405485,0.24221119212546918
Hansebreen,2017-09-01,0.030074290416207097,-0.008103371493234285,0.09044207233502317
Hansebreen,2017-10-01,0.09407904308702729,-0.5681958738404815,0.5498817268736972
Hansebreen,2017-11-01,-0.32303736931515936,-0.1729557974822613,0.2477960121722076
Hansebreen,2017-12-01,-0.08078599734705676,0.24126938702622114,-0.018725466585780517
Hansebreen,2018-01-01,-0.35765579802525577,-0.3907111843731686,0.35377439182838066
Hansebreen,2018-02-01,-0.150876091694882,-0.10394184433310245,0.5825332476640387
Hansebreen,2018-03-01,0.20327454869817377,-0.19770832757048004,0.23730037165189977
Hansebreen,2018-04-01,0.24199025761435702,-0.029399957273654003,0.14127159398823366
Hansebreen,2018-05-01,-0.198844418442487,-0.25054489417124864,0.1826551681437397
Hansebreen,2018-06-01,0.40014261141595747,-0.2865181720480763,0.24836506658570678
Hansebreen,2018-07-01,0.13339325353920428,0.08593524596925402,0.04187037657086826
Hansebreen,2018-08-01,-0.20322986751576086,0.08612077629697841,-0.23250281114139937
Hansebreen,2018-09-01,-0.25665301102055166,-0.19847319902204394,-0.1792151386343105
Hansebreen,2018-10-01,-0.43253334794487214,-0.039358979406177115,0.20851977823118997
Hansebreen,2018-11-01,-0.23795374788588294,-0.1962602546779653,0.4451043164520842
Hansebreen,2018-12-01,0.16866140473521443,0.1506786089195333,0.18520156246315325
Hansebreen,2019-01-01,0.1560689321854601,-0.3775564964044434,-0.021045887216116374
Hansebreen,2019-02-01,0.47474751788366293,-0.14203436593706878,-0.0407350710264561
Hansebreen,2019-03-01,-0.24388799925847693,0.312086226547678,-0.12264302448896776
Hansebreen,2019-04-01,-0.1799442399705582,-0.029567682143111184,0.3473833754746091
Hansebreen,2019-05-01,-0.08584755921340426,-0.4232810047710766,0.1880585735386315
Hansebreen,2019-06-01,0.1096122085440482,0.003591998316684303,0.1463589773443502
Hansebreen,2019-07-01,-0.28563003383824476,0.055052028527988274,0.15267389464504996
Hansebreen,2019-08-01,-0.10341756511019991,0.05956068301229011,0.09705716020072973
Hansebreen,2019-09-01,0.16167841469627417,0.010071991635917729,-0.11316472992893949
Hansebreen,2019-10-01,-0.21815878610366327,0.25726819273276313,0.40434734438466746
Hansebreen,2019-11-01,0.2996915117296999,0.0571559445798959,-0.04876420005861126
Hansebreen,2019-12-01,-0.2173318087231623,-0.0321336064911057,-0.2174252583656978
Hansebreen,2020-01-01,-0.31160775479459685,0.27741023659932684,0.22563842661516587
Hansebreen,2020-02-01,-0.20773591135705746,0.4922401406489902,-0.007778551962475029
Hansebreen,2020-03-01,-0.3406510144537671,-0.1196145685824996,0.03519911306358443
Hansebreen,2020-04-01,-0.02100508423498479,0.025413365648437946,-0.43043934285499647
Hansebreen,2020-05-01,0.020668328231851826,-0.17537105003468043,-0.18790124404108202
Hansebreen,2020-06-01,-0.28425673236262183,0.23203027544694685,0.14006827079038356
Hansebreen,2020-07-01,0.16133896734173903,0.00943025415992473,-0.143695974146241
Hansebreen,2020-08-01,-0.20302980919606683,-0.007297119963696123,-0.051466260782074426
Hansebreen,2020-09-01,-0.12212844447852556,-0.10190310287432831,0.3732012368295854
Hansebreen,2020-10-01,-0.4300780285242838,0.3909107530372413,0.17212165099107765
Hansebreen,2020-11-01,-0.3699797920648253,-0.0016034528319468593,0.09541183812735725
Hansebreen,2020-12-01,0.024359972354642965,-0.0007019387524353216,-0.5009336031531094
Hansebreen,2021-01-01,-0.067893283759252,-0.00751419364346612,0.315939848285712
Hansebreen,2021-02-01,-0.4280613972993039,0.3203805410524458,0.31284239708617934
Hansebreen,2021-03-01,0.057272401431861665,0.10077875673995836,-0.12764844237496198
Hansebreen,2021-04-01,0.12934502079442253,-0.1804106018834937,0.2734215485330678
Hansebreen,2021-05-01,0.07682839975871349,0.05423415374418794,-0.07463000224669285
Hansebreen,2021-06-01,-0.026183608004867524,0.2831173423303443,-0.20323452542336265
Hansebreen,2021-07-01,-0.029513218036124098,-0.02440655822971476,0.22222757666531334
Hansebreen,2021-08-01,0.08615204973033878,-0.14017374223604853,0.18044885142858857
Hansebreen,2021-09-01,0.10527541108102513,-0.319452554253474,0.17848029996124226
Hansebreen,2021-10-01,0.3200595291682345,0.2153683406178346,-0.5262428696779212
Hansebreen,2021-11-01,0.29951965715260886,-0.14380911252733,-0.16251507211150074
Hansebreen,2021-12-01,0.7263552236295969,-0.39355894555772425,-0.2897550614293985
Hansebreen,2022-01-01,0.07071015123669679,0.12148331154919596,-0.16663881290180868
Hansebreen,2022-02-01,-0.07661546169782546,-0.37854217881699226,-0.02298012786016282
Hansebreen,2022-03-01,-0.1840911651836987,-0.2801903727805244,-0.38898390428059537
Hansebreen,2022-04-01,-0.3431990330631612,-0.07853420319364184,0.24539023844764027
Hansebreen,2022-05-01,0.08064880256505776,-0.23090195316388532,-0.0722346848352017
Hansebreen,2022-06-01,0.20886417406963254,-0.10040831130891555,-0.18013273454107734
Hansebreen,2022-07-01,0.05416690214495599,-0.08742057728529486,0.06830808473393608
Hansebreen,2022-08-01,0.029555280437383775,-0.14991990281448847,0.06514063035185434
Hansebreen,2022-09-01,0.12896352748531784,-0.06309361118222687,0.05743728826059354
Hansebreen,2022-10-01,0.5116960488118271,-0.08640810345940808,0.10566692970521303
Hansebreen,2022-11-01,0.1941779150435605,-0.6650834648392073,-0.04792533467369955
Hansebreen,2022-12-01,-0.09561542537820983,-0.3795318671941241,0.6013695506014712
Hansebreen,2023-01-01,0.22138611954610413,0.2058715020538392,0.5551834366428913
Hansebreen,2023-02-01,0.20844923234364035,0.3417138198047505,-0.2549908578655986
Hansebreen,2023-03-01,0.2704979892096941,-0.51048119106104,-0.07038772305382146
Hansebreen,2023-04-01,-0.36048578666565706,0.14150222784403374,0.24489177652572902
Hansebreen,2023-05-01,-0.21757968741303643,-0.06263842799702654,-0.02012127156605406
Hansebreen,2023-06-01,-0.2618413301878912,0.1151340765025,-0.30801656487339807
Hansebreen,2023-07-01,-0.3434933783272598,-0.08353016888318111,0.08706486504196638
Hansebreen,2023-08-01,0.023088267335132223,-0.009471758539863944,-0.06620095508656378
Hansebreen,2023-09-01,0.35961455989985636,-0.15481563581045185,0.25966787186890833
Hansebreen,2023-10-01,0.5265434760733926,0.3472155063080959,0.019876271696253344
Hansebreen,2023-11-01,-0.08700722761456829,-0.010349371588208018,0.11548837643274719
Hansebreen,2023-12-01,0.1525126579151607,-0.00417827913393444,0.053431379755158714
Hansebreen,2024-01-01,0.053559547355975796,0.44520752373198663,-0.5641917326142605
Hansebreen,2024-02-01,0.32435071495866546,-0.4619220499629446,0.08066666050347096
Hansebreen,2024-03-01,-0.03351297298701109,-0.1499107592816563,-0.03802815219657498
Hansebreen,2024-04-01,-0.5380950426345293,0.21341602244715718,-0.16588345833016666
Hansebreen,2024-05-01,0.26186588663240734,0.0779803902440777,-0.1855310837248735
Hansebreen,2024-06-01,0.022295196716368575,0.04808622054740449,-0.19448678463256017
Hansebreen,2024-07-01,-0.014264230547458552,0.02152810367722448,0.10743110425550541
Hansebreen,2024-08-01,0.14583095177679586,-0.0005564754121170542,-0.09575436106279826
Hansebreen,2024-09-01,0.3025924901404059,0.21027013396501967,0.011854157078684665
Hansebreen,2024-10-01,-0.11889258968239626,-0.012379581354418717,0.012668256921128232
Hansebreen,2024-11-01,-0.13689439299963427,-0.35070539550393853,-0.08700265322788049
Hansebreen,2024-12-01,-0.24441197215162314,-0.45534168747815684,-0.5528215838579357
Hansebreen,2025-01-01,-0.13440910823855354,-0.2415415948799997,-0.03024274261455288
Hansebreen,2025-02-01,-0.33716748732848506,-0.19243242192176532,0.696241317507117
Hansebreen,2025-03-01,-0.11571653596692903,0.4660085040569844,0.14644566552278127
Hansebreen,2025-04-01,0.11558906717536253,-0.08154234665224432,0.45039281659305025
Hansebreen,2025-05-01,0.1722127403888792,-0.09701878861695412,-0.2127630280834395
Hansebreen,2025-06-01,0.03898224962018856,0.05779555035191202,-0.00611241175670973
Hansebreen,2025-07-01,-0.47539365979720954,0.08133956337874997,-0.10310490132088745
Hansebreen,2025-08-01,0.06138608233643089,-0.2588209588455202,0.12652088964076563
Hansebreen,2025-09-01,-0.03507237988075378,-0.20230867797786176,-0.06910936980208159
Hansebreen,2025-10-01,0.27101313811192956,-0.11475139485103088,0.2798219590684094
Hansebreen,2025-11-01,-0.0254234299530505,0.1581763529194903,-0.1499976872360865
Hansebreen,2025-12-01,-0.10954941938781071,0.2741090400893206,0.4207000209972757
Hansebreen,2026-01-01,-0.7117696418813325,0.09091269765629774,0.2833411125161292
Hansebreen,2026-02-01,-0.5290447080200467,-0.013157869151478504,-0.3795695948212461
Hansebreen,2026-03-01,-0.33972661697172385,-0.13811382899956806,-0.3390501352653621
Hansebreen,2026-04-01,-0.3389886845244576,-0.04745777488567695,-0.09018882449684996
Hansebreen,2026-05-01,-0.15150761930565923,-0.11003029546405019,-0.2412221433773685
Hansebreen,2026-06-01,0.06217875690787981,-0.1818715867651727,-0.24423829926214288
Hansebreen,2026-07-01,0.17074826841144194,-0.18944318970003285,0.052598835229673374
Hansebreen,2026-08-01,-0.4322158151957149,0.047084656953651265,-0.057917329530213946
Hansebreen,2026-09-01,-0.12929435480407084,-0.24687104437601218,0.1673233119720611
Hansebreen,2026-10-01,-0.3645566051901721,-0.18524909200404713,-0.06932674580794694
Hansebreen,2026-11-01,-0.05728972719887107,0.17736803371120194,-0.11985147526456834
Hansebreen,2026-12-01,0.2707497314429584,-0.15547480319707452,0.5198720428501554
Hansebreen,2027-01-01,0.3284819300038341,-0.5018476077971632,-0.16450040072228364
Hansebreen,2027-02-01,0.15600972575069874,0.05768296149307564,0.42882248189907707
Hansebreen,2027-03-01,0.014856194092002806,-0.17581515490594954,-0.2754013088468413
Hansebreen,2027-04-01,0.05793127022469069,-0.07820073721697789,0.0011664142232343429
Hansebreen,2027-05-01,0.15225916176734158,0.21889615962794837,0.13308411532309958
Hansebreen,2027-06-01,-0.07686516330665479,-0.2194977655153643,-0.18195562735253304
Hansebreen,2027-07-01,-0.15703382399115406,-0.0010932472071057686,0.15656429590985887
Hansebreen,2027-08-01,-0.21096754049498734,-0.10768410121083928,-0.02135306225238118
Hansebreen,2027-09-01,-0.04509404095112499,0.14162030675112164,0.13306385131828383
Hansebreen,2027-10-01,-0.5234910680111999,-0.49746172939465483,-0.09696845124490096
Hansebreen,2027-11-01,-0.0900038138330397,-0.325348040863825,0.3338670721498347
Hansebreen,2027-12-01,-0.22268592712711535,0.04358979870244198,0.29060697418713394
Hansebreen,2028-01-01,0.11098780089794842,0.1341201954372001,0.5964962820188172
Hansebreen,2028-02-01,-0.2754275210656483,0.2376098468414403,0.31453302151579354
Hansebreen,2028-03-01,-0.13228316153100117,-0.35856855871527454,0.11355044564658674
Hansebreen,2028-04-01,-0.04934777367257299,-0.03262218035102499,-0.2134687900384642
Hansebreen,2028-05-01,-0.029088645842659088,-0.18374428766793663,0.13891834261254
Hansebreen,2028-06-01,-0.09791062574827507,-0.25298626055094114,0.1741375641233748
Hansebreen,2028-07-01,0.06821548213839422,-0.12884163454684516,-0.1622706630022147
Hansebreen,2028-08-01,-0.0350528382521666,-0.2683235643963137,0.12290209935110309
Hansebreen,2028-09-01,0.11829217262412273,0.1292714108527942,0.08946128688028025
Hansebreen,2028-10-01,-0.25017280729617797,-0.05408957827873575,-0.00859722718534763
Hansebreen,2028-11-01,-0.38046766755472466,-0.14439246060973016,0.03951288979978463
Hansebreen,2028-12-01,-0.13779217443342118,0.14007217334472088,0.6067472364457741
Hansebreen,2029-01-01,-0.1508699537952396,-0.06468834308108894,-0.033230410947982
Hansebreen,2029-02-01,-0.05533751791568211,0.09179723020073527,0.3452126029550013
Hansebreen,2029-03-01,0.22165311170602994,-0.002732890517901876,0.10362642679632054
Hansebreen,2029-04-01,-0.10406643746980986,-0.06768222503985319,0.06246864376011377
Hansebreen,2029-05-01,-0.080043519253687,-0.040127244172586896,0.1024148747291418
Hansebreen,2029-06-01,-0.058249708519105194,0.03611207877784207,0.0765454313688007
Hansebreen,2029-07-01,-0.13724167144200708,0.014522684021415202,-0.1653328420247638
Hansebreen,2029-08-01,-0.064092902865666,-0.047883440359372996,-0.16360745016301467
Hansebreen,2029-09-01,0.13239582505088274,-0.03177135998559046,0.338719485188657
Hansebreen,2029-10-01,-0.2393021037968279,-0.03007052614812265,0.1451045656906097
Hansebreen,2029-11-01,-0.47517961776331297,0.12005685531088338,0.19560083795243544
Hansebreen,2029-12-01,-0.25908611442181656,0.21529294147107167,0.2070699008341507
Hansebreen,2030-01-01,0.17159962346251698,0.04258582930110252,-0.33707208961314894
Hansebreen,2030-02-01,-0.29253603081430984,-0.17882004235600882,0.30948306573551665
Hansebreen,2030-03-01,-0.1836905042103689,-0.045604606858341744,0.13667510769597463
Hansebreen,2030-04-01,-0.17650557566054514,-0.3605628108182759,0.23050498336424843
Hansebreen,2030-05-01,-0.22660360390049492,0.23523305588539087,0.006292913159306579
Hansebreen,2030-06-01,0.17812104416515437,-0.4199264556505536,-0.009099128414804534
Hansebreen,2030-07-01,-0.31033355140821434,-0.022404631439179524,-0.15956935081105025
Hansebreen,2030-08-01,-0.20695632759985103,-0.05537262694246211,-0.1875406820661806
Hansebreen,2030-09-01,-0.08280471855506195,0.14521172183763867,-0.004661564346373696
Hansebreen,2030-10-01,-0.36212770707144565,-0.007533174803816278,0.012334804014782935
Hansebreen,2030-11-01,-0.40546646266487185,0.13099958943019827,0.4066862208184057
Hansebreen,2030-12-01,0.28028199180203117,0.29563113397616564,-0.40694437234198394
Hansebreen,2031-01-01,-0.14329542376137025,0.14381594490287564,0.33386896373108055
Hansebreen,2031-02-01,-0.30074666540987055,0.1868178734445872,0.08652163843384796
Hansebreen,2031-03-01,0.22684418956136684,0.08552336059792899,-0.3714483111080295
Hansebreen,2031-04-01,0.05639997477604053,-0.36026779878974885,0.15417393062832438
Hansebreen,2031-05-01,-0.05137633800018429,0.08548035577136492,0.22308203583068745
Hansebreen,2031-06-01,0.15046565170288426,-0.160430056021562,-0.05145716555568843
Hansebreen,2031-07-01,0.17169136276726518,0.11184698962335009,-0.15059340762052706
Hansebreen,2031-08-01,-0.0814551884371338,-0.22157286038266275,0.057563750619217764
Hansebreen,2031-09-01,0.23027906976394177,-0.1314293729269301,-0.04799723922479685
Hansebreen,2031-10-01,-0.12973658089803347,-0.10498125573096649,0.17493260402544686
Hansebreen,2031-11-01,-0.14258725111376025,-0.059589262824384724,-0.15345672926710477
Hansebreen,2031-12-01,-0.013797963532021377,-0.35860428201776734,-0.04393459064526392
Hansebreen,2032-01-01,-0.12221961994970137,-0.12508982964675472,0.006127037712948463
Hansebreen,2032-02-01,0.227083635775721,0.2540929822881557,0.4755848198976869
Hansebreen,2032-03-01,0.30787463159579875,0.10915164784045595,0.21938653213095935
Hansebreen,2032-04-01,0.3551030006148482,-0.1349601671735813,-0.35082253902571764
Hansebreen,2032-05-01,0.25840675036517635,0.011938748165390244,0.2031025379206166
Hansebreen,2032-06-01,0.3284680762705518,-0.053166795328945755,0.1201091832423965
Hansebreen,2032-07-01,-0.10126547311906965,-0.11770993052715074,0.01559436556716487
Hansebreen,2032-08-01,-0.14669395097367507,0.05156672832011174,-0.04073151679819326
Hansebreen,2032-09-01,0.2043684175147992,-0.21842809850749856,0.20538873515953926
Hansebreen,2032-10-01,-0.19182397013172525,0.030691761689384877,0.1243975345229461
Hansebreen,2032-11-01,-0.3616785825858487,0.09160719702570848,-0.08018655978344265
Hansebreen,2032-12-01,0.010626045282814531,0.335458158444265,0.1977825844837168
Hansebreen,2033-01-01,-0.11172476236943474,0.10784381785191292,-0.12380131396983718
Hansebreen,2033-02-01,0.14017450010564828,-0.38776663042999626,-0.19878491704322632
Hansebreen,2033-03-01,-0.38172274483829344,0.6275020093889725,-0.45754395103278767
Hansebreen,2033-04-01,-0.08422797419088085,-0.14902096809403928,-0.15329845855563998
Hansebreen,2033-05-01,-0.206156322324443,-0.011185765081697737,-0.21518814497676975
Hansebreen,2033-06-01,0.14355946750087265,-0.3244733110932289,-0.09744110744312333
Hansebreen,2033-07-01,-0.04745074414224173,0.0767445912151042,-0.012722612634067284
Hansebreen,2033-08-01,-0.23803450274407498,-0.030703041187877117,-0.24659475235143843
Hansebreen,2033-09-01,-0.11877989031954696,-0.4069436891023515,-0.2269145917120088
Hansebreen,2033-10-01,0.39902772709322704,-0.28886998453659557,-0.42142717825831705
Hansebreen,2033-11-01,-0.05647650521235342,-0.2397375787893992,-0.4758175373160551
Hansebreen,2033-12-01,0.46675262873724055,0.13014248801127373,-0.3261573141485317
Hansebreen,2034-01-01,0.43226596702266434,0.031999669146609906,-0.22725178913725463
Hansebreen,2034-02-01,-0.045488589019095534,0.11150451315532839,-0.024575292190295625
Hansebreen,2034-03-01,-0.12968630229403288,-0.14380667074141423,-0.49013809417756043
Hansebreen,2034-04-01,0.04995132395589072,0.2270879645005203,-0.2801070610336853
Hansebreen,2034-05-01,-0.27416009406638436,-0.1138587560865597,0.03434999721970628
Hansebreen,2034-06-01,0.15640095284326513,0.1098433385283694,0.24757892569999254
Hansebreen,2034-07-01,-0.20071906300857903,0.03351477937739289,0.13180897389633042
Hansebreen,2034-08-01,-0.21123807884054221,-0.3159440357765819,-0.09096024225997225
Hansebreen,2034-09-01,-0.16358737082888106,-0.0584238087348971,-0.006211041286738939
Hansebreen,2034-10-01,-0.10089540017404529,0.28274543570581173,0.23683039334319544
Hansebreen,2034-11-01,-0.05555346332327402,0.13231342163861742,-0.048365514842407274
Hansebreen,2034-12-01,-0.24436541452062255,-0.30086514131749725,0.4667700712331288
Hansebreen,2035-01-01,0.04316058624423155,-0.4461524251286389,-0.013065618148894334
Hansebreen,2035-02-01,-0.24668433046503,-0.260732369914296,0.007962863207665793
Hansebreen,2035-03-01,-0.1494722706675702,0.09929531997967167,0.3510040732186865
Hansebreen,2035-04-01,0.0834334572055681,-0.25585002417100905,-0.18797109702765472
Hansebreen,2035-05-01,-0.4006024252340427,-0.24968925621934115,-0.1653156775146005
Hansebreen,2035-06-01,-0.08696467846228728,0.17958954859996626,-0.0009356137063222433
Hansebreen,2035-07-01,0.06929111397808049,0.01845031461232528,-0.09666391070758347
Hansebreen,2035-08-01,0.10722061867419193,0.029158840543068557,0.0816213320083447
Hansebreen,2035-09-01,-0.2892664788575067,-0.19972632021951117,0.27795719295463245
Hansebreen,2035-10-01,-0.1173917468604132,-0.03241992006830275,-0.2737087093894239
Hansebreen,2035-11-01,0.05697971778951718,0.06986758532850637,0.05560259970938802
Hansebreen,2035-12-01,0.26248539704251056,-0.568434188152168,-0.2647840576700636
Hansebreen,2036-01-01,-0.3661309490455424,-0.1145380112056021,0.14361686387860575
Hansebreen,2036-02-01,-0.36423998537633606,-0.17478581454802034,-0.3634482710673617
Hansebreen,2036-03-01,0.21646690739083074,0.16440355133987447,0.2986690804723482
Hansebreen,2036-04-01,0.14752781392710304,0.21007137926868605,-0.27832903536042514
Hansebreen,2036-05-01,-0.2187722265519181,-0.09709128563294185,-0.15731323351505458
Hansebreen,2036-06-01,-0.20427061153317996,-0.027767691880344902,-0.33690625999042534
Hansebreen,2036-07-01,-0.010187665967837427,0.07957557463144728,0.014596342238367263
Hansebreen,2036-08-01,0.035689841127571655,-0.15285063914406882,0.01874189686939174
Hansebreen,2036-09-01,0.33262147029251804,-0.051923849945164545,-0.1471334775596822
Hansebreen,2036-10-01,0.37490209188344886,0.46265306394008965,-0.22587987489197792
Hansebreen,2036-11-01,0.034796602474320246,-0.1668960425774192,-0.26534231307758666
Hansebreen,2036-12-01,-0.2583701772433416,-0.26002289668748296,0.13829029233907167
Hansebreen,2037-01-01,-0.152723914972015,0.05779226011961843,0.3485840823743978
Hansebreen,2037-02-01,0.3292136949001111,0.18368908079542057,-0.05290838214730098
Hansebreen,2037-03-01,0.2624531038552261,-0.3483922525622097,-0.05738876561304248
Hansebreen,2037-04-01,-0.22349076065247342,0.19356135789862425,-0.24396988390499388
Hansebreen,2037-05-01,-0.07415583666244223,-0.18994491715009987,0.03379401730346549
Hansebreen,2037-06-01,0.2237607802728291,0.051634236948286484,-0.17430091486024182
Hansebreen,2037-07-01,0.1620531136396807,0.05173310844538429,-0.030307555189326072
Hansebreen,2037-08-01,-0.21670181763635585,-0.11609251062599857,0.11037126902065945
Hansebreen,2037-09-01,-0.13474003102172508,0.024695499813653893,-0.034196517629813517
Hansebreen,2037-10-01,0.2759750948149943,0.5783314386406285,-0.12222954615383856
Hansebreen,2037-11-01,-0.32458177681298994,-0.04922466772912412,-0.22248967777183115
Hansebreen,2037-12-01,0.07651477210933744,0.2598092297050874,-0.16026310158582546
Hansebreen,2038-01-01,-0.3158298673261128,0.15252314874439618,-0.2006575895329384
Hansebreen,2038-02-01,0.05885978649002827,-0.25607063788353496,-0.2795753597018973
Hansebreen,2038-03-01,0.1582854947324622,0.008350924859892533,-0.15373762992420684
Hansebreen,2038-04-01,-0.02860113557727185,-0.4488216927655461,-0.1712229907873554
Hansebreen,2038-05-01,-0.047265529327288835,0.06669121775174956,-0.386371146822481
Hansebreen,2038-06-01,0.052334904766225154,-0.07800323004770784,-0.17243544581373582
Hansebreen,2038-07-01,0.12229838730335973,0.045729852582650464,-0.11166516299468798
Hansebreen,2038-08-01,0.10580096208599303,-0.07282820993906695,-0.10569111961556087
Hansebreen,2038-09-01,0.01757856825280507,0.057604554768592296,-0.07447597315904857
Hansebreen,2038-10-01,0.057156325012486485,-0.21747806863927302,0.060583651746116914
Hansebreen,2038-11-01,0.2585395670853429,-0.4839744505905288,0.4600994131329543
Hansebreen,2038-12-01,-0.32639954389778664,0.0869982468183228,-0.040808897210009104
Hansebreen,2039-01-01,0.16509352114128364,0.2592412994893974,0.005489954205095858
Hansebreen,2039-02-01,-0.4148411039884125,-0.5249764100196254,0.45126857776631035
Hansebreen,2039-03-01,-0.06620614813848298,-0.6633272030139326,-0.21250668045487944
Hansebreen,2039-04-01,-0.15293246998972557,-0.28338151430025843,-0.03894907847659437
Hansebreen,2039-05-01,0.0669096036377622,-0.1373721953472962,0.2060112771004572
Hansebreen,2039-06-01,0.05052737877424449,0.030713524045399936,-0.024813746833230444
Hansebreen,2039-07-01,0.07032523618743063,0.03530664350830456,-0.03334313924210927
Hansebreen,2039-08-01,-0.09890821279985852,0.10739585558569657,-0.24286886582950473
Hansebreen,2039-09-01,0.03744617770453167,-0.12340334439563311,0.09690658728701117
Hansebreen,2039-10-01,-0.2589445734166236,-0.012842547533711854,0.21591786116485537
Hansebreen,2039-11-01,0.00022491750363070237,-0.2523534700775349,0.25572511604046294
Hansebreen,2039-12-01,-0.36096775641959483,0.33370575156704874,-0.07035981227893655
Hansebreen,2040-01-01,-0.5431448111742063,0.17219606610639024,0.6416238898168948
Hansebreen,2040-02-01,-0.28731428151666255,-0.27471821166968763,0.11412278309023964
Hansebreen,2040-03-01,-0.15966294866527864,0.28487419911633977,0.3687585429668223
Hansebreen,2040-04-01,0.03593453406468464,-0.14924601547494373,-0.16331867495756153
Hansebreen,2040-05-01,0.11931417994772497,-0.17527077830677432,-0.026086927891874792
Hansebreen,2040-06-01,-0.05038371403758208,0.03779906536397048,-0.24220566421039905
Hansebreen,2040-07-01,0.05145338586275197,-0.18486731720959992,0.005773463540605514
Hansebreen,2040-08-01,-0.044829345100508684,0.0023059873492387354,0.18915012711392262
Hansebreen,2040-09-01,0.08548275546918949,0.04738338843844366,0.2950168065701666
Hansebreen,2040-10-01,-0.033789899148709494,0.13038862897297002,0.11268555570651151
Hansebreen,2040-11-01,0.1434029805810472,0.087726757386344,0.32938075061183597
Hansebreen,2040-12-01,0.31927514002473883,-0.2089167875556329,0.07937534135377787
Hansebreen,2041-01-01,-0.664260240635017,0.1361801885218861,0.31237380782677615
Hansebreen,2041-02-01,-0.6388297746887316,0.13604595442683606,-0.21398180256851387
Hansebreen,2041-03-01,-0.14611101006157756,-0.4784398090688346,0.22321669330379004
Hansebreen,2041-04-01,0.08655735005707975,0.36267907637890645,-0.13323992675896235
Hansebreen,2041-05-01,-0.0483054831385833,-0.3715870986383852,0.02890418225346815
Hansebreen,2041-06-01,-0.23010288444664131,-0.34703617965968,0.02178314972132217
Hansebreen,2041-07-01,-0.10500075297829525,-0.2724183287138281,0.020541572115765253
Hansebreen,2041-08-01,-0.18915930057264016,-0.06585934929678523,-0.07414086827105591
Hansebreen,2041-09-01,-0.5783756646797403,-0.08764133650647911,0.030102853860135614
Hansebreen,2041-10-01,-0.007092204221767098,-0.16812368467782277,0.11063745477752947
Hansebreen,2041-11-01,-0.37903777515839526,0.38926777842345156,-0.2736580761028652
Hansebreen,2041-12-01,-0.43744724576742433,-0.21201443484098503,0.3324451049436315
Hansebreen,2042-01-01,-0.06586988414287064,0.23915729397371543,0.5641253184926095
Hansebreen,2042-02-01,-0.1819643629972628,0.01934299137182145,-0.6738147427406606
Hansebreen,2042-03-01,-0.12278568425749352,0.27022615890315016,0.07717726583674546
Hansebreen,2042-04-01,-0.08308439141295111,0.14964575810388855,-0.38900838547445327
Hansebreen,2042-05-01,-0.13659623702258408,0.1753768259849067,-0.15520766891141796
Hansebreen,2042-06-01,-0.14103300352084389,-0.14666023547794696,-0.16682457979395662
Hansebreen,2042-07-01,0.18264027812448544,-0.16688025440455134,-0.06047257130711097
Hansebreen,2042-08-01,-0.19990868687243304,-0.1181662188689274,-0.10757180929317071
Hansebreen,2042-09-01,-0.2890612454264256,0.13870479612133388,0.05353391766809958
Hansebreen,2042-10-01,0.2015122505154596,0.012642870885575827,0.17873103953237554
Hansebreen,2042-11-01,-0.3803114394010736,-0.20793802695388267,0.10693051197987695
Hansebreen,2042-12-01,0.2018926603717892,-0.069035149484448,-0.148226472395327
Hansebreen,2043-01-01,0.40151095460175545,0.3180698254139001,0.0683217196222173
Hansebreen,2043-02-01,0.4386256199351332,-0.3926732783220932,0.0767695990794209
Hansebreen,2043-03-01,0.046067396164076735,0.11236887444376116,0.16032715663722646
Hansebreen,2043-04-01,0.07371660204473106,-0.09905430069678312,-0.3415661886177526
Hansebreen,2043-05-01,-0.47251715640605285,0.11755834269264,0.12106782166655845
Hansebreen,2043-06-01,-0.1721272264088607,-0.26831096800062193,0.0757979419992269
Hansebreen,2043-07-01,0.07700274685415037,-0.2574183952896348,0.21480666478717547
Hansebreen,2043-08-01,-0.31400364546576504,-0.37744773890350186,0.2675150337865125
Hansebreen,2043-09-01,0.00038966661050959805,-0.15426242334148532,-0.23533750133042042
Hansebreen,2043-10-01,-0.0035240835337098423,0.2704444015570289,0.19344590609138582
Hansebreen,2043-11-01,0.07436827070630679,0.14081232638070265,-0.08241277331662751
Hansebreen,2043-12-01,0.09462451699088609,-0.17448500636712383,-0.03911873550080631
Hansebreen,2044-01-01,0.09468311647944903,-0.43795840265785974,0.00288222928040636
Hansebreen,2044-02-01,0.39756675622728754,-0.013107805643241108,0.19666444773154354
Hansebreen,2044-03-01,-0.4781281966942044,0.08685823703658173,-0.4467305224037603
Hansebreen,2044-04-01,0.07154418468046791,0.18664240463737822,-0.027026582123225354
Hansebreen,2044-05-01,-0.03150268724745066,-0.07606628902357199,-0.011307728876611231
Hansebreen,2044-06-01,-0.0769421950482001,-0.08147657137903198,-0.1517416062548893
Hansebreen,2044-07-01,-0.04502397536319185,-0.11605686777335429,0.1878358359938852
Hansebreen,2044-08-01,-0.14054986279495085,-0.17944921133865344,0.08961501585517406
Hansebreen,2044-09-01,-0.3803412972615619,-0.116878188322377,0.06921901897927261
Hansebreen,2044-10-01,-0.2724747846993516,-0.1049464909589733,0.04925074319259993
Hansebreen,2044-11-01,-0.15589902801215538,0.14216454110851473,-0.24767926049566377
Hansebreen,2044-12-01,0.47830949282204527,-0.15342682725902004,-0.2270150002636565
Hansebreen,2045-01-01,0.04209278965607907,0.014583715325606468,-0.34476856981009885
Hansebreen,2045-02-01,0.18404979942453378,-0.3487928963682778,0.06877409449753673
Hansebreen,2045-03-01,-0.14890229726239754,-0.07386668049325164,-0.22592054575148043
Hansebreen,2045-04-01,-0.07487396019407912,-0.05038346706314246,-0.20391158605491053
Hansebreen,2045-05-01,0.15330806184026938,-0.2988890036236584,-0.0347676832097169
Hansebreen,2045-06-01,-0.06325445955997705,-0.2191509982214567,0.06282827242680568
Hansebreen,2045-07-01,-0.08230813652885866,0.27525737121810745,-0.08548106846283417
Hansebreen,2045-08-01,-0.222032654596047,0.08197083581826649,-0.11007704089064241
Hansebreen,2045-09-01,0.2628555455688766,-0.025552623642011704,0.29493007037424834
Hansebreen,2045-10-01,0.19958125125568174,0.18203811852239218,-0.23518434950393016
Hansebreen,2045-11-01,0.05944003350916552,-0.5085115976813591,-0.0024786005032225653
Hansebreen,2045-12-01,-0.10813831344672296,-0.059292936593737834,-0.19637116387028364
Hansebreen,2046-01-01,-0.046455223399931335,-0.2814156251609522,0.0859464488552275
Hansebreen,2046-02-01,-0.4646628806953234,-0.3359060408748011,0.36562589861082345
Hansebreen,2046-03-01,-0.40112838152898894,-0.09214532824885892,-0.15238539731719322
Hansebreen,2046-04-01,-0.2580825898627009,0.12136499372572478,0.17925493847025153
Hansebreen,2046-05-01,0.06481385174242053,0.38257441296399364,-0.25536067613266616
Hansebreen,2046-06-01,0.004755062465319826,0.0766235005234792,-0.012881977507050371
Hansebreen,2046-07-01,-0.08187433982914379,0.09719735030220351,-0.2643762829831951
Hansebreen,2046-08-01,0.08882968100411914,-0.03771931174423293,0.11026947887982129
Hansebreen,2046-09-01,-0.043397399288312745,0.07653227387731205,-0.06682251782412581
Hansebreen,2046-10-01,0.24981676031923036,-0.07653898013207197,0.043211892417156096
Hansebreen,2046-11-01,-0.41023552209575004,0.17366557730138768,-0.4644388467527072
Hansebreen,2046-12-01,0.04428331860210052,0.0047061867492971905,-0.2873821861050257
Hansebreen,2047-01-01,-0.11087056077320877,-0.09484240933393695,0.5097326098787084
Hansebreen,2047-02-01,-0.29130761723415205,0.39572636858346355,0.1772696608783881
Hansebreen,2047-03-01,0.10927550005477964,0.16048591211141836,0.14927952916884205
Hansebreen,2047-04-01,-0.23143924485255862,-0.2873196445562554,0.33493581997282335
Hansebreen,2047-05-01,0.05072158823141509,-0.20088310897325043,-0.08147502853159933
Hansebreen,2047-06-01,-0.09470792649886343,-0.06083077068282622,-0.1627158407881637
Hansebreen,2047-07-01,0.10497748809403236,-0.10845839302711524,-0.009667708970717495
Hansebreen,2047-08-01,0.09607537006229984,-0.367026472165174,-0.07891409862093754
Hansebreen,2047-09-01,-0.18605296323137266,-0.19811069103314946,0.34082472366347566
Hansebreen,2047-10-01,-0.2924289074192455,0.13896421290991726,0.045736852986032354
Hansebreen,2047-11-01,-0.4240252221938266,0.20075032827600323,-0.06799353481707417
Hansebreen,2047-12-01,-0.02319467997514868,0.15579237927921163,-0.5688582257476603
Hansebreen,2048-01-01,-0.3328333658129896,-0.05818591213400292,0.2896614066635828
Hansebreen,2048-02-01,-0.3894267911877816,0.5857242784329135,0.6781494597946499
Hansebreen,2048-03-01,-0.10158858201565311,0.3124387395131163,0.0001838532172373323
Hansebreen,2048-04-01,-0.49218084660110134,0.19911369589054062,0.07707213418846252
Hansebreen,2048-05-01,-0.2572633545153355,-0.19066934861987236,-0.059656305343299715
Hansebreen,2048-06-01,-0.10638422655277113,-0.1916949380713828,-0.14202238450627502
Hansebreen,2048-07-01,-0.13805219154953843,-0.14617996097902103,-0.019522352477390075
Hansebreen,2048-08-01,0.09399316470347241,-0.23882694013308184,-0.18679370391418507
Hansebreen,2048-09-01,-0.27611600350774546,0.029579308414414668,-0.25670401716062435
Hansebreen,2048-10-01,0.5256472967751256,-0.3593053462759566,0.2944645593828629
Hansebreen,2048-11-01,-0.09167090711182886,0.058049695530527266,-0.19173507775079823
Hansebreen,2048-12-01,0.2831395357411799,0.15020955451767595,-0.08698831088353853
Hansebreen,2049-01-01,-0.04144199944849012,0.01603030299146588,0.06889981722248269
Hansebreen,2049-02-01,0.39079633056419794,-0.15030538594487844,-0.04159226643307727
Hansebreen,2049-03-01,0.20659107714876437,0.17125124367092273,0.3073519808174154
Hansebreen,2049-04-01,0.03245099079418055,0.12063415153535072,0.3468703090905589
Hansebreen,2049-05-01,-0.14794861735340717,-0.03622177337427834,-0.09690908896477761
Hansebreen,2049-06-01,0.06904151476962223,0.19563817335374675,-0.35419082766705623
Hansebreen,2049-07-01,-0.4914733709999304,-0.13018143294450524,0.15312864697651332
Hansebreen,2049-08-01,-0.19258427719992124,-0.010151206976221397,0.10219904417039206
Hansebreen,2049-09-01,-0.009851306512327435,-0.31388556048600397,-0.3212379977407921
Hansebreen,2049-10-01,0.001431744706573974,-0.1278387419314295,-0.2587667790811095
Hansebreen,2049-11-01,0.2151785568701552,0.20772967914011312,-0.2262904262928902
Hansebreen,2049-12-01,-0.37076055435035454,0.05760020942494357,-0.10753021314030735
Hansebreen,2050-01-01,0.05017952654218715,0.21628692488759035,0.28473884594871746
Hansebreen,2050-02-01,-0.6153108646356347,0.32866721712288344,-0.1115327862337911
Hansebreen,2050-03-01,-0.24235169854105035,-0.30236492456319913,0.046593630329633345
Hansebreen,2050-04-01,0.032134310880037466,-0.2013702563440126,0.09521242676461099
Hansebreen,2050-05-01,0.16719026100331502,-0.13002030087928873,0.3553920670349268
Hansebreen,2050-06-01,0.06965692410598665,0.20282601420046806,-0.1704150350331333
Hansebreen,2050-07-01,0.03897970765079733,0.08142910476026995,0.03981280755456675
Hansebreen,2050-08-01,0.15175943634831546,-0.1283427596971389,0.13967249154646694
Hansebreen,2050-09-01,-0.10446113684635738,-0.08211677648482203,-0.2154901754922869
Hansebreen,2050-10-01,0.3671824876371594,-0.39221139881207306,-0.10562793741436631
Hansebreen,2050-11-01,-0.07144698334362161,-0.06282096575691791,0.032188911157921565
Hansebreen,2050-12-01,-0.009515022519185687,0.07608997338858273,0.37492153070894013
Hansebreen,2051-01-01,0.2516780998236303,-0.3765789510571906,-0.35946934984538065
Hansebreen,2051-02-01,-0.2374334731775868,-0.45230940122261915,-0.5023891904836869
Hansebreen,2051-03-01,0.027604937928120448,-0.08223365011444678,0.18353082096020681
Hansebreen,2051-04-01,-0.4839391954448013,-0.10874221210017106,0.06594730227113782
Hansebreen,2051-05-01,0.15875832058686593,0.062063731959273505,-0.536287568044829
Hansebreen,2051-06-01,0.1444330306728876,-0.35795602089298084,0.19177316702356628
Hansebreen,2051-07-01,-0.07922696956239832,-0.01657236725902197,0.031215909720899812
Hansebreen,2051-08-01,-0.20778171378438146,0.09345775206945091,-0.11601264039390513
Hansebreen,2051-09-01,0.11562332608691601,-0.3093784273652363,0.2514026100135113
Hansebreen,2051-10-01,0.35119569710389203,0.18840358830225898,-0.24921957235368816
Hansebreen,2051-11-01,-0.11874115419991421,-0.515832649742149,-0.2579291855027475
Hansebreen,2051-12-01,-0.22471385569941474,-0.22323754830065456,0.5531631212952993
Hansebreen,2052-01-01,-0.053158592039127324,0.19399443453106216,0.4127452376215858
Hansebreen,2052-02-01,0.20588302798915092,0.01718743004784985,-0.1504095440108739
Hansebreen,2052-03-01,0.14198381081608238,-0.1643085838722714,0.10730798535781509
Hansebreen,2052-04-01,0.2643112922197618,0.1327453829327019,0.178626718566802
Hansebreen,2052-05-01,-0.26480778690001233,-0.29150672239975073,-0.03632770546729706
Hansebreen,2052-06-01,-0.193117009864619,-0.17546020666137196,-0.02848395842870209
Hansebreen,2052-07-01,-0.15915697904904294,-0.27506566010693806,-0.13992998927213493
Hansebreen,2052-08-01,0.12166611737964228,-0.12312961829705187,-0.12820647627394252
Hansebreen,2052-09-01,-0.0769740597090706,-0.22815075894669254,-0.30660437209536445
Hansebreen,2052-10-01,-0.40826264566737835,-0.14010628950307388,0.08837981689695834
Hansebreen,2052-11-01,-0.5001298652227408,-0.307037196479831,0.18550154621675796
Hansebreen,2052-12-01,-0.12242402619875857,-0.3922821620676464,0.09678247776457481
Hansebreen,2053-01-01,0.21472325279627802,-0.3095354486815713,0.10111741895366089
Hansebreen,2053-02-01,-0.1401941897295583,-0.3452981039425242,0.14248522312645998
Hansebreen,2053-03-01,-0.3616629847181696,-0.39327662371952243,0.22403848267594104
Hansebreen,2053-04-01,-0.2184262372373829,-0.08292746822196435,-0.25154346989020754
Hansebreen,2053-05-01,0.11074861630886658,-0.13192993343914933,-0.30270502831643425
Hansebreen,2053-06-01,-0.060540109957000654,-0.21309575587284857,-0.2371698269211381
Hansebreen,2053-07-01,-0.3806478040453369,0.10751728983984128,-0.0899256338820678
Hansebreen,2053-08-01,-0.017595104323252547,0.030267820734840672,-0.2762757892529787
Hansebreen,2053-09-01,-0.30098138724423545,-0.39413546329279975,-0.17564194310090286
Hansebreen,2053-10-01,-0.416219950704327,-0.30447710961618485,-0.21966781317118034
Hansebreen,2053-11-01,0.049313357932285896,0.2767365454745351,-0.10461383322568091
Hansebreen,2053-12-01,-0.12845374943638452,0.5812700167288302,0.28311355101162816
Hansebreen,2054-01-01,-0.0367004305587468,-0.155834122618959,-0.02662337374638175
Hansebreen,2054-02-01,0.0922549071088307,-0.3161259746303225,-0.024032599006822614
Hansebreen,2054-03-01,-0.5512853568242323,-0.731714227223916,0.10890341243029335
Hansebreen,2054-04-01,0.02039720287488712,0.04404528223015088,0.04153821601165232
Hansebreen,2054-05-01,-0.2396701248486417,0.23241151857526168,0.14930329510574256
Hansebreen,2054-06-01,0.12010727361362512,-0.2559347249432373,0.22596715518121938
Hansebreen,2054-07-01,-0.03384887746141795,-0.13581511238891578,-0.2933062668210521
Hansebreen,2054-08-01,-0.07195500958080535,-0.21257785074817534,0.07746069780347702
Hansebreen,2054-09-01,-0.33181660061875645,0.09953561225046914,0.23380695865440623
Hansebreen,2054-10-01,-0.17563351354755977,-0.36021793262402624,-0.02874130820590033
Hansebreen,2054-11-01,-0.016775089350723162,-0.28847110622886035,0.49469043763250137
Hansebreen,2054-12-01,-0.0012685611987696757,-0.35072477594240564,0.34513677306455337
Hansebreen,2055-01-01,0.11876494690701099,0.1545865165019746,-0.2313800595923552
Hansebreen,2055-02-01,0.5198580854938214,0.2426665963665824,0.44374606809951095
Hansebreen,2055-03-01,0.22666597541139646,0.35002853301575226,0.06726499448960696
Hansebreen,2055-04-01,0.022205866249893912,-0.07907495882474357,0.2062186509765326
Hansebreen,2055-05-01,-0.022258686137888246,-0.06724370310213758,0.08274433910864527
Hansebreen,2055-06-01,-0.0643522218485011,-0.015579654100443333,0.10074806370865332
Hansebreen,2055-07-01,0.054635108471267034,-0.017335321799303666,-0.2241431423150686
Hansebreen,2055-08-01,0.045278452106734625,-0.10253073259242214,-0.1670047171537061
Hansebreen,2055-09-01,0.2936191912711964,0.22254495502636898,0.055387503206465016
Hansebreen,2055-10-01,0.32375019026697033,-0.3213340963637819,-0.11856971138920984
Hansebreen,2055-11-01,0.4380816140256887,-0.021790137167556515,0.12201864768338981
Hansebreen,2055-12-01,-0.45909659993289686,-0.0277203955349843,0.0003996672093456097
Hansebreen,2056-01-01,0.4043578787108257,-0.3485282013174363,-0.2892995631998509
Hansebreen,2056-02-01,0.13706360906931256,-0.0970074425450928,0.42058669323714887
Hansebreen,2056-03-01,0.14087417629718083,-0.026106778426597237,-0.10112232970887595
Hansebreen,2056-04-01,-0.34742322425372274,0.22330881072671846,0.11558435115371635
Hansebreen,2056-05-01,-0.0424371748955919,0.27501617852599414,-0.0923031182157925
Hansebreen,2056-06-01,-0.27597989570825304,-0.14716479470657348,-0.012242541770749927
Hansebreen,2056-07-01,0.10513205326492314,-0.14483380164013995,-0.24449488665671423
Hansebreen,2056-08-01,0.050859662897708734,0.3082867009490501,-0.18615971205234227
Hansebreen,2056-09-01,0.27576895469046114,-0.005470160647267135,0.18030738427315626
Hansebreen,2056-10-01,0.35994447176139244,0.1799219699693916,0.6857307319042952
Hansebreen,2056-11-01,-0.09503809607753204,0.13993142895616495,0.5262982876376916
Hansebreen,2056-12-01,-0.4936130126736185,0.35066181908345256,0.23009222544576477
Hansebreen,2057-01-01,-0.48029605904548367,-0.08319966497049351,-0.3582682581108702
Hansebreen,2057-02-01,-0.5697015526528423,-0.4320355295296201,0.2558987407519712
Hansebreen,2057-03-01,-0.3226567111401153,-0.09541656469608656,0.12742877313511636
Hansebreen,2057-04-01,-0.20911648981000008,0.055767141707896095,0.08036143353462656
Hansebreen,2057-05-01,-0.04619197854773636,-0.02659487161044625,-0.35220481533011744
Hansebreen,2057-06-01,-0.10996703671496355,0.04754170606116393,0.10668765600220104
Hansebreen,2057-07-01,0.059489456710400394,0.12587875596411957,-0.2635893282038743
Hansebreen,2057-08-01,-0.05752534625419842,-0.13907851770652635,-0.2639269843139551
Hansebreen,2057-09-01,-0.015206126781913997,0.24799646205000506,-0.14459871741706234
Hansebreen,2057-10-01,-0.1295671346848242,0.20018393520810351,-0.05413557885404194
Hansebreen,2057-11-01,-0.056867911787433056,0.04576569000976407,0.07812160732440523
Hansebreen,2057-12-01,-0.22911252323480547,0.1990794302303512,-0.10059901248538128
Hansebreen,2058-01-01,-0.14460569858643826,0.34055818524422454,-0.3250888443212048
Hansebreen,2058-02-01,0.08761970182434453,-0.6023571086157044,-0.3071961154365897
Hansebreen,2058-03-01,-0.11695406986461387,0.014160101959859594,-0.15912159365499615
Hansebreen,2058-04-01,0.2913304573403956,0.1971390057151319,0.23835130396028778
Hansebreen,2058-05-01,0.02106107788156902,-0.14740801901718,-0.034431256014232046
Hansebreen,2058-06-01,-0.1424033682454813,-0.2301410830590437,-0.08374596721933349
Hansebreen,2058-07-01,-0.03029394604198619,-0.2276300831468323,0.02683958616192871
Hansebreen,2058-08-01,0.19147588033748852,-0.09103136715536791,-0.09774113216226236
Hansebreen,2058-09-01,0.17565524190169235,-0.08863809173928677,0.08454303839283162
Hansebreen,2058-10-01,0.014020901727571566,0.0075061966555031905,0.3526809116741707
Hansebreen,2058-11-01,0.2520330747331213,-0.32311512153910815,0.1963396442574666
Hansebreen,2058-12-01,0.18594436431564,0.0475983291382543,-0.07978301519779366
Hansebreen,2059-01-01,-0.03247811250804573,-0.3716457516337773,-0.026286368755946313
Hansebreen,2059-02-01,0.428877211141699,0.11096759673522492,-0.5174069464373025
Hansebreen,2059-03-01,-0.5469720887677569,-0.021254392979892133,0.11643757109349877
Hansebreen,2059-04-01,0.08518213403266985,-0.030241421772001148,-0.24484378782456426
Hansebreen,2059-05-01,0.1297744343094395,-0.1689262362037037,0.10619569418875337
Hansebreen,2059-06-01,-0.20170237556546788,0.08129063323065507,-0.07471615808844838
Hansebreen,2059-07-01,-0.11160190008793709,-0.055708801578993626,-0.06947147174683445
Hansebreen,2059-08-01,-0.21724118077607998,0.014332064518787477,-0.20250414233733535
Hansebreen,2059-09-01,-0.039456803500981436,-0.16537603552810196,0.2846240263045814
Hansebreen,2059-10-01,-0.04615726311618546,-0.11329698456353803,-0.3082902953207539
Hansebreen,2059-11-01,0.013451390991011268,0.484721767833737,-0.06485314768590066
Hansebreen,2059-12-01,0.05992473952388385,0.12283432568461328,0.28888796675785655
Hansebreen,2060-01-01,0.31542805860821654,-0.06488401810326866,0.2631004500049157
Hansebreen,2060-02-01,0.2544481219734366,-0.12608670809566216,0.4241432212309078
Hansebreen,2060-03-01,0.140104030715715,0.13943140679936702,0.42652301118978997
Hansebreen,2060-04-01,-0.08214579361642343,-0.03081479578415962,-0.4928142782467078
Hansebreen,2060-05-01,0.008957614227490482,-0.11340988681715207,0.05199532511069408
Hansebreen,2060-06-01,0.019659292789311417,0.008113897242979501,0.05083452483650557
Hansebreen,2060-07-01,0.1330341139957441,0.028727182477768166,0.005830484543316593
Hansebreen,2060-08-01,-0.06780481588553697,-0.101961357689851,0.07949823939217367
Hansebreen,2060-09-01,0.1573168077004151,0.028753927995921937,-0.037033010442142904
Hansebreen,2060-10-01,-0.34728224762699106,-0.24343254673107254,-0.0857685140469111
Hansebreen,2060-11-01,-0.2293858920264414,-0.05756720233971613,0.12718748582594272
Hansebreen,2060-12-01,0.2441436524921711,-0.00043478958226690856,-0.22030709743570023
Hansebreen,2061-01-01,0.06209506527660023,-0.3432440850040666,-0.15903745387174947
Hansebreen,2061-02-01,-0.13345716890881346,-0.16526684693167557,-0.2963837509972051
Hansebreen,2061-03-01,-0.3086359074102924,-0.10405092830234401,0.12828874487833605
Hansebreen,2061-04-01,-0.10931453519686192,0.08955657573082958,0.03114407466820754
Hansebreen,2061-05-01,0.025074479182534498,-0.016846481782600006,-0.3323210841967823
Hansebreen,2061-06-01,0.01812088275043569,-0.15605492767205928,-0.19840423846146002
Hansebreen,2061-07-01,-0.28430777286692055,0.0549770183249472,-0.23250575479689203
Hansebreen,2061-08-01,0.11167704202006838,-0.17381951981589003,-0.060128978207779966
Hansebreen,2061-09-01,-0.029409153193602516,-0.08324007581975351,-0.24517954849730103
Hansebreen,2061-10-01,0.381184431271695,0.028469592531379234,-0.04401024427001731
Hansebreen,2061-11-01,-0.2587072724525201,-0.007299250378143972,-0.2287563003246903
Hansebreen,2061-12-01,-0.3943863673068246,0.13327876754430532,0.030564525641178716
Hansebreen,2062-01-01,-0.4544249783396072,-0.0597724927112277,-0.08372231557583683
Hansebreen,2062-02-01,-0.24222080114641317,-0.10772294748699941,0.24913674287029133
Hansebreen,2062-03-01,-0.11948182718900668,0.09229168959358232,-0.17427926290278362
Hansebreen,2062-04-01,-0.03290154220115842,-0.14604767569297844,-0.013241240417632347
Hansebreen,2062-05-01,0.09349598686474285,-0.10189218932151578,0.0066160183673618644
Hansebreen,2062-06-01,-0.019555899634503614,-0.3663911753435747,0.027030077774612183
Hansebreen,2062-07-01,-0.05878543314624287,-0.19816016901803102,-0.11592893045850322
Hansebreen,2062-08-01,0.046456109108511924,-0.2738353797506033,-0.019319088679207456
Hansebreen,2062-09-01,-0.22871781573724906,0.0776334047758133,-0.09423408047611381
Hansebreen,2062-10-01,-0.07640398916682195,0.12048123578015542,-0.06641953611750269
Hansebreen,2062-11-01,-0.21607311304790433,-0.24578157190534558,-0.34845459103424475
Hansebreen,2062-12-01,-0.061929634669529804,0.15750305643320592,-0.2777223849336565
Hansebreen,2063-01-01,0.7088140185310104,-0.3806441067528132,-0.05877051741326559
Hansebreen,2063-02-01,-0.5006761089173527,-0.14610154205224607,0.028560048017224112
Hansebreen,2063-03-01,-0.22053133960521318,0.0009441401054361512,-0.37570897522198354
Hansebreen,2063-04-01,0.30659344405835504,-0.2983107385122308,-0.4211985901348802
Hansebreen,2063-05-01,-0.35042536701547694,-0.23935740241056014,0.040105908110128506
Hansebreen,2063-06-01,-0.1674150373586215,-0.06064963167472467,0.11181469573707675
Hansebreen,2063-07-01,-0.2521103370147984,-0.2787899219665139,0.01678521217903195
Hansebreen,2063-08-01,0.012347799660430455,0.02901881721705672,-0.006662689231818277
Hansebreen,2063-09-01,0.048668343813969867,-0.30836505488802907,0.014763896396639505
Hansebreen,2063-10-01,0.16847788934283528,-0.7275887061822948,0.15625740834114088
Hansebreen,2063-11-01,-0.06414998323097326,0.21902484774570485,0.22921954370409706
Hansebreen,2063-12-01,0.2597788433585717,-0.6218664121683001,0.02369305733039943
Hansebreen,2064-01-01,-0.36114505949119957,-0.4247390604466245,-0.032351600288278666
Hansebreen,2064-02-01,0.18424284477335653,0.06580845556709625,-0.45026887531060106
Hansebreen,2064-03-01,0.16639887579404342,-0.1185836637972368,0.011354086240110075
Hansebreen,2064-04-01,0.047986637896362073,-0.19366485177264145,0.35007245883227506
Hansebreen,2064-05-01,0.14053090479690486,-0.034933353825368774,0.14301714720020242
Hansebreen,2064-06-01,-0.16562551832654196,-0.3558608699348022,0.27602155120384103
Hansebreen,2064-07-01,0.033770071667290825,-0.18912023794724817,0.05092076597100773
Hansebreen,2064-08-01,-0.06399958840732094,-0.18958012148945166,-0.1666940050148604
Hansebreen,2064-09-01,-0.5561084062124996,0.12776803305541898,-0.24221387184450463
Hansebreen,2064-10-01,-0.10720519821595131,-0.015997655892307627,-0.04491979730372477
Hansebreen,2064-11-01,0.18581287713084016,-0.13410320035062331,-0.37305268325007884
Hansebreen,2064-12-01,0.089250011848573,-0.46404483249424394,-0.06945102392848403
Hansebreen,2065-01-01,-0.3464010319925211,-0.26660409848642913,-0.6846240431138266
Hansebreen,2065-02-01,-0.19107977100553783,0.2412463364078649,-0.43864497127935725
Hansebreen,2065-03-01,-0.5340904045389588,-0.48906805219696103,-0.04815709446347174
Hansebreen,2065-04-01,-0.10383525444104234,0.05162241244252755,-0.1844096266102503
Hansebreen,2065-05-01,-0.45928749176901623,-0.20113030394479936,-0.047702678551459265
Hansebreen,2065-06-01,-0.3117378772030052,-0.3090945836537983,-0.12785676133498677
Hansebreen,2065-07-01,-0.14025397229971923,-0.14107357920510685,-0.3264294507622492
Hansebreen,2065-08-01,0.20427390955645677,-0.08085585596437879,-0.0306471234018577
Hansebreen,2065-09-01,0.0015904078991870092,0.08632601814534223,0.044148937916713295
Hansebreen,2065-10-01,-0.12325958538461822,-0.29644206982818055,-0.21060749921122981
Hansebreen,2065-11-01,0.0982699786197344,-0.34319252700284525,-0.3416183861382083
Hansebreen,2065-12-01,-0.08795231344282639,-0.32288023234702284,-0.3014211199533821
Hansebreen,2066-01-01,-0.012320418775845748,-0.107472825047128,0.14836692750925376
Hansebreen,2066-02-01,-0.21460852049446422,-0.5560612874862949,-0.5705268215368885
Hansebreen,2066-03-01,0.29656386511429056,-0.1292814299676517,-0.226919716781963
Hansebreen,2066-04-01,0.3429789827631347,-0.19648988061347117,-0.06703416948216591
Hansebreen,2066-05-01,0.08574984866018787,-0.20948505670284745,0.41741451096956955
Hansebreen,2066-06-01,-0.15827672510492688,-0.07846301695569292,-0.1857224905725712
Hansebreen,2066-07-01,0.18022657513374343,-0.484284179458474,-0.09013870395774266
Hansebreen,2066-08-01,-0.018763132332535085,-0.05606147291552224,-0.015569933079897522
Hansebreen,2066-09-01,-0.27625578686189045,0.3836850623896792,-0.06063445658009742
Hansebreen,2066-10-01,-0.1573257814681178,0.09834993290101823,-0.06358609682975498
Hansebreen,2066-11-01,0.3651138212826934,-0.11166318135336362,-0.33416874396507473
Hansebreen,2066-12-01,-0.08261910106842009,0.09953998944576209,-0.05533211048969854
Hansebreen,2067-01-01,-0.10744338907376642,0.09200790810871173,-0.6306628561466393
Hansebreen,2067-02-01,0.03941738993100987,0.25087300758178727,0.13347528576108803
Hansebreen,2067-03-01,-0.35675450542401616,0.09826487253131914,-0.08241320497778212
Hansebreen,2067-04-01,-0.011047934215299473,-0.10847808954421707,-0.5073011052142128
Hansebreen,2067-05-01,-0.21518960015542557,-0.02930544734859894,-0.27339573230380765
Hansebreen,2067-06-01,0.04851864260318579,0.21295555761098664,-0.20298811067666012
Hansebreen,2067-07-01,0.009064019348165272,-0.02424676257621372,-0.20841670022485856
Hansebreen,2067-08-01,-0.14537555377042297,0.06923317390553803,-0.11750890754914751
Hansebreen,2067-09-01,-0.07854926646401351,0.20520087202115156,-0.35546560258815524
Hansebreen,2067-10-01,0.08538836522489979,0.15586123169906665,0.20412417955229142
Hansebreen,2067-11-01,-0.24472918727094758,0.4553584589626834,-0.334475679486451
Hansebreen,2067-12-01,0.008389339601944976,-0.08935125581960236,-0.435959846571287
Hansebreen,2068-01-01,-0.025784740461731005,0.14792778209861582,0.055454263327947985
Hansebreen,2068-02-01,0.1364797357267,0.1407157491928505,-0.30477148456498426
Hansebreen,2068-03-01,-0.23334959896810947,-0.4179302865828352,-0.07909470809659332
Hansebreen,2068-04-01,-0.20692607759956227,-0.3086645214501598,-0.15447842020816194
Hansebreen,2068-05-01,-0.1767942304568321,-0.40121316635680593,-0.1859212347239707
Hansebreen,2068-06-01,0.13033694195789644,-0.1396742631191186,-0.16190274053413636
Hansebreen,2068-07-01,-0.33092059861578854,-0.11545947099326614,-0.04102313753878805
Hansebreen,2068-08-01,0.07017030061065703,0.20498427485572432,-0.05210010368619938
Hansebreen,2068-09-01,-0.13620976139378702,-0.0065435740679086266,0.16451926110343293
Hansebreen,2068-10-01,0.1566029612568755,-0.2468971317813644,-0.11519592775403982
Hansebreen,2068-11-01,0.16621152751538262,-0.1481202720891123,0.2732812490031432
Hansebreen,2068-12-01,-0.38338232763671853,-0.097579909394354,-0.17807446926497894
Hansebreen,2069-01-01,-0.1401278207787424,-0.41923224762380057,-0.4134259607809489
Hansebreen,2069-02-01,-0.0483579810022158,-0.5781679246821302,-0.5985750892282957
Hansebreen,2069-03-01,0.1490920077776928,-0.0030038713987588735,0.1857551533702009
Hansebreen,2069-04-01,0.05058992915905547,-0.005098131248220959,-0.19552285076424095
Hansebreen,2069-05-01,-0.019480279331925966,-0.011571831574572413,-0.07008990524337164
Hansebreen,2069-06-01,0.06298902329977175,-0.3289215284996976,-0.1661954276348345
Hansebreen,2069-07-01,0.04795962159166878,-0.0709995817465454,-0.13719042521984484
Hansebreen,2069-08-01,-0.03740131344319887,-0.01487826368498675,0.05820588355423081
Hansebreen,2069-09-01,-0.10219901275057142,0.11671710328043639,-0.1009155682337811
Hansebreen,2069-10-01,-0.09702331042148664,-0.10013735562987737,-0.23092014511195744
Hansebreen,2069-11-01,-0.2945814040191829,-0.020853136235952346,-0.3746229758363766
Hansebreen,2069-12-01,0.17344434981187293,-0.562063123499721,-0.36310919528982705
Hansebreen,2070-01-01,0.00865773281330791,-0.2923175175126198,0.08454674366535438
Hansebreen,2070-02-01,-0.3358278747808489,-0.20189695010951922,0.18935598612908544
Hansebreen,2070-03-01,-0.12965385401737017,0.26993684586819205,0.2120066539958081
Hansebreen,2070-04-01,0.2735921000683652,-0.2809228355451044,0.23153381057250813
Hansebreen,2070-05-01,-0.09341729104131702,-0.3330941820218029,-0.021824897122760412
Hansebreen,2070-06-01,-0.2581615549542589,0.09995377047833698,-0.46736516419244833
Hansebreen,2070-07-01,0.06717228935587556,0.05530618589560424,-0.054574266607183175
Hansebreen,2070-08-01,0.07519699675278924,0.048940823405695784,-0.2830441538493233
Hansebreen,2070-09-01,0.25017285637126785,-0.40007594933497703,-0.5316629706915558
Hansebreen,2070-10-01,-0.09946601900132662,0.045360604932536484,-0.2349265451240544
Hansebreen,2070-11-01,0.3591426203048398,-0.35216778743205096,0.03129161850360942
Hansebreen,2070-12-01,0.15193112782312398,0.24238201562130265,0.14872048063954876
Hansebreen,2071-01-01,-0.0844766213065249,0.04592576340368451,-0.10983164155664366
Hansebreen,2071-02-01,-0.2967393817970202,-0.33321668557905504,-0.3221440182651612
Hansebreen,2071-03-01,-0.11543347085640553,0.26963410065297316,-0.17087319510627408
Hansebreen,2071-04-01,0.11114458876395032,-0.010560798825316223,-0.15809190556469643
Hansebreen,2071-05-01,0.06533932435610651,0.0749331303108002,0.04079015239522547
Hansebreen,2071-06-01,-0.33418602419907245,0.2585663358810762,-0.06659438721820203
Hansebreen,2071-07-01,-0.16610500848765086,0.043917396976968205,-0.20851584823562894
Hansebreen,2071-08-01,-0.14100389846449848,-0.26820327012390327,-0.20571131663875805
Hansebreen,2071-09-01,-0.49435242216272496,-0.07382385530062886,-0.23296786219116775
Hansebreen,2071-10-01,0.018701421311894815,-0.5424860924914134,-0.017914601196274447
Hansebreen,2071-11-01,-0.7518951562668627,-0.06701719763095572,-0.20983388513742215
Hansebreen,2071-12-01,0.16565214388658347,0.46993710924732063,-0.1791597378615016
Hansebreen,2072-01-01,0.1768173676027085,-0.3077880189817162,0.12094124945957178
Hansebreen,2072-02-01,0.42486572901552594,0.011912630561116312,0.24504979637562438
Hansebreen,2072-03-01,-0.02454118730239979,-0.015127041506578417,-0.15047102328855919
Hansebreen,2072-04-01,-0.10000508966409356,-0.4137449908098743,-0.1458303794464902
Hansebreen,2072-05-01,-0.1999908597903635,0.2652724491205496,-0.2822504985778659
Hansebreen,2072-06-01,-0.4824696442550911,-0.12955080960103446,0.13075566098881677
Hansebreen,2072-07-01,-0.08597882994741816,-0.3257478892216202,0.06998372677882535
Hansebreen,2072-08-01,-0.3994952896761815,0.008961419510959594,-0.15443665559565653
Hansebreen,2072-09-01,-0.23003532103356938,-0.013176968688414102,-0.10353198697512804
Hansebreen,2072-10-01,-0.43446654688736475,0.08803583230293865,0.6861352289377928
Hansebreen,2072-11-01,0.03001348348331639,0.2731976988669364,-0.468923902648606
Hansebreen,2072-12-01,-0.18604965951837613,-0.06905217563871076,-0.2637574660216389
Hansebreen,2073-01-01,-0.18594436995473254,-0.14079617762378555,0.07579929670824816
Hansebreen,2073-02-01,-0.12151186628847986,-0.31210090897936654,-0.45762474429238376
Hansebreen,2073-03-01,0.023198718130342615,0.24896172429178245,-0.13233672899492163
Hansebreen,2073-04-01,0.06431959851368196,-0.20054716526586755,-0.0017240503900940614
Hansebreen,2073-05-01,0.20472149698826977,-0.27909883676815056,0.04283866774230871
Hansebreen,2073-06-01,-0.3016029376345652,0.0574834539944116,0.005940462341549389
Hansebreen,2073-07-01,0.14803207117557052,-0.3214806075825873,-0.14688121048313782
Hansebreen,2073-08-01,0.10864638488679589,-0.010458034071510016,0.08125311436403918
Hansebreen,2073-09-01,-0.0018767676722942727,0.32903861454809946,-0.10665240941990468
Hansebreen,2073-10-01,-0.32865526315063276,0.01737421343982843,-0.32953281790041133
Hansebreen,2073-11-01,-0.002531932205909667,0.11988387386888981,-0.04853585220679635
Hansebreen,2073-12-01,-0.20700985169263023,-0.5699530861930434,0.3052297124415399
Hansebreen,2074-01-01,-0.18220677905002358,-0.24650983558965267,0.07852371737971181
Hansebreen,2074-02-01,-0.15308448282671708,-0.21965605177411285,-0.5838680311295912
Hansebreen,2074-03-01,0.207042119862937,-0.4311767350877802,-0.3938539999015665
Hansebreen,2074-04-01,-0.6352741283288695,-0.04207112369563804,-0.08145071728066865
Hansebreen,2074-05-01,-0.012728041451819041,0.03050124189572473,-0.2977574553691462
Hansebreen,2074-06-01,-0.23612097746626026,-0.3227025151705544,-0.10984990639348552
Hansebreen,2074-07-01,-0.11809043425461814,-0.008061198274725805,0.06250319540292176
Hansebreen,2074-08-01,0.11127215631722942,0.07365500098202273,0.05181958590020692
Hansebreen,2074-09-01,-0.0677344464056193,0.2494250409205967,-0.34877268061430583
Hansebreen,2074-10-01,-0.29947408855979735,0.11178776657994932,-0.20751604941278443
Hansebreen,2074-11-01,0.12790508720623936,0.09114114058545054,-0.16461755649514714
Hansebreen,2074-12-01,-0.1558558597263843,-0.16366140587647862,0.15366605134616274
Hansebreen,2075-01-01,-0.30855777409157903,0.08432555681533234,-0.4322836189733003
Hansebreen,2075-02-01,-0.28977373019248026,-0.10906918478646149,-0.10191971438006414
Hansebreen,2075-03-01,-0.28523261222189694,-0.3457292986145961,-0.17183938645254426
Hansebreen,2075-04-01,-0.18124174505311955,-0.1913395117955321,0.3522668923041639
Hansebreen,2075-05-01,-0.24822050648461924,0.010257562483639978,-0.304712140282055
Hansebreen,2075-06-01,0.14709903543881728,0.33853370946146333,-0.16653583009456796
Hansebreen,2075-07-01,0.16858043077209026,-0.2800667458190356,-0.25469007749932
Hansebreen,2075-08-01,0.19196652382875481,-0.05969869851763316,0.043697433314786684
Hansebreen,2075-09-01,-0.042887298352721426,-0.318426757538199,-0.11089685107182568
Hansebreen,2075-10-01,-0.06184866626255131,-0.6010319903496036,-0.4789823240018352
Hansebreen,2075-11-01,0.03317144376238088,-0.14211726192662236,-0.043463214397740486
Hansebreen,2075-12-01,0.018574750702390234,0.09303225594024933,-0.49230833183873196
Hansebreen,2076-01-01,-0.29542387142447774,-0.16726915523718602,-0.36462061683565966
Hansebreen,2076-02-01,0.004530500390843323,-0.11491028877745917,-0.15086258177855683
Hansebreen,2076-03-01,-0.11769534402136461,-0.17517063097395624,0.17048549284297473
Hansebreen,2076-04-01,-0.07225827535771567,-0.09404667607737711,-0.31803941801049973
Hansebreen,2076-05-01,0.22506739512982699,0.055419999281517064,-0.3629567841573771
Hansebreen,2076-06-01,-0.07005748573038348,-0.05438500534643722,0.066342546792816
Hansebreen,2076-07-01,-0.042453957486357136,0.002204709745509579,0.012786413660325013
Hansebreen,2076-08-01,-0.08960148605359153,-0.02064175997115264,-0.10456256435012547
Hansebreen,2076-09-01,0.09104261473975482,-0.017752955984606505,-0.08197663912697505
Hansebreen,2076-10-01,0.0662932376321712,-0.2291012277448453,0.19237152814484582
Hansebreen,2076-11-01,-0.2645472999026935,-0.07357311496129275,0.06272567171826736
Hansebreen,2076-12-01,-0.3970111248720732,-0.11438717010005224,-0.11689643950600036
Hansebreen,2077-01-01,-0.4634329983896565,0.02305577084582971,-0.03569029436714819
Hansebreen,2077-02-01,-0.3192076756767499,-0.026333993946764483,0.001505264966553917
Hansebreen,2077-03-01,-0.3609635869570644,-0.39389617859854287,-0.22203001647677342
Hansebreen,2077-04-01,-0.2465570806029984,-0.05144437785190112,-0.41942433063959444
Hansebreen,2077-05-01,-0.11063198712128987,-0.21966687754413505,-0.3105989533698863
Hansebreen,2077-06-01,-0.07879375194179129,-0.23604361764084558,-0.17097304904176439
Hansebreen,2077-07-01,-0.004570676061890007,-0.10649473120978581,-0.04287212314158615
Hansebreen,2077-08-01,-0.10876564862681389,0.0882201904989372,-0.04845522209006029
Hansebreen,2077-09-01,-0.030507172248843112,-0.05825049907572993,0.07615625057245973
Hansebreen,2077-10-01,-0.28095920057874807,-0.6940930820676199,-0.0614350574997396
Hansebreen,2077-11-01,-0.12549356877805465,-0.378731832199795,0.590604433143926
Hansebreen,2077-12-01,0.28700273691547956,-0.5624649349715853,0.30385086784134235
Hansebreen,2078-01-01,-0.1301538521541741,0.10211372906527438,-0.16278955836083797
Hansebreen,2078-02-01,-0.6019573629729621,-0.569451243008868,0.024947006923309454
Hansebreen,2078-03-01,-0.25074855226234954,-0.4910210226785015,-0.01281857451437992
Hansebreen,2078-04-01,-0.11788555759965813,-0.027073552937264243,-0.20891754785304986
Hansebreen,2078-05-01,0.25415352214054093,-0.12174122795913304,-0.26046587750663075
Hansebreen,2078-06-01,-0.09048737851671024,-0.16540760663960172,0.20806504225129976
Hansebreen,2078-07-01,-0.12670599641565097,-0.044914554649882206,0.002787951012175114
Hansebreen,2078-08-01,-0.07445285532066506,-0.18342736773418192,-0.33041803648414336
Hansebreen,2078-09-01,-0.3200172379021162,-0.05875810347971706,-0.39396486531416297
Hansebreen,2078-10-01,0.16777706766349723,0.1580689659692612,-0.6103705172511601
Hansebreen,2078-11-01,0.1001303241528942,-0.20196928799828204,-0.17244563370008273
Hansebreen,2078-12-01,-0.31746097838909043,-0.15029193077232475,0.05227160909233264
Hansebreen,2079-01-01,-0.08628220612323843,-0.5062471255827653,-0.014839092604217424
Hansebreen,2079-02-01,0.3132893470151406,-0.32834448972856395,-0.004377589796824117
Hansebreen,2079-03-01,-0.014878175299069976,-0.5851906587975066,-0.11957628892461587
Hansebreen,2079-04-01,-0.1461737756218369,-0.004329608111684248,-0.11865918085130008
Hansebreen,2079-05-01,-0.03330246121340429,-0.09590121481825488,-0.07548417510778917
Hansebreen,2079-06-01,-0.28905004792902655,-0.04312460533651077,-0.09633867020063824
Hansebreen,2079-07-01,-0.20174592680792455,-0.06793362748883927,0.12902857747176918
Hansebreen,2079-08-01,-0.13187855652551336,-0.16011999007045366,-0.024810552486089436
Hansebreen,2079-09-01,-0.10949598910788412,0.29645254852410763,0.01014846530576642
Hansebreen,2079-10-01,-0.4732359334171452,-0.43206564848825657,0.2607645227203998
Hansebreen,2079-11-01,0.1634945943968013,-0.42026086765842346,-0.28125903669022784
Hansebreen,2079-12-01,-0.3555409764924109,-0.33927184869119253,-0.2371013929386655
Hansebreen,2080-01-01,-0.13601366957232144,-0.4426039590453,-0.39326428602698255
Hansebreen,2080-02-01,-0.23421354078222723,-0.2094521195269575,-0.0766012144998653
Hansebreen,2080-03-01,-0.1764616538906935,0.29284906068142796,-0.3141083379676095
Hansebreen,2080-04-01,-0.251704273039968,-0.06028907333755975,-0.3011116566870586
Hansebreen,2080-05-01,0.0749883586432214,0.019131417147544235,0.1339713489289123
Hansebreen,2080-06-01,-0.06266014094320836,-0.05412836910849286,-0.13573165908332543
Hansebreen,2080-07-01,-0.1521512613652626,-0.0030414773825712025,-0.09603063261122564
Hansebreen,2080-08-01,-0.044433379799110474,-0.04903572042326194,-0.13658671672729883
Hansebreen,2080-09-01,-0.06319894264862654,-0.1621067154071486,-0.22939592346049245
Hansebreen,2080-10-01,-0.4484759875023205,-0.1405032434867944,-0.2657788484506551
Hansebreen,2080-11-01,0.1643611725231038,-0.36932617249849314,-0.43599822600182064
Hansebreen,2080-12-01,0.22302472370567325,-0.6823634186164497,-0.08725690606317758
Hansebreen,2081-01-01,-0.24333336186272594,-0.2815078485223515,-0.14206996793635743
Hansebreen,2081-02-01,0.26341125429409123,0.2382098452766269,-0.3253672819239321
Hansebreen,2081-03-01,0.38686360026176136,-0.041862126064820586,-0.22832955480044523
Hansebreen,2081-04-01,-0.3083625587140825,0.10871623851468755,-0.25681830729278227
Hansebreen,2081-05-01,-0.2096472265108614,0.26390154901431023,-0.10315654121051206
Hansebreen,2081-06-01,0.09728821880463016,0.030094136535090504,-0.005511694919633048
Hansebreen,2081-07-01,0.04725566704794071,-0.07205265426961684,-0.10371615286871438
Hansebreen,2081-08-01,0.13485729825379125,-0.17040676157853904,-0.031063384921589044
Hansebreen,2081-09-01,-0.4631152237040383,-0.15228073205572168,-0.2512147653748278
Hansebreen,2081-10-01,0.23927266645924894,-0.07772436049133695,-0.03996234054713038
Hansebreen,2081-11-01,0.14290635549595596,-0.13254876745058664,0.00733939858275547
Hansebreen,2081-12-01,0.4710077409507907,0.40662567736128485,0.06208910866957248
Hansebreen,2082-01-01,-0.45486302050707234,-0.015214340246234713,-0.15143310397091977
Hansebreen,2082-02-01,-0.33584851812895744,0.16645969709198946,-0.37635569041737976
Hansebreen,2082-03-01,0.03213210107555694,0.1509430620414348,-0.22234986006264057
Hansebreen,2082-04-01,-0.1075263993065937,-0.11942202374472755,-0.23213084840236878
Hansebreen,2082-05-01,0.13327342753364382,-0.3834879891124916,-0.040211702152883964
Hansebreen,2082-06-01,-0.33391562478561704,-0.06016000476866248,-0.1495612679714429
Hansebreen,2082-07-01,-0.13686027029966794,-0.00327337184909679,-0.24618763976461688
Hansebreen,2082-08-01,-0.10768227084869764,-0.030068853630118086,-0.028822188754106703
Hansebreen,2082-09-01,0.3213425511450478,-0.13825053278960933,-0.4698343962537175
Hansebreen,2082-10-01,-0.08003694352177197,0.20015343984293169,0.15612324932261237
Hansebreen,2082-11-01,0.19447205793677694,-0.17917088639139633,0.08116431114547043
Hansebreen,2082-12-01,-0.41081158223932235,-0.12543187691250152,-0.4517586290870655
Hansebreen,2083-01-01,0.18205752889849877,-0.1080800930877563,-0.7770785320549725
Hansebreen,2083-02-01,0.08587882212040861,0.339608073447723,0.08078305735544619
Hansebreen,2083-03-01,-0.05077548805315415,-0.2584037966579941,-0.3123844669103555
Hansebreen,2083-04-01,-0.065084870024142,-0.036624020033847286,0.2104224055823409
Hansebreen,2083-05-01,-0.027760387687844234,0.09997407652255745,-0.2616560806413672
Hansebreen,2083-06-01,-0.16487379728335466,0.015506302256422548,-0.3264389207152462
Hansebreen,2083-07-01,-0.21446606070993854,-0.15263571362904524,-0.052153641319003984
Hansebreen,2083-08-01,-0.1511116016522437,0.07684415333377456,-0.12638946218120672
Hansebreen,2083-09-01,-0.07843444513678956,-0.09402639552803053,-0.2175724940520011
Hansebreen,2083-10-01,-0.06086272155909243,-0.21801554657774483,-0.011540885945960597
Hansebreen,2083-11-01,0.04813765228969682,-0.04190216228379958,-0.46145158856862567
Hansebreen,2083-12-01,-0.3211737611833331,-0.42736568821864457,-0.5066144218333862
Hansebreen,2084-01-01,-0.31592488663980145,0.07862350759964949,0.09033315015834799
Hansebreen,2084-02-01,0.12347953010533778,0.28074385602205776,-0.2553931670586725
Hansebreen,2084-03-01,-0.05247185630483516,-0.20988346552203627,-0.03942068526014527
Hansebreen,2084-04-01,-0.16098540318335833,-0.32190189609129455,-0.17338926501921814
Hansebreen,2084-05-01,-0.27975022346653483,-0.07929214492935886,-0.29319214951163536
Hansebreen,2084-06-01,-0.14723548668566547,-0.10682714391096493,-0.08077854875475564
Hansebreen,2084-07-01,0.013774145073010396,-0.13123326793131304,-0.32126955702666726
Hansebreen,2084-08-01,0.14535969592084222,-0.3690832872201466,-0.20880198008865233
Hansebreen,2084-09-01,-0.112755388204139,-0.32854388757458436,-0.341866113923202
Hansebreen,2084-10-01,-0.017233399681459167,-0.33165712283938475,-0.5300981510788513
Hansebreen,2084-11-01,-0.13162129010936113,-0.15163719614014573,-0.19259830616445864
Hansebreen,2084-12-01,0.0917385634319266,0.44272623759000157,-0.09015583461385168
Hansebreen,2085-01-01,-0.10173957167212112,-0.15222723340758795,-0.4329993260132046
Hansebreen,2085-02-01,0.13695141007970504,0.18833806979692178,-0.07984004008946957
Hansebreen,2085-03-01,0.28005807998944626,-0.07793329369754717,-0.1022430733732747
Hansebreen,2085-04-01,0.184849794567004,-0.14284316421461427,-0.23551036461168504
Hansebreen,2085-05-01,-0.09909709989027397,-0.1363895746805999,-0.2477562741676463
Hansebreen,2085-06-01,-0.16981037508855243,-0.10696628740223446,-0.22938433133151395
Hansebreen,2085-07-01,-0.17619423920592417,0.19239999173900232,-0.23179535869658038
Hansebreen,2085-08-01,-0.24102311205196184,-0.17293232779095755,-0.09666308579370093
Hansebreen,2085-09-01,-0.13805904379417414,0.09277291956458739,-0.09683873499163165
Hansebreen,2085-10-01,-0.1359600068335219,0.3448601023904219,-0.014332862241594205
Hansebreen,2085-11-01,0.04757506902124962,0.5395750737779161,-0.21541958594046248
Hansebreen,2085-12-01,0.22381808721783028,0.17771205213683372,0.1828992919490673
Hansebreen,2086-01-01,0.03427684305627971,-0.0628225440482205,-0.11922325073831548
Hansebreen,2086-02-01,-0.03870932941035388,-0.058948629857907296,-0.14052303205858663
Hansebreen,2086-03-01,-0.270871796884476,-0.012666248346470328,0.011325708662985856
Hansebreen,2086-04-01,-0.1930450919747686,-0.2711634362925936,0.2134091178647937
Hansebreen,2086-05-01,0.07724017387699837,0.05294557705688124,0.11439475593465398
Hansebreen,2086-06-01,0.26496132578942516,0.17470339338502705,-0.01805326763461695
Hansebreen,2086-07-01,-0.02489808507925088,-0.3621024326575862,-0.06670906758341143
Hansebreen,2086-08-01,0.0024285582688285726,-0.08185715357237976,-0.0836445427902685
Hansebreen,2086-09-01,-0.19451740487905636,0.10014112990333383,-0.17848428793568968
Hansebreen,2086-10-01,0.19560273838559905,0.3174224647981487,0.06471961898943697
Hansebreen,2086-11-01,0.2943945108298816,0.062079289720059355,-0.27691598483904106
Hansebreen,2086-12-01,0.14013066691763656,-0.12118357847421772,-0.3156961546364903
Hansebreen,2087-01-01,0.125869533847713,-0.4963767791979636,-0.3918850314940074
Hansebreen,2087-02-01,-0.26509165170807963,0.2520863721815035,-0.07762759312397155
Hansebreen,2087-03-01,-0.029763754303271783,0.10034023774289758,-0.008329050540247148
Hansebreen,2087-04-01,0.2518501261424248,0.4237194390087969,0.1042748328465154
Hansebreen,2087-05-01,-0.1753940368605689,-0.01877046187180227,-0.17940312301869207
Hansebreen,2087-06-01,0.2619823640896708,-0.08721021831907838,0.06670649914404882
Hansebreen,2087-07-01,-0.2401943385535746,0.024001248485510166,0.0210835722061125
Hansebreen,2087-08-01,-0.2692041942566765,0.075450409164645,0.10194125156553913
Hansebreen,2087-09-01,-0.35645435577860846,-0.2894670564976927,-0.3052150499826545
Hansebreen,2087-10-01,-0.533701798303951,0.08215677773972364,-0.28129016216087954
Hansebreen,2087-11-01,-0.3252547991520404,0.07996262458105462,0.04902219921839295
Hansebreen,2087-12-01,-0.289025228144056,-0.17079509013242045,-0.703833839040406
Hansebreen,2088-01-01,0.029056746201012215,-0.23274961484474063,-0.14652598654929302
Hansebreen,2088-02-01,0.2617803594159533,-0.18500989716938,-0.10397037361306982
Hansebreen,2088-03-01,0.4410804292947872,-0.08463083802512937,0.2329659728734229
Hansebreen,2088-04-01,-0.19143729902337606,-0.3485595249586321,0.1222160836634789
Hansebreen,2088-05-01,-0.15328834071407763,0.16616063155930721,0.30779782497705094
Hansebreen,2088-06-01,0.09066588322963232,-0.4459156611482116,0.005357985940938133
Hansebreen,2088-07-01,-0.10876354373719078,0.008602639911265678,-0.16941856743322595
Hansebreen,2088-08-01,-0.1033190140469062,-0.01862805152324214,-0.10325993122881345
Hansebreen,2088-09-01,-0.07709504828905282,-0.10664858595609035,-0.24437603153439347
Hansebreen,2088-10-01,-0.12811083124397044,-0.054261506155949955,-0.2624582904388065
Hansebreen,2088-11-01,0.24303447292967537,-0.07363870550737858,-0.08825399420917034
Hansebreen,2088-12-01,-0.3107385806190891,-0.1647181677814934,-0.08868092994865484
Hansebreen,2089-01-01,-0.0010811841890857599,0.09506731240716755,-0.2271552161204724
Hansebreen,2089-02-01,-0.3834719658961803,-0.059665583976370416,0.13550396076033902
Hansebreen,2089-03-01,-0.03777415000681502,0.10730821772351072,0.19094330935615442
Hansebreen,2089-04-01,0.1233034246337229,-0.4330072425153271,-0.16761679830847412
Hansebreen,2089-05-01,-0.09775645286609567,-0.22956991726761067,-0.14251067373546697
Hansebreen,2089-06-01,-0.04256784658916357,-0.18981453465319817,-0.13047885278718066
Hansebreen,2089-07-01,0.1421901478281644,0.09902997748512066,-0.11720731118782764
Hansebreen,2089-08-01,-0.2921332633238061,-0.2483524851605808,-0.21962554180323354
Hansebreen,2089-09-01,-0.07863254807428838,-0.18317810292893896,-0.11340614388747312
Hansebreen,2089-10-01,0.01829226781678964,0.36696699182744635,-0.15996229680013951
Hansebreen,2089-11-01,0.025075917660309605,-0.3880118892646558,-0.29814262955397086
Hansebreen,2089-12-01,0.1958261515184404,-0.4513500384599361,-0.4755341481101854
Hansebreen,2090-01-01,-0.08193489494767121,-0.10841378284671123,-0.3890774361509357
Hansebreen,2090-02-01,0.40277874395862784,-0.2368124092140432,0.08169331731242425
Hansebreen,2090-03-01,0.16851259405785043,-0.06666944952754601,-0.4710334162966423
Hansebreen,2090-04-01,-0.34708576799625185,0.08248816977114216,-0.32558521854839384
Hansebreen,2090-05-01,-0.21496417059922698,-0.03863539591573782,0.1832719889344049
Hansebreen,2090-06-01,-0.3840416959488342,0.054500792948267145,0.20414976944491514
Hansebreen,2090-07-01,-0.06576064228705257,0.11257438372131612,-0.16700996456906683
Hansebreen,2090-08-01,-0.09170924237301552,-0.12318557623157038,-0.12407455449453549
Hansebreen,2090-09-01,0.1453069155139721,-0.1678187327925246,-0.019644586063322204
Hansebreen,2090-10-01,-0.18224488531450442,-0.15093358459907827,0.2829396445629118
Hansebreen,2090-11-01,-0.019597932781745975,0.15975287543460326,-0.21481287522339546
Hansebreen,2090-12-01,-0.6269541853858115,-0.07155954969852867,-0.15259592233802974
Hansebreen,2091-01-01,-0.2620751820278418,-0.1574406587761529,-0.2490556702757544
Hansebreen,2091-02-01,-0.0031037859195504245,0.4499397042435822,-0.23734843292794702
Hansebreen,2091-03-01,-0.24176518390417154,0.12922618166381514,-0.5737538557373233
Hansebreen,2091-04-01,0.08657934008972246,-0.15520231617281574,0.24801975866670403
Hansebreen,2091-05-01,-0.04814791233860818,-0.3998806215251702,0.1425455124290604
Hansebreen,2091-06-01,-0.07774303139981137,-0.39429070184956333,-0.32101492764679396
Hansebreen,2091-07-01,0.032310384597462855,0.019520186964188307,-0.2140360704437755
Hansebreen,2091-08-01,0.1719693000423029,-0.028167630867159926,0.008820997008882435
Hansebreen,2091-09-01,-0.25157447984095366,0.06037976787575794,-0.06407250183674736
Hansebreen,2091-10-01,-0.1993174810592763,-0.09519743310494887,-0.21075044263610768
Hansebreen,2091-11-01,0.004249807762165131,0.20267620615430074,-0.3145715372724525
Hansebreen,2091-12-01,-0.37389701460936625,-0.07267034003435134,0.07837766456367669
Hansebreen,2092-01-01,-0.09479743605986625,0.29192953465481736,-0.15139901635520495
Hansebreen,2092-02-01,0.4335106369110406,-0.19884671744513197,-0.12876989901900557
Hansebreen,2092-03-01,0.025223696484782825,0.1453764263153523,-0.14968862791685758
Hansebreen,2092-04-01,-0.0684080499252208,-0.10516199509589079,-0.1624449911572263
Hansebreen,2092-05-01,0.09310683193347043,-0.07591381521522363,-0.020412546712634785
Hansebreen,2092-06-01,-0.057348706558886194,-0.20096075927701115,-0.1055451585259019
Hansebreen,2092-07-01,-0.06331848221024629,-0.11429992539556001,-0.1076139996207593
Hansebreen,2092-08-01,0.07908521201802847,-0.012393742518896916,0.06291929218513244
Hansebreen,2092-09-01,0.11621040877046013,0.07171315475440293,-0.08214744785827828
Hansebreen,2092-10-01,0.01569303048728082,-0.1430242181394549,-0.27696347158650364
Hansebreen,2092-11-01,-0.4716363214631456,-0.08605186223849398,-0.12269723754931318
Hansebreen,2092-12-01,0.16786351887236173,0.05542789961060581,0.0866571559005667
Hansebreen,2093-01-01,0.39450460664451953,0.1683448919657754,-0.0154593181728613
Hansebreen,2093-02-01,0.033259989203047756,0.11277606825298454,0.13231723297258438
Hansebreen,2093-03-01,0.3226406378860713,-0.0725040151806845,-0.10269699125818876
Hansebreen,2093-04-01,-0.2293384237438384,0.11241549647470885,-0.0786164286648467
Hansebreen,2093-05-01,-0.3043227084373446,0.07777391618945,0.1618108532538552
Hansebreen,2093-06-01,-0.09809971258780481,0.0598763190209167,-0.015872254977309642
Hansebreen,2093-07-01,-0.11007059685880005,-0.26870876132153004,-0.03967568175958888
Hansebreen,2093-08-01,-0.24388177205347142,-0.20566790250238312,-0.08210718271753181
Hansebreen,2093-09-01,-0.11067703438532117,-0.2648784140744702,0.023956706208872816
Hansebreen,2093-10-01,0.31931244206078535,-0.06606525907283946,-0.6850862365842482
Hansebreen,2093-11-01,0.355483318809343,-0.2599967388186649,-0.4129633159806259
Hansebreen,2093-12-01,-0.33012089631444835,0.26543614362479406,0.1514927523008723
Hansebreen,2094-01-01,0.017492632697891992,-0.4641514297404215,-0.12682253736593907
Hansebreen,2094-02-01,-0.18804204016908002,0.37728127171814446,-0.5266563322277428
Hansebreen,2094-03-01,0.006274694703475012,-0.22878818844446913,-0.22328917537942594
Hansebreen,2094-04-01,0.05118259095342836,-0.04482365187457032,-0.2920843149690378
Hansebreen,2094-05-01,-0.020593590845868853,0.03865432178602284,0.03901080894761318
Hansebreen,2094-06-01,-0.22283818944049505,0.07531099019136314,-0.334240723155989
Hansebreen,2094-07-01,-0.05364251173222565,-0.11189362455293833,-0.09084166878219276
Hansebreen,2094-08-01,-0.046939084742985165,0.09734246336855688,-0.07981932635297202
Hansebreen,2094-09-01,0.23180775562925973,-0.31595675375549753,-0.07180430493002697
Hansebreen,2094-10-01,-0.18180204485174808,0.011581922831018929,-0.019796130503447557
Hansebreen,2094-11-01,-0.5597739058343628,-0.32307813020271814,0.39259575434690763
Hansebreen,2094-12-01,0.23707705197602413,-0.09347647762631388,-0.5119588813467287
Hansebreen,2095-01-01,-0.16725118864181607,0.26600857381710435,-0.2587190551785882
Hansebreen,2095-02-01,-0.1030383214757744,-0.26628605383599036,0.049826026566074606
Hansebreen,2095-03-01,-0.08224618036703711,0.11129683930326843,-0.176885748588134
Hansebreen,2095-04-01,0.013221082663299038,-0.04817769101724687,-0.06516950500315938
Hansebreen,2095-05-01,-0.023837304540013298,-0.08225260726663344,-0.39648136819459207
Hansebreen,2095-06-01,0.04357934510691421,0.07652141266336306,-0.004385214464817951
Hansebreen,2095-07-01,-0.017768428990326463,0.01983680416145005,-0.11844782922295653
Hansebreen,2095-08-01,-0.17483308941694853,-0.11181520669557049,0.08154869630742849
Hansebreen,2095-09-01,-0.004692383032207557,-0.05103879127382791,-0.21140857098234486
Hansebreen,2095-10-01,0.1485987989756948,-0.05906122855610394,-0.591719673356904
Hansebreen,2095-11-01,0.17254391085344975,0.13825563146763933,-0.046624034584105835
Hansebreen,2095-12-01,-0.4495892495651166,0.1316902548674456,0.04538552421273991
Hansebreen,2096-01-01,-0.11481244477575407,0.13675326533678409,-0.327203713047817
Hansebreen,2096-02-01,-0.4747922782758998,-0.132279610349242,-0.5301540410379916
Hansebreen,2096-03-01,-0.5318696119664373,-0.34067239205535865,0.1851943544249854
Hansebreen,2096-04-01,-0.009920997429913597,-0.08540297699189363,-0.08306625560563648
Hansebreen,2096-05-01,-0.11360043532739471,-0.2195680289702203,-0.06325061879914463
Hansebreen,2096-06-01,-0.06229801846236819,0.06980747804593755,-0.0761901109217428
Hansebreen,2096-07-01,0.0015422151079042175,-0.13190989637581832,-0.13943300618306861
Hansebreen,2096-08-01,0.17810533925542646,0.11998987017460011,-0.1516781765763193
Hansebreen,2096-09-01,0.4295652163614627,-0.09871267347162556,-0.5255185080602315
Hansebreen,2096-10-01,-0.38843693895722836,-0.026542268366227705,-0.8547055109381377
Hansebreen,2096-11-01,-0.04687320575598441,-0.11841608689882305,-0.06216607160736892
Hansebreen,2096-12-01,-0.46733488602728707,-0.18815537701433904,-0.3434322144012015
Hansebreen,2097-01-01,0.05831962424722645,-0.05384473594667083,-0.22989879924548365
Hansebreen,2097-02-01,-0.18503464507348788,-0.36678499674982534,-0.7790434313094429
Hansebreen,2097-03-01,-0.004539959088498284,-0.1760877547157409,-0.1482491655473729
Hansebreen,2097-04-01,-0.18189751972214185,-0.42585658839862645,-0.14837851583229109
Hansebreen,2097-05-01,-0.36791123650346225,-0.08917495641296624,0.028148355061087735
Hansebreen,2097-06-01,-0.1970115598726092,0.08949832264006918,-0.20003179369452917
Hansebreen,2097-07-01,-0.3282819324781267,0.11298581803550828,-0.02176700151422713
Hansebreen,2097-08-01,-0.3554812131941895,-0.00253015042311013,-0.3817015347502258
Hansebreen,2097-09-01,-0.40548058100883505,0.09120348875829144,-0.10598565901208722
Hansebreen,2097-10-01,-0.40588273681795123,0.0830430138982891,0.14310864966710202
Hansebreen,2097-11-01,-0.07842883182471448,-0.22792668720481046,-0.09550320795874323
Hansebreen,2097-12-01,0.060516294187481105,-0.09351863083110094,-0.16207627356300988
Hansebreen,2098-01-01,0.10085372266941527,-0.24347281099245666,-0.34093838957305134
Hansebreen,2098-02-01,0.35850537621250295,-0.2508161453568947,-0.20716407985208177
Hansebreen,2098-03-01,0.2825704754700141,0.03512490626813642,-0.5989645919954394
Hansebreen,2098-04-01,0.15956675421689795,0.22649087321421565,-0.3460914986944496
Hansebreen,2098-05-01,-0.07409862146225452,-0.16256992623634203,-0.18292655611630526
Hansebreen,2098-06-01,0.1485169069500117,0.20149591322246294,-0.14238116672557974
Hansebreen,2098-07-01,-0.11713691357306431,0.11326210015117372,-0.03147227782265547
Hansebreen,2098-08-01,-0.1468455410355952,-0.12240243848295589,-0.06946822542879595
Hansebreen,2098-09-01,-0.34640601745087124,-0.21509599970624893,-0.1217573362513361
Hansebreen,2098-10-01,-0.4435512547092271,-0.058012179862188595,-0.1705274906288263
Hansebreen,2098-11-01,0.3166214823064657,-0.154218240601512,0.13382315348600068
Hansebreen,2098-12-01,-0.1052294339779239,0.0470878312014717,-0.052161939160227176
Hansebreen,2099-01-01,-0.02627210478198139,0.05557092505037956,-0.45672422325866924
Hansebreen,2099-02-01,0.21463730681760684,-0.0663086671404529,-0.19463196123660473
Hansebreen,2099-03-01,0.12120893512679387,-0.2839555397300181,-0.18206092601557108
Hansebreen,2099-04-01,0.000677571792160774,-0.06134461705038636,-0.16942256057504457
Hansebreen,2099-05-01,-0.09606597615088862,0.14472489656781057,-0.48190024023650674
Hansebreen,2099-06-01,-0.23907566018265217,0.3549633103019687,-0.036631160358195275
Hansebreen,2099-07-01,-0.15012264884179574,-0.09522344030963036,-0.3085588153233539
Hansebreen,2099-08-01,-0.012957173348527048,0.07709299107180399,-0.09463134317657625
Hansebreen,2099-09-01,-0.3586860454706162,-0.32811497846408805,-0.12154369051816433
Hansebreen,2099-10-01,-0.3260900845705453,-0.40241737864715876,-0.825014642227741
Hansebreen,2099-11-01,-0.5575109069763657,-0.1446465451857072,-0.024369683072225676
Hansebreen,2099-12-01,-0.6621150529107401,-0.19210280216404516,-0.03086653211312212
Hansebreen,2100-01-01,0.0541971383915505,0.1165695487324594,-0.30157092662794727
Hansebreen,2100-02-01,-0.13371782505185084,-0.08899818154402557,-0.5583806865933971
Hansebreen,2100-03-01,0.24252094763565005,-0.21656863776596666,-0.3154098945019886
Hansebreen,2100-04-01,0.18410101829900274,-0.12099256937083092,-0.4122097977757351
Hansebreen,2100-05-01,-0.006312322114190823,-0.026106898528473588,-0.15929389220875997
Hansebreen,2100-06-01,-0.22264504821757283,-0.09132921389362507,-0.1889904716716505
Hansebreen,2100-07-01,-0.008046824683888204,-0.3920891106861093,-0.26626243033892605
Hansebreen,2100-08-01,0.02634389720139384,-0.0820653196080623,-0.16998146928105928
Hansebreen,2100-09-01,0.022818528207399044,-0.44169605899257536,-0.2899428358067422
Hansebreen,2100-10-01,-0.21214560165006394,-0.1694905010391735,-0.32596423408963515
Hansebreen,2100-11-01,-0.3449063475059085,-0.2215757079200246,-0.49657387593533914
Hansebreen,2100-12-01,0.340466084075657,0.034566637007963724,-0.4716691142919765
Hellstugubreen,2015-01-01,-0.3109686043385409,-0.12412446899605523,-0.2934298001879711
Hellstugubreen,2015-02-01,0.27888517152644,0.15671019672328648,-0.24217531363119452
Hellstugubreen,2015-03-01,0.046092911054815305,0.11576754350919834,0.042071917833957334
Hellstugubreen,2015-04-01,-0.2824969248383206,-0.06015672694083369,0.24371135070867636
Hellstugubreen,2015-05-01,-0.060789266254311365,-0.08809156692078073,-0.02135503545607852
Hellstugubreen,2015-06-01,-0.0032098611844688734,0.06716194961353611,0.009607348095402925
Hellstugubreen,2015-07-01,0.012533810996080705,0.016228765908413875,-0.016917435171034806
Hellstugubreen,2015-08-01,0.08035995978244892,-0.06493044896536249,0.04963870511151144
Hellstugubreen,2015-09-01,0.11953140696642288,0.07898796663149929,0.0757183075479792
Hellstugubreen,2015-10-01,0.2947670221839772,-0.03948927274141619,0.13954780287622312
Hellstugubreen,2015-11-01,-0.042128699074287436,-0.15067709319135209,0.04127803558372114
Hellstugubreen,2015-12-01,0.002699981762646421,-0.064996662444807,-0.15376691334416573
Hellstugubreen,2016-01-01,0.30793600942292976,-0.22196628205776903,-0.17761352682413825
Hellstugubreen,2016-02-01,0.4212043049330752,0.034057349900460894,-0.2915149464090851
Hellstugubreen,2016-03-01,0.027567765004533118,0.019223697602914803,0.11160656429229489
Hellstugubreen,2016-04-01,-0.016202969860786814,-0.21745229720214213,0.0018392533082695409
Hellstugubreen,2016-05-01,0.1508491941356778,0.04398613251830752,0.013063379686256314
Hellstugubreen,2016-06-01,0.02769748021699751,-0.037986719186270716,0.005488323991884724
Hellstugubreen,2016-07-01,-0.026781757372486416,-0.07181785831504069,-0.05321814038882996
Hellstugubreen,2016-08-01,0.12799861682541602,0.00614502863625923,-0.058013146268434436
Hellstugubreen,2016-09-01,-0.05993755874772511,0.00500646041115286,0.008020785641061233
Hellstugubreen,2016-10-01,-0.11184411856719186,-0.03694892856082857,-0.018027567956321114
Hellstugubreen,2016-11-01,-0.3632246846055785,-0.005235206134767502,0.08864833573687587
Hellstugubreen,2016-12-01,-0.02773611791668228,0.2687156531267902,0.044526629931387375
Hellstugubreen,2017-01-01,-0.07540064784030943,0.5098388129425221,0.19195970096904288
Hellstugubreen,2017-02-01,-0.38607393181608335,0.41689668535589536,0.06939654146509534
Hellstugubreen,2017-03-01,-0.08911034272498157,0.4744680838675513,-0.07858707656795301
Hellstugubreen,2017-04-01,0.10098663954120175,-0.0377399930051678,-0.18200455383822
Hellstugubreen,2017-05-01,-0.003464073527032898,0.08131236710299583,-0.009350532383958905
Hellstugubreen,2017-06-01,0.04959450240192396,-0.12314002683113116,0.08938571720569825
Hellstugubreen,2017-07-01,0.06797140452440838,-0.08194779598401565,-0.021976391440195645
Hellstugubreen,2017-08-01,-0.050042232163549534,-0.03398392704697568,-0.05832152083673536
Hellstugubreen,2017-09-01,0.014660574102534385,-0.06177286048705114,0.008510293136684137
Hellstugubreen,2017-10-01,-0.19597205098853862,0.05861617633602867,0.08252096710023242
Hellstugubreen,2017-11-01,0.30349586849705457,0.02266220880088685,0.23329365342359099
Hellstugubreen,2017-12-01,-0.15576545148131818,0.13743100635055508,-0.12004259237963659
Hellstugubreen,2018-01-01,0.050579828094571094,-0.3069400584973178,0.3048299899868117
Hellstugubreen,2018-02-01,-0.45528647890061097,-0.10847878219291009,0.23726334137233893
Hellstugubreen,2018-03-01,-0.09959026543056208,-0.07848272999235544,0.1797695509740326
Hellstugubreen,2018-04-01,0.13332080877294988,0.3025582267961814,0.040135681833355155
Hellstugubreen,2018-05-01,-0.052686958891741485,-0.0755376772145529,-0.11196185004386139
Hellstugubreen,2018-06-01,-0.063058641863762,-0.050471839488461005,0.04316936120190513
Hellstugubreen,2018-07-01,-0.039316830176385216,0.006027725138916044,0.05992872407212777
Hellstugubreen,2018-08-01,0.00024036573740575962,-0.0006749635592953168,0.059708705815100044
Hellstugubreen,2018-09-01,0.08916628460753641,0.004013794307133399,0.13686152218515693
Hellstugubreen,2018-10-01,0.13166759943616152,0.034033230255333696,-0.008841099557542512
Hellstugubreen,2018-11-01,-0.06703880399771327,-0.08910872280689075,-0.2072331683650761
Hellstugubreen,2018-12-01,0.03038184266285907,-0.16850893734600167,-0.16901384137108577
Hellstugubreen,2019-01-01,-0.05722907544206066,-0.1785589186653546,0.10127901822504053
Hellstugubreen,2019-02-01,-0.10512326459612571,0.0659490976170774,0.4200338423277526
Hellstugubreen,2019-03-01,0.10727547555995047,0.02744930152319991,0.14964098588129757
Hellstugubreen,2019-04-01,0.2375785733736111,0.029235263219281632,0.046992126897219634
Hellstugubreen,2019-05-01,-0.05509760433539318,-0.05449676094354549,-0.11690653730614242
Hellstugubreen,2019-06-01,0.059396974034487814,-0.029676665761482198,0.036543907816294484
Hellstugubreen,2019-07-01,0.04589597853799223,0.05212520349142253,0.010441109855442436
Hellstugubreen,2019-08-01,-0.012238513582456423,0.020405626627232484,0.05983635784897298
Hellstugubreen,2019-09-01,-0.04297581326505539,0.13820707798359985,0.1530075633206202
Hellstugubreen,2019-10-01,0.09595817845599015,-0.09256011862379054,0.10470918434721498
Hellstugubreen,2019-11-01,-0.15642409007527716,0.11835713304190197,0.04252544903506236
Hellstugubreen,2019-12-01,-0.23619893495535513,0.05798076726123046,0.0885985063963317
Hellstugubreen,2020-01-01,-0.36407601746596274,0.31777139321986664,0.10432632387364187
Hellstugubreen,2020-02-01,-0.22729139114605354,0.43912200164841075,0.05042250548926253
Hellstugubreen,2020-03-01,-0.06223414316062245,0.23546018382009426,-0.20844305062208612
Hellstugubreen,2020-04-01,0.0649214771919518,-0.20952602265444878,-0.09793458866878386
Hellstugubreen,2020-05-01,0.1529859332636858,0.01729728252612635,0.09212285742311044
Hellstugubreen,2020-06-01,0.13623120579711787,-0.0776486318803113,0.09655030628480925
Hellstugubreen,2020-07-01,-0.005547500272001432,-0.11441681647756861,0.08734916946011873
Hellstugubreen,2020-08-01,0.030519374465994703,-0.07032645995147103,0.04093284539778555
Hellstugubreen,2020-09-01,0.10341519386737856,-0.05607132551611926,-0.05041114127092359
Hellstugubreen,2020-10-01,0.08485229251518213,0.12328864674262974,0.19780487155979076
Hellstugubreen,2020-11-01,-0.006698394731689455,0.07230878222963895,0.28140404765425925
Hellstugubreen,2020-12-01,-0.027951546272713197,0.21593311089421338,-0.16029435926902721
Hellstugubreen,2021-01-01,0.15191218432105283,0.15901188764821952,-0.11111002872860441
Hellstugubreen,2021-02-01,0.23550460700672363,0.27822206618509443,0.09198746947565888
Hellstugubreen,2021-03-01,-0.0013311220379851006,0.2240686377411615,-0.16389647063597398
Hellstugubreen,2021-04-01,0.06218496116290081,0.051868335663179305,-0.28161475634798383
Hellstugubreen,2021-05-01,-0.05059442748962186,-0.05474732264902219,0.07327631157315105
Hellstugubreen,2021-06-01,-0.047439541587521485,-0.01018318391348956,0.06638068656371272
Hellstugubreen,2021-07-01,0.004511438508049672,-0.09018755675468236,0.05759564710600464
Hellstugubreen,2021-08-01,-0.04944312021998138,-0.025046447462291812,-0.014946760549971612
Hellstugubreen,2021-09-01,0.023120104843059864,-0.019710037152776628,0.0682430471150935
Hellstugubreen,2021-10-01,0.01951216784604996,-0.002333671814716267,0.12034625320478169
Hellstugubreen,2021-11-01,0.12874597403725474,-0.04301539471115872,-0.13975192193489228
Hellstugubreen,2021-12-01,0.16187665991794853,0.08169178644574285,-0.2503288692080496
Hellstugubreen,2022-01-01,-0.0033003111878272865,-0.08108625285352954,-0.09884584639042933
Hellstugubreen,2022-02-01,0.184437928717905,-0.49318054807027245,-0.19811888407710718
Hellstugubreen,2022-03-01,0.2950862866062968,0.012378616107020764,-0.2298366341134157
Hellstugubreen,2022-04-01,0.10548035932535083,-0.0026554228084839523,0.1239457613881418
Hellstugubreen,2022-05-01,0.06836159902504074,0.10976437686521491,0.08277247597563685
Hellstugubreen,2022-06-01,0.11737377560046229,0.08058237187584727,0.06625566235922031
Hellstugubreen,2022-07-01,0.014993574720901908,0.04192603568539621,-0.029034612568986522
Hellstugubreen,2022-08-01,0.02138491678213307,0.055662678561436474,0.012996069940125329
Hellstugubreen,2022-09-01,0.035321179812314675,0.04983414819525969,-0.030356392585881475
Hellstugubreen,2022-10-01,0.03119895544917287,-0.10612443039288977,-0.05421067845567317
Hellstugubreen,2022-11-01,0.07001749899842975,-0.012864140108663566,-0.009483457017382882
Hellstugubreen,2022-12-01,0.21961301426321592,-0.07634868591129933,0.12195411659401567
Hellstugubreen,2023-01-01,-0.2816453200316615,0.15217388570760063,0.28127766668316867
Hellstugubreen,2023-02-01,-0.15757117721221173,-0.05479762946927668,0.42024416762632405
Hellstugubreen,2023-03-01,0.2605681243747004,-0.06621381072572274,-0.09626090674733952
Hellstugubreen,2023-04-01,-0.0024260156793357557,0.023305316351312375,0.027574731040717348
Hellstugubreen,2023-05-01,0.17906507832713747,0.07906317557339261,-0.02936195756433369
Hellstugubreen,2023-06-01,0.09006568979933904,0.023063286200197528,0.021183484257731217
Hellstugubreen,2023-07-01,0.08705854665975059,-0.03779733706074261,-0.07065068590431944
Hellstugubreen,2023-08-01,0.054293557575558184,-0.02787742544877997,-0.06817378118110147
Hellstugubreen,2023-09-01,-0.06897036772503147,0.04118045902843718,0.04553965642697807
Hellstugubreen,2023-10-01,0.12291621431301232,-0.06312889425724807,0.06271998953847573
Hellstugubreen,2023-11-01,0.17815290763435176,0.08756514724451497,0.059322152141030336
Hellstugubreen,2023-12-01,-0.02710614721586362,0.12712232661681758,0.1920803904633782
Hellstugubreen,2024-01-01,-0.10867616583030176,0.5259968848225832,-0.1390912670509916
Hellstugubreen,2024-02-01,-0.4210305321998498,-0.17000616523142678,-0.12865216894240442
Hellstugubreen,2024-03-01,-0.12130116567604003,0.004060563546989192,0.00740519923372097
Hellstugubreen,2024-04-01,0.08772719009946754,0.2421505523160874,0.07259732966173597
Hellstugubreen,2024-05-01,-0.20267431486234477,0.20120047639564306,0.14347815158660407
Hellstugubreen,2024-06-01,0.08024097045084723,-0.0069093623325866575,0.09705411837369089
Hellstugubreen,2024-07-01,0.12942985713100055,0.007592076210364369,-0.06880438866239645
Hellstugubreen,2024-08-01,-0.009706882244448928,0.014688523165580733,0.028752221783866567
Hellstugubreen,2024-09-01,-0.06008298847182245,0.0748610105251797,-0.03644479482585761
Hellstugubreen,2024-10-01,0.08831601776792747,0.11735172755306596,-0.002911373201564428
Hellstugubreen,2024-11-01,0.11241198424208439,-0.09593550802344313,0.3256461424000156
Hellstugubreen,2024-12-01,0.1151913136343893,0.07502447347486542,0.025152431263320073
Hellstugubreen,2025-01-01,0.19289100476163987,0.04979938950342469,0.07139229708496432
Hellstugubreen,2025-02-01,-0.1011412606755553,0.13780312430946187,0.3964307642790761
Hellstugubreen,2025-03-01,0.08493535265627959,0.12643365026156636,-0.07063171423977314
Hellstugubreen,2025-04-01,0.06378421129043875,-0.14032728890048835,-0.17095454032134208
Hellstugubreen,2025-05-01,-0.10573231018667532,-0.01688033341202221,0.08422707590019789
Hellstugubreen,2025-06-01,0.03609106644754318,0.02055376555936522,0.05420997554006166
Hellstugubreen,2025-07-01,0.10335518910858037,0.028058245979314778,0.035937840609374626
Hellstugubreen,2025-08-01,0.08077818649215267,0.03724127485880297,0.01792645819466621
Hellstugubreen,2025-09-01,0.028442525994867632,0.08960876587804491,0.08981062700926212
Hellstugubreen,2025-10-01,0.03651331293365402,-0.1331095764782829,0.03338819871876413
Hellstugubreen,2025-11-01,0.1568655202528588,0.24737916365826815,0.012408264402042693
Hellstugubreen,2025-12-01,0.14530853951135567,0.18616370842169938,0.25724766634696744
Hellstugubreen,2026-01-01,-0.04631591472923933,0.10095456691142161,0.5292677650009137
Hellstugubreen,2026-02-01,0.16099701560099886,-0.1378905822383323,0.30347215256305854
Hellstugubreen,2026-03-01,-0.08782781041203959,-0.09290086063500404,-0.02047267187089658
Hellstugubreen,2026-04-01,0.007893392858410363,-0.11439635697116675,-0.042269517112690225
Hellstugubreen,2026-05-01,-0.015903884943523645,-0.09503121886691697,-0.035913662891798585
Hellstugubreen,2026-06-01,0.01056625530174273,0.046680248088937816,-0.02753667424077148
Hellstugubreen,2026-07-01,0.034729746373379035,0.04335542540864454,-0.0439043867876632
Hellstugubreen,2026-08-01,0.08721472510161284,0.0068362150325841945,-0.007633217599916214
Hellstugubreen,2026-09-01,-0.03321450193326963,0.07966079395493443,0.041942591156155305
Hellstugubreen,2026-10-01,0.05595605779101748,-0.04021993720855583,-0.0800947508508164
Hellstugubreen,2026-11-01,-0.1413143350523452,0.13962958645858506,0.05089127203344177
Hellstugubreen,2026-12-01,-0.26082481800692603,0.030545945985529982,0.30245747833697384
Hellstugubreen,2027-01-01,-0.2773172928875263,-0.19156811663351844,0.17744024096891686
Hellstugubreen,2027-02-01,0.14284629881609032,0.14122124857523202,0.23741372169985187
Hellstugubreen,2027-03-01,-0.3939291697522531,0.3843460973490335,0.017104780591983417
Hellstugubreen,2027-04-01,-0.1621770114073733,-0.12341050233276307,0.08630939749183157
Hellstugubreen,2027-05-01,0.040243807727035154,0.09099502955281769,0.11222370223983759
Hellstugubreen,2027-06-01,-0.043554526489780594,0.05522814002429937,0.08072484453530575
Hellstugubreen,2027-07-01,0.02257454644620377,0.08085646980165866,0.07892638589397845
Hellstugubreen,2027-08-01,0.05911319465925801,-0.08975691532709039,0.03181529189225595
Hellstugubreen,2027-09-01,0.03922946607355827,-0.05295959374883136,-0.008229112370775341
Hellstugubreen,2027-10-01,0.11651409808142076,0.03466574639648922,0.1803018708719389
Hellstugubreen,2027-11-01,-0.10524473909573658,0.10457055950097079,0.2619217204134829
Hellstugubreen,2027-12-01,0.22248614610663933,0.405704742360722,0.36239134962051994
Hellstugubreen,2028-01-01,-0.33934876506602896,0.5144125338943563,0.308824243414229
Hellstugubreen,2028-02-01,-0.20152152902283713,0.12439038441641455,0.26346824271863073
Hellstugubreen,2028-03-01,-0.23663831109592937,-0.20930544387511815,0.3537954107774441
Hellstugubreen,2028-04-01,-0.03308493448339809,-0.16274615018808591,0.24051938368086712
Hellstugubreen,2028-05-01,0.1469919575135547,0.13923592843917904,-0.0009409584212973915
Hellstugubreen,2028-06-01,-0.08753878595890963,-0.009841000686643895,-0.011776761674276026
Hellstugubreen,2028-07-01,0.04891289489342921,-0.08713749872876018,0.03192443740648276
Hellstugubreen,2028-08-01,0.055204746681867756,-0.05250530942086474,-0.015388871353436051
Hellstugubreen,2028-09-01,0.023305534175522665,-0.06159873512498154,0.10080620590834792
Hellstugubreen,2028-10-01,0.07892801676520576,0.006813590562471089,-0.15988083438601267
Hellstugubreen,2028-11-01,0.04170535283167781,-0.05542331994034742,-0.33285523110101056
Hellstugubreen,2028-12-01,-0.031425582951590585,-0.24693289620876635,0.09874217841763339
Hellstugubreen,2029-01-01,0.15599332717518366,-0.06047864634424608,0.12334112862341029
Hellstugubreen,2029-02-01,0.11333066247366162,-0.000886123749963315,-0.34688029204223564
Hellstugubreen,2029-03-01,-0.21687612955034208,-0.05028320289206859,0.40937713641141293
Hellstugubreen,2029-04-01,-0.2889118255117795,0.24573043572909684,0.15535711945118805
Hellstugubreen,2029-05-01,-0.0856393000145352,0.020420994672559097,0.011066664256565833
Hellstugubreen,2029-06-01,0.09603139042099251,0.08397207153871579,0.09079324329330977
Hellstugubreen,2029-07-01,0.09815234333106025,-0.05850399960673618,0.05572920345181229
Hellstugubreen,2029-08-01,0.059652787758110115,-0.059414747020769015,0.0959470832474833
Hellstugubreen,2029-09-01,-0.1283440604949508,-0.07881593784256676,0.01803020485656896
Hellstugubreen,2029-10-01,0.02354520708430925,0.04420869782866721,0.0833462003351998
Hellstugubreen,2029-11-01,0.18353697587325216,-0.061021581313879227,0.21844203903393802
Hellstugubreen,2029-12-01,-0.19774869836938927,0.08094017897787793,0.33232510517008973
Hellstugubreen,2030-01-01,0.09939582393600094,0.006841118471324408,0.13478003836683092
Hellstugubreen,2030-02-01,-0.05777788496210457,0.13670024004084094,0.04652153174179872
Hellstugubreen,2030-03-01,-0.22060235277705895,-0.13395337180307398,0.3780879022437708
Hellstugubreen,2030-04-01,-0.0861484804263931,-0.17744266556268182,0.1938038411469972
Hellstugubreen,2030-05-01,0.05619379865328042,-0.16752624709241382,0.006091443170881112
Hellstugubreen,2030-06-01,-0.02003795925344286,-0.012909130215585264,0.1483104400811467
Hellstugubreen,2030-07-01,0.15781630728236035,0.007273621891787205,0.08386944022557802
Hellstugubreen,2030-08-01,-0.013079479707222947,-0.06107113673312516,0.03535216260786762
Hellstugubreen,2030-09-01,-0.02967321155626935,0.019512671745537193,0.09296757731823253
Hellstugubreen,2030-10-01,-0.028821416463496733,0.04458049572049059,0.010759833319882403
Hellstugubreen,2030-11-01,-0.21085330214485307,0.19141129135722137,0.27158039994988487
Hellstugubreen,2030-12-01,-0.07951734930916309,0.017540383108372994,0.1754807529927811
Hellstugubreen,2031-01-01,0.1962874133645179,0.10860126776708183,-0.014390580276910292
Hellstugubreen,2031-02-01,0.09205590991378972,0.062362441931392364,0.08326404843912026
Hellstugubreen,2031-03-01,0.101782791497593,-0.05119370247898381,0.2593540865504038
Hellstugubreen,2031-04-01,0.03430818255351193,-0.11884927042155125,0.05845703034985597
Hellstugubreen,2031-05-01,-0.06502447183910305,0.022863173246540653,0.12569362576702572
Hellstugubreen,2031-06-01,-0.10524877640746423,0.059576398960273426,0.08746898445503197
Hellstugubreen,2031-07-01,-0.10707919344212884,0.025788457697528855,0.04887597413999501
Hellstugubreen,2031-08-01,-0.05089730919609128,0.04393540073029852,0.11733692457690377
Hellstugubreen,2031-09-01,0.1086874735674736,0.008331108126133469,0.17232758271775542
Hellstugubreen,2031-10-01,-0.08276422683300245,0.0142790241361375,0.04982518477407333
Hellstugubreen,2031-11-01,0.1429765943931467,0.06713223665103764,0.15457163884422845
Hellstugubreen,2031-12-01,0.26051722994262294,0.08150889703505794,-0.013187040008711579
Hellstugubreen,2032-01-01,0.22752980883000395,0.22887394859398058,0.056554314923358634
Hellstugubreen,2032-02-01,0.5362918546010311,0.0956070559694336,0.047564027779590505
Hellstugubreen,2032-03-01,0.4371349297466873,0.12605565869198074,-0.014264362883098786
Hellstugubreen,2032-04-01,0.0759056064044329,-0.09017058540557144,-0.12047365930817018
Hellstugubreen,2032-05-01,0.09198896244042938,-0.0930434788694506,0.05018327246610072
Hellstugubreen,2032-06-01,-0.10227499114649861,0.08554376208754393,0.16690620476105825
Hellstugubreen,2032-07-01,-0.05359051809000299,0.01663862451314103,0.08116588862431541
Hellstugubreen,2032-08-01,-0.01998289559615989,0.10690026946862656,0.03259576043282233
Hellstugubreen,2032-09-01,0.06125711367140534,0.10950074039345999,0.04676901322017518
Hellstugubreen,2032-10-01,0.20989185940790697,-0.004780455600260376,0.08261278397216866
Hellstugubreen,2032-11-01,0.09884131225816582,0.14415192775847843,0.09262943076860992
Hellstugubreen,2032-12-01,-0.14883387535805362,0.3383607635976749,-0.06446560411500991
Hellstugubreen,2033-01-01,-0.09040998533224687,-0.10663632402226408,-0.19108089704977585
Hellstugubreen,2033-02-01,0.01746637009549762,0.01745339692286065,0.03145825392168432
Hellstugubreen,2033-03-01,0.20106183528455043,0.2843701546809984,-0.16039338123842659
Hellstugubreen,2033-04-01,0.1554078333859191,0.04657722905621694,-0.09505477574712727
Hellstugubreen,2033-05-01,0.17241391818722118,-0.040610698048977704,-0.04907659963652607
Hellstugubreen,2033-06-01,-0.016239608365265983,0.038659842347992766,0.03456800644108291
Hellstugubreen,2033-07-01,0.05298675938101366,-0.0025075352655495584,0.011495865354557265
Hellstugubreen,2033-08-01,0.07988329684784441,-0.0666777973125814,0.09070751070640015
Hellstugubreen,2033-09-01,-0.0028632371948030394,0.01956764804606786,0.04151472747971643
Hellstugubreen,2033-10-01,-0.0502467308537744,-0.02332161897942037,0.13578891125411655
Hellstugubreen,2033-11-01,0.1620619616304886,-0.022095840051202992,0.19985331580381613
Hellstugubreen,2033-12-01,0.2812083839059294,-0.15426017757026708,0.1562769869903934
Hellstugubreen,2034-01-01,0.32584867615585417,0.0676840266288488,0.08107359895947268
Hellstugubreen,2034-02-01,0.24944845163357754,0.005518131965542194,0.06585149275380127
Hellstugubreen,2034-03-01,-0.058258926935520976,-0.20555417254313224,-0.09082781187225726
Hellstugubreen,2034-04-01,0.07341809142393853,0.24362357547864846,-0.23295341571920658
Hellstugubreen,2034-05-01,-0.02373563312300617,-0.08161509138531035,0.038442793674956004
Hellstugubreen,2034-06-01,0.05514125847640172,0.015711412277712365,0.07904419566378511
Hellstugubreen,2034-07-01,0.11927699604467745,-0.02273248058970631,-0.016348706682150715
Hellstugubreen,2034-08-01,0.018097014965426386,0.06901667876447114,0.10959631992272778
Hellstugubreen,2034-09-01,0.01201524188446576,0.09015540403842619,0.11908755519660319
Hellstugubreen,2034-10-01,0.023984854029946438,0.05024128136180026,-0.041617534791578675
Hellstugubreen,2034-11-01,-0.09931667678745441,-0.05475460748939632,0.06868646006705846
Hellstugubreen,2034-12-01,-0.01881522997342894,-0.06534783245699538,0.20114036559727624
Hellstugubreen,2035-01-01,-0.18275377731653245,-0.11459217292558697,-0.19020934093397032
Hellstugubreen,2035-02-01,0.06203813190750241,-0.12297209104736151,0.17204885093085964
Hellstugubreen,2035-03-01,0.18634440475972583,-0.1541005536685622,0.10213231418981372
Hellstugubreen,2035-04-01,0.19440007266521686,0.017833499421455526,0.0813325008846519
Hellstugubreen,2035-05-01,0.13889943496647783,0.06073366876825078,0.0015365160590518703
Hellstugubreen,2035-06-01,0.04509059260042137,-0.0813950373949997,0.005137984720573575
Hellstugubreen,2035-07-01,-0.009808140458050462,-0.0069364855429536396,0.060330131388790266
Hellstugubreen,2035-08-01,-0.06420238378131578,0.025254044242624507,0.13706149525335068
Hellstugubreen,2035-09-01,0.018932369274272675,0.10948242094598641,0.07443753766692882
Hellstugubreen,2035-10-01,0.09399131015471458,0.027951092564695055,-0.09795626092856585
Hellstugubreen,2035-11-01,0.2937011389832848,0.14603971022447207,0.011194174044046254
Hellstugubreen,2035-12-01,-0.09993279981578979,-0.23987526360369552,-0.02520830167592579
Hellstugubreen,2036-01-01,-0.10661605775577183,-0.2555031369357687,-0.03873684071254841
Hellstugubreen,2036-02-01,-0.11932029676228832,-0.12914162919566902,-0.07898416282250742
Hellstugubreen,2036-03-01,-0.06266747216650881,-0.10784606720545042,-0.057150875882190866
Hellstugubreen,2036-04-01,0.08860964872777792,0.0038806853094306474,0.16944665500990705
Hellstugubreen,2036-05-01,0.03293721190826976,-0.04991677561535746,-0.008221829525457544
Hellstugubreen,2036-06-01,-0.03930972452546413,0.005095645393457983,0.15012105011751983
Hellstugubreen,2036-07-01,0.026465218448352895,0.1442822169451278,0.12506585384660276
Hellstugubreen,2036-08-01,0.012594491759800866,0.13998187868026624,0.09518345144541879
Hellstugubreen,2036-09-01,0.09495416997146088,0.11470351405373407,0.0046963725654371605
Hellstugubreen,2036-10-01,-0.07284868264701601,0.11379770104813784,0.07319889243478407
Hellstugubreen,2036-11-01,0.14761767643799736,0.10517742181197871,0.2100786711508148
Hellstugubreen,2036-12-01,0.3988250576507914,0.09103417754373973,-0.013661295197380428
Hellstugubreen,2037-01-01,0.22860632017688629,0.19932825763792994,0.10181335205272031
Hellstugubreen,2037-02-01,-0.40408009935475575,0.0920340808862789,-0.012190586939835185
Hellstugubreen,2037-03-01,-0.09511674963810857,0.2590949158578046,-0.01026090079534991
Hellstugubreen,2037-04-01,0.11837945294868608,0.19722011763985345,0.24322646229002456
Hellstugubreen,2037-05-01,0.012703556685293793,-0.02510374701508429,0.06628569683191006
Hellstugubreen,2037-06-01,-0.06690686355862685,-0.0071333665432415545,0.10777525433461767
Hellstugubreen,2037-07-01,-0.071287728365487,-0.012532548839250231,0.045496107859617586
Hellstugubreen,2037-08-01,0.1655833544664487,0.05253670202656955,0.10478358551905105
Hellstugubreen,2037-09-01,-0.027398692127823237,0.0756198915898649,0.09162733847632881
Hellstugubreen,2037-10-01,-0.20682344417763807,0.049463830351206994,0.11974269257315451
Hellstugubreen,2037-11-01,0.00305492708080235,0.06915160937418134,0.23468044960614218
Hellstugubreen,2037-12-01,0.27099201376491494,-0.11346171529438448,0.006417807998888977
Hellstugubreen,2038-01-01,-0.038007077981699625,0.12326692079822454,0.05657798084789478
Hellstugubreen,2038-02-01,-0.3136089815815694,0.06300910567244715,-0.2532786321041721
Hellstugubreen,2038-03-01,0.0625618390198353,0.17790324863437132,-0.22822835752818316
Hellstugubreen,2038-04-01,0.10589993746539512,0.04756725754284081,0.2727176292257367
Hellstugubreen,2038-05-01,0.1215376590687961,0.1977561836160008,0.11134246598772703
Hellstugubreen,2038-06-01,-0.0430979649621747,-0.018401985218323005,0.09754268903283048
Hellstugubreen,2038-07-01,-0.03425878663219627,0.1185946065934204,-0.018980763498592765
Hellstugubreen,2038-08-01,-0.012430976460615839,0.12283273165671844,0.0928742132002993
Hellstugubreen,2038-09-01,-0.00772827776471732,0.13278320132224844,0.06114523007618985
Hellstugubreen,2038-10-01,-0.037838649613196364,-0.0011159036777846833,0.07284929068123847
Hellstugubreen,2038-11-01,-0.26051438675085997,0.07372120511445655,0.21368325578395356
Hellstugubreen,2038-12-01,0.001484323426067899,0.16811965766379564,-0.28656579548774325
Hellstugubreen,2039-01-01,-0.053906120031075776,0.21043107405315928,-0.39652692749987817
Hellstugubreen,2039-02-01,-0.24793344601562328,-0.11158022019150793,0.3013990516574156
Hellstugubreen,2039-03-01,0.19596030960762353,-0.3858671618517695,0.19821259413010198
Hellstugubreen,2039-04-01,0.0617620244105866,-0.19200090501702483,-0.024922525375069813
Hellstugubreen,2039-05-01,0.12201680070069225,-0.09414758911075494,-0.0034999870748241616
Hellstugubreen,2039-06-01,0.017563062558363565,0.11165290735116744,-0.06519132829914875
Hellstugubreen,2039-07-01,-0.020409280714488307,0.0370402492873887,-0.09324447751416937
Hellstugubreen,2039-08-01,0.006025534621218731,0.03402193698498939,0.0369338596344121
Hellstugubreen,2039-09-01,0.008836795645885106,-0.05022493479550483,0.16482290687465873
Hellstugubreen,2039-10-01,-0.051138872475432307,-0.1265989199999957,0.09482422272074764
Hellstugubreen,2039-11-01,-0.24554738794414396,-0.07477634890045286,0.29953555786361624
Hellstugubreen,2039-12-01,-0.16685406322610832,0.25671083337138195,0.24003869835253325
Hellstugubreen,2040-01-01,-0.025338909486106582,0.006576576000732863,0.17422851057863287
Hellstugubreen,2040-02-01,-0.07059104971728146,0.022700181965815736,0.03120051084464667
Hellstugubreen,2040-03-01,-0.2635304669059235,0.17517030900370822,0.12195628124654544
Hellstugubreen,2040-04-01,0.06384950509044472,-0.015668095615769623,0.07086757177119579
Hellstugubreen,2040-05-01,-0.038695206489026863,-0.011312758131792658,0.01013614422742106
Hellstugubreen,2040-06-01,-0.024884447090569018,0.024425624347165862,0.09884098317415224
Hellstugubreen,2040-07-01,0.04031446417700551,-0.021241717917438622,0.020080111793716052
Hellstugubreen,2040-08-01,0.025765599049970823,-0.004319143294304255,-0.08040917364043389
Hellstugubreen,2040-09-01,0.006564148535724699,-0.02854012940136466,0.028790510848283723
Hellstugubreen,2040-10-01,-0.007323932504385043,0.007604808018359287,0.065161665646507
Hellstugubreen,2040-11-01,-0.14007718430307783,0.00967500248040448,0.3036897255358211
Hellstugubreen,2040-12-01,-0.37061598100122267,-0.05642028111941233,0.0061089377808553795
Hellstugubreen,2041-01-01,-0.11720978283252947,-0.1819486618825755,0.05027122109873625
Hellstugubreen,2041-02-01,-0.19004912077746092,0.01615431795399101,-0.13013364020965734
Hellstugubreen,2041-03-01,0.0340737411628595,-0.17678869315043136,0.2077735956898882
Hellstugubreen,2041-04-01,-0.06708128001185078,-0.1538533246613077,0.18747254997040552
Hellstugubreen,2041-05-01,0.10595457436919266,0.1506610274242833,0.12353124437612424
Hellstugubreen,2041-06-01,0.012523657764604816,0.08144191498350835,-0.0020955822552664893
Hellstugubreen,2041-07-01,-0.011713411708405166,-0.06014808678648148,0.030251448534822107
Hellstugubreen,2041-08-01,0.07307625881102865,0.007654752230926472,0.02946304000355847
Hellstugubreen,2041-09-01,0.18359705060416298,0.032395982613590966,0.059374533378848265
Hellstugubreen,2041-10-01,0.01657713373933815,-0.189421135857462,0.11705227072726708
Hellstugubreen,2041-11-01,-0.15143888007788614,-0.06917212296944085,0.2603774486761521
Hellstugubreen,2041-12-01,-0.2197466055836187,0.01744744014933124,0.19857880044889728
Hellstugubreen,2042-01-01,0.1556606051373161,0.21461654212791484,0.0792781818643296
Hellstugubreen,2042-02-01,0.09061290755570243,0.4640996992065503,-0.01027540169055669
Hellstugubreen,2042-03-01,-0.21618678238040387,0.23673671083929068,-0.025261379688093732
Hellstugubreen,2042-04-01,-0.11361168318654503,0.15398747845686497,-0.11608131276175189
Hellstugubreen,2042-05-01,0.02148687807228214,0.03538586990448294,0.09263236684899823
Hellstugubreen,2042-06-01,0.0733928234388603,0.01782547580886115,0.04066464173866379
Hellstugubreen,2042-07-01,0.07771268738516944,0.08581223573812041,-0.019387697106379664
Hellstugubreen,2042-08-01,0.06506271724681535,-0.03905304367021067,0.08245192874935603
Hellstugubreen,2042-09-01,0.07149933615298802,-0.08517734996525685,0.002025574779800252
Hellstugubreen,2042-10-01,-0.0990829908620664,0.021618498415870376,-0.1321357517363611
Hellstugubreen,2042-11-01,-0.024803318111368402,0.21720603108273026,0.07349298684037821
Hellstugubreen,2042-12-01,-0.2930517710963558,-0.021340570190277405,0.06130162855513574
Hellstugubreen,2043-01-01,0.1911317723416188,-0.013388971788870857,0.21161222594716053
Hellstugubreen,2043-02-01,-0.13880083464843032,0.161447375192137,0.27177015637268576
Hellstugubreen,2043-03-01,0.07286915780315462,0.012671540095183597,0.39949250842474066
Hellstugubreen,2043-04-01,-0.16434021578877206,0.19967596828926873,0.14536594694455163
Hellstugubreen,2043-05-01,0.0019074387785250984,-0.025191315412767378,0.03114046198116857
Hellstugubreen,2043-06-01,0.032453456030900885,0.06753071570313245,-0.07241745734196649
Hellstugubreen,2043-07-01,-0.07431583424032223,0.052842984448247914,-0.030953069809178575
Hellstugubreen,2043-08-01,0.04939406789391269,0.07318777499935541,-0.04137610996870356
Hellstugubreen,2043-09-01,-0.008662964204512324,0.061008483051099106,0.03535204502132342
Hellstugubreen,2043-10-01,-0.0038871898242459923,0.23826283027485542,-0.08429230534528703
Hellstugubreen,2043-11-01,-0.005382332028492383,0.0701455879874245,-0.033630432324846395
Hellstugubreen,2043-12-01,0.18255617032381197,-0.023104298938794537,-0.12355406753582598
Hellstugubreen,2044-01-01,0.2268731546920082,0.044969249858857585,-0.06676321488689554
Hellstugubreen,2044-02-01,0.42007528363374247,0.13209417813406743,0.029224349669003016
Hellstugubreen,2044-03-01,0.167060631989992,-0.34105319770857817,-0.04073698286257809
Hellstugubreen,2044-04-01,-0.19840899940339715,-0.07870289088546933,0.011323923140271022
Hellstugubreen,2044-05-01,0.14365394076964644,-0.13015219511566944,0.025203541794732318
Hellstugubreen,2044-06-01,0.06723409759818473,0.044928467964272634,0.037105499303806605
Hellstugubreen,2044-07-01,0.0024076827134695855,0.12620261918919873,0.003474419910284913
Hellstugubreen,2044-08-01,-0.052129486950249306,0.05189777071082213,0.00022255600064342157
Hellstugubreen,2044-09-01,0.07040487129610153,0.043975935890610884,-0.06434687291366763
Hellstugubreen,2044-10-01,-0.04414227752894451,0.009020133138444143,-0.043156146021141616
Hellstugubreen,2044-11-01,-0.1766945492274076,-0.09521839113056572,-0.012303251626388956
Hellstugubreen,2044-12-01,-0.11552332088386418,-0.22936340377858636,-0.2746808640638394
Hellstugubreen,2045-01-01,0.01629673329980123,-0.40169595243230577,0.024173039029902293
Hellstugubreen,2045-02-01,-0.29359143193577797,-0.1363440664503525,-0.060050269988923245
Hellstugubreen,2045-03-01,-0.23039565475114157,-0.07860378214787077,-0.11241539905577076
Hellstugubreen,2045-04-01,-0.03725460682630031,-0.05776882412932587,-0.04668497135223815
Hellstugubreen,2045-05-01,0.10624672611083363,-0.043279683565253885,0.08518488357308329
Hellstugubreen,2045-06-01,-0.051336628879365624,0.05362419959426749,0.049139030097392115
Hellstugubreen,2045-07-01,-0.005990169758436674,0.14890091604586045,-0.02403841694116607
Hellstugubreen,2045-08-01,-0.016948177092553075,0.12619759886785956,0.030597226351602166
Hellstugubreen,2045-09-01,-0.014472196336693185,0.08498339370897597,0.2055808809514331
Hellstugubreen,2045-10-01,-0.04312783437825806,0.2312724339363248,0.018838077866549258
Hellstugubreen,2045-11-01,0.16274587110932134,-0.034573832881207515,-0.06432622011119947
Hellstugubreen,2045-12-01,0.10756643986723874,-0.13226969616840845,0.19336584061804463
Hellstugubreen,2046-01-01,-0.15310632021348206,0.08147154738562544,0.3646788773165979
Hellstugubreen,2046-02-01,-0.1555827044214764,-0.36524941244917836,-0.005857849882708571
Hellstugubreen,2046-03-01,-0.007735310890851596,-0.3922520432453891,0.27512090544698403
Hellstugubreen,2046-04-01,-0.18908890207516452,0.17816879579996128,0.08137217980734002
Hellstugubreen,2046-05-01,0.05893328348504532,0.1762905218911488,-0.07652636601925017
Hellstugubreen,2046-06-01,-0.029093036036196892,0.015146672004780407,-0.032595100470732906
Hellstugubreen,2046-07-01,0.0937440749858069,0.10087650295058782,0.05188646540160147
Hellstugubreen,2046-08-01,0.01508387855511833,0.11154128831070571,-0.004134911257288573
Hellstugubreen,2046-09-01,0.0597434350098781,0.02498886637227607,-0.03720688732352158
Hellstugubreen,2046-10-01,0.14725290007001768,0.030442090969060993,-0.058729303947780344
Hellstugubreen,2046-11-01,0.24618570410284402,0.13841785344011884,-0.02810517905897332
Hellstugubreen,2046-12-01,0.05349318067258729,0.023628264879026986,-0.07080466617825866
Hellstugubreen,2047-01-01,0.223251897323647,-0.04299978363287473,0.32824189971247014
Hellstugubreen,2047-02-01,0.25138100052407575,0.40954811265096547,0.11286943035680241
Hellstugubreen,2047-03-01,-0.20621856654573525,0.006327489479311855,0.1658972415401869
Hellstugubreen,2047-04-01,-0.08085444974638213,0.10451009840377667,0.14266107401724235
Hellstugubreen,2047-05-01,-0.034557716375854565,0.005783096385242297,0.14487253151660587
Hellstugubreen,2047-06-01,-0.032804935908155315,-0.01993517498234342,-0.02264055814201711
Hellstugubreen,2047-07-01,-0.0061260510112209135,-0.027685769819339956,0.07641680257834345
Hellstugubreen,2047-08-01,0.05844272958907339,-0.0017542937323694226,-0.024853240075096938
Hellstugubreen,2047-09-01,0.03141255639004103,-0.005677864845452449,-0.07256395564851506
Hellstugubreen,2047-10-01,-0.20094804808300118,-0.11685141564551153,-0.0757181828818051
Hellstugubreen,2047-11-01,0.31391057349964696,0.026296793216307374,0.08441215756755359
Hellstugubreen,2047-12-01,0.08387188232958002,0.21853612553791626,-0.17055474767605203
Hellstugubreen,2048-01-01,-0.010672805761077972,0.2645973934797576,0.3682751078528936
Hellstugubreen,2048-02-01,0.011152103523387137,0.4386428680745696,0.5958556811423666
Hellstugubreen,2048-03-01,0.2713954067922571,0.25841525897636475,-0.06730522047614906
Hellstugubreen,2048-04-01,0.1496387143832181,0.2630377366533178,0.02222656678059956
Hellstugubreen,2048-05-01,0.05969952162490353,-0.09073390953949535,0.1446594639943771
Hellstugubreen,2048-06-01,0.056597713619283736,-0.0013595261400435553,0.04947576503349715
Hellstugubreen,2048-07-01,0.06329768558653807,0.014988197900917016,-0.08864746057435313
Hellstugubreen,2048-08-01,0.025368810790869015,0.10712364744178894,0.09034707691858358
Hellstugubreen,2048-09-01,0.08912402785935042,0.005353223585233407,-0.022512831124931187
Hellstugubreen,2048-10-01,-0.042936118702501504,0.01788189487918414,0.06132247610120728
Hellstugubreen,2048-11-01,0.2529652778864911,-0.1404741017077159,0.00038152090655460313
Hellstugubreen,2048-12-01,0.3602075590659908,0.22292574315817873,0.17333290314160474
Hellstugubreen,2049-01-01,0.3331608628516798,0.19004216136057847,-0.14273554682274633
Hellstugubreen,2049-02-01,0.151009708226941,0.042904744534899446,-0.013667561700813785
Hellstugubreen,2049-03-01,0.3928671374544768,0.16238813447582404,0.1668845650120483
Hellstugubreen,2049-04-01,0.20867636375906598,-0.03204228814978029,0.029228464878720453
Hellstugubreen,2049-05-01,-0.11414054519823065,-0.131366229344649,-0.017662353137267578
Hellstugubreen,2049-06-01,-0.0007812856663807488,-0.0690299518223584,0.07221073455697709
Hellstugubreen,2049-07-01,0.08468829568805954,-0.04452278045623829,0.02102769822834082
Hellstugubreen,2049-08-01,0.10167866384401185,-0.04377579280197417,-0.07312922863713107
Hellstugubreen,2049-09-01,0.03424944993214853,0.04681809539729409,-0.026719566795689067
Hellstugubreen,2049-10-01,-0.04213352802748663,0.2314335574755547,0.14559491946218303
Hellstugubreen,2049-11-01,-0.3328475450477975,-0.014138448250870406,0.1800915168563293
Hellstugubreen,2049-12-01,0.026295604434460523,-0.15891780437968744,0.06345233034901926
Hellstugubreen,2050-01-01,-0.09889734724744825,-0.007351887009398283,-0.17211272011637277
Hellstugubreen,2050-02-01,0.19851711759249033,0.050897398891591394,0.0052436279217225185
Hellstugubreen,2050-03-01,0.21869135799851383,-0.1009581996919973,0.2882357535813872
Hellstugubreen,2050-04-01,-0.05011060965471561,-0.14259379310013442,0.0574801668911032
Hellstugubreen,2050-05-01,0.010251614838556068,-0.02516326396520187,0.01516839144283622
Hellstugubreen,2050-06-01,0.01020120297051104,-0.05489698787992662,0.046085266789842184
Hellstugubreen,2050-07-01,0.0007902622856940759,-0.044851258444061355,-0.07544352566309513
Hellstugubreen,2050-08-01,-0.07887583844212588,0.07874783406513274,0.06588050313082881
Hellstugubreen,2050-09-01,0.03357260000704324,0.07363841861935001,0.018836805592762004
Hellstugubreen,2050-10-01,-0.07876161538712219,0.03307732457568349,0.060541614577271946
Hellstugubreen,2050-11-01,0.02633113607226187,-0.04454360100937902,0.07104137555917428
Hellstugubreen,2050-12-01,-0.21487098948028538,0.07024050361892852,0.2594012648437929
Hellstugubreen,2051-01-01,-0.29026133898884704,-0.2438623120203218,0.3874615082991304
Hellstugubreen,2051-02-01,-0.054432775460392525,-0.39154990808412204,-0.10735040652048589
Hellstugubreen,2051-03-01,0.3411023187861206,-0.09131450438740375,0.03207930195537342
Hellstugubreen,2051-04-01,-0.17934897806146965,0.22460815252410024,-0.12427374024415039
Hellstugubreen,2051-05-01,0.027276519397126203,0.1332714238317322,0.11144681893441204
Hellstugubreen,2051-06-01,-0.05417344048002839,0.06792331681961729,0.010469755370152621
Hellstugubreen,2051-07-01,-0.009505475599245083,0.07795638409796318,0.08275329469325209
Hellstugubreen,2051-08-01,0.031996717332652094,0.009080796061004561,0.04535245538930486
Hellstugubreen,2051-09-01,0.02274273029655542,0.0016388402751035206,0.056503894014657545
Hellstugubreen,2051-10-01,0.0481001656521309,-0.005060660361096721,0.03822852034108375
Hellstugubreen,2051-11-01,0.05130108415988662,-0.03254180774627138,-0.1379921324189816
Hellstugubreen,2051-12-01,0.3004150190578325,0.02479068161277244,0.18054469830669892
Hellstugubreen,2052-01-01,0.1346229290936857,0.2894441152646775,0.08313260828622171
Hellstugubreen,2052-02-01,-0.40977546716372987,0.0622191998140294,0.030677822735463628
Hellstugubreen,2052-03-01,0.07569641406490835,-0.013225655429524868,-0.18269658965410263
Hellstugubreen,2052-04-01,0.1688883422121048,-0.011135270344152312,-0.11344279801828942
Hellstugubreen,2052-05-01,-0.1431805055437276,0.11684954821523985,-0.05626569697185007
Hellstugubreen,2052-06-01,0.03432250620514107,0.033891832540164174,0.04160743527865946
Hellstugubreen,2052-07-01,0.13458876589488045,0.06562528752187365,0.012649204116062735
Hellstugubreen,2052-08-01,0.02867048435105822,0.1807089877928989,0.037140872074734106
Hellstugubreen,2052-09-01,0.01586430068127578,0.09659901306290937,-0.017031480044337615
Hellstugubreen,2052-10-01,-0.03761760647921181,0.043837346008062106,-0.04042762141111228
Hellstugubreen,2052-11-01,-0.04773040438965933,-0.13932262276832216,-0.16127382477366753
Hellstugubreen,2052-12-01,-0.15192682351714895,-0.1942075850103672,-0.21147745131801685
Hellstugubreen,2053-01-01,0.21736037694080204,-0.28399635676789,-0.09812244537433464
Hellstugubreen,2053-02-01,0.2722670657002988,-0.08347300019893024,-0.3377956676776417
Hellstugubreen,2053-03-01,-0.12904480321534614,0.11415523779851496,0.12714607781372908
Hellstugubreen,2053-04-01,-0.009997290813680757,0.1402359503284686,0.0683767292335175
Hellstugubreen,2053-05-01,-0.14107472856542902,0.17260027581062257,-0.013543330814069053
Hellstugubreen,2053-06-01,0.03371227774620445,0.06616177849742068,0.0023982929772180853
Hellstugubreen,2053-07-01,0.11813048146972942,0.005436769589588607,-0.05006357725527142
Hellstugubreen,2053-08-01,0.013387515192826207,0.09247734235801036,0.027976251626291204
Hellstugubreen,2053-09-01,0.03478407713535893,0.061066210393677746,0.01069728076624584
Hellstugubreen,2053-10-01,0.13237449781544372,-0.053329037366709596,0.06927628306495422
Hellstugubreen,2053-11-01,0.023530682638102502,0.09322845350925661,0.10050772806540124
Hellstugubreen,2053-12-01,0.030841737472510216,0.10509510015727051,0.20025488667062485
Hellstugubreen,2054-01-01,-0.014655111399756967,-0.09781918058495424,0.26445255252050176
Hellstugubreen,2054-02-01,-0.0010909646581837215,-0.2714626046035611,0.045194435252093844
Hellstugubreen,2054-03-01,-0.07908736655965158,-0.03668029838079582,0.33828985028512265
Hellstugubreen,2054-04-01,-0.10001837257700526,-0.11765148755658268,0.09911712485294816
Hellstugubreen,2054-05-01,0.14876545573705693,-0.0626854920648872,-0.020361483519527216
Hellstugubreen,2054-06-01,-0.101518064643763,0.13226057147170003,0.04201090383504458
Hellstugubreen,2054-07-01,0.03309394622979497,0.12601686570647422,0.04825347946858132
Hellstugubreen,2054-08-01,0.11405013487037041,0.04361525614413381,0.05655770683398284
Hellstugubreen,2054-09-01,0.07453731196424362,0.060166623303569554,0.004558620059494793
Hellstugubreen,2054-10-01,-0.05865055678557305,0.20722600325389648,0.06189226088373453
Hellstugubreen,2054-11-01,-0.11226559515679008,-0.009754202316786897,0.25078619638447286
Hellstugubreen,2054-12-01,0.15780325810291163,-0.19075396385920484,0.056681931587287605
Hellstugubreen,2055-01-01,0.11428360595335407,0.041930200639051236,0.11010541861555033
Hellstugubreen,2055-02-01,0.30415628569298603,0.09741459959678256,0.11842313316854725
Hellstugubreen,2055-03-01,-0.03656102741405886,0.006383193534503755,0.05296619821157878
Hellstugubreen,2055-04-01,0.19866648102198062,-0.12111815725760007,-0.17310218334761132
Hellstugubreen,2055-05-01,0.022681591159964293,0.09548181626568349,-0.02593106466938851
Hellstugubreen,2055-06-01,-0.03554351865116368,0.018697395524985422,0.024081694792330254
Hellstugubreen,2055-07-01,-0.011799536412876524,0.11087371298780624,0.050383608235720356
Hellstugubreen,2055-08-01,-0.0064696819471767725,0.0850635099836571,0.00838779183460858
Hellstugubreen,2055-09-01,-0.23629828969953223,0.13110218795982495,0.0005040711149069515
Hellstugubreen,2055-10-01,-0.05903982958614603,0.012293871260972847,-0.007774913299645729
Hellstugubreen,2055-11-01,-0.03610555131550397,0.22628003797267246,-0.04376232010565198
Hellstugubreen,2055-12-01,0.16978445795887542,0.01313341121262479,0.1717157197438641
Hellstugubreen,2056-01-01,0.13704178810527504,-0.08337168172569076,-0.21588874517279
Hellstugubreen,2056-02-01,0.2626684988379751,-0.19206763750112021,0.1197384268593454
Hellstugubreen,2056-03-01,0.211922415085071,0.009559609979866678,0.07033366936549108
Hellstugubreen,2056-04-01,-0.11909881799826748,-0.1002103149472617,-0.15397248391079973
Hellstugubreen,2056-05-01,-0.031602983671160594,0.1217325730131515,0.07633160871421575
Hellstugubreen,2056-06-01,0.09099707665865935,0.13296002478985927,0.0354219674377306
Hellstugubreen,2056-07-01,0.07048246530352292,0.10186228140072151,-0.010769078472860275
Hellstugubreen,2056-08-01,0.04195792529480844,0.09966345616613083,0.0397670280425192
Hellstugubreen,2056-09-01,-0.06957331441357685,0.14336992095081033,0.02017158287676339
Hellstugubreen,2056-10-01,-0.041160393263869076,-0.11780729688303132,0.06433499267476625
Hellstugubreen,2056-11-01,-0.20145434226705175,0.09856242291649608,0.19903083950810307
Hellstugubreen,2056-12-01,0.015749667330009185,0.2889528466361407,0.03538682597854293
Hellstugubreen,2057-01-01,0.07906045659095268,0.5721561906253866,-0.03129041238675429
Hellstugubreen,2057-02-01,-0.04887194897823257,0.2030486506683654,0.06389459867483459
Hellstugubreen,2057-03-01,-0.10850147202157963,0.054563544400043955,-0.24413415389952728
Hellstugubreen,2057-04-01,-0.03501587499549932,0.06400369619304447,-0.014075395953677725
Hellstugubreen,2057-05-01,0.08525571270697259,0.033070577220926656,-0.034777054828313295
Hellstugubreen,2057-06-01,0.0659695060681193,0.049475674018976394,0.011698170557877835
Hellstugubreen,2057-07-01,-0.053753793472576895,0.0926659704938616,0.13409305691114512
Hellstugubreen,2057-08-01,-0.03454732276349187,0.056253818576870375,0.11380340232145277
Hellstugubreen,2057-09-01,-0.0815438359511635,0.045191645711865736,0.11737700005149548
Hellstugubreen,2057-10-01,-0.10630515905374681,0.02024926324895185,-0.0763321772633493
Hellstugubreen,2057-11-01,-0.010523075759259438,0.07647420962434998,-0.10492136201738345
Hellstugubreen,2057-12-01,0.16193814436119028,0.05228610080512163,-0.0954718669253406
Hellstugubreen,2058-01-01,0.13070974784228798,-0.061268189101441446,-0.18934036045648828
Hellstugubreen,2058-02-01,0.08018357209043714,-0.11891000712854305,-0.2576943040061342
Hellstugubreen,2058-03-01,-0.3623621934534081,0.21609784057238693,-0.23429376274906658
Hellstugubreen,2058-04-01,-0.07590630428985463,0.1640174214559373,-0.36960046327299945
Hellstugubreen,2058-05-01,-0.028496404081400143,0.11334867760394474,-0.008746445847305183
Hellstugubreen,2058-06-01,-0.1563722565905058,0.07902573461452833,-0.06594650327887637
Hellstugubreen,2058-07-01,-0.030240659953458215,0.01631998237447006,-0.043663852900554655
Hellstugubreen,2058-08-01,-0.0290891965273901,-0.03581699917154205,-0.07242228771376352
Hellstugubreen,2058-09-01,-0.06623260443251709,0.04892864393929023,0.023022226156400052
Hellstugubreen,2058-10-01,0.1138092743844749,0.18089679959224156,-0.08779684376022577
Hellstugubreen,2058-11-01,-0.04830779505760193,0.18938058440594616,-0.005791001812398597
Hellstugubreen,2058-12-01,-0.1072955873314677,0.05886560939529464,-0.09544387752388683
Hellstugubreen,2059-01-01,0.3544963647343892,-0.3944797620888827,-0.04451085663554603
Hellstugubreen,2059-02-01,-0.19723085884140926,-0.014712503471328747,-0.07943499432000924
Hellstugubreen,2059-03-01,-0.08612223960203991,-0.07260970602058404,0.18647657896164938
Hellstugubreen,2059-04-01,0.10295031681724727,0.09938977294303326,0.24216016117031255
Hellstugubreen,2059-05-01,-0.05021217717720255,0.04048399907577818,-0.05487776004387701
Hellstugubreen,2059-06-01,0.21294914523092287,-0.007395211983470672,0.024641275547711075
Hellstugubreen,2059-07-01,-0.07889773679358186,-0.11986217958624827,0.027664466110672404
Hellstugubreen,2059-08-01,0.004729937845395883,-0.050108335225039914,0.028980050604627456
Hellstugubreen,2059-09-01,0.2167494798919254,0.011836247441534026,-0.008677887743401771
Hellstugubreen,2059-10-01,-0.04242007932467986,-0.09769778042040463,0.0794199020036302
Hellstugubreen,2059-11-01,-0.017530934762885086,0.1441149467775097,-0.09905991781004919
Hellstugubreen,2059-12-01,0.09127832588334762,0.018325473015017284,0.3306418994913087
Hellstugubreen,2060-01-01,-0.2666357808034337,-0.07937490855962716,0.046311872773714256
Hellstugubreen,2060-02-01,0.01133388450600605,0.15747918747921832,0.2731685416701041
Hellstugubreen,2060-03-01,-0.11458030673320162,0.16685411105975598,0.10747065881130773
Hellstugubreen,2060-04-01,0.19360982534762772,0.09258182034246677,0.0229922102602714
Hellstugubreen,2060-05-01,0.02688904843799488,0.06791936855953007,-0.04175337700748702
Hellstugubreen,2060-06-01,0.06019165683750905,0.1483623589035023,0.10243514008030914
Hellstugubreen,2060-07-01,0.03424531950621634,0.041257032212003955,0.0074706179708854984
Hellstugubreen,2060-08-01,0.06173360541352126,0.01382779497780749,0.1071019186782786
Hellstugubreen,2060-09-01,0.05408226405277844,0.020403274556441912,-0.053259248409682824
Hellstugubreen,2060-10-01,-0.11253024368878839,-0.09225418567630217,0.05623609139167226
Hellstugubreen,2060-11-01,-0.05963980406469752,-0.19224584432419842,0.1031521667651993
Hellstugubreen,2060-12-01,-0.300412235276295,0.2926562829696031,-0.22942299850321324
Hellstugubreen,2061-01-01,-0.4238010531798435,-0.11603726745959579,-0.0012806799655832753
Hellstugubreen,2061-02-01,-0.030504643226645214,-0.20201951188352962,-0.2234584091370004
Hellstugubreen,2061-03-01,0.11150464269837103,-0.09528269400480138,0.21339002477517424
Hellstugubreen,2061-04-01,-0.1588038449006163,-0.009434863613697017,0.2304422634590911
Hellstugubreen,2061-05-01,0.07536725227316647,-0.0323720070254672,0.13434337344171865
Hellstugubreen,2061-06-01,0.10879407223024817,0.1718288290059761,-0.0504456921004588
Hellstugubreen,2061-07-01,0.06304017191448855,0.10572013242041578,-0.04409663993364379
Hellstugubreen,2061-08-01,-0.022203422018420776,0.1104104071160718,-0.12461590441517463
Hellstugubreen,2061-09-01,0.055314998345272724,-0.026652136435112772,-0.06766837603660947
Hellstugubreen,2061-10-01,-0.06257491436933095,-0.027042424282459693,0.04811073384973247
Hellstugubreen,2061-11-01,-0.14616031617146952,-0.06297210920957336,0.2246364608988448
Hellstugubreen,2061-12-01,-0.17858562697067382,-0.038682176844282774,0.281987441740416
Hellstugubreen,2062-01-01,0.08527590422637776,-0.0748119339101332,0.32004615869655756
Hellstugubreen,2062-02-01,0.17482796121824537,-0.12786623330185307,0.10055703382416122
Hellstugubreen,2062-03-01,-0.0028091003661199813,0.24340662369137367,0.24927003663592076
Hellstugubreen,2062-04-01,-0.18450894781975868,0.2427001942281494,0.14550294599949198
Hellstugubreen,2062-05-01,0.048667800001306986,-0.010416650692789594,0.09778261930337585
Hellstugubreen,2062-06-01,0.03614830413474603,0.019094576204639516,0.057764656784235
Hellstugubreen,2062-07-01,0.08635800500829253,-0.0286775872831897,0.04577333694700828
Hellstugubreen,2062-08-01,0.044032016919899615,0.08873047978169385,-0.05985612821073938
Hellstugubreen,2062-09-01,0.016623615270055587,0.04943227345543157,0.03635861424472478
Hellstugubreen,2062-10-01,0.10874669219344646,0.09465976871511173,0.25651359314562444
Hellstugubreen,2062-11-01,0.055810055250194085,-0.012654283258980511,0.005773321835854978
Hellstugubreen,2062-12-01,0.19912881675942126,-0.20128604162826225,-0.024072416581096434
Hellstugubreen,2063-01-01,0.3157594437793338,-0.12559160776190278,-0.12875788843866623
Hellstugubreen,2063-02-01,0.11426701782730059,0.4056025716095026,0.20760189851287328
Hellstugubreen,2063-03-01,-0.11896226686908269,0.300365955619564,-0.20875208482094346
Hellstugubreen,2063-04-01,0.14889040546548774,0.0993716730344264,0.08997181935750358
Hellstugubreen,2063-05-01,0.013120706785027964,-0.10575594559412659,-0.05853529864972878
Hellstugubreen,2063-06-01,-0.023307782878085475,-0.06514370336336377,0.0677758144350082
Hellstugubreen,2063-07-01,-0.04834234377725568,-0.026664982765927214,0.07057443127257478
Hellstugubreen,2063-08-01,0.05438473483638864,-0.12140968280162347,0.104180061626715
Hellstugubreen,2063-09-01,0.01278781040744588,-0.07686918131723312,0.00937344109194883
Hellstugubreen,2063-10-01,-0.0443789257004066,0.1377524457590512,0.21066081816163715
Hellstugubreen,2063-11-01,0.07258957449657076,0.1274233305417122,-0.1690643137435678
Hellstugubreen,2063-12-01,-0.0396578236425673,-0.06495572838573577,0.16997337158802914
Hellstugubreen,2064-01-01,0.1602039707081407,0.06139015267813533,0.03644398808716402
Hellstugubreen,2064-02-01,0.29732450634128926,-0.011642830103836835,0.008190051522086997
Hellstugubreen,2064-03-01,0.18566499346029483,-0.09746054135273641,-0.2259896718930511
Hellstugubreen,2064-04-01,0.38052311529226274,0.08698782268288753,-0.17604499898714607
Hellstugubreen,2064-05-01,-0.011024537495208292,-0.06586061496043612,-0.06528677718209606
Hellstugubreen,2064-06-01,0.030410044556873763,0.0064406596632776295,-0.057419153144845074
Hellstugubreen,2064-07-01,-0.004325294062382856,0.06541133166009538,0.02518547500087799
Hellstugubreen,2064-08-01,0.04390865992100054,-0.014856422704369395,-3.45038272869351e-05
Hellstugubreen,2064-09-01,0.006502124394599597,-0.025345983028513725,0.10820300758958605
Hellstugubreen,2064-10-01,0.02262743350530565,0.026920628783275547,-0.021728213732779517
Hellstugubreen,2064-11-01,-0.15503771345971248,-0.016936850914476654,-0.0917950191835764
Hellstugubreen,2064-12-01,-0.018155153851221868,0.03544762016866609,-0.005156022655964936
Hellstugubreen,2065-01-01,-0.04492810757565058,0.2759375698106999,0.11676112966921558
Hellstugubreen,2065-02-01,0.254843738050092,0.17110835488442402,0.024961113107575733
Hellstugubreen,2065-03-01,0.18163865098189425,-0.1322070651227778,-0.23999365291289876
Hellstugubreen,2065-04-01,0.3246880392586051,-0.04823863101913098,-0.10296202129117156
Hellstugubreen,2065-05-01,0.1275540886960768,0.1744507212223032,0.006500779848224149
Hellstugubreen,2065-06-01,-0.03261311203250023,0.0690542141384084,0.12606944508150247
Hellstugubreen,2065-07-01,0.05414064508644315,0.07851560406921788,0.007905026300213105
Hellstugubreen,2065-08-01,-0.09584299165558878,0.06304828318503326,-0.011343428387384441
Hellstugubreen,2065-09-01,0.06302612817457916,-0.10226624585093384,-0.004286770912180069
Hellstugubreen,2065-10-01,0.11162067337515613,0.06547509257449587,0.0749260521498069
Hellstugubreen,2065-11-01,0.15436925067064308,-0.021640139881659377,0.059016497204040654
Hellstugubreen,2065-12-01,0.04503153185633659,-0.16651640512568175,0.32148198729644895
Hellstugubreen,2066-01-01,-0.0310119202341928,-0.025491572318853187,0.04685795705531315
Hellstugubreen,2066-02-01,0.21345853006787455,-0.07437259767641562,-0.09920217675363514
Hellstugubreen,2066-03-01,0.03173260959484803,0.07938831846036017,-0.09650366120510341
Hellstugubreen,2066-04-01,-0.02025235881802519,-0.28685929363034635,0.13583994963298465
Hellstugubreen,2066-05-01,0.0903295155086931,0.20312225730846736,-0.10116529410531823
Hellstugubreen,2066-06-01,0.12080836449560421,-0.06279007051092204,0.04992815826936409
Hellstugubreen,2066-07-01,-0.018173892572719914,0.05414961307394173,0.03940527358135493
Hellstugubreen,2066-08-01,0.02528292003456078,0.012362050490325904,0.007208331447082491
Hellstugubreen,2066-09-01,0.04478490524777373,0.010063036945545873,0.05550412860101186
Hellstugubreen,2066-10-01,-0.02612034518991672,-0.018525683048151376,0.011223366899151774
Hellstugubreen,2066-11-01,0.08837424993068972,-0.2937447843147338,0.025841621707195162
Hellstugubreen,2066-12-01,-0.20433257856091414,0.2019183438592459,0.06016644658092616
Hellstugubreen,2067-01-01,-0.16020029376844833,0.0023814759408425936,-0.09240163076701964
Hellstugubreen,2067-02-01,0.05382841820128409,0.005114990069701514,0.22230378864749292
Hellstugubreen,2067-03-01,0.22592256022509472,0.020194619526480263,0.3199822606078068
Hellstugubreen,2067-04-01,0.09498116053827803,-0.0748592033903654,0.039343256944949036
Hellstugubreen,2067-05-01,0.03753667132982874,-0.0377825062150245,0.1857441394618714
Hellstugubreen,2067-06-01,-0.04075521580347296,0.005379319460360896,-0.03417358072654357
Hellstugubreen,2067-07-01,0.0004630885816254068,-0.03468084336434574,0.010749431414174148
Hellstugubreen,2067-08-01,-0.01742867050205141,-0.04824992800285324,-0.09787269525636721
Hellstugubreen,2067-09-01,0.013847702133731451,0.14108156930035326,-0.06717452798544211
Hellstugubreen,2067-10-01,-0.08844140585601452,0.201530919658255,-0.07347782634760346
Hellstugubreen,2067-11-01,0.12396981743698632,-0.10094422218533367,-0.019976793229047666
Hellstugubreen,2067-12-01,0.27072492322055985,-0.020692843515309367,-0.10208288640085734
Hellstugubreen,2068-01-01,0.3577784196573306,0.14570316745257947,0.030633905638022433
Hellstugubreen,2068-02-01,-0.019323335238082048,0.26118583707431453,-0.015209450075264397
Hellstugubreen,2068-03-01,-0.17068926258861153,0.049616529580224056,-0.20392223749230598
Hellstugubreen,2068-04-01,-0.03147443413443477,-0.15529687324994515,-0.17208307102815593
Hellstugubreen,2068-05-01,0.01249821051623614,-0.05913169529806108,-0.02552727826402453
Hellstugubreen,2068-06-01,0.0926222147042322,0.08526275159977896,0.05408583379264592
Hellstugubreen,2068-07-01,0.11455265708712768,0.05763963720220561,-0.000660151941137854
Hellstugubreen,2068-08-01,-0.006946616058130753,0.09276917488405591,0.027966020743880212
Hellstugubreen,2068-09-01,-0.013312822002050972,-0.02991349799525216,-0.0364954522745886
Hellstugubreen,2068-10-01,-0.0390588517364463,0.08143712537855691,-0.048083474672072746
Hellstugubreen,2068-11-01,-0.17838148095053072,0.11523270596818369,0.10254110792760644
Hellstugubreen,2068-12-01,-0.001824223993588762,0.07557425829063323,-0.1861564885997582
Hellstugubreen,2069-01-01,-0.2376427686293714,-0.10198490506505457,-0.3436832974322088
Hellstugubreen,2069-02-01,0.4548521810182932,-0.1244198889420192,-0.416006501971363
Hellstugubreen,2069-03-01,0.018915430716937905,0.3119668264969645,-0.20686056559644683
Hellstugubreen,2069-04-01,-0.12381154864150656,0.10441475116415895,-0.23946013269080582
Hellstugubreen,2069-05-01,0.007738115824135281,0.12674004884760912,0.10401782803265236
Hellstugubreen,2069-06-01,-0.03629777916171283,0.03713688253093595,0.015215501878157444
Hellstugubreen,2069-07-01,0.0034518161228212726,0.008866943855278489,0.04772554993868509
Hellstugubreen,2069-08-01,0.06839545116182186,-0.003030051919656175,0.00427700872996115
Hellstugubreen,2069-09-01,0.007824540295411629,-0.025820442062046173,-0.04603714810297701
Hellstugubreen,2069-10-01,0.059152388711352276,-0.02322996363297314,0.0025676276601393475
Hellstugubreen,2069-11-01,0.05700465445995504,-0.09356191308201595,-0.06987571782781622
Hellstugubreen,2069-12-01,0.21612187445660166,0.0743541414269951,0.055138941157450355
Hellstugubreen,2070-01-01,-0.13429017596545834,0.015533612899918545,0.29579395425069055
Hellstugubreen,2070-02-01,0.2785659811503689,0.13737413048657443,-0.1385686460871162
Hellstugubreen,2070-03-01,-0.07319137720357922,0.27506137879978104,0.06466870899488124
Hellstugubreen,2070-04-01,0.05653291678473326,-0.03152781972583595,0.13222551933431678
Hellstugubreen,2070-05-01,-0.030907306564558635,0.013674164322622176,0.02523214038363822
Hellstugubreen,2070-06-01,0.014564318677709237,-0.12807366386898522,0.07953380617136659
Hellstugubreen,2070-07-01,0.03001444634269329,-0.08455616049481703,0.08858295856058261
Hellstugubreen,2070-08-01,0.045663963131843864,-0.15202753113045664,-0.003721777370104779
Hellstugubreen,2070-09-01,0.0052779985457602485,-0.07087008339128859,0.067156647917773
Hellstugubreen,2070-10-01,0.01128655793553685,-0.04596181298620411,-0.11838008247367808
Hellstugubreen,2070-11-01,0.013069573169876355,0.07564330087031013,-0.2172268422987574
Hellstugubreen,2070-12-01,0.011659966619703302,0.08334429144057787,0.15514261579762367
Hellstugubreen,2071-01-01,0.04890446316063193,0.26258450229712854,-0.2836225203347995
Hellstugubreen,2071-02-01,-0.05821950806965942,0.0941168191281684,-0.16141423838384172
Hellstugubreen,2071-03-01,-0.06066300774424185,0.04716799197313767,0.21844478137796788
Hellstugubreen,2071-04-01,-0.09715038673879915,0.009516540021263299,0.07430066006192793
Hellstugubreen,2071-05-01,-0.04618529602013507,0.03737021528850527,-0.14097389900806703
Hellstugubreen,2071-06-01,0.2028419723148168,0.0965099508438055,-0.07818480831592046
Hellstugubreen,2071-07-01,0.1313657150301663,-0.06770586798991801,0.003899554136808562
Hellstugubreen,2071-08-01,0.01378847510441631,-0.06999626173590152,-0.03134741500981942
Hellstugubreen,2071-09-01,0.04553466952535854,-0.04857867998908461,0.017762096967114366
Hellstugubreen,2071-10-01,0.10816288953322602,0.0449578940656247,0.07601408373485241
Hellstugubreen,2071-11-01,0.1363447191557855,0.09912593945166326,0.02464973901898486
Hellstugubreen,2071-12-01,0.13412687652559885,0.306596356918064,0.11332774327802626
Hellstugubreen,2072-01-01,-0.0026433846939253416,0.07699705132344427,-0.29574496426771973
Hellstugubreen,2072-02-01,0.025645741075583563,-0.10375584508275025,-0.07704092729408925
Hellstugubreen,2072-03-01,0.3407954901962594,-0.10798714634316255,-0.40121118933877725
Hellstugubreen,2072-04-01,-0.11004941739090078,-0.29198545914050483,-0.12462465173430952
Hellstugubreen,2072-05-01,0.13266579774774173,-0.0836463627011535,0.06706134810716116
Hellstugubreen,2072-06-01,0.08943564737522841,0.0263271735110928,0.0638476417394135
Hellstugubreen,2072-07-01,-0.04816639419508518,-0.0030258888840002797,0.1211568330913247
Hellstugubreen,2072-08-01,0.11522860031177372,-0.09107772944518705,0.033813640705260745
Hellstugubreen,2072-09-01,0.03473101290634719,-0.05747361145284716,0.030757555964885257
Hellstugubreen,2072-10-01,0.09552117276967047,0.084791150037335,0.2323800902486949
Hellstugubreen,2072-11-01,-0.16832286120418402,-0.20656801054911753,-0.033665057128128374
Hellstugubreen,2072-12-01,0.11978875755762135,-0.19206460941693126,-0.28556127026822475
Hellstugubreen,2073-01-01,0.09410708366373259,-0.2542212265762939,-0.180777256088568
Hellstugubreen,2073-02-01,-0.1867667742099016,-0.1723888916661849,0.18796660725807532
Hellstugubreen,2073-03-01,0.044475753144160246,-0.2218083867479683,-0.029632415638763242
Hellstugubreen,2073-04-01,-0.11770261552867718,0.18455423321296896,0.047517195256076956
Hellstugubreen,2073-05-01,-0.09911324231956072,0.04417119042303619,-0.004616687422099558
Hellstugubreen,2073-06-01,-0.010115556578009659,-0.031880019542310276,-0.12867170758538174
Hellstugubreen,2073-07-01,-0.05864945723313362,0.0687504478862533,-0.012902754304853803
Hellstugubreen,2073-08-01,-0.012348515751275746,-0.03798851158747762,0.0049066267996225954
Hellstugubreen,2073-09-01,0.09092596509171626,0.07031950386617451,0.011721407783087811
Hellstugubreen,2073-10-01,-0.05975457708178076,0.06419142813062138,-0.03202241026382402
Hellstugubreen,2073-11-01,-0.04773898739594523,0.05240696147044758,0.14439214046940105
Hellstugubreen,2073-12-01,0.1818786816949609,-0.19129656472765957,0.2616197785800378
Hellstugubreen,2074-01-01,0.10080408005320908,-0.04560690525489113,-0.09220659855266138
Hellstugubreen,2074-02-01,0.3649506633558177,-0.10068374604082149,-0.17126280169303953
Hellstugubreen,2074-03-01,-0.030156587475525177,-0.13353136660277345,0.058608241190130694
Hellstugubreen,2074-04-01,0.08084115201682464,0.05668118095723379,0.1608546848290919
Hellstugubreen,2074-05-01,0.07185770566779061,0.2123218225112693,-0.014882633004413679
Hellstugubreen,2074-06-01,-0.019045740232489738,-0.09669690029968454,-0.08438124462365605
Hellstugubreen,2074-07-01,0.03559636535708293,-0.028662685454643472,-0.044680768444243985
Hellstugubreen,2074-08-01,0.037740749966798756,-0.08743042361722551,-0.053490154687289265
Hellstugubreen,2074-09-01,-0.055259096727598954,-0.0697527854624434,-0.08659975084229281
Hellstugubreen,2074-10-01,0.22127702711979458,-0.00578754126308502,-0.07901006323304363
Hellstugubreen,2074-11-01,0.02769028866829606,0.14225197889296978,-0.28203418288837195
Hellstugubreen,2074-12-01,-0.05256091486733012,-0.0979514264094556,-0.1623369743887007
Hellstugubreen,2075-01-01,0.3687493940821365,-0.11145879926371859,-0.1578402391151945
Hellstugubreen,2075-02-01,0.5649418663038892,0.20844675643598887,-0.06753514670252488
Hellstugubreen,2075-03-01,0.2409249713230135,-0.010566336607467336,-0.1603735328060466
Hellstugubreen,2075-04-01,0.22491270368168567,0.22452772741146787,-0.02646946520299563
Hellstugubreen,2075-05-01,-0.005856797236316128,-0.13668006290700527,0.15835196547508404
Hellstugubreen,2075-06-01,0.026809433309887415,-0.0034933738086310867,0.0488785923664883
Hellstugubreen,2075-07-01,0.010468445010103036,-0.020176532368849007,0.13552638465153788
Hellstugubreen,2075-08-01,0.02162230835053262,-0.06865372710534613,0.00754524281932599
Hellstugubreen,2075-09-01,0.032668480709612376,0.03493183315781636,0.025824763967923558
Hellstugubreen,2075-10-01,0.2217894648701875,0.20059438938811,0.21780232803642388
Hellstugubreen,2075-11-01,0.11327687757718265,0.15992846322714196,0.08021152027982319
Hellstugubreen,2075-12-01,-0.030866971207908583,0.22271412542220156,-0.14474249766694613
Hellstugubreen,2076-01-01,-0.06995077198564463,0.007733680820441288,0.16287075829063713
Hellstugubreen,2076-02-01,-0.3663828316033892,-0.1324177150868978,0.11811301065675443
Hellstugubreen,2076-03-01,-0.24103810045709148,-0.2547296720003156,-0.0992254213011967
Hellstugubreen,2076-04-01,-0.12286650612540397,-0.04448869389791421,0.04081161725768026
Hellstugubreen,2076-05-01,0.036790963521598385,-0.09458561459448285,-0.021782579473381376
Hellstugubreen,2076-06-01,0.01795090093045158,-0.01441316539244004,-0.05158160461144748
Hellstugubreen,2076-07-01,0.03702926163490151,0.08787273469792863,0.03328453601046397
Hellstugubreen,2076-08-01,0.07302580933853604,0.11184079939146596,0.0011929974580248321
Hellstugubreen,2076-09-01,0.1113657587532459,-0.03180656928571196,0.18627902947523745
Hellstugubreen,2076-10-01,0.0858661376784663,-0.040487261151301066,0.05169085247713989
Hellstugubreen,2076-11-01,-0.15038397481691848,0.08465817145843253,-0.04000769297286989
Hellstugubreen,2076-12-01,-0.13565961802151513,0.15966809584335193,0.11342661404661825
Hellstugubreen,2077-01-01,0.30608308575908055,0.040988351655479933,0.25606564527271
Hellstugubreen,2077-02-01,0.22362022322302846,0.17410034464733382,0.16759325069771444
Hellstugubreen,2077-03-01,0.1415645733778196,-0.08767757099205852,-0.15961686043290835
Hellstugubreen,2077-04-01,-0.024164661784085734,0.2390038020358146,0.11340739828674873
Hellstugubreen,2077-05-01,-0.01585776449051723,0.04941837826525969,0.10797830053259976
Hellstugubreen,2077-06-01,0.043542250743357956,0.115539551622678,0.06536824436539503
Hellstugubreen,2077-07-01,-0.0023366791249452823,0.11890515655146387,-0.016175271554044163
Hellstugubreen,2077-08-01,-0.03151278139581253,0.06640580695744928,0.08422988207100701
Hellstugubreen,2077-09-01,0.007947667414897627,-0.03668812393741433,-0.06431814100940035
Hellstugubreen,2077-10-01,-0.04837540361587788,0.02629196612004314,-0.20452250671464248
Hellstugubreen,2077-11-01,0.2107792243338896,0.016888939283172973,-0.2236701955558628
Hellstugubreen,2077-12-01,-0.2606874799833501,0.0066918041154721,0.049177882959679876
Hellstugubreen,2078-01-01,-0.05875773713525168,0.14566379881661173,0.4109820541185199
Hellstugubreen,2078-02-01,-0.047433529647616574,-0.1264176704328364,0.18854124800701025
Hellstugubreen,2078-03-01,0.019743517321709408,-0.057984967985665624,0.23382015136663994
Hellstugubreen,2078-04-01,0.09131103018854429,0.2831149944584632,-0.06583007652644857
Hellstugubreen,2078-05-01,-0.07523472621065125,0.05415932542862142,0.03786001110835477
Hellstugubreen,2078-06-01,0.06481682270541032,0.011153856827482248,-0.011307827572737563
Hellstugubreen,2078-07-01,0.020418866660362963,-0.0231385353498801,0.0034778831099342455
Hellstugubreen,2078-08-01,0.0014764809594622005,-0.09401846714002408,0.001790458586218565
Hellstugubreen,2078-09-01,0.05580908711367371,-0.13596184896649907,-0.05750739826106941
Hellstugubreen,2078-10-01,0.12232695298577113,0.09020998742434468,0.02221778422187176
Hellstugubreen,2078-11-01,0.10508851453133246,-0.07902113809829096,-0.17717292261528547
Hellstugubreen,2078-12-01,-0.2168908676539708,-0.34001776096960196,-0.0374416924980907
Hellstugubreen,2079-01-01,-0.11375343320708048,-0.32311882158586275,-0.07270447711292344
Hellstugubreen,2079-02-01,0.21865830578391474,0.2269498978434991,0.2224094306493208
Hellstugubreen,2079-03-01,0.45887816487132405,-0.07885006041093516,-0.22602179962471391
Hellstugubreen,2079-04-01,0.05504163442125786,0.16226832888328835,-0.04209358041766955
Hellstugubreen,2079-05-01,0.15024365805049453,0.12182457159235016,0.13657444270040772
Hellstugubreen,2079-06-01,0.13969402149071833,0.003901777742567313,-0.007466851860439616
Hellstugubreen,2079-07-01,0.06702732394028459,-0.02889400498913643,-0.026608462976610927
Hellstugubreen,2079-08-01,0.005560678012498135,-0.013903134226085407,0.029347631959192197
Hellstugubreen,2079-09-01,0.06527987522190938,-0.00045284162206444173,0.009200710270242343
Hellstugubreen,2079-10-01,0.11772264147797194,-0.10650530638930815,0.04367372294366953
Hellstugubreen,2079-11-01,0.057935144140317224,-0.09377804600701227,-0.04055911292229195
Hellstugubreen,2079-12-01,0.04467234731810773,0.05330789323991101,-0.08533197673451547
Hellstugubreen,2080-01-01,-0.023264698428166666,-0.12732055106548898,-0.02190208395767422
Hellstugubreen,2080-02-01,-0.011317538699723323,-0.2431631073299373,0.26253780168478064
Hellstugubreen,2080-03-01,-0.0799461304902036,-0.2379741634364442,0.23074119652599
Hellstugubreen,2080-04-01,-0.03468714570047232,-0.19225519045174053,0.26508780589563913
Hellstugubreen,2080-05-01,-0.04506258745944589,0.036337940693288016,-0.09007083543530751
Hellstugubreen,2080-06-01,-0.0457513905817275,0.038469575839086105,-0.08516447012059349
Hellstugubreen,2080-07-01,0.06443752948544396,0.0489506640463454,0.005574934307357075
Hellstugubreen,2080-08-01,0.03363891519334308,-0.019969474525424944,-0.030709321532525997
Hellstugubreen,2080-09-01,-0.030862921493336404,-0.0458427780560798,-0.028737957666815583
Hellstugubreen,2080-10-01,0.11157918592734822,-0.07239169328764661,-0.1002598081094704
Hellstugubreen,2080-11-01,0.04457038796177185,-0.092839442102841,0.0756025675795306
Hellstugubreen,2080-12-01,0.4705688383160685,0.05434098652885656,0.009184650413182421
Hellstugubreen,2081-01-01,0.4035325509749225,0.20123020723133744,0.155225637023883
Hellstugubreen,2081-02-01,0.12056144829884179,0.10941365139514277,0.15928477876619576
Hellstugubreen,2081-03-01,-0.11322488245961304,0.019533089200187165,-0.053710699469204676
Hellstugubreen,2081-04-01,-0.15137858769328622,0.12178493443676496,0.24467634805647487
Hellstugubreen,2081-05-01,0.015347498459016428,0.07208836044808066,0.019917416509401455
Hellstugubreen,2081-06-01,0.0478476622274302,-0.017248976533821254,-0.030554428490959077
Hellstugubreen,2081-07-01,-0.016814632205148627,0.06969974476143476,0.08944551600414681
Hellstugubreen,2081-08-01,0.04246782227139797,0.1289141702265291,0.022631430205654765
Hellstugubreen,2081-09-01,0.0965952894278261,0.05883135847189833,-0.038230271690002135
Hellstugubreen,2081-10-01,-0.026666369290114334,-0.08719861916195747,0.01188471036074249
Hellstugubreen,2081-11-01,-0.13917004035814262,0.05782122064408288,-0.18969310525338293
Hellstugubreen,2081-12-01,0.1187312246075352,0.0996288255217616,-0.1577303485811334
Hellstugubreen,2082-01-01,-0.029292847100858443,-0.0029373596612069035,0.013815393110388421
Hellstugubreen,2082-02-01,-0.011440573857779255,0.008255946862583814,-0.02292174978029023
Hellstugubreen,2082-03-01,-0.19102927684544888,0.0891703700958288,-0.16193375215433412
Hellstugubreen,2082-04-01,-0.12785692294285303,0.17672329048936744,-0.02497299344815913
Hellstugubreen,2082-05-01,-0.045483667326745185,0.009807381409590853,0.08038694568912091
Hellstugubreen,2082-06-01,0.01398134509457205,0.031220023269778307,-0.019196269206593643
Hellstugubreen,2082-07-01,0.05798453455048155,-0.06460738212062661,0.08531197735010025
Hellstugubreen,2082-08-01,-0.02961318916357183,0.04199072512583263,0.0022601466419109504
Hellstugubreen,2082-09-01,-0.015612140002978824,-0.007271521758323948,0.05492873029391229
Hellstugubreen,2082-10-01,0.07813903189436561,-0.04582643668070058,-0.030264806434761943
Hellstugubreen,2082-11-01,0.009850942495443526,0.09207899710265705,0.01127238345699936
Hellstugubreen,2082-12-01,-0.129181851332246,-0.0346968600156592,-0.158699238324514
Hellstugubreen,2083-01-01,-0.1396808912408243,-0.05760798874847261,-0.10390082760153867
Hellstugubreen,2083-02-01,-0.09790550883559963,0.47854600574220907,-0.25981080758052416
Hellstugubreen,2083-03-01,0.1186360200228818,0.13348062586548767,0.06342868390834018
Hellstugubreen,2083-04-01,0.20998982151884782,0.2590713777091284,0.17604701238878306
Hellstugubreen,2083-05-01,0.12358136691182535,0.1921026404268493,0.1571250374129876
Hellstugubreen,2083-06-01,0.11359457807013794,-0.04156401091307985,0.10177337902561052
Hellstugubreen,2083-07-01,0.04607336370935796,0.026221073138153334,0.06418154152608667
Hellstugubreen,2083-08-01,-0.015017305171196796,0.05844362728926583,-0.04111154956896106
Hellstugubreen,2083-09-01,-0.005223064358686005,-0.035455354311490446,-0.09692416874397602
Hellstugubreen,2083-10-01,-0.11007381655926206,-0.03932240201642755,-0.14393350184635062
Hellstugubreen,2083-11-01,0.18313823260017217,0.06114864948008083,0.09314059207075354
Hellstugubreen,2083-12-01,0.08758370242646957,0.021679791311898188,0.05338487686153557
Hellstugubreen,2084-01-01,0.03238983611353115,-0.04176691406839955,-0.3395741920287514
Hellstugubreen,2084-02-01,0.06480421064572359,0.101174886732602,-0.029017519332184872
Hellstugubreen,2084-03-01,-0.06317994701574099,-0.019818116281167992,0.07985958206632666
Hellstugubreen,2084-04-01,0.08034200201483103,-0.12568651066104264,0.05370542518679847
Hellstugubreen,2084-05-01,0.08455927837930916,0.044221041093129715,0.06503174033112431
Hellstugubreen,2084-06-01,0.0140795361189486,-0.04132579794057734,-0.0638248638315294
Hellstugubreen,2084-07-01,0.05966977047538131,0.046212085734850694,0.06358128922763916
Hellstugubreen,2084-08-01,-0.0608231420538044,0.1676272185924634,-0.021227603707913368
Hellstugubreen,2084-09-01,0.08052394097454019,0.14828944710617495,-0.06533074412171823
Hellstugubreen,2084-10-01,0.15739210947201124,-0.03366081814051655,-0.1850021353650303
Hellstugubreen,2084-11-01,0.2918765395055741,0.0793543811812512,-0.25388317723736037
Hellstugubreen,2084-12-01,0.3453381204822156,0.18597522521758594,-0.1957630947118131
Hellstugubreen,2085-01-01,-0.0029072105623026046,0.22971409713392496,-0.08768322562691615
Hellstugubreen,2085-02-01,0.01241040540696424,0.16057001613650912,-0.25411758991961286
Hellstugubreen,2085-03-01,-0.34063698938598047,0.10622107931484942,-0.08359808487123595
Hellstugubreen,2085-04-01,-0.1713963808546903,-0.1542208960695038,-0.18057268904753632
Hellstugubreen,2085-05-01,0.1465250433501755,0.07315162157946624,-0.024439230472005285
Hellstugubreen,2085-06-01,-0.03689618584364412,0.14210594622380254,0.01211148255769702
Hellstugubreen,2085-07-01,0.010153096341483753,-0.01339283375868307,0.05504901504516729
Hellstugubreen,2085-08-01,0.04466803855001741,0.08943158893534925,0.026223278299621833
Hellstugubreen,2085-09-01,-0.05842688759853848,0.047594397809234634,-0.03666061013542107
Hellstugubreen,2085-10-01,0.04905462579067831,0.08239897962547661,-0.08213999989098497
Hellstugubreen,2085-11-01,0.07011499608568843,0.07917167028634009,-0.1126583041109101
Hellstugubreen,2085-12-01,0.006864356919850993,-0.1208686567721285,0.059288996848255816
Hellstugubreen,2086-01-01,-0.11747696177105893,-0.025550797037064883,-0.05320270415661534
Hellstugubreen,2086-02-01,0.04743781773214991,-0.14707989644339162,0.28377880567014313
Hellstugubreen,2086-03-01,0.24583303633875916,-0.04574307907927174,0.38168323277992044
Hellstugubreen,2086-04-01,-0.033152538263264385,0.2822574266037121,-0.01167078679840662
Hellstugubreen,2086-05-01,0.07569173299041757,-0.007160437575331501,0.008281936778221621
Hellstugubreen,2086-06-01,0.11963892453598164,-0.01080373417386222,-0.029818640577750716
Hellstugubreen,2086-07-01,-0.01459445827599908,0.07544152664557839,0.047552285470966654
Hellstugubreen,2086-08-01,0.04944128610196885,0.14280168436478455,0.07587835740419673
Hellstugubreen,2086-09-01,0.026142374829963677,0.04029960124210789,0.07822399363551374
Hellstugubreen,2086-10-01,0.20370202759205877,0.1311656621680492,-0.0029692998101303
Hellstugubreen,2086-11-01,0.050309317542968184,0.1300608503554774,0.06880799565030654
Hellstugubreen,2086-12-01,0.1687965275757808,-0.07488753902602595,-0.08304810117338764
Hellstugubreen,2087-01-01,0.22202022655756495,0.3238309372149679,-0.0030538704834806676
Hellstugubreen,2087-02-01,0.0909341339521873,0.3359633071561099,-0.14876693212110492
Hellstugubreen,2087-03-01,0.12225367106756198,0.059437184095167496,0.15712707336923468
Hellstugubreen,2087-04-01,0.08501504443466083,0.10584052127837897,-0.10401504578291047
Hellstugubreen,2087-05-01,0.04601163582713016,-0.030816583378511554,-0.02295273009612987
Hellstugubreen,2087-06-01,0.02789564277348829,0.05100013861768352,0.013925517034502977
Hellstugubreen,2087-07-01,0.058074508046709244,0.10315227557447786,0.02633341849643291
Hellstugubreen,2087-08-01,0.023902952513488535,0.1148429122444387,-0.01591555830144463
Hellstugubreen,2087-09-01,0.10303160371752802,-0.056807813046018896,0.003429549104610446
Hellstugubreen,2087-10-01,0.17953225121114366,-0.13816750839195044,0.16758223176950518
Hellstugubreen,2087-11-01,0.0944087814828473,-0.06696812292054971,-0.02231272248837417
Hellstugubreen,2087-12-01,-0.08481415240658403,0.005135360488314273,-0.11573545389984247
Hellstugubreen,2088-01-01,0.2663640079015548,-0.2256683343715592,0.30431545775335794
Hellstugubreen,2088-02-01,0.12757957169608258,-0.11625946955692286,0.22101150302114383
Hellstugubreen,2088-03-01,0.12701788464432065,-0.08222052266198608,0.14051792345616887
Hellstugubreen,2088-04-01,0.08233962406307044,-0.09488204312201738,0.0210419961154928
Hellstugubreen,2088-05-01,0.10203575738354391,0.09257851968656085,0.03600335688792317
Hellstugubreen,2088-06-01,-0.0033225320760763553,0.15504352820678963,-0.03887321038764208
Hellstugubreen,2088-07-01,-0.04738572711650929,0.03001048873782838,0.0636700650520509
Hellstugubreen,2088-08-01,0.0057300763571446,0.0036563232916766984,0.01417945941876156
Hellstugubreen,2088-09-01,0.11157818400888098,0.06845191451359244,0.02759373939170956
Hellstugubreen,2088-10-01,0.08140864937384786,0.11416282774963306,0.1479200904799004
Hellstugubreen,2088-11-01,0.19620749741689048,0.13801450560861808,-0.1778164830916378
Hellstugubreen,2088-12-01,-0.19034526327425927,-0.17037876035305363,-0.12339779717064775
Hellstugubreen,2089-01-01,-0.4296520094902934,-0.17612543833566982,-0.07101782742026143
Hellstugubreen,2089-02-01,-0.44463292581391456,0.028609032848179505,-0.02701253992276831
Hellstugubreen,2089-03-01,-0.07038232426342533,0.2190068374529582,0.4099169704721885
Hellstugubreen,2089-04-01,-0.042515858078316836,0.22881724479819374,0.23715884668343343
Hellstugubreen,2089-05-01,-0.12317710604160921,-0.04677034021113354,-0.06682037749269866
Hellstugubreen,2089-06-01,-0.0658925353823953,0.0856540271414738,0.05069516777836652
Hellstugubreen,2089-07-01,-0.005413940057734557,0.031432115824254196,0.05989781794848331
Hellstugubreen,2089-08-01,-0.059924843303430876,0.040970536046211425,-0.004435863530294826
Hellstugubreen,2089-09-01,0.0481236468915332,0.052878546052381764,0.03395180901111336
Hellstugubreen,2089-10-01,0.06572756475148626,0.008331706719498478,-0.12282358464938199
Hellstugubreen,2089-11-01,-0.1124434952479748,0.06363933313703594,-0.15538831853777357
Hellstugubreen,2089-12-01,0.17909615423905653,0.03188732041788681,0.13804606320496934
Hellstugubreen,2090-01-01,0.6030379999692443,0.21059640508241048,-0.18070127955935644
Hellstugubreen,2090-02-01,0.08826211747461471,-0.4279475577531581,0.030523334021184494
Hellstugubreen,2090-03-01,0.3639653537082512,-0.249499826708812,-0.007727618462510782
Hellstugubreen,2090-04-01,0.06789650020403194,-0.03074649879629972,0.19958688796498647
Hellstugubreen,2090-05-01,-0.0006196714294914475,-0.020244253108758423,-0.0712635326703371
Hellstugubreen,2090-06-01,0.07604911622030454,0.058373920247865446,-0.026634216717455545
Hellstugubreen,2090-07-01,-0.02956973940079789,0.07417899671505195,-0.04253015171603322
Hellstugubreen,2090-08-01,0.0884320680298477,-0.03529723403604817,-0.025628334051096813
Hellstugubreen,2090-09-01,-0.05234737639671624,0.06635283818162634,-0.014686131744838732
Hellstugubreen,2090-10-01,0.06233534635596114,0.1823407848565036,-0.12176716042475287
Hellstugubreen,2090-11-01,-0.1411167254161271,0.014086437280752248,-0.07328315423626407
Hellstugubreen,2090-12-01,0.13005361271596524,-0.12748404904804284,-0.008419245311836994
Hellstugubreen,2091-01-01,0.19352830843750404,-0.34723486262246483,-0.08450294394839364
Hellstugubreen,2091-02-01,-0.03182049031645597,-0.10044926088546265,-0.2871308023634002
Hellstugubreen,2091-03-01,-0.20901591985809054,0.364889072272506,-0.053239365162864566
Hellstugubreen,2091-04-01,-0.10419128542878565,-0.027726497057937737,0.07908692654239104
Hellstugubreen,2091-05-01,0.030870647627238502,0.13277995322449912,-0.014722235268616643
Hellstugubreen,2091-06-01,0.06578711584623934,-0.025216294901090022,-0.06718113748539507
Hellstugubreen,2091-07-01,-0.06684431187213856,0.0841168500436635,0.01788988181030086
Hellstugubreen,2091-08-01,0.03452382069085062,0.06810381850286594,-0.03163138108490108
Hellstugubreen,2091-09-01,0.20801330409545535,0.05537692890892141,-0.09261486379530726
Hellstugubreen,2091-10-01,-0.11002538919886151,0.17699327814543975,-0.021924515174814474
Hellstugubreen,2091-11-01,0.08416670541878181,0.12102810846972512,-0.05026954117800427
Hellstugubreen,2091-12-01,-0.05085928713806389,0.20002139843939673,0.07474885226510444
Hellstugubreen,2092-01-01,0.3461283581964513,0.010728024372159686,0.2814870785661551
Hellstugubreen,2092-02-01,0.1543217011432677,0.04344403785235792,-0.027878947644542813
Hellstugubreen,2092-03-01,0.21639534796377546,0.22017445158777046,-0.307815210365125
Hellstugubreen,2092-04-01,0.21150872800232143,0.19390299948787393,-0.06385524440353448
Hellstugubreen,2092-05-01,-0.03930381482862715,-0.0009436332402900649,0.0035561211880229364
Hellstugubreen,2092-06-01,0.02415436410441015,-0.11301458421647152,0.063085875790378
Hellstugubreen,2092-07-01,-0.04500124569160663,-0.0013123357281494303,0.07856482518787195
Hellstugubreen,2092-08-01,-0.05357261803899518,0.01038577519221206,0.12704491115151303
Hellstugubreen,2092-09-01,-0.13541440797679363,0.0036335699673474657,0.06794459630080295
Hellstugubreen,2092-10-01,0.08144006200904214,-0.1422920418041953,0.09942167094408584
Hellstugubreen,2092-11-01,0.15716391209543426,-0.021077073754336897,-0.04706359246083661
Hellstugubreen,2092-12-01,-0.17945684550490862,0.053254203928410244,0.09320757891523691
Hellstugubreen,2093-01-01,-0.094154038117974,0.30461452436560016,-0.22090084338973257
Hellstugubreen,2093-02-01,0.029442696400881763,0.09874358519200972,-0.05115010523382805
Hellstugubreen,2093-03-01,-0.015089601600032134,0.2878726425601792,-0.16167791470262863
Hellstugubreen,2093-04-01,0.18509582645217795,-0.05511812448735574,-0.2350598717810725
Hellstugubreen,2093-05-01,-0.08009675193947723,-0.1361447028908686,0.10769714930697179
Hellstugubreen,2093-06-01,-0.06945460600571872,-0.010528579934390917,-0.09845146889531146
Hellstugubreen,2093-07-01,0.01129668331874908,0.056879493795908835,0.0356716711812585
Hellstugubreen,2093-08-01,0.03945467682914719,0.008699236088824678,0.032311642992656396
Hellstugubreen,2093-09-01,-0.06338974961123921,-0.05301265556057294,0.023541680937227652
Hellstugubreen,2093-10-01,-0.19283282247593622,0.07102574601470868,0.05187466993763636
Hellstugubreen,2093-11-01,-0.16251341162249885,-0.04845821068232046,-0.03701553403988194
Hellstugubreen,2093-12-01,0.15973773666720084,0.14849881895179162,0.3710690416408429
Hellstugubreen,2094-01-01,-0.27506351571749893,-0.18535864015112336,0.054367362088194704
Hellstugubreen,2094-02-01,-0.13127524794030113,0.2784369836323127,-0.04852292567131409
Hellstugubreen,2094-03-01,0.06670019042315807,-0.04396662608779676,0.13241443697756566
Hellstugubreen,2094-04-01,0.16010762105584145,-0.12294508088082819,0.05017082670719141
Hellstugubreen,2094-05-01,-0.0518606086519764,-0.03724526818996858,-0.007822252747872271
Hellstugubreen,2094-06-01,0.07207648987899017,0.1025967085201153,-0.05300499505021956
Hellstugubreen,2094-07-01,0.030033842768708213,0.04581713430405341,-0.04961513407694975
Hellstugubreen,2094-08-01,0.06648993566709836,0.09024524157441423,0.07813697871880461
Hellstugubreen,2094-09-01,-0.005375831925665861,0.1009392358344839,-0.004527620260817877
Hellstugubreen,2094-10-01,0.12014692554436024,-0.016075235473761513,0.07737831471032915
Hellstugubreen,2094-11-01,0.10507268639191918,-0.1339640390682918,0.09581887107880922
Hellstugubreen,2094-12-01,-0.11567943861606937,0.006885815716814874,-0.13306418084237537
Hellstugubreen,2095-01-01,-0.25538792750222333,0.49601360696026475,-0.08177313320661805
Hellstugubreen,2095-02-01,-0.04728395860101531,-0.1237742253222749,0.11726665046923627
Hellstugubreen,2095-03-01,-0.11204098993554433,0.017850751095919697,0.028018354754457634
Hellstugubreen,2095-04-01,0.05929623960438685,-0.15242996046881582,0.11736044567719928
Hellstugubreen,2095-05-01,0.055595154918862945,-0.007834696801517136,0.14268476479143663
Hellstugubreen,2095-06-01,-0.03193599929374195,-0.02841006607620214,0.00234502364648864
Hellstugubreen,2095-07-01,0.09409491981970917,0.06730436516387912,-0.07093177564295561
Hellstugubreen,2095-08-01,0.12383648937116808,0.110520576941183,0.08751348256141382
Hellstugubreen,2095-09-01,-0.02142796375328643,0.022406836842996037,-0.0012128505170327022
Hellstugubreen,2095-10-01,-0.06161877609488391,-0.12117853609966754,0.1275086978231852
Hellstugubreen,2095-11-01,0.15425918196344007,-0.05561226657810917,0.09618815442822211
Hellstugubreen,2095-12-01,0.09452685423094802,0.11165571271906367,0.007975802473130433
Hellstugubreen,2096-01-01,-0.03171324452903949,-0.03481191344599493,-0.014461859596711533
Hellstugubreen,2096-02-01,-0.16224660404281585,-0.3031638225375366,0.09590011718001457
Hellstugubreen,2096-03-01,-0.04639576144873684,0.24828684176425675,-0.14590903145353773
Hellstugubreen,2096-04-01,0.20377357375904984,0.2042815853312736,-0.1300866259443477
Hellstugubreen,2096-05-01,0.046935322379871976,0.0870490710384027,-0.09244377282073496
Hellstugubreen,2096-06-01,-0.022611699872139835,-0.002710577036932862,-0.10900583445966015
Hellstugubreen,2096-07-01,-0.03970187518810869,-0.10424424009589862,0.007667945468713651
Hellstugubreen,2096-08-01,-0.05648639780693726,-0.0076033438695973345,-0.049770449619577335
Hellstugubreen,2096-09-01,-0.05690630272220639,0.12734030850440872,-0.039740023203578584
Hellstugubreen,2096-10-01,0.1981433310016092,0.012742392511244668,-0.05820299836946056
Hellstugubreen,2096-11-01,-0.052266861629563545,-0.0018911268074539508,-0.2551272461025106
Hellstugubreen,2096-12-01,0.014000393316590545,-0.24569281467223755,-0.22060430675236417
Hellstugubreen,2097-01-01,-0.08957854078424654,-0.07689127266392294,-0.1459889909387453
Hellstugubreen,2097-02-01,0.0513567678839383,-0.2267795697826682,-0.2413262927263876
Hellstugubreen,2097-03-01,0.29803730305174936,0.022395451900785898,0.09222297997306901
Hellstugubreen,2097-04-01,-0.08361987770226141,-0.2723939071115958,-0.0012948550564508
Hellstugubreen,2097-05-01,-0.0888781587759095,0.2211405460163006,-0.07109705125968614
Hellstugubreen,2097-06-01,0.09200422092578414,0.019328842501088402,-0.07146491393097133
Hellstugubreen,2097-07-01,0.08709514654882822,-0.08895082440439457,0.05015192650349076
Hellstugubreen,2097-08-01,0.04321925581458389,-0.05998497576474521,0.006400260474086636
Hellstugubreen,2097-09-01,0.12051770199570315,-0.06427692759658214,0.04923469403558666
Hellstugubreen,2097-10-01,-0.14127832711231894,0.12580752356673489,-0.015237079622221816
Hellstugubreen,2097-11-01,0.0839191104508733,-0.07092383857814576,-0.20090288181208912
Hellstugubreen,2097-12-01,0.030882753106992917,-0.004094485298843403,-0.06345748080873398
Hellstugubreen,2098-01-01,0.09749870571556048,-0.2229078686404088,-0.31633156623939834
Hellstugubreen,2098-02-01,-0.10125642756698357,0.02520975715776062,-0.30024736632327353
Hellstugubreen,2098-03-01,0.19572357039433852,-0.40332717471314145,-0.14262316076595688
Hellstugubreen,2098-04-01,0.13428881738602982,0.03653530574602437,-0.08746000164606867
Hellstugubreen,2098-05-01,-0.02466190826162565,-0.05914470441685874,-0.0507433712176508
Hellstugubreen,2098-06-01,0.035403438717959874,0.14986632319355533,0.10246692975567444
Hellstugubreen,2098-07-01,0.023291310258036758,0.09124565690035351,0.05765080252139774
Hellstugubreen,2098-08-01,0.06978262281659466,-0.025810460663724135,-0.018824950612366147
Hellstugubreen,2098-09-01,0.07057962098451737,-0.058537617658365966,-0.11443352518374433
Hellstugubreen,2098-10-01,0.10238433730324385,0.11791932707097381,-0.056841652626747084
Hellstugubreen,2098-11-01,0.3445932334417354,0.035357951183954774,0.03539570344774856
Hellstugubreen,2098-12-01,-0.002614361352295081,0.14839948706487582,0.08773087005003442
Hellstugubreen,2099-01-01,-0.3570409100996719,0.1324862117231199,0.007012337501762026
Hellstugubreen,2099-02-01,-0.01181517680771016,-0.1192722650233361,-0.2670309891535247
Hellstugubreen,2099-03-01,-0.002180033743651696,0.03666594078302441,-0.17337577945476712
Hellstugubreen,2099-04-01,0.16350695948224822,-0.0026634480784716516,0.06311493671913383
Hellstugubreen,2099-05-01,0.08623074400867296,-0.08871205602661549,0.003624385918458522
Hellstugubreen,2099-06-01,0.06643805688434763,-0.07903785675254074,0.017372694433891448
Hellstugubreen,2099-07-01,-0.0014841207459407636,0.06063152229447327,-0.012304461215213724
Hellstugubreen,2099-08-01,0.02693805186202843,0.10934451672612566,0.08978496228376069
Hellstugubreen,2099-09-01,-0.009301786490767261,0.02056498164549525,0.11593824473610807
Hellstugubreen,2099-10-01,0.1091440235736046,0.0153804374149987,0.05052562845850137
Hellstugubreen,2099-11-01,0.03751353127345448,0.14739967545371546,0.18396743431720053
Hellstugubreen,2099-12-01,-0.014816501452359854,-0.1463449607854204,-0.09085939475497905
Hellstugubreen,2100-01-01,0.04224590121100511,0.17094272957126155,0.23655125781227562
Hellstugubreen,2100-02-01,-0.19702880512206614,-0.1310973048124558,0.1950473545298119
Hellstugubreen,2100-03-01,-0.16154562052727223,0.01771592435497461,-0.07658285909909607
Hellstugubreen,2100-04-01,-0.06758931641524013,0.07355459400484089,0.05246179145439502
Hellstugubreen,2100-05-01,0.02304092147235644,0.05224195234964842,-0.015307975806261467
Hellstugubreen,2100-06-01,0.09381187828470379,0.042574817997787555,0.04263081574822808
Hellstugubreen,2100-07-01,-0.01866235210574824,0.03334738143295651,0.07496343214094024
Hellstugubreen,2100-08-01,-0.06979724869455493,-0.06525454282542209,0.11792260299078089
Hellstugubreen,2100-09-01,0.006052509780983064,0.0672921208504708,0.03970491051384708
Hellstugubreen,2100-10-01,-0.12291083315339563,0.004696194959891661,-0.015199529011952526
Hellstugubreen,2100-11-01,0.1533715224445973,-0.0008868809907867694,-0.1451808583620889
Hellstugubreen,2100-12-01,0.13784600871872474,-0.07997804166777019,-0.23971326386563385
Langfjordjokelen,2015-01-01,-0.03927446425919708,-0.12086601147822745,-0.11742940105077188
Langfjordjokelen,2015-02-01,0.07392823249355165,0.037578718128734166,-0.009174703350188166
Langfjordjokelen,2015-03-01,-0.032089477131781764,0.0009002851930721307,-0.07322429124227549
Langfjordjokelen,2015-04-01,0.14759057075620932,-0.12912021554649158,-0.10442641619088049
Langfjordjokelen,2015-05-01,0.09305474694366274,-0.06872175759753861,-0.04325181864248253
Langfjordjokelen,2015-06-01,-0.04461812809451778,-0.11256378807084522,0.01224960495159301
Langfjordjokelen,2015-07-01,0.002266271548490411,-0.007898280352143744,0.009440501348262645
Langfjordjokelen,2015-08-01,-0.03604453243054514,-0.09991479980258362,-0.010554165840032563
Langfjordjokelen,2015-09-01,0.0307940168851769,-0.06759977041459601,-0.1528322918348607
Langfjordjokelen,2015-10-01,-0.024636228234690402,-0.05457763395959938,0.02174046706902349
Langfjordjokelen,2015-11-01,-0.1845714451487718,-0.0022064146557557195,-0.038096637555506456
Langfjordjokelen,2015-12-01,-0.19663799768763568,-0.11941949235433418,0.038035328207390175
Langfjordjokelen,2016-01-01,-0.06635998373781328,-0.0633032122141723,0.049306056616429804
Langfjordjokelen,2016-02-01,0.06319331898991302,0.018121080016569795,0.010809537958638338
Langfjordjokelen,2016-03-01,-0.05763723810741275,-0.025229181591560984,-0.1196131820538377
Langfjordjokelen,2016-04-01,-0.0465740381274966,-0.04117708613931439,-0.11704668323407164
Langfjordjokelen,2016-05-01,0.009045598621935528,-0.09528469471664908,-0.07270618532911333
Langfjordjokelen,2016-06-01,-0.03857775814648445,-0.036849863200347055,-0.03554280822526006
Langfjordjokelen,2016-07-01,-0.031698042775994244,-0.06502296838480963,-0.07227952375152887
Langfjordjokelen,2016-08-01,-0.0693653520033587,0.013526006284730219,-0.04145999350507242
Langfjordjokelen,2016-09-01,-0.08410223814409445,-0.15797219442699215,-0.08157911465707683
Langfjordjokelen,2016-10-01,-0.06578051144685428,0.023658749031359286,-0.04739124007956613
Langfjordjokelen,2016-11-01,-0.08985836066515203,-0.09212519707164597,-0.09754020666527428
Langfjordjokelen,2016-12-01,-0.041237405314072245,-0.05985446508117633,0.015716500539221162
Langfjordjokelen,2017-01-01,0.03657392256171765,-0.1026720435096977,-0.03333961364028452
Langfjordjokelen,2017-02-01,-0.02232933009457642,0.024452123643867587,-0.0163735037252536
Langfjordjokelen,2017-03-01,0.07802649243274713,0.02248166544709848,0.08170414425650756
Langfjordjokelen,2017-04-01,-0.07912279381603092,0.010088264742078476,0.07760954591244086
Langfjordjokelen,2017-05-01,0.02278019736793895,-0.07874783990252353,-0.023122993664667583
Langfjordjokelen,2017-06-01,-0.005196179038222728,-0.0090252307873368,-0.04552321832661784
Langfjordjokelen,2017-07-01,0.022141944070588476,-0.0331703326145511,-0.040602390473269294
Langfjordjokelen,2017-08-01,-0.17111191412409343,-0.05853090042637899,-0.09792042430123349
Langfjordjokelen,2017-09-01,0.05853548006378759,-0.08017160576137815,-0.010102729403578448
Langfjordjokelen,2017-10-01,0.06883479283847241,0.16274744111301012,-0.05831685616259066
Langfjordjokelen,2017-11-01,-0.09919016390830225,-0.08877852690917591,-0.06815584217295852
Langfjordjokelen,2017-12-01,-0.07169099253232149,-0.0513289292468711,0.03296795588039208
Langfjordjokelen,2018-01-01,-0.029970248783433406,0.0045428518119586744,-0.10058464875167265
Langfjordjokelen,2018-02-01,-0.047497320219421706,-0.09939286005751635,-0.024791571057456357
Langfjordjokelen,2018-03-01,-0.12754271850616183,-0.006659781832375279,-0.00479711737155205
Langfjordjokelen,2018-04-01,-0.007199156469410793,-0.09239619688477103,-0.11458210053561046
Langfjordjokelen,2018-05-01,-0.002500974211026165,-0.011848503253998123,-0.009151814320161199
Langfjordjokelen,2018-06-01,0.009756682944494187,0.10918173746822507,-0.11742721161368684
Langfjordjokelen,2018-07-01,-0.06193721061115798,0.018432970932219704,-0.08149081553307669
Langfjordjokelen,2018-08-01,0.09462438780905204,0.060855116174683054,-0.07788727343433889
Langfjordjokelen,2018-09-01,0.01830862516686631,-0.042471373029334285,-0.05071604391485476
Langfjordjokelen,2018-10-01,-0.01778335297948556,-0.013351169861774715,-0.20042229317751356
Langfjordjokelen,2018-11-01,-0.047518800125240714,-0.07293077589869555,-0.306996341927584
Langfjordjokelen,2018-12-01,-0.039782181518795055,-0.14372028883462684,-0.1931494213312043
Langfjordjokelen,2019-01-01,0.02525309760824448,0.13129135554579174,-0.058163353075847
Langfjordjokelen,2019-02-01,-0.1898471515767429,-0.03934010872043343,-0.0034484327611061425
Langfjordjokelen,2019-03-01,-0.003308291197229319,-0.10583190483207583,-0.0685222824824485
Langfjordjokelen,2019-04-01,0.07282915319472862,-0.07482875984173541,-0.03827836258777679
Langfjordjokelen,2019-05-01,-0.08706623269488466,-0.00564346353917005,-0.03322335777956746
Langfjordjokelen,2019-06-01,-0.08296442279183248,-0.017410473628261005,-0.04394750002213177
Langfjordjokelen,2019-07-01,0.0012670082546496278,-0.050092820768495305,-0.08664607577556982
Langfjordjokelen,2019-08-01,-0.12775243070569062,-0.04371666330863094,-0.12555501417022116
Langfjordjokelen,2019-09-01,-0.0480383496061118,0.014007451215842482,-0.06222597808940963
Langfjordjokelen,2019-10-01,0.06746699442597463,-0.12685596877310404,-0.1633075720574065
Langfjordjokelen,2019-11-01,-0.11880382668915462,-0.0254440384796992,-0.019518604971726663
Langfjordjokelen,2019-12-01,0.14364520868204628,0.045969412458475134,-0.11422985244943006
Langfjordjokelen,2020-01-01,0.1643904087081227,0.21481120051398847,-0.132607111416574
Langfjordjokelen,2020-02-01,0.030930034229489076,0.01792673404383952,-0.10797328938730101
Langfjordjokelen,2020-03-01,-0.18350150972608156,0.07529729701524611,-0.08425880376154686
Langfjordjokelen,2020-04-01,-0.097357549655537,-0.1105838496753796,0.024411127016490227
Langfjordjokelen,2020-05-01,-0.048014586661552484,-0.02006239919806321,0.01239350617271714
Langfjordjokelen,2020-06-01,0.07166580012270575,0.021739005522522892,-0.12080079719898308
Langfjordjokelen,2020-07-01,-0.07423850906203566,0.04598209630820855,-0.01576494908962661
Langfjordjokelen,2020-08-01,-0.004221025760927702,0.01901643232725249,-0.023312396918861417
Langfjordjokelen,2020-09-01,0.08894131506658966,-0.04299963526493442,-0.12368359392308094
Langfjordjokelen,2020-10-01,0.0880895462060083,-0.22973555808857357,-0.10536393338145895
Langfjordjokelen,2020-11-01,0.026308606603108648,-0.015412338973933007,-0.1122824304849918
Langfjordjokelen,2020-12-01,-0.16285726500781159,0.1120958411739378,0.13825511552300854
Langfjordjokelen,2021-01-01,-0.012998886114993037,0.059761251984762204,-0.1304628688543391
Langfjordjokelen,2021-02-01,0.04060725504458543,-0.12374766878472472,0.01663847663594013
Langfjordjokelen,2021-03-01,0.12086923129168232,-0.11652290997293457,0.05996015899536533
Langfjordjokelen,2021-04-01,-0.06733809283874674,0.05828231558666915,0.015256803269204857
Langfjordjokelen,2021-05-01,-0.13231774741161753,-0.07938699226529801,0.009370179146802321
Langfjordjokelen,2021-06-01,-0.10904867758026189,-0.09526464716851692,0.04213929248015862
Langfjordjokelen,2021-07-01,-0.034529368537919436,-0.018910832346629557,0.012216242408626371
Langfjordjokelen,2021-08-01,-0.017836100651235694,-0.017686591862503192,-0.10269895421857843
Langfjordjokelen,2021-09-01,0.03441117645795499,-0.03100945696260569,-0.22857649142947015
Langfjordjokelen,2021-10-01,-0.08120747016269747,-0.08268527269634997,0.10278570431433703
Langfjordjokelen,2021-11-01,-0.15168404244111341,-0.018905251778568458,0.07827193895626326
Langfjordjokelen,2021-12-01,-0.046964614223889777,-0.10216580704416366,-0.018146475136162993
Langfjordjokelen,2022-01-01,-0.08053391899709707,-0.07083402047351443,0.01608601800927303
Langfjordjokelen,2022-02-01,0.049711467538022525,0.09914415036699063,0.0018412081763107616
Langfjordjokelen,2022-03-01,-0.17511107726662922,0.029973792477303477,0.004918877475080348
Langfjordjokelen,2022-04-01,-0.16781681985361008,-0.11396756722884906,0.020007103574160464
Langfjordjokelen,2022-05-01,-0.04747329218169504,-0.03840975875364103,-0.028787543317268783
Langfjordjokelen,2022-06-01,-0.05227524600470851,-0.031513045917633035,0.06992555771192854
Langfjordjokelen,2022-07-01,0.0032009459845926333,-0.04478525640287292,-0.07801151630631693
Langfjordjokelen,2022-08-01,-0.061307378994204666,-0.04579299466554159,-0.23933878683735801
Langfjordjokelen,2022-09-01,-0.165474257051786,-0.020566683133752785,0.027155226059845727
Langfjordjokelen,2022-10-01,-0.032900105411409426,-0.13011144309129474,-0.007715257206436728
Langfjordjokelen,2022-11-01,-0.13536042732623396,0.03157765619292482,-0.03495037400829897
Langfjordjokelen,2022-12-01,-0.008748597272666544,-0.2017160774255716,-0.12941759904517655
Langfjordjokelen,2023-01-01,-0.11521593078950443,-0.05105057801180446,-0.1291576274390994
Langfjordjokelen,2023-02-01,-0.07555320444646413,-0.12207107391093462,0.024024732869013077
Langfjordjokelen,2023-03-01,-0.07963887222692538,0.03887418938065395,-0.12073126309521537
Langfjordjokelen,2023-04-01,0.007515828570594782,-0.048472204043110194,-0.06475522109777473
Langfjordjokelen,2023-05-01,-0.008970543443276318,0.055698030207961415,-0.04417879012350969
Langfjordjokelen,2023-06-01,0.06761506579690812,-0.13184348152391628,0.0016618370256507795
Langfjordjokelen,2023-07-01,0.051906000341918584,-0.005804970985333699,-0.01705132047089508
Langfjordjokelen,2023-08-01,-0.002287159122973723,-0.03817710202288966,-0.0031922992352664942
Langfjordjokelen,2023-09-01,-0.1020321784247733,0.05894267405203286,-0.15565625433790276
Langfjordjokelen,2023-10-01,-0.057931889242192496,-0.026585725553395733,-0.12465675058810292
Langfjordjokelen,2023-11-01,0.09598195352686045,0.09475950174208943,-0.16264360114446433
Langfjordjokelen,2023-12-01,-0.05966820491153896,0.08664876011885113,0.014946157508268984
Langfjordjokelen,2024-01-01,0.026718406391319394,-0.06224956102110505,0.10779190841530055
Langfjordjokelen,2024-02-01,-0.05083978553976027,0.1404518893771198,-0.05104586732531605
Langfjordjokelen,2024-03-01,0.12057864956320478,-0.14209769823236976,0.021245930714395452
Langfjordjokelen,2024-04-01,-0.036746575855948684,-0.01656761815312573,-0.1244607936769469
Langfjordjokelen,2024-05-01,-0.013546884483545353,0.04899798345057327,-0.008524241256011573
Langfjordjokelen,2024-06-01,0.09667187171557151,-0.07377190142310679,-0.07507868300529523
Langfjordjokelen,2024-07-01,-0.02287259425029842,-0.06959097425064552,-0.0384942062138051
Langfjordjokelen,2024-08-01,-0.07736359301290037,0.03701359566255682,-0.017104260694710535
Langfjordjokelen,2024-09-01,-0.0096637976746069,-0.1615974669348294,-0.025021219340016804
Langfjordjokelen,2024-10-01,-0.010375627310854204,0.03452094504088325,0.048146096137772404
Langfjordjokelen,2024-11-01,-0.02759644441195393,-0.010427561877185167,-0.07372654383535648
Langfjordjokelen,2024-12-01,-0.20582854075589252,0.04348018277469379,0.009887688765240725
Langfjordjokelen,2025-01-01,0.06443742713737653,-0.12320370650886325,-0.09962650630834656
Langfjordjokelen,2025-02-01,0.050126663279227913,0.061564278525961545,-0.060427003949319824
Langfjordjokelen,2025-03-01,-0.058554979089657476,-0.22573704067633274,-0.054980681848978835
Langfjordjokelen,2025-04-01,-0.10182914339823253,-0.05650054283123945,0.029270549573945318
Langfjordjokelen,2025-05-01,-0.12142292742503187,-0.09095602164610415,-0.01623204658775072
Langfjordjokelen,2025-06-01,-0.0346892144501269,-0.0546015439930164,-0.047832311635431495
Langfjordjokelen,2025-07-01,0.16323913133672346,-0.14227592978258627,-0.10414623313669924
Langfjordjokelen,2025-08-01,-0.09863047965904935,-0.08634395278581075,0.0248127566459634
Langfjordjokelen,2025-09-01,0.10165190435236504,-0.046279173041790335,0.03643310965737904
Langfjordjokelen,2025-10-01,-0.19499625306563498,0.03186084244910623,-0.12325728057135445
Langfjordjokelen,2025-11-01,0.07595964402697729,0.00716744861887738,-0.07352681294508767
Langfjordjokelen,2025-12-01,0.060028705930988774,-0.015792967101272377,0.07888421829752539
Langfjordjokelen,2026-01-01,-0.06672405914679085,-0.024925801776338227,0.026693505003457848
Langfjordjokelen,2026-02-01,-0.0009589156158365877,-0.12694776977483813,0.02686906801334223
Langfjordjokelen,2026-03-01,-0.09101133098177201,-0.0013440719508135274,-0.029454719770712748
Langfjordjokelen,2026-04-01,-0.0778860038262821,-0.04701703265093837,-0.03894496533976206
Langfjordjokelen,2026-05-01,0.013093687093702344,0.06352704429982019,-0.033985386911643045
Langfjordjokelen,2026-06-01,0.011877513027872275,0.12930087555664552,0.01398285329643246
Langfjordjokelen,2026-07-01,-0.07147052203615419,0.01611202902777355,-0.09478729673333021
Langfjordjokelen,2026-08-01,0.08038433051703554,0.02971949749381877,-0.05037370465975064
Langfjordjokelen,2026-09-01,0.018625925171041887,-0.0402663050402897,-0.15083507329719006
Langfjordjokelen,2026-10-01,0.056923871197067454,0.04246028805510976,-0.02827935163802751
Langfjordjokelen,2026-11-01,0.032057268984658466,0.016477110236910644,0.08571607861287867
Langfjordjokelen,2026-12-01,-0.08174701920030238,0.07464973641277702,-0.08919824496784867
Langfjordjokelen,2027-01-01,-0.03920518501740014,-0.043601675986801085,0.06914833083359938
Langfjordjokelen,2027-02-01,0.004482500945289451,-0.012932828316668268,-0.08464556732586752
Langfjordjokelen,2027-03-01,-0.1270009834006123,0.18125732457018282,0.0457614058981081
Langfjordjokelen,2027-04-01,-0.0764869939711228,0.04941166947312286,-0.009344383861362755
Langfjordjokelen,2027-05-01,0.06423074873942737,-0.04589618857447203,-0.06448612644587033
Langfjordjokelen,2027-06-01,-0.10232825999295038,0.016951982291241785,0.10660329978748014
Langfjordjokelen,2027-07-01,-0.029908865104565686,0.01648917745611672,-0.02027742623963391
Langfjordjokelen,2027-08-01,-0.05519571483634981,-0.04746647719973845,0.035080815082397326
Langfjordjokelen,2027-09-01,-0.09059519357137373,-0.11667010658542555,-0.005711181773773011
Langfjordjokelen,2027-10-01,0.025424249700273252,0.12942051412504263,-0.1151438028963957
Langfjordjokelen,2027-11-01,0.016389349775677114,0.11366074120247453,-0.01638878286400163
Langfjordjokelen,2027-12-01,-0.08597385646845568,0.051122173308579155,0.009911123141713033
Langfjordjokelen,2028-01-01,-0.10876585061931891,-0.07138648067179791,-0.01272486053099735
Langfjordjokelen,2028-02-01,0.014453038482311132,-0.0343303163333657,0.044381783204365616
Langfjordjokelen,2028-03-01,-0.07424902690965303,-0.018489115563257906,-0.020223967535351783
Langfjordjokelen,2028-04-01,-0.017649558280989557,-0.03884896550677847,-0.11084386216043367
Langfjordjokelen,2028-05-01,-0.13657157666000855,-0.07363706305085697,0.04578554873872661
Langfjordjokelen,2028-06-01,-0.03367886212992636,0.0368403403011383,-0.06371710461415565
Langfjordjokelen,2028-07-01,0.024917454879156403,-0.005642882125082585,-0.06659404322681953
Langfjordjokelen,2028-08-01,-0.08620320014815759,-0.092450510453756,-0.02642484253238696
Langfjordjokelen,2028-09-01,-0.10853182285107554,-0.04433993389752128,-0.16936759563311676
Langfjordjokelen,2028-10-01,0.04525460742156697,-0.12451480056968378,-0.03720283583155034
Langfjordjokelen,2028-11-01,-0.06825981240795435,-0.022984386487177936,-0.005115895130138488
Langfjordjokelen,2028-12-01,0.06802222682022778,-0.11482466693729071,-0.10785585092228038
Langfjordjokelen,2029-01-01,-0.019753694745095963,-0.1295352249301662,-0.0639347494855911
Langfjordjokelen,2029-02-01,-0.17315498127900683,-0.06156233447265954,-0.018334465698916776
Langfjordjokelen,2029-03-01,-0.0255116672963403,0.0017581279335809052,-0.0854279674250556
Langfjordjokelen,2029-04-01,0.07467914098641922,0.012749623572391231,-0.06213977730393664
Langfjordjokelen,2029-05-01,0.03256187063970903,-0.11411262839183704,0.07870867399554822
Langfjordjokelen,2029-06-01,0.04923694128082066,-0.07721797764566514,-0.12491435341819317
Langfjordjokelen,2029-07-01,-0.028394369152745288,-0.04132898456984683,-0.013347438741793923
Langfjordjokelen,2029-08-01,-0.08207559491341983,-0.009190392971784976,-0.047349124869059296
Langfjordjokelen,2029-09-01,-0.03648092204243802,-0.02471959611224382,-0.11541003493788238
Langfjordjokelen,2029-10-01,-0.09238173160591462,-0.04851967172037706,-0.07121933285236087
Langfjordjokelen,2029-11-01,0.01644465479906178,-0.0479130022158328,-0.1732033080785286
Langfjordjokelen,2029-12-01,0.05968289122719194,-0.04374276405514451,-0.03880669983586898
Langfjordjokelen,2030-01-01,-0.0048495371747329956,0.01999403610960893,-0.15357423772395037
Langfjordjokelen,2030-02-01,-0.05678501585829243,0.01640455900456847,-0.041841083663241456
Langfjordjokelen,2030-03-01,-0.03288044082820838,-0.13050354074803153,0.04939694213987115
Langfjordjokelen,2030-04-01,-0.12691793617014105,0.15804006307012017,0.02128648179386049
Langfjordjokelen,2030-05-01,0.08335370616278248,-0.057529851916518,0.03590532870521101
Langfjordjokelen,2030-06-01,-0.08862245508876433,0.021397223232012094,0.01322566495191095
Langfjordjokelen,2030-07-01,-0.07168309402429662,-0.04458931669726838,-0.07882949925401013
Langfjordjokelen,2030-08-01,0.007819375544751652,-0.007004985847896603,0.06660615901198606
Langfjordjokelen,2030-09-01,-0.04423836067381818,-0.15471553812826236,-0.15144645382655011
Langfjordjokelen,2030-10-01,-0.01946802352861694,-0.04881405260537778,-0.07377285957288117
Langfjordjokelen,2030-11-01,-0.010614370981002949,-0.14837524605937988,0.03507074343284456
Langfjordjokelen,2030-12-01,-0.042744972840288976,-0.02709984897165151,-0.09675541703259156
Langfjordjokelen,2031-01-01,-0.06488665742682871,-0.12186841132796235,-0.0899562967573449
Langfjordjokelen,2031-02-01,-0.11272708959274115,0.02942818141068353,0.12537575660938202
Langfjordjokelen,2031-03-01,-0.10057740390482102,-0.10630749643510623,0.00533477934735932
Langfjordjokelen,2031-04-01,-0.07495400269793041,-0.0055616165843142855,0.01148170877285893
Langfjordjokelen,2031-05-01,-0.10353988887120341,-0.05215269467903447,-0.12694228656001674
Langfjordjokelen,2031-06-01,-0.10689142988772217,0.039018679983958374,-0.1918771633408293
Langfjordjokelen,2031-07-01,0.05211708998853002,0.05987961365356007,0.043235528520316334
Langfjordjokelen,2031-08-01,0.0684391844691212,-0.0963252134388874,-0.11084589041450836
Langfjordjokelen,2031-09-01,-0.08628128164091294,-0.028523374435235577,-0.004630343673290027
Langfjordjokelen,2031-10-01,-0.014720331882508533,-0.12114511716138958,-0.21257468135253177
Langfjordjokelen,2031-11-01,0.053838542480456254,-0.049429566575618256,-0.05105385645785864
Langfjordjokelen,2031-12-01,-0.08431736890839266,-0.01636328023799148,-0.04300880964389344
Langfjordjokelen,2032-01-01,0.05505006463418497,0.04349717469259976,-0.2013970641752247
Langfjordjokelen,2032-02-01,0.039744375558793496,0.016021503328268936,-0.026309328321757374
Langfjordjokelen,2032-03-01,-0.0624170963262593,-0.058982877629457475,-0.13285707757773993
Langfjordjokelen,2032-04-01,-0.06468536321783616,-0.05471717896379268,-0.005688664885385959
Langfjordjokelen,2032-05-01,-0.10358605846196661,-0.13088002412912877,-0.10891422757109176
Langfjordjokelen,2032-06-01,-0.015372728825398203,-0.04994655567650782,-0.06943889118300105
Langfjordjokelen,2032-07-01,-0.007367246728429891,0.06004083955181222,-0.040329943731288835
Langfjordjokelen,2032-08-01,-0.0014075465090651468,-0.024864101510477844,-0.12784750118043758
Langfjordjokelen,2032-09-01,-0.19263381512138245,-0.06948087236024768,-0.0906800635806434
Langfjordjokelen,2032-10-01,0.02955017775125569,-0.1808196070017777,0.03685171616783675
Langfjordjokelen,2032-11-01,0.11490217271531954,-0.027184442240709,-0.10953198130624171
Langfjordjokelen,2032-12-01,-0.18693568916416844,-0.0008955772640292561,-0.1560018414207329
Langfjordjokelen,2033-01-01,-0.1267711856354535,-0.1927823991398612,-0.009834213556346276
Langfjordjokelen,2033-02-01,-0.0035630317827305713,0.04390521479782337,0.10097898095756168
Langfjordjokelen,2033-03-01,0.07462322094812433,-0.10480944303491078,0.0010729091383661511
Langfjordjokelen,2033-04-01,-0.12701047157945122,-0.05171106875380688,-0.1765888633088745
Langfjordjokelen,2033-05-01,-0.1045107450442076,0.020756838215014606,0.033246303228380035
Langfjordjokelen,2033-06-01,-0.1077509773675883,0.011641166518594972,-0.056693380005636985
Langfjordjokelen,2033-07-01,-0.12547976027877064,-0.15221224370137806,-0.08658202819776277
Langfjordjokelen,2033-08-01,-0.04123792465118136,0.0455815333159121,0.06750757702242056
Langfjordjokelen,2033-09-01,-1.778252263018541e-05,0.11188091190036921,0.06850159502016799
Langfjordjokelen,2033-10-01,-0.018913698894343762,0.06344695237603261,-0.023518567257523538
Langfjordjokelen,2033-11-01,-0.08215080755981431,-0.028146142141922542,0.012569820995351103
Langfjordjokelen,2033-12-01,0.012329383377933276,0.01667634566854083,-0.05770531843643787
Langfjordjokelen,2034-01-01,-0.0479869091992704,-0.06993030378025862,0.054588914228643905
Langfjordjokelen,2034-02-01,-0.047828023524978815,-0.09916506066095754,-0.08937335267375524
Langfjordjokelen,2034-03-01,0.05466335568495976,0.127739621079662,-0.0014577487599087811
Langfjordjokelen,2034-04-01,-0.011943085470746947,0.05043283600840004,0.25723098975685554
Langfjordjokelen,2034-05-01,-0.03570607900407178,-0.14404536743388277,0.0015351404010878432
Langfjordjokelen,2034-06-01,-0.06348179803134373,-0.024885240307966124,-0.059463602784672
Langfjordjokelen,2034-07-01,-0.09420024563893609,0.01831462035778244,-0.021125525150260647
Langfjordjokelen,2034-08-01,0.005487587844027371,0.009833811080329047,-0.11655710838608906
Langfjordjokelen,2034-09-01,-0.13345186898776965,0.01928204695702232,0.03763723838540686
Langfjordjokelen,2034-10-01,-0.002036994469722534,-0.16140416182824735,-0.03933939064487781
Langfjordjokelen,2034-11-01,-0.003014981847262244,-0.182048788817703,-0.17047101417772692
Langfjordjokelen,2034-12-01,-0.020217414424904576,0.024105691245624856,-0.051319986398073066
Langfjordjokelen,2035-01-01,-0.12720211604684914,0.09178931136241586,-0.018219425184762907
Langfjordjokelen,2035-02-01,0.020128097612192027,-0.03991899716079065,0.013382507019538572
Langfjordjokelen,2035-03-01,-0.0954160930821258,-0.038735215414745915,0.0345009683079549
Langfjordjokelen,2035-04-01,-0.07577458586828283,-0.0755347703185623,0.018082820244618016
Langfjordjokelen,2035-05-01,-0.013342301007865027,-0.12861860363417676,-0.012536419943156013
Langfjordjokelen,2035-06-01,-0.01040475308254287,0.009278858226279704,0.08199837274363597
Langfjordjokelen,2035-07-01,-0.11126708447218998,0.006989647926804734,-0.03182422006457276
Langfjordjokelen,2035-08-01,-0.13793120065446457,0.002205994484640749,-0.07836771991953113
Langfjordjokelen,2035-09-01,0.031872353954740404,0.07736539990116201,-0.12823679959311587
Langfjordjokelen,2035-10-01,-0.12286846290416391,-0.22481003694986693,0.05761426755504074
Langfjordjokelen,2035-11-01,-0.059644828668706094,-0.12482995758544042,0.13889258638941734
Langfjordjokelen,2035-12-01,-0.2661435723279569,0.09234149860547929,-0.11004702852790504
Langfjordjokelen,2036-01-01,-0.0786252013246863,0.02384438287046171,-0.08763055095091686
Langfjordjokelen,2036-02-01,-0.19951148136775818,-0.07690784933577498,-0.14760343148315272
Langfjordjokelen,2036-03-01,-0.07366700575554429,-0.2121323345145865,-0.12907149108102797
Langfjordjokelen,2036-04-01,-0.10949564247290831,-0.0582423358595946,-0.11789806662905138
Langfjordjokelen,2036-05-01,0.05348792512419028,-0.03358868615818786,0.0216727824720115
Langfjordjokelen,2036-06-01,0.044183458673388944,-0.04663298260167117,-0.06331171460159685
Langfjordjokelen,2036-07-01,0.05288682310723184,-0.014261128963428536,-0.1419353857293538
Langfjordjokelen,2036-08-01,-0.08431400603654256,-0.0008859318506711858,0.006391566461974603
Langfjordjokelen,2036-09-01,-0.12583811395095948,0.06553277017833027,0.007044738359855816
Langfjordjokelen,2036-10-01,-0.12709211471551743,-0.07014505060266395,-0.03266623820497109
Langfjordjokelen,2036-11-01,-0.020957899608516854,0.10006229033465981,0.08797055655396924
Langfjordjokelen,2036-12-01,-0.023998881135672067,0.06024398035525506,-0.2089392736140562
Langfjordjokelen,2037-01-01,-0.0522428357109195,-0.030164799553478523,-0.07735421879846409
Langfjordjokelen,2037-02-01,-0.15532393583006357,0.011760645110641232,-0.06478624161067588
Langfjordjokelen,2037-03-01,-0.001918540498476615,0.10396805795716128,0.06872133049949276
Langfjordjokelen,2037-04-01,0.017301012165724397,-0.09416745593588931,-0.1129190605380029
Langfjordjokelen,2037-05-01,-0.05608303039335558,0.061857745836827106,0.03507336676600004
Langfjordjokelen,2037-06-01,-0.14090450006569158,-0.10421062720499898,-0.09838718359134589
Langfjordjokelen,2037-07-01,0.046804054822489304,-0.023760384383133045,-0.06062414732977764
Langfjordjokelen,2037-08-01,0.09622815083770163,0.09056553706047284,-0.12691352163684214
Langfjordjokelen,2037-09-01,-0.12840607666083229,0.08810867952937458,-0.06476527561869443
Langfjordjokelen,2037-10-01,-0.11266650675314509,-0.18115574081676442,-0.02215201452452337
Langfjordjokelen,2037-11-01,-0.051793464346018836,-0.10061214456757138,-0.06374687691853807
Langfjordjokelen,2037-12-01,-0.09151892891522995,-0.06866981991225647,-0.00949316333910074
Langfjordjokelen,2038-01-01,-0.009994115765568216,-0.03708242876530813,0.035226179336882095
Langfjordjokelen,2038-02-01,-0.023986380589095982,-0.08531030717307171,0.14801492747233982
Langfjordjokelen,2038-03-01,0.03143587107287612,0.08366035944080359,0.035417475650972585
Langfjordjokelen,2038-04-01,-0.06644694526577265,0.12794238823370438,0.11753495002733078
Langfjordjokelen,2038-05-01,0.15298736505108573,-0.06482530341698439,-0.080932339876367
Langfjordjokelen,2038-06-01,-0.007113319439073662,-0.056186619451838005,-0.11209436389813493
Langfjordjokelen,2038-07-01,-0.10834216865585915,-0.06806596640806675,-0.0055554563052232706
Langfjordjokelen,2038-08-01,-0.0438471483421198,0.07976022562697442,-0.07923989865037989
Langfjordjokelen,2038-09-01,0.05771990485278753,-0.012040283887378019,-0.10488810870753268
Langfjordjokelen,2038-10-01,-0.09297102900224981,-0.01324715448600692,-0.03216621704314102
Langfjordjokelen,2038-11-01,-0.026004324577406437,0.0562269184756825,-0.0796156063202119
Langfjordjokelen,2038-12-01,0.0180556351507684,0.04268176365479487,0.02532602412760285
Langfjordjokelen,2039-01-01,-0.029210998488864142,-0.11044575467275086,0.013975513030679945
Langfjordjokelen,2039-02-01,0.0026206942150868,0.03353505152377231,-0.04214763949295749
Langfjordjokelen,2039-03-01,0.05594675833455339,0.011620038590155533,-0.19922131929286288
Langfjordjokelen,2039-04-01,-0.014862157094777935,0.0452072238052893,-0.025333762363068224
Langfjordjokelen,2039-05-01,0.01513408131686155,0.039073553296235776,-0.1293589464927448
Langfjordjokelen,2039-06-01,-0.10584684683746899,-0.07770463456376667,-0.022288150037476136
Langfjordjokelen,2039-07-01,-0.09326158362203812,-0.16291200195560515,-0.03271002325482943
Langfjordjokelen,2039-08-01,-0.03618239200756561,-0.17182014771821716,0.037736381122477916
Langfjordjokelen,2039-09-01,-0.0746595653405228,0.0024968011810555823,-0.031046943867901633
Langfjordjokelen,2039-10-01,0.023122752958020576,-0.17171431122343273,-0.01028253301201413
Langfjordjokelen,2039-11-01,-0.1244974776534661,-0.15119626268114916,0.02179523038874182
Langfjordjokelen,2039-12-01,0.06998263353737456,-0.058442070312401485,-0.21813291669747378
Langfjordjokelen,2040-01-01,0.057073946766553474,-0.11572027886546875,-0.07203253769872639
Langfjordjokelen,2040-02-01,0.061350728841463635,0.04115667747751641,0.202764044335666
Langfjordjokelen,2040-03-01,-0.04411226174869465,-0.0887578868909652,-0.02962353313992301
Langfjordjokelen,2040-04-01,0.10653113146742747,0.018948685168758885,0.11254322294431525
Langfjordjokelen,2040-05-01,-0.006324479992999767,-0.009715667787120371,-0.0513304311451817
Langfjordjokelen,2040-06-01,-0.09309531768056288,-0.03851696265026631,0.10370427965668129
Langfjordjokelen,2040-07-01,-0.14831940241201594,-0.10240123810237017,0.11718839064763788
Langfjordjokelen,2040-08-01,0.00014900567741730578,-0.06070834501857266,-0.10982312589711236
Langfjordjokelen,2040-09-01,-0.05296024530381318,0.10359796638639414,-0.030411258361569576
Langfjordjokelen,2040-10-01,0.038230136867273716,0.008308056221797195,-0.010079908029849647
Langfjordjokelen,2040-11-01,-0.08992249137455988,-0.11291161017610161,-0.02305575086411926
Langfjordjokelen,2040-12-01,0.0069190736121476125,0.07159426896389659,0.0029988944274824195
Langfjordjokelen,2041-01-01,0.15318090597928116,-0.09504582518207665,-0.1595965671250813
Langfjordjokelen,2041-02-01,0.17635487653995985,-0.023253638177728173,-0.14753587510572366
Langfjordjokelen,2041-03-01,0.11772517397607929,0.14166242357188716,-0.09103189458637646
Langfjordjokelen,2041-04-01,-0.16762764031418678,-0.10512660161158327,-0.14934787475208347
Langfjordjokelen,2041-05-01,-0.11594704374550098,-0.02776592834155478,-0.11018317535428553
Langfjordjokelen,2041-06-01,0.05823060472055994,0.0246757415510906,-0.06986792542555786
Langfjordjokelen,2041-07-01,-0.011825175242458191,-0.021785186584814348,-0.09950986700422103
Langfjordjokelen,2041-08-01,-0.0037397955622240978,-0.031823032661614285,-0.09194577329084712
Langfjordjokelen,2041-09-01,0.02772489007815933,-0.12299759071245192,-0.04433245198462744
Langfjordjokelen,2041-10-01,-0.03788975694620465,-0.09665474572639872,-0.03843430775973363
Langfjordjokelen,2041-11-01,0.15937405318815404,-0.20951977262241708,-0.05996674281704059
Langfjordjokelen,2041-12-01,0.12048496628493015,0.10561047094476943,-0.09111435414918949
Langfjordjokelen,2042-01-01,-0.0940309288794098,0.005663581187380105,0.08600448588865656
Langfjordjokelen,2042-02-01,-0.04891904748872091,0.014253240177908263,0.049655765675490036
Langfjordjokelen,2042-03-01,-0.06319479824801043,-0.10507743564158184,-0.07841233558629161
Langfjordjokelen,2042-04-01,-0.020564979969513234,0.06592852717875748,0.08644557139923141
Langfjordjokelen,2042-05-01,-0.0951028812631488,-0.029113591287258808,-0.05939042261040719
Langfjordjokelen,2042-06-01,-0.03555235977756892,-0.02047236874436483,-0.07205571938814098
Langfjordjokelen,2042-07-01,-0.11419835189761879,-0.09116869874891827,-0.016362258703675542
Langfjordjokelen,2042-08-01,-0.0316288561244099,-0.004134052405722499,0.0007312048694312507
Langfjordjokelen,2042-09-01,-0.1192433151207561,0.06704092050257646,-0.14170050621062408
Langfjordjokelen,2042-10-01,-0.05619065329678122,-0.031195541537313576,-0.031107979675659644
Langfjordjokelen,2042-11-01,0.1383527974126424,0.12088642161410257,-0.11918171401734408
Langfjordjokelen,2042-12-01,-0.04724093780238056,-0.08358613490775228,-0.17025694907517974
Langfjordjokelen,2043-01-01,0.0385189854413576,-0.025541368814688433,-0.19540079121880338
Langfjordjokelen,2043-02-01,-0.10283075885995387,0.11946808098905286,-0.13410242601967587
Langfjordjokelen,2043-03-01,-0.06915364898250607,-0.018707285113549424,-0.07768367782875195
Langfjordjokelen,2043-04-01,-0.11314660339170311,-0.058813447713555594,0.08956768040255762
Langfjordjokelen,2043-05-01,-0.007014074941898363,-0.03618771308996163,-0.08534873974425282
Langfjordjokelen,2043-06-01,-0.11504456984712474,0.0018965168711828882,-0.009021693617354882
Langfjordjokelen,2043-07-01,-0.053158644607919296,-0.10172982228729212,-0.08908480067465051
Langfjordjokelen,2043-08-01,0.053033277451190075,0.01140049696414476,-0.09620718885188663
Langfjordjokelen,2043-09-01,0.03261365010791151,-0.03792606813211957,-0.030324261587966417
Langfjordjokelen,2043-10-01,0.06986997710458726,-0.11832933874549816,0.059550508740943246
Langfjordjokelen,2043-11-01,-0.1485358064315436,-0.06827146301758845,-0.060098533332947325
Langfjordjokelen,2043-12-01,-0.03972008784709869,-0.032427442779655355,-0.045220211067759974
Langfjordjokelen,2044-01-01,0.017869705783806828,0.13366209819394306,0.10260499101748637
Langfjordjokelen,2044-02-01,-0.018508328999485995,0.02246515075900309,-0.06177041070328477
Langfjordjokelen,2044-03-01,0.0008967979131819075,0.06197101685919873,-0.06320565832450742
Langfjordjokelen,2044-04-01,-0.051571938060789135,-0.21079885300731668,0.030912254221273087
Langfjordjokelen,2044-05-01,0.11943767812118844,-0.053733238979682525,-0.1114223075720896
Langfjordjokelen,2044-06-01,-0.04484943727875534,-0.03875712748524574,0.031236280613937167
Langfjordjokelen,2044-07-01,-0.016758773528713133,-0.10539039201273182,-0.09493972540393242
Langfjordjokelen,2044-08-01,0.10735029743320455,0.008530893147094978,-0.03781699936753485
Langfjordjokelen,2044-09-01,-0.014380217550980333,-0.04253820816005265,0.033127193439653015
Langfjordjokelen,2044-10-01,-0.05098223321350188,-0.0718519603471235,-0.10807417049538544
Langfjordjokelen,2044-11-01,0.04239244547439174,-0.059695069497317184,0.033595623755552306
Langfjordjokelen,2044-12-01,-0.1847783880674118,-0.11628623165279257,0.012984998951789428
Langfjordjokelen,2045-01-01,-0.11139844646480644,-0.16022323288228038,-0.14780626793747725
Langfjordjokelen,2045-02-01,-0.04086229860761852,-0.06516232574777776,-0.0531699577981038
Langfjordjokelen,2045-03-01,-0.007750118342418145,-0.0074508003892671424,0.002320749660468628
Langfjordjokelen,2045-04-01,-0.006596835794490603,-0.056383238160600084,-0.1972099900128711
Langfjordjokelen,2045-05-01,-0.0686798647661263,0.16207044655814798,-0.18319376071821736
Langfjordjokelen,2045-06-01,0.04630349769140796,0.0037687697359638783,-0.0957012055430876
Langfjordjokelen,2045-07-01,-0.10453221806287354,-0.042166371748588956,0.08161304095084586
Langfjordjokelen,2045-08-01,0.03161433963575135,-0.0838712627042335,0.00969101335476455
Langfjordjokelen,2045-09-01,-0.07751837375204734,0.0160399718062481,-0.20502744301219467
Langfjordjokelen,2045-10-01,-0.030616556889940156,0.015252105299182478,0.06287525156078504
Langfjordjokelen,2045-11-01,-0.0006115883929205257,0.060041037299984286,-0.018382897342000878
Langfjordjokelen,2045-12-01,0.04676293328997936,-0.008775196077459364,0.10900083504309548
Langfjordjokelen,2046-01-01,-0.013242878794104254,-0.02170181049347091,-0.05044263595894675
Langfjordjokelen,2046-02-01,-0.1603454691315956,-0.07920188358983665,-0.10299060317852371
Langfjordjokelen,2046-03-01,0.02771146808929668,0.01482003516214706,-0.021146651268182114
Langfjordjokelen,2046-04-01,0.052648428388434525,-0.09154857196184596,-0.14454305263771497
Langfjordjokelen,2046-05-01,-0.12393172289091903,-0.04554707385498541,0.13197822457659003
Langfjordjokelen,2046-06-01,-0.066796697364558,-0.13015604745207868,-0.022813269056475103
Langfjordjokelen,2046-07-01,-0.03330371115145699,-0.08190515815697257,-0.07017258794564013
Langfjordjokelen,2046-08-01,0.010816627065557208,-0.012037232041039738,0.027390800899910608
Langfjordjokelen,2046-09-01,-0.12548560752568852,0.060795234849029135,-0.08489839456165682
Langfjordjokelen,2046-10-01,-0.1201684695603823,-0.027693776973038497,0.040926170155693505
Langfjordjokelen,2046-11-01,0.14665251281159825,-0.02447520399538099,0.07655677725546756
Langfjordjokelen,2046-12-01,-0.055361733471448994,-0.07078631003372361,0.017538308483712087
Langfjordjokelen,2047-01-01,0.07118757545746073,0.0792718103271209,0.037660779795148834
Langfjordjokelen,2047-02-01,-0.02140932799165809,-0.025955788739746233,0.09809265260795312
Langfjordjokelen,2047-03-01,-0.047104105885380436,0.05038521640556256,-0.024654205466044566
Langfjordjokelen,2047-04-01,-0.09793976551865208,-0.059592905705643205,-0.09316297415030055
Langfjordjokelen,2047-05-01,-0.016166911166518822,-0.08217129917868042,-0.02721125571234047
Langfjordjokelen,2047-06-01,0.024782172316966427,-0.11786745481735701,-0.05594777084245219
Langfjordjokelen,2047-07-01,-0.03456448135548317,-0.022397605305802537,-0.11067313132969685
Langfjordjokelen,2047-08-01,-0.0996623967376719,-0.015063452265966967,-0.061416536921526675
Langfjordjokelen,2047-09-01,-0.02730373092270032,0.07574309086466029,-0.01523324941518908
Langfjordjokelen,2047-10-01,-0.0033698972846978683,-0.11939534333506945,0.017985588923206883
Langfjordjokelen,2047-11-01,0.05001444271920629,0.03007333102423117,-0.08753673283119086
Langfjordjokelen,2047-12-01,0.007819337831500968,0.0027755252594636438,0.11974984902662474
Langfjordjokelen,2048-01-01,-0.006587036302275705,0.042171116348451144,-0.025518729247655563
Langfjordjokelen,2048-02-01,-0.12933921348638303,-0.09471351773973424,-0.06133212658825491
Langfjordjokelen,2048-03-01,-0.004633814595563082,-0.16988579131898096,-0.06300550889776739
Langfjordjokelen,2048-04-01,0.03412580172308973,0.04493938440269054,-0.011057332555864908
Langfjordjokelen,2048-05-01,-0.07654512631823818,0.046396079394600366,-0.11282646612015229
Langfjordjokelen,2048-06-01,0.02146457855734522,0.04463674782043215,0.021996554260471344
Langfjordjokelen,2048-07-01,-0.09510820831944726,-0.001180089253488811,-0.03181079709606063
Langfjordjokelen,2048-08-01,-0.1594860322120392,0.0074175039171752305,0.01993121384656325
Langfjordjokelen,2048-09-01,0.03442094159589403,-0.025183178192016053,0.03462630549391805
Langfjordjokelen,2048-10-01,-0.043264987049220514,0.06262156343990662,-0.16431314738509695
Langfjordjokelen,2048-11-01,-0.054666838953575714,-0.02645767177242042,0.08660054888576078
Langfjordjokelen,2048-12-01,0.007829603566686641,-0.01626690164474494,0.0011120157929765603
Langfjordjokelen,2049-01-01,0.06478288212316101,-0.04639170828719286,-0.08625671296746817
Langfjordjokelen,2049-02-01,-0.10082934839529845,-0.0017299779494099933,-0.0019516783268487478
Langfjordjokelen,2049-03-01,0.06993389055412298,-0.13688105896949795,-0.033021683111306634
Langfjordjokelen,2049-04-01,-0.06963026749645708,-0.03764619744555293,-0.12114933391338543
Langfjordjokelen,2049-05-01,0.08820983636059847,-0.09390086155588534,-0.024934788215474332
Langfjordjokelen,2049-06-01,0.10696437199940473,-0.06527061809080263,0.016824889368994813
Langfjordjokelen,2049-07-01,0.06693785980378097,0.06202150289287959,-0.11586418336866193
Langfjordjokelen,2049-08-01,0.06904695821600026,-0.044528856861643346,-0.10857255634261331
Langfjordjokelen,2049-09-01,-0.00044813841004409893,0.058723156124804506,0.030119734019401902
Langfjordjokelen,2049-10-01,-0.03540911721196827,0.08279784695030462,-0.005276431943285903
Langfjordjokelen,2049-11-01,-0.0932120509077972,-0.08714069768740436,-9.460660696124686e-05
Langfjordjokelen,2049-12-01,-0.03957934765590876,-0.15338522065317894,0.016763452184566565
Langfjordjokelen,2050-01-01,-0.046739667463838445,-0.14450329217106464,-0.12960102351483668
Langfjordjokelen,2050-02-01,-0.07893561150977857,0.011092790328718807,-0.16171338577493455
Langfjordjokelen,2050-03-01,0.0739808483120015,-0.028758686567578573,-0.10642193282727402
Langfjordjokelen,2050-04-01,-0.15231494930767084,0.02734035965041624,-0.08873349047487726
Langfjordjokelen,2050-05-01,0.13949006029789693,-0.12010700896924108,-0.06701653859828079
Langfjordjokelen,2050-06-01,-0.03264361789296328,-0.010652614165105288,-0.04231569211504452
Langfjordjokelen,2050-07-01,-0.0005654650256311256,0.05387826978461513,-0.0877010462751097
Langfjordjokelen,2050-08-01,-0.027525139678107834,-0.046146983560430475,-0.14637066386749212
Langfjordjokelen,2050-09-01,-0.12517622171922108,-0.11927858347255728,0.09801898208924431
Langfjordjokelen,2050-10-01,-0.09525361644074919,0.036796167025799,-0.015599063278368047
Langfjordjokelen,2050-11-01,-0.03451357163305207,0.02314830646725105,0.04838725847079752
Langfjordjokelen,2050-12-01,0.07310596673173994,0.05583288747776571,-0.05305006822205665
Langfjordjokelen,2051-01-01,-0.08608750336399751,-0.08933965600698235,0.0261978491422004
Langfjordjokelen,2051-02-01,-0.14335048520888213,-0.0879987601701213,-0.05693486241598098
Langfjordjokelen,2051-03-01,-0.11331885558949799,-0.0489833343909685,-0.08513240503136794
Langfjordjokelen,2051-04-01,0.1146902921192383,-0.0020020339248076474,-0.015341491319824237
Langfjordjokelen,2051-05-01,-0.09228214028743657,0.02327748425373394,0.014843019679605425
Langfjordjokelen,2051-06-01,-0.12679648842403676,-0.04220932765538956,-0.16407291294838097
Langfjordjokelen,2051-07-01,-0.0022025069335990105,0.040378197972478394,-0.12758577986332034
Langfjordjokelen,2051-08-01,0.05599384491875518,0.043061730082071446,0.010185745783550948
Langfjordjokelen,2051-09-01,-0.04756855733557445,0.05579709006235287,-0.22829977175571148
Langfjordjokelen,2051-10-01,-0.19099700121161012,-0.18174363788731726,0.08778452769436734
Langfjordjokelen,2051-11-01,0.12303018982198266,0.10594332925426368,0.09758766439786741
Langfjordjokelen,2051-12-01,0.012582018159885036,-0.06571552665688653,-0.21401923144592774
Langfjordjokelen,2052-01-01,-0.11177497624287525,-0.011971597370492625,-0.08547998869228078
Langfjordjokelen,2052-02-01,-0.15611754998972568,0.14062050321390224,-0.08703612181913938
Langfjordjokelen,2052-03-01,-0.031089169142742252,0.05537666076139868,-0.20904663942002186
Langfjordjokelen,2052-04-01,0.06036682223528358,-0.12552625068973133,-0.10106493361901699
Langfjordjokelen,2052-05-01,-0.04804281055004154,-0.14658873930036412,0.0775162877848578
Langfjordjokelen,2052-06-01,-0.010522715741407111,0.1456982846091295,0.006578064496940458
Langfjordjokelen,2052-07-01,0.07680033935454052,-0.012506881143997754,-0.01999392191127945
Langfjordjokelen,2052-08-01,0.03684127149405065,0.01166946595961319,0.03957178979279051
Langfjordjokelen,2052-09-01,0.09499670152587127,0.09324795471112725,0.0986654937280782
Langfjordjokelen,2052-10-01,0.03035476055877866,-0.04675152157784359,-0.055874528984613314
Langfjordjokelen,2052-11-01,-0.020995131976068882,0.015222978135517077,-0.06598124540922416
Langfjordjokelen,2052-12-01,0.1253041335629832,0.045762131590323496,-0.10324777703247368
Langfjordjokelen,2053-01-01,-0.05158351950580301,-0.11936870117878406,-0.09926000666856531
Langfjordjokelen,2053-02-01,-0.05075525509384249,-0.05336094573702583,0.06837522892298196
Langfjordjokelen,2053-03-01,-0.06673111513912396,-0.05459110397892272,-0.01928951104128122
Langfjordjokelen,2053-04-01,0.06380393831132081,-0.05679362453818959,-0.060172857975661714
Langfjordjokelen,2053-05-01,-0.04324812500416093,0.03736503471260901,0.1168500509819755
Langfjordjokelen,2053-06-01,-0.019128794299556242,-0.08825539777122955,-0.058891714224998115
Langfjordjokelen,2053-07-01,0.06356025509633112,-0.05537507581659137,0.0012279304662652483
Langfjordjokelen,2053-08-01,0.023685044328773403,-0.10829496024457451,0.05702160277145533
Langfjordjokelen,2053-09-01,-0.03884871435107684,0.045818401573094615,0.04641389619651173
Langfjordjokelen,2053-10-01,-0.022458432683311838,0.07815594707262737,-0.002916871280763
Langfjordjokelen,2053-11-01,-0.05174296292801387,-0.054842839542788964,-0.08656391437445277
Langfjordjokelen,2053-12-01,-0.09833365351373373,-0.03728948721433159,-0.09335601435709717
Langfjordjokelen,2054-01-01,-0.12181114506095676,-0.014134458753689383,-0.20780838178699979
Langfjordjokelen,2054-02-01,0.006326583017205005,-0.3155712979847673,-0.08312852239330575
Langfjordjokelen,2054-03-01,-0.011579975331543426,0.018889112761094815,-0.00892325666396347
Langfjordjokelen,2054-04-01,-0.13680533655533939,-0.173936452449013,-0.07619703470028356
Langfjordjokelen,2054-05-01,-0.12158821037269678,-0.07736530597027996,-0.11032172208362516
Langfjordjokelen,2054-06-01,-0.047821742555022036,-0.11253592685220053,-0.08290226876580656
Langfjordjokelen,2054-07-01,-0.06981719022843587,-0.032233555631814154,0.034687630298529185
Langfjordjokelen,2054-08-01,-0.049479947986787176,-0.047020907378403164,-0.05131997664283706
Langfjordjokelen,2054-09-01,-0.01314922485702892,-0.08955328252612667,0.005214681649704502
Langfjordjokelen,2054-10-01,0.02173001386012735,-0.014269954744114735,-0.12902519661084513
Langfjordjokelen,2054-11-01,-0.053783883254481434,0.10167314946738491,-0.07094696300722408
Langfjordjokelen,2054-12-01,0.13048769019913403,-0.06176412293924824,-0.1483025835858933
Langfjordjokelen,2055-01-01,0.00237758761550465,-0.06605465961073134,0.08525402736156111
Langfjordjokelen,2055-02-01,0.07194103524426719,0.04264045643967488,-0.04816803744627199
Langfjordjokelen,2055-03-01,-0.07760055248953913,-0.04594121818434894,-0.05184008982353991
Langfjordjokelen,2055-04-01,-0.02209738529377675,-0.11146522199077036,-0.10267639473725095
Langfjordjokelen,2055-05-01,-0.09957374228376638,-0.13775831967755023,-0.09201629377735115
Langfjordjokelen,2055-06-01,0.12524602214075356,-0.08743372275497023,0.02944254595172702
Langfjordjokelen,2055-07-01,0.07115938328169948,-0.052996490049224305,-0.033145361376774
Langfjordjokelen,2055-08-01,-0.13108805942419052,-0.06349444082306471,0.012211210234700245
Langfjordjokelen,2055-09-01,-0.062378673240867884,0.049957988259759854,-0.01325393224177497
Langfjordjokelen,2055-10-01,-0.06749211929700487,0.015169441306829035,-0.16718455228254428
Langfjordjokelen,2055-11-01,-0.08918773969842764,0.00794372342539128,0.017675178283672814
Langfjordjokelen,2055-12-01,-0.06199383596958472,-0.01097792585237993,-0.024580903673167936
Langfjordjokelen,2056-01-01,-0.2759903590671544,-0.07073121549937667,0.23298913797106247
Langfjordjokelen,2056-02-01,0.053385030394724454,-0.09763716351000902,-0.20604935173891303
Langfjordjokelen,2056-03-01,-0.09642903325333267,-0.07329655893087195,0.0004901653834434144
Langfjordjokelen,2056-04-01,-0.06631544857626305,-0.03974215164419923,-0.1163672579230385
Langfjordjokelen,2056-05-01,-0.0464645477536692,0.046124472778846376,-0.06775455713953034
Langfjordjokelen,2056-06-01,0.016788107980407363,0.019981554640889746,-0.034004214110114415
Langfjordjokelen,2056-07-01,0.013474126830394353,0.1420135645636813,0.01641152131738624
Langfjordjokelen,2056-08-01,0.017141961668817356,-0.1727354481561573,0.006708664476398926
Langfjordjokelen,2056-09-01,-0.012550362407560176,0.017513557599541426,-0.07484677207951439
Langfjordjokelen,2056-10-01,-0.057559701795126685,-0.009428944371901728,-0.09386078261962867
Langfjordjokelen,2056-11-01,-0.016076886442976283,-0.029290509706151848,-0.10156848386491575
Langfjordjokelen,2056-12-01,-0.11273559602806026,-0.08838365934789229,0.040890370617720086
Langfjordjokelen,2057-01-01,0.030215053274706166,0.1952326566880227,-0.04063751509441096
Langfjordjokelen,2057-02-01,-0.0641765380410807,-0.002200023200930284,-0.09290319059985624
Langfjordjokelen,2057-03-01,0.01674108398357073,-0.11609271924221964,-0.044657329126555366
Langfjordjokelen,2057-04-01,-0.10020841958561338,-0.07584216992723564,-0.11896681698707696
Langfjordjokelen,2057-05-01,-0.05420732372254892,-0.07982718591726969,-0.030781279751802282
Langfjordjokelen,2057-06-01,-0.023254323242844103,-0.060250842551389995,-0.09848725881362663
Langfjordjokelen,2057-07-01,-0.03758797193146798,-0.10165221496515535,-0.039804217557188076
Langfjordjokelen,2057-08-01,-0.1271105355949763,-0.06594278537024272,-0.003651416540932262
Langfjordjokelen,2057-09-01,-0.023416051220425282,-0.10241281862003714,-0.02001118577467029
Langfjordjokelen,2057-10-01,-0.058046760236651264,-0.06618858507628966,0.007218493359710795
Langfjordjokelen,2057-11-01,-0.09950894316988883,-0.0624693203207386,0.19245887369804382
Langfjordjokelen,2057-12-01,-0.07403428358468632,-0.14888623234379114,0.09468535875178379
Langfjordjokelen,2058-01-01,0.06473692572426744,-0.16065520300381753,-0.211834691381635
Langfjordjokelen,2058-02-01,-0.13625017767681366,0.06066156293192979,-0.25147341165128684
Langfjordjokelen,2058-03-01,-0.10956724758280463,-0.12505839300166344,0.024534994888027312
Langfjordjokelen,2058-04-01,-0.06327567378996495,-0.08492403342985977,-0.08071280398345232
Langfjordjokelen,2058-05-01,0.01540258617450658,-0.04036956494746802,-0.04063841827335355
Langfjordjokelen,2058-06-01,0.05602922475168429,0.09632440613609121,-0.09692009263667901
Langfjordjokelen,2058-07-01,0.038076735482933395,-0.03981811448454307,-0.12826068220986153
Langfjordjokelen,2058-08-01,-0.020030234601277903,0.08303441092257934,0.0313854292833567
Langfjordjokelen,2058-09-01,-0.11694135741879234,-0.11688305005216204,-0.10067212638091168
Langfjordjokelen,2058-10-01,-0.04028249302660967,-0.012207461691415811,-0.06554874878625505
Langfjordjokelen,2058-11-01,-0.16837641693676267,-0.06436576678822824,0.005659130459105759
Langfjordjokelen,2058-12-01,-0.007504341855533658,0.03324915420725409,-0.11527151060156653
Langfjordjokelen,2059-01-01,-0.006804714196427408,0.05477758509759503,0.02596405009110872
Langfjordjokelen,2059-02-01,-0.1028294415486979,-0.10916682270316691,0.10524796802484322
Langfjordjokelen,2059-03-01,0.052818803324805284,-0.016164095771919025,-0.0674918522117925
Langfjordjokelen,2059-04-01,0.02925037323847857,-0.040193473977837804,-0.05335122976304942
Langfjordjokelen,2059-05-01,-0.0682107656325259,0.056827091981406674,-0.013122290624030279
Langfjordjokelen,2059-06-01,-0.026737294457276906,-0.10331752993850678,0.001983447544337512
Langfjordjokelen,2059-07-01,0.0302373705133455,0.024187006399955427,-0.05303069479562189
Langfjordjokelen,2059-08-01,-0.0184363237986019,-0.08716698108492545,-0.0770009961739694
Langfjordjokelen,2059-09-01,0.017655300473538832,-0.09721395648414795,-0.12232384106100232
Langfjordjokelen,2059-10-01,-0.10028173727571689,0.02600001462512884,0.16293780094455623
Langfjordjokelen,2059-11-01,-0.06707478509693016,-0.16276012359659406,-0.1015130156077272
Langfjordjokelen,2059-12-01,-0.08632803222820269,-0.1415026184038873,-0.03158680288180157
Langfjordjokelen,2060-01-01,0.03295468172934916,-0.08051220495403562,-0.06693279062798509
Langfjordjokelen,2060-02-01,0.02921963004915093,-0.001970278966888589,-0.06785131719610145
Langfjordjokelen,2060-03-01,-0.10057015711112897,-0.1326284298187386,-0.10365459660536319
Langfjordjokelen,2060-04-01,-0.16307604223619196,-0.03645839734815378,0.08504658522019602
Langfjordjokelen,2060-05-01,-0.13393666342995517,0.07094612848275557,0.02798120129089912
Langfjordjokelen,2060-06-01,-0.05957525423279828,-0.08999129558463982,-0.04911028340507373
Langfjordjokelen,2060-07-01,-0.10336875398675398,-0.13818262098595083,0.06089697819353656
Langfjordjokelen,2060-08-01,0.012397113857624426,0.013072088268863103,-0.04441338161252686
Langfjordjokelen,2060-09-01,-0.11591458978004814,-0.14003211408066432,0.05202336275929467
Langfjordjokelen,2060-10-01,0.03922022610086388,0.049182394232205634,0.08708101804997524
Langfjordjokelen,2060-11-01,-0.05418180149261187,-0.01631082415577126,-0.0798496333854492
Langfjordjokelen,2060-12-01,-0.045571671530742396,-0.04236819002696298,0.049985339664813354
Langfjordjokelen,2061-01-01,-0.2385499107819391,0.020543522690122995,-0.0708361996201713
Langfjordjokelen,2061-02-01,-0.02671661715842023,-0.12223381800310118,-0.08882164956534128
Langfjordjokelen,2061-03-01,-0.07574927377547686,-0.07299649227897793,0.05353127485868899
Langfjordjokelen,2061-04-01,-0.12206887843630099,-0.1568617280229003,-0.06116778953213035
Langfjordjokelen,2061-05-01,-0.09542454612183537,0.015624226378264184,-0.0005194297851517718
Langfjordjokelen,2061-06-01,-0.08179616420095769,-0.04072620170189741,0.02674174102822637
Langfjordjokelen,2061-07-01,0.006857740030158685,-0.060375824974199854,0.030538065391473666
Langfjordjokelen,2061-08-01,-0.060400917407103905,-0.022784303226699314,0.22672108463447663
Langfjordjokelen,2061-09-01,0.026623613188817657,-0.03386914149808439,0.0332212628660272
Langfjordjokelen,2061-10-01,-0.02689874953075272,-0.012014839433339254,-0.07077235121864812
Langfjordjokelen,2061-11-01,-0.18894124226983597,-0.1368328393318432,-0.11868734013733974
Langfjordjokelen,2061-12-01,-0.02538554358556043,-0.1926268337095414,-0.10147445034063983
Langfjordjokelen,2062-01-01,-0.004399669414141073,-0.12134859092422783,0.08400830167959068
Langfjordjokelen,2062-02-01,0.006305820320747273,-0.11475788990005513,0.07917673595218973
Langfjordjokelen,2062-03-01,0.013914789400375618,-0.05703588589864206,-0.0013586851744199768
Langfjordjokelen,2062-04-01,0.018168137088429816,0.02161560978580528,0.10391992511360931
Langfjordjokelen,2062-05-01,-0.04218759723277012,-0.0322120151350194,0.054395381101963486
Langfjordjokelen,2062-06-01,0.028052949621711634,0.02567681262624021,-0.060126414873280305
Langfjordjokelen,2062-07-01,0.06989077182766228,0.012799548015105924,-0.06795244724057191
Langfjordjokelen,2062-08-01,-0.018605202133435333,-0.018834186275235924,-0.057664938861544
Langfjordjokelen,2062-09-01,0.07789680753974199,-0.08237501190459295,0.010228879124130716
Langfjordjokelen,2062-10-01,-0.11346649578759078,0.0030979406714146903,-0.11381573305360111
Langfjordjokelen,2062-11-01,-0.0784887332983784,-0.10475088746127027,-0.12998695089351717
Langfjordjokelen,2062-12-01,0.010194622152366653,-0.03251952274676733,0.08343092800725317
Langfjordjokelen,2063-01-01,0.019161765573163347,0.07695107578481743,-0.16177608538425545
Langfjordjokelen,2063-02-01,0.04394897741668042,-0.06076572265192732,-0.05813983469867762
Langfjordjokelen,2063-03-01,0.005404660647903077,0.043676120988637844,0.14322698968502437
Langfjordjokelen,2063-04-01,-0.010054533852565745,0.07869767587872052,0.06333049668411386
Langfjordjokelen,2063-05-01,0.07143228145664599,0.032616048138939306,-0.0038793543693139837
Langfjordjokelen,2063-06-01,-0.010711617731256872,-0.04491515312878671,-0.02961465203521645
Langfjordjokelen,2063-07-01,-0.014448845030418163,-0.03856474741259946,-0.07625568170792539
Langfjordjokelen,2063-08-01,0.016501965502258173,-0.050530122608554086,-0.08761084506645407
Langfjordjokelen,2063-09-01,-0.055684011478605876,-0.004552813074903408,0.00773235909460451
Langfjordjokelen,2063-10-01,0.0018692319826007521,0.08861884982999223,-0.12335601616156781
Langfjordjokelen,2063-11-01,-0.10827553532732158,0.008006139768090703,-0.054570402786251936
Langfjordjokelen,2063-12-01,-0.03679392267419745,-0.03128749416757135,-0.1053453398850726
Langfjordjokelen,2064-01-01,0.1706451413318263,-0.0011782805907714217,-0.07027981662908363
Langfjordjokelen,2064-02-01,-0.09477995866937942,-0.1076770698480894,-0.15520347877801835
Langfjordjokelen,2064-03-01,-0.036719256697708806,0.07539950030829799,-0.08231494081513122
Langfjordjokelen,2064-04-01,-0.04468992497677407,-0.0718189050426802,-0.006855375470552341
Langfjordjokelen,2064-05-01,-0.08064428259783159,0.11511587281611325,-0.09064303159822566
Langfjordjokelen,2064-06-01,-0.14311749548310632,0.12000805852199985,-0.05139483498672748
Langfjordjokelen,2064-07-01,-0.014177343196517964,-0.12870255049627818,-0.04337772681342337
Langfjordjokelen,2064-08-01,0.01638743384132826,-0.08851136429307847,0.00770199859688489
Langfjordjokelen,2064-09-01,0.11220487863882249,-0.16727161560459866,-0.10565729840367448
Langfjordjokelen,2064-10-01,-0.10326988625117582,0.0857539116656697,0.025193313361754056
Langfjordjokelen,2064-11-01,-0.1376226654762076,-0.049794554933505715,0.031739186581294286
Langfjordjokelen,2064-12-01,-0.06942380609781762,0.08818606786176025,-0.03833988528198916
Langfjordjokelen,2065-01-01,-0.14510718639930062,0.03865710998021121,0.02547195098464999
Langfjordjokelen,2065-02-01,0.006273415696316158,0.013857380937747148,-0.009784760155852452
Langfjordjokelen,2065-03-01,0.11763972906512728,0.011430219778602937,0.12168226699077811
Langfjordjokelen,2065-04-01,-0.06407286549442796,-0.1309764931964168,-0.06140318216952495
Langfjordjokelen,2065-05-01,0.02022851806725569,-0.03636642961868005,0.08053982149973855
Langfjordjokelen,2065-06-01,-0.059239306888205424,-0.039539041819823616,-0.061056777303887554
Langfjordjokelen,2065-07-01,-0.1273933671840923,-0.09339055651527127,0.11898415015058257
Langfjordjokelen,2065-08-01,-0.07153347311471603,-0.08876573601922211,-0.057225329550092546
Langfjordjokelen,2065-09-01,-0.00533780876953095,-0.12232782974901395,-0.094793485705488
Langfjordjokelen,2065-10-01,0.040593358157499614,-0.06429054183494111,0.07295741425530178
Langfjordjokelen,2065-11-01,-0.1610040108132188,-0.040589058592579004,0.05275004780179629
Langfjordjokelen,2065-12-01,-0.024441996432815163,-0.0878548631182811,0.040220764842174024
Langfjordjokelen,2066-01-01,-0.053515717293566356,-0.05629484793324698,0.06625541860464927
Langfjordjokelen,2066-02-01,0.026722677539104563,-0.07733636963002234,-0.02751322434030352
Langfjordjokelen,2066-03-01,-0.10855593959995381,-0.030896748839071165,-0.14547519944554463
Langfjordjokelen,2066-04-01,-0.06370782721645951,-0.025073070443732384,-0.03959980729708116
Langfjordjokelen,2066-05-01,-0.13171957610844845,-0.08150750411419456,-0.005163980038580468
Langfjordjokelen,2066-06-01,-0.035374855967804264,-0.003797412515037573,0.03491325486106548
Langfjordjokelen,2066-07-01,-0.15329901290563872,0.05464878734671033,0.1173964585906793
Langfjordjokelen,2066-08-01,-0.0797722584861739,-0.06260607979072903,-0.02844627321417938
Langfjordjokelen,2066-09-01,-0.005337595278622237,-0.07557216055806645,-0.019340398630458878
Langfjordjokelen,2066-10-01,-0.16669749095652128,-0.015914297317183114,0.1406665262403827
Langfjordjokelen,2066-11-01,-0.13874875785586235,-0.09651930227170968,-0.14142998777457408
Langfjordjokelen,2066-12-01,-0.08411793535008678,-0.15489005712554343,0.05157781081324814
Langfjordjokelen,2067-01-01,-0.057041959734294656,-0.012259600767538953,0.10555489255553378
Langfjordjokelen,2067-02-01,-0.013744711231604617,-0.09174505922936904,-0.06399407807907936
Langfjordjokelen,2067-03-01,0.012114476594991702,0.010257186895608249,0.07728433515602853
Langfjordjokelen,2067-04-01,0.033662219706166265,-0.06406779362659183,-0.08609721509346847
Langfjordjokelen,2067-05-01,-0.04545948962353835,-0.10889413147801978,-0.05223595912749016
Langfjordjokelen,2067-06-01,-0.049340242298420066,0.027301135252383896,0.024802158021259752
Langfjordjokelen,2067-07-01,-0.04454956935041384,0.020665863315802044,-0.02917778383257894
Langfjordjokelen,2067-08-01,0.07191198363539693,0.046520634618347025,0.02848868321172209
Langfjordjokelen,2067-09-01,-0.03923874768489775,-0.04564937107653932,0.16005697885468112
Langfjordjokelen,2067-10-01,-0.07522893057300939,0.007507575814651171,-0.04660928282744372
Langfjordjokelen,2067-11-01,0.1333658826551319,-0.17164776315038197,-0.06406888704037583
Langfjordjokelen,2067-12-01,-0.13064004588748518,-0.09102467977503566,0.15533640337111118
Langfjordjokelen,2068-01-01,0.04084371155341723,-0.052422116707899015,-0.058131684124886986
Langfjordjokelen,2068-02-01,-0.10805172975291354,0.06519418299066111,-0.036425013324828046
Langfjordjokelen,2068-03-01,-0.08684338888195837,0.010005660010514339,0.015353464028111793
Langfjordjokelen,2068-04-01,0.05161841863938602,-0.006728812991781335,0.1727399404256799
Langfjordjokelen,2068-05-01,-0.1335642442265628,-0.03663767787279618,-0.02988477821466041
Langfjordjokelen,2068-06-01,0.05634972506499756,0.004915265126980421,0.00767207172449116
Langfjordjokelen,2068-07-01,0.014851217179796787,-0.0340665012700737,-0.1149077646424231
Langfjordjokelen,2068-08-01,-0.058835480969382875,-0.13976351198908527,-0.03494517757694069
Langfjordjokelen,2068-09-01,-0.08006809295674816,-0.07729327959098493,-0.06046366988329502
Langfjordjokelen,2068-10-01,-0.0921004714470836,0.036784151615629944,-0.03441250122584885
Langfjordjokelen,2068-11-01,-0.07371047716284956,-0.013881146421399823,-0.1261869968513033
Langfjordjokelen,2068-12-01,0.10958649614046943,-0.07261034078124094,-0.041919908110688374
Langfjordjokelen,2069-01-01,0.0009584201405067189,0.09235073690659407,0.11312495801575717
Langfjordjokelen,2069-02-01,0.18306448282382634,-0.03263292138159741,0.3129306632511
Langfjordjokelen,2069-03-01,-0.1535961320211109,0.04153387145476154,0.00757261093378826
Langfjordjokelen,2069-04-01,-0.006503785153744526,-0.03503145616057677,-0.08404315558233572
Langfjordjokelen,2069-05-01,0.019066142075699576,-0.0629873792912972,-0.08594097562900001
Langfjordjokelen,2069-06-01,-0.015135638607383137,0.02761260053083808,-0.021299974180033775
Langfjordjokelen,2069-07-01,0.0213785761450703,-0.06402903121729527,-0.04877655249582354
Langfjordjokelen,2069-08-01,0.0180922015495278,-0.04229882252078041,0.0018852925190935566
Langfjordjokelen,2069-09-01,-0.03551317682766572,-0.17589850304976584,-0.08769490948770957
Langfjordjokelen,2069-10-01,0.0642079135523005,-0.03948260078994458,-0.03873815405979577
Langfjordjokelen,2069-11-01,0.07094661426389405,0.005609679083405222,-0.12322064726174874
Langfjordjokelen,2069-12-01,0.020919987589252145,0.0031604419315897033,0.032477893393353226
Langfjordjokelen,2070-01-01,-0.10940782288601619,-0.20475931290366348,-0.10193008925357573
Langfjordjokelen,2070-02-01,0.08896999182041361,-0.1458030857352449,-0.10522210194005267
Langfjordjokelen,2070-03-01,-0.08397976042121676,-0.031270877792088946,-0.051269339123258574
Langfjordjokelen,2070-04-01,0.00838767610877264,0.009815578376348335,-0.14392394464887723
Langfjordjokelen,2070-05-01,-0.01429533048505102,-0.07056779662602441,-0.11751178415006043
Langfjordjokelen,2070-06-01,-0.13036866067675815,-0.1604846637751625,0.012399758029336192
Langfjordjokelen,2070-07-01,-0.05543182299829117,-0.08110136461635613,-0.07741627041816436
Langfjordjokelen,2070-08-01,-0.006096127743573332,-0.04474104837336427,-0.12718111216750994
Langfjordjokelen,2070-09-01,-0.16294519647435932,-0.013081212743867894,-0.019050142036965017
Langfjordjokelen,2070-10-01,-0.10938903908615594,-0.15023813054688454,0.11784734169288848
Langfjordjokelen,2070-11-01,-0.0951610044082168,-0.021533903604365818,-0.027667486263127827
Langfjordjokelen,2070-12-01,-0.0005615664272026408,-0.13691689523721937,-0.09603458775165152
Langfjordjokelen,2071-01-01,-0.1371869621308119,0.0016416112944460496,0.07267458291282267
Langfjordjokelen,2071-02-01,0.09806900668372674,0.033302736671389895,-0.1208223287127786
Langfjordjokelen,2071-03-01,0.11535656014041369,-0.16808473063405902,-0.103257595940069
Langfjordjokelen,2071-04-01,-0.035545455749154714,-0.0669306392865241,0.057999692310483235
Langfjordjokelen,2071-05-01,-0.15102707497327203,-0.06510505449175251,-0.11246934710132221
Langfjordjokelen,2071-06-01,-0.07685872276497811,-0.11611863229413612,-0.05369599645958853
Langfjordjokelen,2071-07-01,-0.15945742514458175,-0.006490925507993621,-0.013093782086618022
Langfjordjokelen,2071-08-01,-0.10107047874110542,-0.10043596326211875,0.12342564507646515
Langfjordjokelen,2071-09-01,-0.01055199533436474,-0.11267229722592435,0.14791585748780484
Langfjordjokelen,2071-10-01,-0.18184607175087872,0.011713652398210624,-0.1540813370414259
Langfjordjokelen,2071-11-01,0.0818211103804768,-0.015310503680816724,0.06964261936869587
Langfjordjokelen,2071-12-01,0.010869801101529727,-0.15017629485358427,0.08058098412423656
Langfjordjokelen,2072-01-01,0.04026621368385386,-0.011639896658668802,-0.18568165204739753
Langfjordjokelen,2072-02-01,0.017118900754527787,-0.030333261551869717,-0.1972807098232193
Langfjordjokelen,2072-03-01,0.027809147661634313,-0.07894407198652616,-0.12311573125484278
Langfjordjokelen,2072-04-01,-0.10037600531723878,-0.036750587810421766,-0.049578626986385065
Langfjordjokelen,2072-05-01,-0.12260009413720363,-0.017850593886798712,0.11404533755705515
Langfjordjokelen,2072-06-01,0.009932761931071342,-0.10261399327708982,-0.020637210082041436
Langfjordjokelen,2072-07-01,0.0712650411810309,0.09068419927612043,-0.039128744253340474
Langfjordjokelen,2072-08-01,0.025884993495361556,0.09980294699602708,0.06357469593857247
Langfjordjokelen,2072-09-01,-0.024514201561592622,-0.06828111069092267,0.18213761896291056
Langfjordjokelen,2072-10-01,0.0881378164980227,-0.06473955166418234,-0.2339300667636138
Langfjordjokelen,2072-11-01,-0.024270308575410293,-0.14184466256544934,0.05421780562522108
Langfjordjokelen,2072-12-01,0.021457647553354147,-0.1039096694652676,0.10688045878182499
Langfjordjokelen,2073-01-01,-0.019402346445075394,-0.0998104252928394,-0.16587835681253746
Langfjordjokelen,2073-02-01,0.06896462883662803,-0.017717916374876286,-0.06021700255328697
Langfjordjokelen,2073-03-01,-0.056707745859911916,-0.18536963640940896,-0.08492049194780471
Langfjordjokelen,2073-04-01,0.09776254678756403,-0.0680880568577962,-0.07082105825711506
Langfjordjokelen,2073-05-01,-0.0019291984653125524,-0.021106273706261437,-0.09058511493569786
Langfjordjokelen,2073-06-01,-0.02929018110687484,-0.09627193768669327,0.037732463532519904
Langfjordjokelen,2073-07-01,-0.08176833635821425,0.06439052921629233,0.04578539474481092
Langfjordjokelen,2073-08-01,-0.06803089617381528,0.004003437161194448,-0.07844772882550023
Langfjordjokelen,2073-09-01,-0.011280978368959318,-0.15138518711197857,-0.026088911255208822
Langfjordjokelen,2073-10-01,0.10778885124777249,-0.13623784490794394,0.10121107936527494
Langfjordjokelen,2073-11-01,0.027267207834579466,-0.07301453192096768,-0.11782843055444354
Langfjordjokelen,2073-12-01,-0.003261714448343558,0.06712177167820867,-0.10362454517807858
Langfjordjokelen,2074-01-01,-0.0669518023843488,0.004348313845250885,-0.1360947098596483
Langfjordjokelen,2074-02-01,-0.07714038316432204,0.01947394081793638,0.16983982033043862
Langfjordjokelen,2074-03-01,-0.08172180217822612,0.06507370364377985,0.021745559821924734
Langfjordjokelen,2074-04-01,0.05063954719484457,0.06459036688447325,-0.05344323876852278
Langfjordjokelen,2074-05-01,-0.013839651734181044,-0.0705401972890048,-0.022097853915196513
Langfjordjokelen,2074-06-01,-0.05634498843246944,-0.09353379344907287,-0.007783117517117279
Langfjordjokelen,2074-07-01,-0.10803780245409178,0.09876415601321699,-0.03646444444916321
Langfjordjokelen,2074-08-01,-0.14425453542350294,-0.09117396900398961,0.003939746756134031
Langfjordjokelen,2074-09-01,0.019729198967436645,-0.052239639842401535,0.10938335455870281
Langfjordjokelen,2074-10-01,0.10656285640759534,0.0006867186987005331,-0.008453010166597693
Langfjordjokelen,2074-11-01,-0.031808822567888584,-0.17023131239442554,0.012262823891787877
Langfjordjokelen,2074-12-01,-0.009723906041981019,-0.07429901589353576,-0.10218937073389738
Langfjordjokelen,2075-01-01,0.045205640199179165,-0.10348437754805911,0.03340699742611327
Langfjordjokelen,2075-02-01,-0.027954950933491454,0.11148900240009031,-0.16727712659566407
Langfjordjokelen,2075-03-01,-0.08674436060426245,-0.03740469533027813,-0.01480235991962999
Langfjordjokelen,2075-04-01,-0.14987774639810394,-0.057342312592141474,-0.11207603568553838
Langfjordjokelen,2075-05-01,0.0604121264494454,0.03655698256800182,0.009643437308189
Langfjordjokelen,2075-06-01,-0.04222425831205795,-0.06731729657559758,-0.07757822539523002
Langfjordjokelen,2075-07-01,-0.10244531576094373,0.07238716207267874,-0.08391428594655347
Langfjordjokelen,2075-08-01,-0.03996313715634573,0.09034307303594337,-0.08722780989948309
Langfjordjokelen,2075-09-01,0.01915751925023831,0.02321523585885597,-0.01484124006849996
Langfjordjokelen,2075-10-01,-0.05183789063022804,-0.02016428583012186,-0.05237329501191048
Langfjordjokelen,2075-11-01,-0.15003822199406108,-0.058130716572350506,-0.12120541547693596
Langfjordjokelen,2075-12-01,-0.006969074352251084,0.03046361761285325,0.09092497036685575
Langfjordjokelen,2076-01-01,-0.06424064666025954,0.09373844589225251,-0.23034863773276482
Langfjordjokelen,2076-02-01,-0.04748653566058636,0.008401633473550415,0.028387688562744803
Langfjordjokelen,2076-03-01,-0.12875098138694532,-0.10284174361415122,-0.09446883783857611
Langfjordjokelen,2076-04-01,0.003953790594678074,-0.08957904959224021,-0.10753616320313203
Langfjordjokelen,2076-05-01,-0.1442079349118813,-0.07736132026812013,0.1391086516641459
Langfjordjokelen,2076-06-01,-0.06683482150955386,-0.09515472498155557,0.037159251687288126
Langfjordjokelen,2076-07-01,-0.07501679140582518,-0.028502844271023647,-0.03089807578888625
Langfjordjokelen,2076-08-01,-0.10168464761026057,-0.0882054137699221,0.009125662202142086
Langfjordjokelen,2076-09-01,-0.018761820230625833,-0.0643643217981184,-0.10126168322743123
Langfjordjokelen,2076-10-01,-0.042558359975503696,0.13943776652978762,-0.14162371881528282
Langfjordjokelen,2076-11-01,0.02839138065975151,-0.037381969116016205,-0.05415866645770231
Langfjordjokelen,2076-12-01,-0.06192314819391125,0.03772569601133684,-0.09055395524239002
Langfjordjokelen,2077-01-01,0.12746383849295884,-0.05366874678732366,-0.002928008273818184
Langfjordjokelen,2077-02-01,0.008060738579164757,0.12558698438031834,0.03492377170838523
Langfjordjokelen,2077-03-01,-0.029583330345372135,-0.055948943740536605,0.05498855157056485
Langfjordjokelen,2077-04-01,-0.0405543634894718,-0.004745969644173812,0.025296847840513614
Langfjordjokelen,2077-05-01,-0.034891556362092874,-0.05162520101141743,-0.11479735206451387
Langfjordjokelen,2077-06-01,-0.10709184403375473,-0.07077659623651726,-0.004752643341054697
Langfjordjokelen,2077-07-01,-0.015592175775240443,-0.12093666361892312,0.006030393271053526
Langfjordjokelen,2077-08-01,-0.10587258889580586,-0.11164453517152263,-0.07576088456597563
Langfjordjokelen,2077-09-01,-0.047051329385542066,-0.11680144011228905,-0.07026444203194743
Langfjordjokelen,2077-10-01,0.075668481513357,0.15999229546930888,0.10430586939483766
Langfjordjokelen,2077-11-01,0.11159981041298507,0.07831585531605358,-0.10044432732300079
Langfjordjokelen,2077-12-01,-0.20680559168261634,-0.14642106407789968,-0.19049430536617473
Langfjordjokelen,2078-01-01,-0.049547849808956705,-0.03079616999950574,0.11826814500015288
Langfjordjokelen,2078-02-01,0.09824008856979487,-0.036592280545464255,-0.00020902192241293674
Langfjordjokelen,2078-03-01,-0.06254144968049645,-0.06202891195156551,-0.03760756204742718
Langfjordjokelen,2078-04-01,-0.014969192874541385,0.030539425376166985,0.07777648393913665
Langfjordjokelen,2078-05-01,-0.08958391874550443,0.02882720357189625,-0.1750425831880642
Langfjordjokelen,2078-06-01,-0.07781980104591937,-0.04478618893087747,-0.12896122792988987
Langfjordjokelen,2078-07-01,-0.06401642665045763,-0.11585067052214297,0.017372833421639148
Langfjordjokelen,2078-08-01,0.13221539156341358,-0.037518562445581174,0.0178832646195333
Langfjordjokelen,2078-09-01,0.09960793604980082,0.07867937899271525,0.1485770818323553
Langfjordjokelen,2078-10-01,-0.006623640947269062,0.018663782638799017,0.12836476940819372
Langfjordjokelen,2078-11-01,-0.13218310176578563,0.01179259215113612,-0.03212188798614237
Langfjordjokelen,2078-12-01,-0.017214080649427466,-0.14273140037635354,-0.1479577123024732
Langfjordjokelen,2079-01-01,-0.12173774032938356,0.05482332874401794,0.13577692425134494
Langfjordjokelen,2079-02-01,0.09577417618832894,-0.037958893827730565,-0.1507754173023416
Langfjordjokelen,2079-03-01,0.010354787923641381,0.03210043099369153,0.007123948858432244
Langfjordjokelen,2079-04-01,0.0006585949081980638,-0.09378088184192386,-0.08501813487120678
Langfjordjokelen,2079-05-01,-0.07929789125196617,-0.034857651108859106,-0.042007541239264035
Langfjordjokelen,2079-06-01,-0.04834630445431828,-0.14789091020119602,-0.01592203376067086
Langfjordjokelen,2079-07-01,-0.022267143789518728,-0.08747402296808525,-0.03485728814401716
Langfjordjokelen,2079-08-01,-0.04745898570913935,0.023300911808753252,-0.06327389577308444
Langfjordjokelen,2079-09-01,0.050614385601956906,-0.03074693591336429,0.044230434493206246
Langfjordjokelen,2079-10-01,-0.013270010230441151,0.010750063978500651,-0.21808307614487746
Langfjordjokelen,2079-11-01,-0.06197641983959138,0.12557858100293157,-0.07621487763484412
Langfjordjokelen,2079-12-01,0.00851793207964542,0.07716783554754503,0.07697649940027804
Langfjordjokelen,2080-01-01,-0.07871183105719086,0.041709889207604905,0.22258219656822723
Langfjordjokelen,2080-02-01,0.0019941436433577597,-0.1360640024792408,0.06129945515941187
Langfjordjokelen,2080-03-01,0.0825015361598566,-0.14986559150555714,0.008372463890589496
Langfjordjokelen,2080-04-01,-0.01539773366645216,-0.012129811614669457,-0.014841856041587026
Langfjordjokelen,2080-05-01,0.00660647298444092,0.11548108878682282,0.0018715166709462768
Langfjordjokelen,2080-06-01,0.009573121486776356,-0.038728974435276266,0.11939833523002297
Langfjordjokelen,2080-07-01,0.07755572621069491,-0.07456530588889566,-0.07267164607347469
Langfjordjokelen,2080-08-01,0.08628744259562537,-0.11595822905264976,-0.03488802095457321
Langfjordjokelen,2080-09-01,0.012045301329646702,-0.007399759088935393,-0.15890746041158174
Langfjordjokelen,2080-10-01,0.06269373174402577,-0.030143736146803064,0.07928579465119494
Langfjordjokelen,2080-11-01,0.01642135991627292,-0.11011000883406859,0.010010521168506073
Langfjordjokelen,2080-12-01,-0.018328673071728932,0.057433080191803244,-0.04022622076235845
Langfjordjokelen,2081-01-01,0.047747057343167865,0.06676664271109972,0.04606145379384994
Langfjordjokelen,2081-02-01,-0.15887669621515546,-0.09415048222947166,-0.011072994848409042
Langfjordjokelen,2081-03-01,0.08769719887093542,0.0119951142242025,-0.026667221795088885
Langfjordjokelen,2081-04-01,0.08918930934246354,-0.09606445950727428,-0.03162982082559057
Langfjordjokelen,2081-05-01,0.07756780675089825,-0.09520372285072871,-0.052702663865989464
Langfjordjokelen,2081-06-01,-0.0179137369974736,0.004416539408363292,-0.04936822900773774
Langfjordjokelen,2081-07-01,-0.06765206614117047,-0.025612588257257735,-0.06153714187384493
Langfjordjokelen,2081-08-01,-0.06939294522590535,-0.01566892663025018,-0.043276413286283684
Langfjordjokelen,2081-09-01,0.04781515535556791,-0.06797602340437096,-0.09596183645620458
Langfjordjokelen,2081-10-01,-0.04350727357778186,-0.12739844031575562,-0.12073192044374696
Langfjordjokelen,2081-11-01,-0.035467604871352636,0.01665435914029272,0.04591213150013401
Langfjordjokelen,2081-12-01,-0.1880217029143598,-0.01052959573328687,-0.026489851731356633
Langfjordjokelen,2082-01-01,-0.11088256561159643,-0.07993043415276171,-0.07320870843724799
Langfjordjokelen,2082-02-01,0.13386950541340403,0.02327992326595993,-0.25146070251218405
Langfjordjokelen,2082-03-01,-0.10701835334567854,-0.21745903837348787,-0.06198496172124609
Langfjordjokelen,2082-04-01,-0.062197749223505655,0.08204810373756105,0.00029681656785433597
Langfjordjokelen,2082-05-01,-0.06459656431184059,-0.03676943854099058,-0.09422779169788315
Langfjordjokelen,2082-06-01,0.06761091450504246,-0.12072961424823225,-0.07902438355320131
Langfjordjokelen,2082-07-01,-0.10288166837593983,0.05771969706993093,0.0017357541285428282
Langfjordjokelen,2082-08-01,-0.051882747052113216,-0.08822325556210904,0.04030111462863315
Langfjordjokelen,2082-09-01,-0.20724263645626317,-0.1141510459364302,-0.020046744581535283
Langfjordjokelen,2082-10-01,-0.019472438096241374,-0.0581046152102124,-0.10171954279448593
Langfjordjokelen,2082-11-01,-0.12327719781606317,-0.0456829549845007,0.024856768772536304
Langfjordjokelen,2082-12-01,0.06745081521367807,-0.10775224596102984,0.11448696856612393
Langfjordjokelen,2083-01-01,0.08813217705976284,0.03309977663423218,0.12141023530558959
Langfjordjokelen,2083-02-01,0.03750331425803207,-0.06393539175974472,-0.1340936270869662
Langfjordjokelen,2083-03-01,0.04582178176094148,-0.027868783404148872,0.053456984902737474
Langfjordjokelen,2083-04-01,-0.11424221639443792,-0.09787156755265576,-0.13285928348729245
Langfjordjokelen,2083-05-01,-0.002540220778551009,-0.06050680188479823,0.024034303907770144
Langfjordjokelen,2083-06-01,0.07609710113369302,-0.03785340218935386,-0.07341312496078024
Langfjordjokelen,2083-07-01,0.026657529670525853,0.0006519774321130772,-0.0015055855205647363
Langfjordjokelen,2083-08-01,0.10896450370746581,-0.13296377855227662,0.0749875888773912
Langfjordjokelen,2083-09-01,-0.10995633910541845,-0.16451514001136455,0.00720613627300104
Langfjordjokelen,2083-10-01,-0.13227755043299083,0.10144407071382994,-0.13787077033837697
Langfjordjokelen,2083-11-01,-0.15570818909132178,-0.07925186250824319,0.07203587670662207
Langfjordjokelen,2083-12-01,-0.09333205615028224,0.05709966525061975,0.013346676941810983
Langfjordjokelen,2084-01-01,0.03331415205991228,-0.16781934904403215,-0.07542204815231417
Langfjordjokelen,2084-02-01,-0.20499272081870634,-0.04859242530951391,-0.1474060169099708
Langfjordjokelen,2084-03-01,-0.08842962036059436,0.0720024508414958,-0.0767543201454924
Langfjordjokelen,2084-04-01,0.012997921619505791,0.04261414440416126,0.07327121296805149
Langfjordjokelen,2084-05-01,-0.017228856761309044,-0.035768670950685144,-0.05898600587999889
Langfjordjokelen,2084-06-01,-0.11936340826855914,-0.03224228662969963,-0.1138392113387165
Langfjordjokelen,2084-07-01,-0.13249523254867737,0.017085434049562826,-0.07100337161041782
Langfjordjokelen,2084-08-01,-0.07990586302153756,0.06477373007640479,-0.11189386504998762
Langfjordjokelen,2084-09-01,-0.0038452169585965063,-0.11012015556819747,0.178365119357728
Langfjordjokelen,2084-10-01,-0.1649372439853467,0.005522197153332725,0.021192886603316616
Langfjordjokelen,2084-11-01,0.04402832287974182,-0.022795819878061323,0.16046995613775009
Langfjordjokelen,2084-12-01,0.0477125033375198,-0.08036494490528555,0.0026489573132970692
Langfjordjokelen,2085-01-01,-0.052178129743002705,0.09337732251760872,-0.012879553045296546
Langfjordjokelen,2085-02-01,-0.08954200824493176,0.04650538478279145,-0.04346864651215012
Langfjordjokelen,2085-03-01,-0.18898216732367454,-0.029233590046586377,-0.006922381664453245
Langfjordjokelen,2085-04-01,-0.07218894725091801,0.021484833580889696,0.014533456103353423
Langfjordjokelen,2085-05-01,0.04903726409262441,-0.055789342077231734,0.055584349118204
Langfjordjokelen,2085-06-01,-0.09638573122282805,-0.011722188318122795,0.026543039079706992
Langfjordjokelen,2085-07-01,-0.09722500032773218,-0.0683324072063346,-0.021037150830938323
Langfjordjokelen,2085-08-01,-0.01691662238288966,-0.005758666205194778,-0.051132773659848085
Langfjordjokelen,2085-09-01,0.009419920260656927,-0.07444103927882102,0.0006667584561076296
Langfjordjokelen,2085-10-01,0.005331446507681904,-0.13692377128035935,-0.09857810696244267
Langfjordjokelen,2085-11-01,0.06917378566141637,-0.11923815623348122,0.07884531637222557
Langfjordjokelen,2085-12-01,-0.042614793814258034,-0.022286370363113785,-0.08462418926251414
Langfjordjokelen,2086-01-01,-0.18618383207484657,0.025562991848309496,-0.0986917466549642
Langfjordjokelen,2086-02-01,-0.24132605994127987,-0.015833565862303747,-0.028341409739147214
Langfjordjokelen,2086-03-01,0.031401207318547085,-0.06334344985931704,-0.10545363966115096
Langfjordjokelen,2086-04-01,0.0029201045351481803,0.10458118751004675,-0.01624419741304269
Langfjordjokelen,2086-05-01,-0.06638039758443719,-0.06040754234402618,-0.05653020840027329
Langfjordjokelen,2086-06-01,0.015900040568754357,-0.060198066199699925,-0.008090677269076462
Langfjordjokelen,2086-07-01,-0.11703788870208987,0.08298900081885967,-0.0923103170199515
Langfjordjokelen,2086-08-01,-0.08941625179085726,-0.07315920489061034,-0.06231475154530538
Langfjordjokelen,2086-09-01,-0.07498652073614324,0.015620553286721852,-0.003979834596471885
Langfjordjokelen,2086-10-01,-0.07932550901745188,-0.15632905081203707,-0.08141261806834363
Langfjordjokelen,2086-11-01,-0.07494697847961598,0.05689363388751356,0.00016595679896426463
Langfjordjokelen,2086-12-01,-0.10639060712574212,-0.04890660077067221,-0.02287214385939869
Langfjordjokelen,2087-01-01,-0.04787572311665156,0.04313285035186166,-0.07217215652510356
Langfjordjokelen,2087-02-01,-0.18422312003012908,-0.07291450220465935,0.14843537105586027
Langfjordjokelen,2087-03-01,-0.09929906656773646,0.01061073521993891,-0.056870723943250046
Langfjordjokelen,2087-04-01,-0.1049972061777945,-0.037139337524306294,-0.10189161439712131
Langfjordjokelen,2087-05-01,-0.02370933236790555,-0.043324546718125335,-0.06204015996037902
Langfjordjokelen,2087-06-01,0.005656656836797017,0.004415889105349867,-0.10554738709924343
Langfjordjokelen,2087-07-01,0.09230024196694171,-0.09776768450231994,0.005132168422063291
Langfjordjokelen,2087-08-01,0.020596530197384656,-0.09329996588650276,0.020541340694520918
Langfjordjokelen,2087-09-01,-0.09916682812923348,0.0002948717021174242,0.13790716217839052
Langfjordjokelen,2087-10-01,0.06166442200399619,-0.08924714389443376,-0.01025363896947365
Langfjordjokelen,2087-11-01,0.13901927932127509,-0.020420516041444462,-0.1621903051255946
Langfjordjokelen,2087-12-01,-0.005693593979315373,-0.01975090539241323,0.1117171113658987
Langfjordjokelen,2088-01-01,0.0415807498238201,-0.039834933369710016,0.0017509220177411831
Langfjordjokelen,2088-02-01,0.032393279054418106,-0.12430976013814438,-0.12049446878580417
Langfjordjokelen,2088-03-01,-0.11616563926837449,-0.13110107727548678,-0.03329301690233733
Langfjordjokelen,2088-04-01,0.040438320820537416,-0.02261341544393711,-0.08674980331249434
Langfjordjokelen,2088-05-01,-0.08323280971586831,0.04087091843783852,-0.07468422408806906
Langfjordjokelen,2088-06-01,-0.015411286241286445,-0.013483348044159613,-0.028013069660706862
Langfjordjokelen,2088-07-01,-0.04974037802086351,-0.0729811574578745,0.05667441197705412
Langfjordjokelen,2088-08-01,-0.07459302508567907,-0.025257256509563456,-0.06834450231596746
Langfjordjokelen,2088-09-01,-0.07335243081536816,0.04234724748976157,-0.06919891209500785
Langfjordjokelen,2088-10-01,0.04756192436565019,-0.06568712820823143,-0.0215323171549557
Langfjordjokelen,2088-11-01,0.01391445331704607,0.11844729537974928,0.007436336614150174
Langfjordjokelen,2088-12-01,-0.005219382664921291,0.03539956376400616,-0.10348173601572419
Langfjordjokelen,2089-01-01,-0.022013603361852253,-0.0658788364300695,0.0657320875900627
Langfjordjokelen,2089-02-01,-0.2242948400302286,-0.18532293318637713,0.03977262737443211
Langfjordjokelen,2089-03-01,-0.0650316629932549,-0.10323091575853144,-0.13635464233993075
Langfjordjokelen,2089-04-01,0.005875515330204746,0.07383069769286682,-0.11214479593940259
Langfjordjokelen,2089-05-01,-0.10723057524233313,-0.02821951701755951,-0.04998946772024998
Langfjordjokelen,2089-06-01,-0.08494636819918704,-0.0131608027052395,-0.08006722712426013
Langfjordjokelen,2089-07-01,-0.17551891737825395,-0.07584670181959298,-0.13106992323054834
Langfjordjokelen,2089-08-01,-0.014905307731810764,0.03279078490688563,0.06242290985243636
Langfjordjokelen,2089-09-01,0.008838537422676025,0.08309276541884418,0.05666011024975401
Langfjordjokelen,2089-10-01,-0.07135763655920933,-0.08913133443654186,-0.05791730717504875
Langfjordjokelen,2089-11-01,-0.13082734678496888,0.0949907619804697,0.05622934604259556
Langfjordjokelen,2089-12-01,-0.09280705115934178,0.015008763744738246,0.002932166576102233
Langfjordjokelen,2090-01-01,0.06822934893512819,-0.01051992639672811,0.06252403504527686
Langfjordjokelen,2090-02-01,0.00043118855595741107,0.0060097023476472335,-0.03786984414762379
Langfjordjokelen,2090-03-01,-0.09294578773104319,-0.04290428130163645,0.10274749741997656
Langfjordjokelen,2090-04-01,0.018838216362796485,-0.05000507583342908,0.1559105330185384
Langfjordjokelen,2090-05-01,0.0061519429773656984,-0.06716257648410347,-0.018983887101537148
Langfjordjokelen,2090-06-01,-0.016709684092175808,-0.04667847593873553,-0.07959895989610405
Langfjordjokelen,2090-07-01,-0.04661702057885178,-0.10403539167335651,0.0018499572400679763
Langfjordjokelen,2090-08-01,-0.05704968537946381,0.07887649642493323,0.05237071327866974
Langfjordjokelen,2090-09-01,-0.10620590917202459,0.06589217895377884,-0.028132656902589915
Langfjordjokelen,2090-10-01,0.09643598881787602,0.021943817137241917,-0.11136407049814044
Langfjordjokelen,2090-11-01,0.022045260050523124,-0.027815027509287448,-0.0689642578350023
Langfjordjokelen,2090-12-01,0.018083701378123467,-0.1182396153531306,-0.07610652542250892
Langfjordjokelen,2091-01-01,-0.0027938013732361094,0.08756797780423663,-0.009391052454540404
Langfjordjokelen,2091-02-01,-0.055524252650283545,-0.08918695540370596,-0.03772170616241032
Langfjordjokelen,2091-03-01,0.06104016261880246,0.004254458589012533,-0.07936747177794268
Langfjordjokelen,2091-04-01,-0.043197673184950415,-0.10067479015401594,-0.08193332690028887
Langfjordjokelen,2091-05-01,-0.03253269818936851,-0.02495286766768562,-0.023890338499184854
Langfjordjokelen,2091-06-01,-0.13239616501313628,0.08982234252013227,0.03534532539586111
Langfjordjokelen,2091-07-01,0.07394366067023701,-0.06488328234483999,0.055794407959058136
Langfjordjokelen,2091-08-01,-0.13636987736929831,-0.037276329737680775,-0.07110138883922594
Langfjordjokelen,2091-09-01,0.005843977132951231,-0.007940253670882774,0.0011137792882431861
Langfjordjokelen,2091-10-01,-0.1460274397681668,0.01969206760641209,-0.011557350061840005
Langfjordjokelen,2091-11-01,0.034818760558246765,0.06532851557086437,0.1553975586227373
Langfjordjokelen,2091-12-01,0.17273556659399605,-0.053982571462067495,0.13581971999442374
Langfjordjokelen,2092-01-01,-0.06742192953182032,-0.12643945584354518,0.018509085053191907
Langfjordjokelen,2092-02-01,0.04251963433326694,0.04610853801150865,-0.10693637409502567
Langfjordjokelen,2092-03-01,0.03058146356654638,-0.01686411934926323,0.017451255970873093
Langfjordjokelen,2092-04-01,-0.09863724207111714,0.068286573783849,0.055230925514376694
Langfjordjokelen,2092-05-01,-0.10014474649061715,-0.026427022011544402,-0.015040850655662722
Langfjordjokelen,2092-06-01,-0.012113690117709915,-0.06447280332654547,0.004830276671038286
Langfjordjokelen,2092-07-01,-0.038373635549719294,-0.17605451192601773,-0.04818210477718834
Langfjordjokelen,2092-08-01,-0.046904945360867874,-0.14210534786304505,-0.12057573034597985
Langfjordjokelen,2092-09-01,0.03310078347944267,-0.15755810486568014,-0.04947274273894418
Langfjordjokelen,2092-10-01,-0.15023614292605153,-0.028725463397938137,0.042140090759766574
Langfjordjokelen,2092-11-01,-0.053774093248156775,-0.1552485398821256,0.03831308594519412
Langfjordjokelen,2092-12-01,-0.25960489207484044,-0.013504501036727309,-0.07284570462574907
Langfjordjokelen,2093-01-01,-0.2599453066027538,-0.1777544728800127,-0.13024872930475498
Langfjordjokelen,2093-02-01,-0.011284028089034571,-0.05442457255816937,-0.05927129001718193
Langfjordjokelen,2093-03-01,-0.07627614303773499,0.050280046471998276,-0.015050911745570864
Langfjordjokelen,2093-04-01,0.14046542723146946,-0.04512151686077534,0.039999161234049875
Langfjordjokelen,2093-05-01,0.08169171126571204,0.05195647784800458,-0.10110978986901986
Langfjordjokelen,2093-06-01,-0.009583766864670877,0.0458255618265709,0.1252312275377496
Langfjordjokelen,2093-07-01,0.015160398641818259,-0.10883435650502625,0.1887622715385716
Langfjordjokelen,2093-08-01,-0.048939642820857054,-0.051907230987039775,-0.029840128496913216
Langfjordjokelen,2093-09-01,-0.034680665192637065,-0.037593550998897406,-0.16541732312210264
Langfjordjokelen,2093-10-01,-0.03877216732296981,-0.015046329458810771,0.04085776410592019
Langfjordjokelen,2093-11-01,-0.16012667014895168,-0.07768241534909542,0.1767113122024491
Langfjordjokelen,2093-12-01,0.005971852661162296,-0.07111443157282385,-0.23128201744190605
Langfjordjokelen,2094-01-01,-0.10079998596217633,-0.02493907570579443,-0.15696951040791932
Langfjordjokelen,2094-02-01,-0.02719593236984702,0.10159401565936506,0.003252194254225342
Langfjordjokelen,2094-03-01,-0.07429223801073549,0.07482824449631571,0.016213582358888572
Langfjordjokelen,2094-04-01,-0.02428191853003177,-0.02577280500403013,0.061089186337933477
Langfjordjokelen,2094-05-01,-0.06742039359628285,0.0341123151072178,-0.07339906507837944
Langfjordjokelen,2094-06-01,-0.015844923578256283,0.009493376486345998,0.06799303346473086
Langfjordjokelen,2094-07-01,0.019282646250801314,-0.09915073425307797,-0.16691820532393045
Langfjordjokelen,2094-08-01,0.007453467386976925,0.0385794251609406,-0.14583023922126026
Langfjordjokelen,2094-09-01,0.0005286145700394476,-0.15783176858656753,-0.06970087923382087
Langfjordjokelen,2094-10-01,-0.028579331000517915,0.015466599103806466,-0.0005327547669707935
Langfjordjokelen,2094-11-01,0.026856083688609905,-0.16097667508611022,-0.20727642817094316
Langfjordjokelen,2094-12-01,-0.0689101078183797,0.08793421881577845,0.13450869162365872
Langfjordjokelen,2095-01-01,-0.0706002308254196,0.06036806790610325,-0.05689508108961349
Langfjordjokelen,2095-02-01,-0.10492067485554148,0.1551899432606849,-0.1710820512945972
Langfjordjokelen,2095-03-01,0.11400127893488421,0.032346150735910746,-0.009976205239306741
Langfjordjokelen,2095-04-01,-0.09341952633306838,0.02761149330329161,-0.0702988685708405
Langfjordjokelen,2095-05-01,-0.04156192347723405,-0.009766225890833402,-0.10356127104022761
Langfjordjokelen,2095-06-01,0.032772472750868566,-0.012801592145776563,-0.0920127826019112
Langfjordjokelen,2095-07-01,-0.08804004795379881,0.001046367107325819,0.06366220855446535
Langfjordjokelen,2095-08-01,-0.05267429991157491,-0.073458162535448,-0.12565392966315814
Langfjordjokelen,2095-09-01,-0.06914115327339818,-0.05490368432646541,-0.04977345437487377
Langfjordjokelen,2095-10-01,-0.18484336708887958,-0.08231055464505936,0.05242177178381215
Langfjordjokelen,2095-11-01,-0.08652594164867554,-0.018877199795522718,-0.19269496012595533
Langfjordjokelen,2095-12-01,0.10929384853829364,-0.0703530999478889,-0.12562550420725374
Langfjordjokelen,2096-01-01,-0.042967543166353726,-0.14854740636771044,0.07201105198142523
Langfjordjokelen,2096-02-01,-0.021513563917484074,-0.1557160756986835,0.035324225467095856
Langfjordjokelen,2096-03-01,-0.04421056274533353,0.11730966715453817,-0.18962224620563495
Langfjordjokelen,2096-04-01,0.0160195023579916,-0.05480030569457812,-0.09261829562080137
Langfjordjokelen,2096-05-01,-0.0333355395660613,-0.028773407807591384,0.033875277850625996
Langfjordjokelen,2096-06-01,-0.0405518192783341,-0.057215265420428874,-0.09400011319410458
Langfjordjokelen,2096-07-01,-0.06847851125744513,0.019635842548886655,-0.058921281680651146
Langfjordjokelen,2096-08-01,-0.0040164715241626766,-0.1588251414051358,-0.06058398651028179
Langfjordjokelen,2096-09-01,-0.17497440781466014,0.03390087394839256,0.056340862788710165
Langfjordjokelen,2096-10-01,-0.09016498712992166,0.0016063910330790566,0.10820293883151173
Langfjordjokelen,2096-11-01,-0.10678735258655049,-0.008294328184117713,0.003307258390865979
Langfjordjokelen,2096-12-01,0.05673218115980353,-0.01408711519824283,-0.03840468390541454
Langfjordjokelen,2097-01-01,0.08201927890865567,-0.11048454989730815,-0.12700380201809924
Langfjordjokelen,2097-02-01,-0.0029720255675959755,-0.15312446545139632,0.0636561817990205
Langfjordjokelen,2097-03-01,0.07613465217030008,0.01706845014761589,-0.24027703205098905
Langfjordjokelen,2097-04-01,-0.01741093197312633,-0.001731683704772222,-0.08856866324522367
Langfjordjokelen,2097-05-01,0.1476768737284369,-0.044389421390797046,-0.12773188675089034
Langfjordjokelen,2097-06-01,-0.07585539660766004,-0.09066354341741441,0.06310372194595225
Langfjordjokelen,2097-07-01,0.0058604288170601955,-0.15369300432984534,-0.001957497442348089
Langfjordjokelen,2097-08-01,-0.009839727341687537,-0.05144088511371988,0.12380386319890363
Langfjordjokelen,2097-09-01,0.022710353137783718,0.0496780629433384,-0.08972436735013524
Langfjordjokelen,2097-10-01,0.03627200309166866,-0.004136724831339626,-0.08792562763858514
Langfjordjokelen,2097-11-01,0.05844667015568333,0.188869046498782,-0.039614725022565765
Langfjordjokelen,2097-12-01,-0.05075438568896066,0.04132276957044897,0.056346524819483434
Langfjordjokelen,2098-01-01,-0.03144022453722494,-0.08951105172582707,0.15168300925277167
Langfjordjokelen,2098-02-01,-0.03705844703515366,-0.15229811570404583,0.04373571463679116
Langfjordjokelen,2098-03-01,-0.07655705761673152,-0.0990683503983007,0.14145769608163797
Langfjordjokelen,2098-04-01,0.03694328173068811,-0.10080656025197902,0.06462254256678418
Langfjordjokelen,2098-05-01,-0.021416960623250908,-0.13181935275038395,-0.0029868969487394487
Langfjordjokelen,2098-06-01,-0.1073271481806171,-0.07308225518075917,0.009359170813756363
Langfjordjokelen,2098-07-01,0.03669632912882747,-0.0828140575883325,-0.05111542243596015
Langfjordjokelen,2098-08-01,-0.05672611518890582,-0.028444494824716504,0.038302669926543124
Langfjordjokelen,2098-09-01,0.07496509620524149,0.10259238475574063,0.005577809972550428
Langfjordjokelen,2098-10-01,0.17419669629476933,-0.053862846173545344,-0.02544477673163428
Langfjordjokelen,2098-11-01,-0.13003199902146637,-0.07037948238045759,-0.22914895403693394
Langfjordjokelen,2098-12-01,0.11104542893134604,0.059284655416465305,-0.22867550227703906
Langfjordjokelen,2099-01-01,-0.04694442178001703,-0.0906761226121028,-0.10094371530274203
Langfjordjokelen,2099-02-01,-0.07889402626846766,-0.09598818780317914,0.11204611888202652
Langfjordjokelen,2099-03-01,-0.01307943644841804,-0.0379788723429472,0.16822271457478966
Langfjordjokelen,2099-04-01,-0.10845611611249269,-0.004395074411367617,-0.059934919501722105
Langfjordjokelen,2099-05-01,-0.014590354104693724,-0.08416135532109231,0.11425970925405608
Langfjordjokelen,2099-06-01,-0.033384175877377735,0.00806715596504206,-0.08480798457514675
Langfjordjokelen,2099-07-01,-0.09099077211770294,0.09688096014002016,0.13869755878511117
Langfjordjokelen,2099-08-01,-0.13632309273608387,0.02137390429813324,-0.06446808271338934
Langfjordjokelen,2099-09-01,0.006849915838234202,0.0814743664108205,-0.08794705581001522
Langfjordjokelen,2099-10-01,0.13870944098354443,0.005238391443320061,0.07710956590427345
Langfjordjokelen,2099-11-01,0.061269216097254636,0.03133402939587949,-0.04156920277584789
Langfjordjokelen,2099-12-01,-0.05521813503804873,0.03248771655737306,-0.0356147007015823
Langfjordjokelen,2100-01-01,-0.11619606505866593,-0.04693889005035159,0.06624396641252675
Langfjordjokelen,2100-02-01,-0.06466029357439869,-0.20145727269948707,-0.011718101235773376
Langfjordjokelen,2100-03-01,-0.08885533920835127,-0.07718577230170019,-0.006318259536298105
Langfjordjokelen,2100-04-01,0.03646616467053924,0.09830238469849933,0.002095390265021801
Langfjordjokelen,2100-05-01,0.006592681883369471,0.07170600372662589,-0.027523756352025187
Langfjordjokelen,2100-06-01,-0.08925766914199566,0.06260635051484083,-0.10549215911007954
Langfjordjokelen,2100-07-01,-0.04755429666587128,0.1224244615394423,-0.04371110528283121
Langfjordjokelen,2100-08-01,-0.16318102227526987,0.05829447656201367,0.03096162174396298
Langfjordjokelen,2100-09-01,-0.06243584688301624,0.08580109850754973,0.004389348957130748
Langfjordjokelen,2100-10-01,-0.11985950806047235,0.009937242829068263,-0.025901346059435188
Langfjordjokelen,2100-11-01,0.11275469930638947,-0.09075757240384408,0.05166593379393292
Langfjordjokelen,2100-12-01,-0.13904116587542284,-0.14383240045991982,0.07675812654012686
Nigardsbreen,2015-01-01,-0.08415594716473485,0.15851017524316535,-0.0325104744824106
Nigardsbreen,2015-02-01,0.16836291415889906,0.14780692866928052,0.06626591963640881
Nigardsbreen,2015-03-01,-0.018598532639449574,0.04444383877763258,0.013381145445882014
Nigardsbreen,2015-04-01,0.002563474504191509,-0.11398735431216789,-0.012783279195557773
Nigardsbreen,2015-05-01,0.06718633015981455,-0.10754295366867848,-0.017733714617836533
Nigardsbreen,2015-06-01,0.02010550634504605,-0.014857417209853424,0.004926655023441623
Nigardsbreen,2015-07-01,-0.007476445150292226,0.0029774851643432215,-0.059651223703401236
Nigardsbreen,2015-08-01,-0.01882406549887958,-0.13910966364451668,-0.09376509903477326
Nigardsbreen,2015-09-01,-0.06404729195870418,-0.13985569278691531,0.12475474963291107
Nigardsbreen,2015-10-01,0.09092917091695096,-0.00020639065752349472,0.04463234626475687
Nigardsbreen,2015-11-01,-0.1416029079645875,-0.01963200887159774,-0.05346731791306092
Nigardsbreen,2015-12-01,0.05532175416524652,-0.009600335630983925,-0.020771385698427524
Nigardsbreen,2016-01-01,-0.03134863210581637,0.09577760812797238,0.002466621169476471
Nigardsbreen,2016-02-01,-0.0006564304877133645,-0.2544622091862421,0.06253252349590009
Nigardsbreen,2016-03-01,-0.11517667392025405,-0.03454920682589039,-0.013532275771911795
Nigardsbreen,2016-04-01,-0.0397514197098704,-0.031242609088321202,-0.10928853431012542
Nigardsbreen,2016-05-01,-0.020356067855103126,0.17969202456391456,0.09934766300133396
Nigardsbreen,2016-06-01,-0.010010609048623184,-0.159040788413774,-0.035976007928302356
Nigardsbreen,2016-07-01,-0.08833836997659705,-0.08981171367350155,0.013722552101272767
Nigardsbreen,2016-08-01,0.06016996220365315,-0.058508531452745115,-0.050102521692861494
Nigardsbreen,2016-09-01,-0.11346030251283895,-0.22205529492537415,0.0050801603533065925
Nigardsbreen,2016-10-01,-0.1272475183301843,-0.136082148476342,0.04358967085591529
Nigardsbreen,2016-11-01,-0.11288151225316183,-0.021066941452558788,0.11107952331243647
Nigardsbreen,2016-12-01,0.07444922608485614,0.15831586328976546,-0.013958787131169562
Nigardsbreen,2017-01-01,-0.13483610126255538,0.20727285286399577,0.05348532740663251
Nigardsbreen,2017-02-01,-0.2620245641414109,0.21314810419135607,0.02572401812732941
Nigardsbreen,2017-03-01,0.2021767715189575,0.09933065297799121,-0.12310295016230584
Nigardsbreen,2017-04-01,-0.01878959116883216,-0.15428871837676386,-0.10441926466489974
Nigardsbreen,2017-05-01,-0.082049849546134,0.051570583889827847,-0.10385185434542803
Nigardsbreen,2017-06-01,-0.0816851802826002,-0.14244947853356457,0.025764411427446166
Nigardsbreen,2017-07-01,-0.052394210492240835,-0.07799698009186609,-0.0134390200492124
Nigardsbreen,2017-08-01,-0.07668571565795312,-0.08331195472848801,-0.025794777188101293
Nigardsbreen,2017-09-01,0.007468929495470719,0.003524250010501407,0.07070497328716202
Nigardsbreen,2017-10-01,-0.035187265631399504,-0.054101095836900835,-0.033649669832343874
Nigardsbreen,2017-11-01,0.1652757935771743,0.0725234416939738,0.01839202247694148
Nigardsbreen,2017-12-01,-0.09837316115237309,-0.09477915134322536,-0.05475381868121129
Nigardsbreen,2018-01-01,0.1214252301135564,-0.1454911533129537,-0.10404046885098404
Nigardsbreen,2018-02-01,0.0011334517262884501,-0.06438439552642233,-0.05589244990462425
Nigardsbreen,2018-03-01,-0.15143795268582338,0.048678527205264575,0.0025087465045995814
Nigardsbreen,2018-04-01,-0.08360036454771853,0.11570668468295335,-0.04226877499053836
Nigardsbreen,2018-05-01,-0.09273738395959825,-0.09512878063371,0.007406674823225633
Nigardsbreen,2018-06-01,-0.09749933547961043,-0.004059088687264137,-0.040558643746792425
Nigardsbreen,2018-07-01,-0.0028552954425880364,-0.0023879732128673135,0.00253995184783753
Nigardsbreen,2018-08-01,0.07847855487065224,0.07711598605284438,0.07758520486631536
Nigardsbreen,2018-09-01,0.07845960134461805,-0.10973842165993863,-0.015730319071187143
Nigardsbreen,2018-10-01,0.17609742819377228,-0.025497417986554926,0.018733210767337066
Nigardsbreen,2018-11-01,0.01430000123341541,0.008963374836863349,-0.03989371671378633
Nigardsbreen,2018-12-01,-0.07556435309627908,-0.18332461906338257,0.023375130677580777
Nigardsbreen,2019-01-01,-0.027820780463998347,-0.25296293956146365,0.027533032200992943
Nigardsbreen,2019-02-01,-0.17102012115427026,-0.20569315039771072,0.1785426824241796
Nigardsbreen,2019-03-01,0.1139653810501095,0.0003583908373193251,-0.03021887718357989
Nigardsbreen,2019-04-01,0.07195821706629384,-0.015969489014332344,-0.0708436408926945
Nigardsbreen,2019-05-01,0.04814495188727095,-0.1209895657389478,0.007762402063404071
Nigardsbreen,2019-06-01,-0.0565580642088259,0.04330756154053972,0.06349428470330411
Nigardsbreen,2019-07-01,0.032864152082837154,0.03820571849341806,-0.07744166232453081
Nigardsbreen,2019-08-01,-0.07842925937214536,-0.09068814786005948,0.008694500548078982
Nigardsbreen,2019-09-01,-0.05519400479543047,0.054938098418892134,0.09034548763768913
Nigardsbreen,2019-10-01,0.05777965671294805,-0.025262356625945854,0.01778911692548511
Nigardsbreen,2019-11-01,-0.1835338735667428,0.15418101800265513,-0.03786358569510753
Nigardsbreen,2019-12-01,0.0692261196451992,0.08116251432523072,0.09940052045293363
Nigardsbreen,2020-01-01,-0.03509253146515953,0.1563902775658738,-0.047961616946165596
Nigardsbreen,2020-02-01,0.027117783550532445,0.05254006580783289,0.18204141505081362
Nigardsbreen,2020-03-01,-0.07811714591228779,-0.0110221909699496,-0.04589393833480404
Nigardsbreen,2020-04-01,-0.08564081376951856,-0.09699603460780547,-0.045303973357895745
Nigardsbreen,2020-05-01,-0.016912249722360762,0.07910522426636482,-0.019357844106757744
Nigardsbreen,2020-06-01,0.007276045340140694,-0.10267340094031034,-0.01846334193675538
Nigardsbreen,2020-07-01,-0.07833312106577985,-0.11725153019744139,-0.020863930371131115
Nigardsbreen,2020-08-01,0.02199563124478209,-0.060075725098846455,0.01895428996508557
Nigardsbreen,2020-09-01,0.0766133503445038,-0.15494483062169415,0.015257634575759757
Nigardsbreen,2020-10-01,0.019107036060062463,-0.07788403336204071,0.0651432900061806
Nigardsbreen,2020-11-01,-0.043656445928692146,0.04395209173074741,0.11640198898967831
Nigardsbreen,2020-12-01,-0.10127931745966647,0.056118261472661045,-0.1316026896422067
Nigardsbreen,2021-01-01,-0.01542905464346841,-0.09271548421162619,0.05282549601545097
Nigardsbreen,2021-02-01,0.11575017911292239,-0.05736946375966993,-0.06774585671657653
Nigardsbreen,2021-03-01,-0.1012589298095992,-0.029746314922499514,0.005261686123929296
Nigardsbreen,2021-04-01,-0.11349013806352633,0.00010815981624195369,0.015217756865398988
Nigardsbreen,2021-05-01,-0.01719389656905167,-0.04121894137761662,0.08652060145263646
Nigardsbreen,2021-06-01,-0.015427518933097427,-0.159314765900936,0.02660818390483526
Nigardsbreen,2021-07-01,-0.01967792485162308,-0.17814196440898356,-0.016068497514979217
Nigardsbreen,2021-08-01,-0.03509276359274074,-0.21611655733462584,-0.034661133321704174
Nigardsbreen,2021-09-01,-0.03831589149938697,-0.11475851481806665,-0.0006549528596983129
Nigardsbreen,2021-10-01,-0.12472109677101084,-0.2376292010613366,0.03026212009987951
Nigardsbreen,2021-11-01,-0.07707337829337957,-0.116748664601599,-0.11736667867378993
Nigardsbreen,2021-12-01,-0.1289894846529083,-0.08386441019179165,0.0617401938950993
Nigardsbreen,2022-01-01,0.05382137682059526,-0.17384088592131228,0.0652710316731719
Nigardsbreen,2022-02-01,0.039701670010101255,-0.036886597309829995,-0.08693795614816702
Nigardsbreen,2022-03-01,-0.011867861175058928,0.047892791017231644,-0.057432998298839216
Nigardsbreen,2022-04-01,0.12085893566114403,-0.19582227300288113,-0.046541545339792906
Nigardsbreen,2022-05-01,-0.051395936021304156,-0.05968026034912882,0.06622937347417866
Nigardsbreen,2022-06-01,-0.022717044932074812,-0.07177087459849175,0.06834057816604804
Nigardsbreen,2022-07-01,0.005344259124797236,-0.038619382197655136,-0.026424695024678455
Nigardsbreen,2022-08-01,-4.591760548225641e-05,0.047698039429599055,0.0005839115409269532
Nigardsbreen,2022-09-01,-0.10357088930625608,-0.09263263614902052,-0.060304984451857745
Nigardsbreen,2022-10-01,-0.21514721324689087,-0.1250328448900162,0.005548923271271568
Nigardsbreen,2022-11-01,-0.05830620916869459,-0.10394463371245692,-0.010789068638432613
Nigardsbreen,2022-12-01,0.10985995751846778,0.03059788465801087,0.044385343443603564
Nigardsbreen,2023-01-01,-0.11571913262235116,-0.000258317004883125,0.02767499493316235
Nigardsbreen,2023-02-01,-0.07935305440803228,-0.15294652175913406,0.1304439981874227
Nigardsbreen,2023-03-01,-0.0028346384557857013,-0.16314916133459856,0.05947381687547736
Nigardsbreen,2023-04-01,0.024968259717235052,-0.12136735892045919,-0.0759789736436679
Nigardsbreen,2023-05-01,0.12814027118701168,0.10186413710110744,-0.031871173973591245
Nigardsbreen,2023-06-01,0.03327876904919788,-0.09052919744290393,-0.0034698008082793084
Nigardsbreen,2023-07-01,-0.01852007387229414,-0.039306484027871263,0.0577883771060615
Nigardsbreen,2023-08-01,-0.05608603547667285,-0.1021649620301726,-0.063312748923099
Nigardsbreen,2023-09-01,-0.2014702934714249,0.11409351290918301,0.07746613017401825
Nigardsbreen,2023-10-01,-0.2286596629984338,0.09579704117306358,0.12434594325265018
Nigardsbreen,2023-11-01,-0.02982594751402203,0.05650437553990151,-0.05995693796031006
Nigardsbreen,2023-12-01,-0.15520884023298995,0.059583296909285294,-0.0015509492219304422
Nigardsbreen,2024-01-01,-0.09005162823395742,0.14717086631836304,-0.10016664106213637
Nigardsbreen,2024-02-01,-0.30849617370379895,-0.2551555454236139,-0.08723838816539398
Nigardsbreen,2024-03-01,-0.1178495797504686,-0.05254732502302726,0.006723231326456278
Nigardsbreen,2024-04-01,0.09625454789025749,0.09205774820006975,0.07033146479421251
Nigardsbreen,2024-05-01,-0.07586425367340785,0.0851314471202449,0.022886787823772282
Nigardsbreen,2024-06-01,-0.01676986737793702,-0.005304965161380712,0.03101734086576941
Nigardsbreen,2024-07-01,-0.04833475249072083,-0.017388526688935323,0.028914466766789198
Nigardsbreen,2024-08-01,-0.14781304590468405,0.018340053030739035,-0.0004738701311926864
Nigardsbreen,2024-09-01,-0.09468859312381826,-0.11276549079279441,0.02424148338650778
Nigardsbreen,2024-10-01,0.048953225370525884,0.011807001766272742,-0.15800163274403287
Nigardsbreen,2024-11-01,0.008508012549196272,0.07942514684028192,0.09139815088507881
Nigardsbreen,2024-12-01,0.1653017031220677,0.03289110512357366,-0.02604041889332394
Nigardsbreen,2025-01-01,0.051091834102761656,0.08751257137684622,0.15495023933701038
Nigardsbreen,2025-02-01,-0.0369225699505401,0.017629090917249412,0.03603326912553947
Nigardsbreen,2025-03-01,0.03834343348485633,-0.09005567798377127,-0.04498457406746855
Nigardsbreen,2025-04-01,-0.0704451125907933,-0.22605082928940276,0.039127698783438185
Nigardsbreen,2025-05-01,-0.14082919929951468,-0.06167324529336051,0.06085528512737646
Nigardsbreen,2025-06-01,0.08395372165336645,-0.03533254861279673,0.005058804106096729
Nigardsbreen,2025-07-01,0.10434438214459646,-0.040974757132748445,-0.003364963327091424
Nigardsbreen,2025-08-01,-0.000507944510180481,0.007050202523971895,-0.0017379572039081179
Nigardsbreen,2025-09-01,0.014544614017124249,-0.09783642974695983,0.14329646010834635
Nigardsbreen,2025-10-01,-0.09216432858754116,-0.056253410772284775,-0.021443774608221295
Nigardsbreen,2025-11-01,0.050540083347277553,0.019995080611673967,0.016488490523676978
Nigardsbreen,2025-12-01,0.11462170753411045,-0.023494431221161016,-0.1511297901928893
Nigardsbreen,2026-01-01,0.21985872369821266,-0.20899275058253286,0.03952728926199648
Nigardsbreen,2026-02-01,0.17362434925526035,-0.027755125652592732,0.1250865061527899
Nigardsbreen,2026-03-01,0.04975797493428926,0.11068835319231518,0.11940184213055689
Nigardsbreen,2026-04-01,-0.07933808653084033,-0.1127526417214052,0.058003498352623944
Nigardsbreen,2026-05-01,-0.002972253166468,-0.013024558023674337,-0.004541989466196048
Nigardsbreen,2026-06-01,-0.04823407476309441,0.07193574214276947,-0.09545591846294123
Nigardsbreen,2026-07-01,-0.01613573151096068,0.0008883983841917222,-0.046770953234424005
Nigardsbreen,2026-08-01,0.018034771495785477,0.013989346946405695,0.020800528224450856
Nigardsbreen,2026-09-01,0.0007679376516960545,0.11483787605681038,0.02821831807434333
Nigardsbreen,2026-10-01,-0.03694464614687867,-0.136424370162548,-0.071141388523017
Nigardsbreen,2026-11-01,-0.022258353257859933,-0.12613192783083438,-0.03210676424849258
Nigardsbreen,2026-12-01,-0.24984018845628334,0.060709170748272555,-0.05187436849522206
Nigardsbreen,2027-01-01,-0.23765126957522745,-0.22004650096567704,0.1435296188518321
Nigardsbreen,2027-02-01,-0.04020934929775189,0.2954600329966978,0.04505203941093509
Nigardsbreen,2027-03-01,-0.10041645418702784,0.19499478885314228,-0.06066049857244685
Nigardsbreen,2027-04-01,-0.08668169791348473,-0.028263201530017212,0.13757722782546253
Nigardsbreen,2027-05-01,-0.0814968710382979,-0.004679527286507037,-0.0001773701942181088
Nigardsbreen,2027-06-01,-0.10223729950885922,-0.04296732951815891,0.06487682439916274
Nigardsbreen,2027-07-01,0.015261727392330377,-0.03503729377205899,-0.014514102245634895
Nigardsbreen,2027-08-01,0.0343492204325642,-0.09658335259027127,0.025764904275517184
Nigardsbreen,2027-09-01,0.03018703028495259,-0.2525351452975899,-0.01859052815886428
Nigardsbreen,2027-10-01,0.12048256215958368,0.03009420270368196,-0.017519183551631384
Nigardsbreen,2027-11-01,-0.0753441805525256,0.001423240328316304,-0.051062070086089296
Nigardsbreen,2027-12-01,0.09498525317943873,0.023545636963576574,-0.06565726197238841
Nigardsbreen,2028-01-01,-0.293713081639782,0.2553551633040667,-0.018642897044847062
Nigardsbreen,2028-02-01,-0.033918940555136105,0.3903432945483367,-0.12149967684071487
Nigardsbreen,2028-03-01,0.050251226623472346,-0.13022075223033078,0.17140905050626706
Nigardsbreen,2028-04-01,0.04465356599558434,-0.02664494302824934,0.10490854716763326
Nigardsbreen,2028-05-01,-0.0887449423699721,0.01864117627669546,-0.0339870552769874
Nigardsbreen,2028-06-01,-0.031562175225080445,0.04361313138689299,0.034175926583056765
Nigardsbreen,2028-07-01,0.03335601495241289,-0.0514545302010316,0.06555340424014046
Nigardsbreen,2028-08-01,-0.013626603630469747,-0.15736400578696738,0.06661526741509116
Nigardsbreen,2028-09-01,-0.11217574347567381,-0.24146622903144407,0.057518258357090735
Nigardsbreen,2028-10-01,0.08277172475457323,0.04549387537525668,0.0726670595273611
Nigardsbreen,2028-11-01,0.0784810940658701,0.039560770800214626,0.006270883598851816
Nigardsbreen,2028-12-01,-0.08559959825011969,0.05123447169193204,0.012239542689035677
Nigardsbreen,2029-01-01,0.026676032994108475,-0.13784489645349488,0.054257184017565276
Nigardsbreen,2029-02-01,-0.061739120842903915,-0.1854651979962597,-0.19738818967288116
Nigardsbreen,2029-03-01,-0.17180146367161706,-0.14046126779591464,-0.01812787123768103
Nigardsbreen,2029-04-01,-0.06404782675407139,0.10529974283563152,0.11067281307382672
Nigardsbreen,2029-05-01,0.05228474096527543,-0.12214756980023823,-0.02953192178180433
Nigardsbreen,2029-06-01,0.021193084133040913,-0.051773672201756375,-0.014346276090492403
Nigardsbreen,2029-07-01,0.0042079512703397035,-0.0043111410418376185,-0.008086112795961567
Nigardsbreen,2029-08-01,-0.0016863679356091215,-0.0539702068307135,0.07864697638615858
Nigardsbreen,2029-09-01,-0.06680302492869623,-0.16023975270153318,0.0044774696710693646
Nigardsbreen,2029-10-01,0.029067140697677952,-0.2488560073265261,-0.05955123824076492
Nigardsbreen,2029-11-01,0.04059297172753447,-0.09823308877125221,0.10519708492070094
Nigardsbreen,2029-12-01,-0.02938703674645118,-0.04093682680076418,0.04225743336618931
Nigardsbreen,2030-01-01,-0.027667657053772398,0.010316921186169411,0.11198377752513812
Nigardsbreen,2030-02-01,0.18203871321305223,-0.17653165142261695,-0.13615235052699806
Nigardsbreen,2030-03-01,0.02900941601017148,1.762005754284146e-05,0.053261830146471435
Nigardsbreen,2030-04-01,-0.0959656175134604,-0.10318464663908818,-0.021235788619452786
Nigardsbreen,2030-05-01,0.07565413290529448,-0.07810978606961272,-0.04556140087758203
Nigardsbreen,2030-06-01,0.024015208622237733,-0.00016077992339107636,0.01987080154552758
Nigardsbreen,2030-07-01,0.02570249944593081,0.04676274598254204,0.012041359666695112
Nigardsbreen,2030-08-01,0.014447042025055562,-0.03269922688890494,0.05525194243514856
Nigardsbreen,2030-09-01,0.0499218553088601,-0.15437289961803904,0.08773486500145898
Nigardsbreen,2030-10-01,0.02296431771587973,-0.17074269404385545,0.04629641251595723
Nigardsbreen,2030-11-01,0.07609719158740469,-0.0060461776313798,0.010538498425812753
Nigardsbreen,2030-12-01,-0.2258268152709956,0.054527727205019916,0.13000589851958333
Nigardsbreen,2031-01-01,0.13170739309260013,0.13897019886832493,-0.04648057310579493
Nigardsbreen,2031-02-01,-0.04158608709691424,-0.01908724728271576,-0.1533232655604195
Nigardsbreen,2031-03-01,-0.11841518471173762,0.06514124053329938,0.12205562887152845
Nigardsbreen,2031-04-01,-0.10576299250913974,-0.17952088155285473,-0.05899112970904563
Nigardsbreen,2031-05-01,-0.009213562169536421,-0.09890698587459508,0.05099647933631435
Nigardsbreen,2031-06-01,-0.11198016870472133,-0.06697367420838289,0.0891245927552206
Nigardsbreen,2031-07-01,0.025034393033114527,-0.06339409236382157,0.0008540925343370661
Nigardsbreen,2031-08-01,0.005494209696861469,-0.047768694075704284,0.005400333319173253
Nigardsbreen,2031-09-01,-0.08544343999332749,0.0602110348300866,-0.01305463432402193
Nigardsbreen,2031-10-01,-0.026527598336160724,-0.17928092821637867,-0.016236006867021976
Nigardsbreen,2031-11-01,0.1447293761437203,-0.05427288148336724,0.08422595737389703
Nigardsbreen,2031-12-01,0.052439244834492006,-0.15857322324701803,0.09461107039678769
Nigardsbreen,2032-01-01,0.047356657503846815,0.10536643660802159,0.04619598209043534
Nigardsbreen,2032-02-01,0.0797649994528652,-0.19398692137396698,-0.05346964132979426
Nigardsbreen,2032-03-01,-0.011619134424513844,-0.042007151912807406,-0.05693726880328135
Nigardsbreen,2032-04-01,-0.11584372805995201,-0.052221006128147084,-0.1013259427999537
Nigardsbreen,2032-05-01,-0.12482495811639314,-0.09892745815447662,0.015861160528419006
Nigardsbreen,2032-06-01,-0.20045189444616418,0.024244900554150243,-0.0035455656094155533
Nigardsbreen,2032-07-01,-0.09841728262850673,-0.028547720799316497,-0.0099538649495124
Nigardsbreen,2032-08-01,0.00788707860636706,0.02735199737196077,0.04657770180128259
Nigardsbreen,2032-09-01,-0.0844818528944914,-0.08409167839934428,-0.08826379794769529
Nigardsbreen,2032-10-01,-0.006356572050816143,-0.19989025438888916,-0.044208131819408907
Nigardsbreen,2032-11-01,0.029232480311523906,0.001072472613390207,0.05133083994347187
Nigardsbreen,2032-12-01,-0.026924984235495414,0.1403718110259344,-0.1101771274261405
Nigardsbreen,2033-01-01,0.09068461812257049,0.093714367430063,-0.06475165912882042
Nigardsbreen,2033-02-01,-0.14005226423718287,-0.011979799390416039,-0.10009076668743527
Nigardsbreen,2033-03-01,0.12807383121782476,-0.020724545233139186,0.0457572207538691
Nigardsbreen,2033-04-01,0.06723111048903375,0.14511241191663535,0.13158090059485356
Nigardsbreen,2033-05-01,0.017755220308712797,-0.12260619399898694,-0.048122183005921304
Nigardsbreen,2033-06-01,-0.07147953558035429,-0.0033044651529694213,0.017352814624725713
Nigardsbreen,2033-07-01,-0.014993534419208962,0.005810534389633429,0.005135759755978852
Nigardsbreen,2033-08-01,-0.04323049051329947,-0.1156782863372909,0.02963141387009548
Nigardsbreen,2033-09-01,-0.06991881578826191,0.06383027451421298,0.012237169814060561
Nigardsbreen,2033-10-01,-0.2195087555037095,-0.08943440234126361,0.019932958928812045
Nigardsbreen,2033-11-01,-0.004116241804168404,0.09582338427369579,0.05548848674495485
Nigardsbreen,2033-12-01,-0.09128519989693162,-0.13156486667204373,0.10501257877567399
Nigardsbreen,2034-01-01,0.005629203232377429,-0.08464743205349647,-0.07697097521188255
Nigardsbreen,2034-02-01,0.19145732922805794,-0.09623520071035428,0.07774156211635717
Nigardsbreen,2034-03-01,0.08728862182530994,-0.07214584981740411,0.11841850344152412
Nigardsbreen,2034-04-01,-0.08267058198343835,0.14525186047249425,-0.07538903407464813
Nigardsbreen,2034-05-01,-0.06627473339447562,-0.056851125891444955,-0.047467709255812146
Nigardsbreen,2034-06-01,-0.03354183128043006,-0.10535637557211541,0.005586467399642285
Nigardsbreen,2034-07-01,-0.04421480510124362,0.038864623312121864,-0.06379775725352929
Nigardsbreen,2034-08-01,-0.08263322261022649,-0.025486917774890015,0.064650959709466
Nigardsbreen,2034-09-01,-0.007216259234896494,-0.17192543352961262,0.05658551857042779
Nigardsbreen,2034-10-01,-0.08436828942431523,-0.19671284134559994,-0.15268451316239512
Nigardsbreen,2034-11-01,-0.08047935710527679,-0.07954239572461028,0.03834032573168917
Nigardsbreen,2034-12-01,0.026124307508886047,-0.1554139416829167,-0.14264141028583735
Nigardsbreen,2035-01-01,-0.17670652520294652,0.025307117239131285,-0.07503267761942346
Nigardsbreen,2035-02-01,0.07108798319755877,-0.13484701741258154,0.07961289119180759
Nigardsbreen,2035-03-01,0.08317315509861802,-0.12543670263382256,0.03126811788556987
Nigardsbreen,2035-04-01,-0.018225768336942446,0.04798599365197742,0.13638170361704854
Nigardsbreen,2035-05-01,0.021194260110023132,-0.11157046951080445,-0.02531653098327948
Nigardsbreen,2035-06-01,0.004697303778603188,-0.0335622208627891,0.05504283686394255
Nigardsbreen,2035-07-01,-0.14336141784456705,-0.06322796612416111,-0.007099920279314483
Nigardsbreen,2035-08-01,0.003468228488580765,0.017580657956308827,0.05387393328369189
Nigardsbreen,2035-09-01,0.07269344525676562,0.048757794151679884,-0.03068593058579336
Nigardsbreen,2035-10-01,-0.024605160909661274,0.08742489522169389,-0.03194465089460546
Nigardsbreen,2035-11-01,0.04487002741322602,0.15772577421679812,-0.13345597556554809
Nigardsbreen,2035-12-01,-0.07223345522908776,8.087383716258907e-05,-0.022793128269534054
Nigardsbreen,2036-01-01,-0.03563286017366219,-0.04101880415018477,-0.13889602760777178
Nigardsbreen,2036-02-01,0.01234782881978782,0.15119262727058672,0.20798298122964198
Nigardsbreen,2036-03-01,-0.23940561738679386,0.06305156031227707,0.11568554289256845
Nigardsbreen,2036-04-01,-0.09445432599234553,-0.0015678600905550389,0.06879991151834149
Nigardsbreen,2036-05-01,0.025754780462497264,-0.06597848850672511,-0.11416931254233549
Nigardsbreen,2036-06-01,0.021978735212892342,0.07084937378709151,0.023548665197948074
Nigardsbreen,2036-07-01,-0.030069581746769575,0.08864327651320597,0.08190360999617252
Nigardsbreen,2036-08-01,-0.07028743757500507,0.008672445220700426,-4.486088352557057e-05
Nigardsbreen,2036-09-01,-0.18206915681864125,0.07563710144693937,-0.0651989761195154
Nigardsbreen,2036-10-01,-0.24201878181090952,0.02326401455704934,0.0930092005945019
Nigardsbreen,2036-11-01,0.05085629948689981,0.09402755756656826,0.057431396723081986
Nigardsbreen,2036-12-01,0.11346179919254178,0.1263922788694677,-0.08948319552278487
Nigardsbreen,2037-01-01,0.15728945366620928,0.010983856200375458,0.005461283829096474
Nigardsbreen,2037-02-01,-0.36238020196301934,0.2594526004110019,0.036468817947482815
Nigardsbreen,2037-03-01,-0.09640231588490698,-0.021465435754856706,-0.06432601765529222
Nigardsbreen,2037-04-01,0.014803380346733128,-0.040037902119936374,0.16426123488430336
Nigardsbreen,2037-05-01,0.041537374846297805,-0.1283472840481946,0.009714320453330311
Nigardsbreen,2037-06-01,-0.08896709876885898,-0.1155816250752808,0.0461748911833896
Nigardsbreen,2037-07-01,0.03678057452045388,-0.011084731661553021,-0.03137786264299184
Nigardsbreen,2037-08-01,0.004352719586142077,0.08110674985762722,0.025384417842534077
Nigardsbreen,2037-09-01,-0.1587933793912658,0.10077118414307375,-0.002703449736113204
Nigardsbreen,2037-10-01,-0.14567681752488157,0.14455923447027097,-0.039647265489020096
Nigardsbreen,2037-11-01,0.08025200905015643,0.01836294752545622,0.11689980092127343
Nigardsbreen,2037-12-01,0.014920271027784199,-0.23511057477704744,0.04567487444376763
Nigardsbreen,2038-01-01,-0.10381910936001004,0.04938886722924451,-0.015779008577138032
Nigardsbreen,2038-02-01,-0.20361008419686613,0.09484965448534195,-0.037119471824098395
Nigardsbreen,2038-03-01,-0.06546221799611528,0.13234436670822253,-0.20627583181671102
Nigardsbreen,2038-04-01,-0.014083728985536123,-0.023515068080567757,-0.011013260106989164
Nigardsbreen,2038-05-01,0.03414345761603072,-0.06076516522382346,0.019059145943165115
Nigardsbreen,2038-06-01,-0.00887098895460278,0.026153236015157743,0.055748205110551764
Nigardsbreen,2038-07-01,-0.1130297351346915,-0.018817698815708873,-0.006741937425699829
Nigardsbreen,2038-08-01,-0.0681557565122911,0.11157387025677196,0.024603873525649866
Nigardsbreen,2038-09-01,0.013416141448708679,0.019313849684422887,0.07705267927956207
Nigardsbreen,2038-10-01,-0.09567389088556204,0.03190851804495362,0.07804239874077287
Nigardsbreen,2038-11-01,-0.19206109955315584,0.04372981502972257,0.10887259503830109
Nigardsbreen,2038-12-01,-0.007324030548011701,0.3594055011321087,-0.006432237591994548
Nigardsbreen,2039-01-01,-0.22377079408452707,0.13486087892639095,-0.1540978727418322
Nigardsbreen,2039-02-01,0.014121782894546986,0.04144764504951789,-0.013089729755206026
Nigardsbreen,2039-03-01,0.0017101138347482513,-0.05975662038079129,0.18329075419313545
Nigardsbreen,2039-04-01,-0.03348145260150765,-0.1697019215086786,-0.02114829230843014
Nigardsbreen,2039-05-01,-0.020447964502339978,-0.1577686165623744,-0.15301262827905707
Nigardsbreen,2039-06-01,-0.09316752518230627,0.017281515841965602,-0.14300270930107448
Nigardsbreen,2039-07-01,-0.08632069762448132,-0.056461817984529296,-0.06416957619361266
Nigardsbreen,2039-08-01,0.0027254222318151902,0.062303791550605614,0.04649203062464998
Nigardsbreen,2039-09-01,-0.11476473718401414,0.03213872986744362,-0.044181974934130376
Nigardsbreen,2039-10-01,0.001876954998132202,-0.0810631814253935,-0.01294178231566337
Nigardsbreen,2039-11-01,-0.089054997215592,-0.07760882948117052,-0.012970269527011302
Nigardsbreen,2039-12-01,-0.02324799441314188,0.07850653652953411,0.16092403342383568
Nigardsbreen,2040-01-01,0.06677140638706738,0.08729076759982886,-0.07357450291856561
Nigardsbreen,2040-02-01,-0.10098386134656497,0.06423634074530533,-0.19656742833298277
Nigardsbreen,2040-03-01,-0.03899873896484133,0.10194101438135905,0.006419688157699482
Nigardsbreen,2040-04-01,0.013365356558272123,0.21708409867599587,-0.11579842127988194
Nigardsbreen,2040-05-01,-0.07766500099787645,0.004707627349068942,-0.057374315297034795
Nigardsbreen,2040-06-01,-0.008882952830421275,-0.027249253898323427,-0.03954075916253565
Nigardsbreen,2040-07-01,-0.042264230062669966,-0.05048195663198151,-0.030158943165320768
Nigardsbreen,2040-08-01,0.004183057940383446,-0.18861555438904873,-0.013344506182747637
Nigardsbreen,2040-09-01,-0.024585692475316435,-0.05688195875269439,0.008340735567668617
Nigardsbreen,2040-10-01,-0.0026410721985316334,0.09545757834075974,-0.07069920603961204
Nigardsbreen,2040-11-01,-0.1813474778684251,0.13538055770683793,-0.01407059479158774
Nigardsbreen,2040-12-01,-0.22696672219297018,-0.02848609696293705,-0.04786842950797556
Nigardsbreen,2041-01-01,0.2256742151182055,-0.13901104787896099,-0.045042886347059864
Nigardsbreen,2041-02-01,0.22865691849656453,0.0037884314898771836,-0.09513560875771837
Nigardsbreen,2041-03-01,0.018059554781535023,0.16182356638583312,-0.21788655220697198
Nigardsbreen,2041-04-01,-0.10034401164104012,-0.1709821993852105,0.08753464258911033
Nigardsbreen,2041-05-01,-0.08613032622345651,0.097693364145288,0.017410537439067193
Nigardsbreen,2041-06-01,-0.011409727713987577,-0.01599075511527741,-0.05635779471131333
Nigardsbreen,2041-07-01,0.0037576446175017716,-0.09480076159917805,0.034468193484131306
Nigardsbreen,2041-08-01,0.05512370586346194,-0.06407461143231614,0.04507515548585254
Nigardsbreen,2041-09-01,0.06736736332164835,-0.04441003524474324,0.07247538877657239
Nigardsbreen,2041-10-01,-0.0023026878787854054,-0.0070139560789119065,0.06722779106627878
Nigardsbreen,2041-11-01,0.11428830433701097,-0.13279547331995165,0.13783241373090463
Nigardsbreen,2041-12-01,0.053819686915608976,-0.07394395815818164,0.014890525333391079
Nigardsbreen,2042-01-01,0.156449435162502,0.01390328448776578,-0.3046141849836588
Nigardsbreen,2042-02-01,-0.00011438490694617419,0.1621380757700453,0.0392250338907571
Nigardsbreen,2042-03-01,-0.03578167266839732,-0.05973230312507192,-0.007736235538960852
Nigardsbreen,2042-04-01,-0.0027011129493889965,-0.079596148310995,-0.10209967098765886
Nigardsbreen,2042-05-01,-0.026033854836377008,-0.1409597689600537,-0.07752056699909717
Nigardsbreen,2042-06-01,0.060407808275632933,-0.0623206496844958,0.07442540029282872
Nigardsbreen,2042-07-01,0.014128950738934202,-0.01152315937908395,0.03648410693197584
Nigardsbreen,2042-08-01,0.04631712512365991,-0.05996022317162858,0.09426223380524572
Nigardsbreen,2042-09-01,0.006209529528176383,0.005608858326520856,-0.014456369587927507
Nigardsbreen,2042-10-01,-0.06205417087631374,-9.124245162173601e-05,-0.13989399748815892
Nigardsbreen,2042-11-01,0.07301955215259481,-0.10001053926397237,0.04626966792209011
Nigardsbreen,2042-12-01,-0.16439248152279073,-0.13194078054920888,0.14841716356577525
Nigardsbreen,2043-01-01,-0.1470197048808238,0.020537715823100548,0.1639277582168013
Nigardsbreen,2043-02-01,-0.17342405718581358,0.3468685534038885,0.04069170173319749
Nigardsbreen,2043-03-01,0.013710442737290942,0.07033186434742517,0.12683186551518869
Nigardsbreen,2043-04-01,-0.12497178710095436,-0.045730873353897146,-0.038670134824248435
Nigardsbreen,2043-05-01,0.03518413525505705,-0.09858650837663795,-0.002594408227402957
Nigardsbreen,2043-06-01,-0.05597918646764618,0.07789741038747465,-0.019711525250084076
Nigardsbreen,2043-07-01,0.03750793020214379,0.07228555991707385,0.0075989723052021325
Nigardsbreen,2043-08-01,0.10268059932535441,-0.032943804872338764,-0.02617149393506447
Nigardsbreen,2043-09-01,0.015259233604005523,-0.03639081158168023,0.051927633648533957
Nigardsbreen,2043-10-01,-0.011549217295284403,0.07304725971140083,-0.054800365359267945
Nigardsbreen,2043-11-01,-0.11522410056258862,-0.04061492645227461,-0.005788020486560001
Nigardsbreen,2043-12-01,-0.06479720296094521,0.29645716944825284,-0.12703687121788967
Nigardsbreen,2044-01-01,-0.06770380972911065,-0.035557455402039945,-0.13999563155955644
Nigardsbreen,2044-02-01,-0.06417069850724662,-0.07384783674455261,-0.007260172057061992
Nigardsbreen,2044-03-01,0.1341119583256779,-0.009674238533744724,0.0562005175627105
Nigardsbreen,2044-04-01,-0.14672425797628866,-0.18690426824159498,-0.07586809101999321
Nigardsbreen,2044-05-01,-0.013106847839600713,-0.11534283286694196,-0.06030948980385361
Nigardsbreen,2044-06-01,-0.04416376105015041,-0.14311121914698197,-0.022825805518625824
Nigardsbreen,2044-07-01,0.06373468686875487,0.011593919154155858,-0.015747313963582536
Nigardsbreen,2044-08-01,0.05689831011782586,0.013500614281932811,-0.003293343505240466
Nigardsbreen,2044-09-01,0.06028452505131785,0.09691019509590709,-0.11293268462079131
Nigardsbreen,2044-10-01,-0.02107984696010326,-0.08341616784380791,0.04919803738746198
Nigardsbreen,2044-11-01,-0.06106240143658568,-0.08372983555043582,-0.02991133928373037
Nigardsbreen,2044-12-01,-0.31069606667158095,-0.21570963666508325,0.08263113361311704
Nigardsbreen,2045-01-01,-0.048658114901949955,-0.22602543395437177,0.1114885352901069
Nigardsbreen,2045-02-01,-0.2485986777298612,-0.19149211860803106,-0.12247633586269009
Nigardsbreen,2045-03-01,-0.04485544901488275,0.026063637649898063,-0.0815776464195975
Nigardsbreen,2045-04-01,-0.04410475141671238,0.014679173126921338,0.07677114257036495
Nigardsbreen,2045-05-01,0.010533522273261561,-0.02349035153209599,-0.024443065117105714
Nigardsbreen,2045-06-01,-0.041186475262843185,-0.022815158948541542,-0.02661079249976543
Nigardsbreen,2045-07-01,-0.11461295091572654,0.04442302823232036,-0.010870117281170493
Nigardsbreen,2045-08-01,0.048725646491407204,0.05940713929490746,0.040119957771587375
Nigardsbreen,2045-09-01,-0.11512488417070714,0.11693425015028323,-0.03374150908016926
Nigardsbreen,2045-10-01,-0.14387138879910472,0.2581228104391692,0.10421373041556305
Nigardsbreen,2045-11-01,-0.015915114613303794,-0.06944705384787059,-0.024549087709094104
Nigardsbreen,2045-12-01,0.025971700736795934,0.08345927045044056,-0.14693047130182976
Nigardsbreen,2046-01-01,-0.10745402143420806,0.13259112363742562,0.04484660910798088
Nigardsbreen,2046-02-01,0.05443127484729685,-0.07301639062144537,-0.24353349351053524
Nigardsbreen,2046-03-01,-0.03954210278013909,-0.0195871576623069,0.06889267682886067
Nigardsbreen,2046-04-01,0.011930367168704048,0.28648187279452175,0.05527801418383113
Nigardsbreen,2046-05-01,-0.005919634885175208,-0.020568006448105917,-0.02331963993391586
Nigardsbreen,2046-06-01,-0.09088413650203171,-0.017726136746730316,0.014584538762530736
Nigardsbreen,2046-07-01,0.00506845240070633,-0.07263913270550364,-0.016318923971160026
Nigardsbreen,2046-08-01,-0.054366911153835934,0.20257744318376905,-0.02640196426554281
Nigardsbreen,2046-09-01,-0.07306247679854755,-0.02785990126893166,-0.02264841364961909
Nigardsbreen,2046-10-01,-0.052119859324200934,0.08991056999346565,-0.058773678341264714
Nigardsbreen,2046-11-01,0.11840540439283519,-0.050769868399054584,0.009299193603750791
Nigardsbreen,2046-12-01,-0.024919211454758557,0.11049643756258017,-0.10410991515655188
Nigardsbreen,2047-01-01,0.16512307227480036,-0.2103239122489068,-0.14638807799878145
Nigardsbreen,2047-02-01,0.12089004782924646,0.2857073235150715,-0.17177435338405048
Nigardsbreen,2047-03-01,-0.12444146676566166,-0.07577338729036649,0.012409048456812734
Nigardsbreen,2047-04-01,0.028242589026841593,-0.07947109286388634,-0.06724113739537772
Nigardsbreen,2047-05-01,-0.037141435667458526,-0.06501073704011502,0.08390916067582128
Nigardsbreen,2047-06-01,-0.047660307943171255,-0.02210748869279275,-0.10885477901109925
Nigardsbreen,2047-07-01,-0.030710111104839306,-0.044609395656835964,-0.019763564916875854
Nigardsbreen,2047-08-01,-0.008226298200352502,-0.11473267934635112,-0.08971478236928444
Nigardsbreen,2047-09-01,0.04872642032098296,-0.10555632354944201,-0.03683060647283673
Nigardsbreen,2047-10-01,0.030942707295809464,-0.05210648668616045,-0.008641301696293962
Nigardsbreen,2047-11-01,0.19256132717103705,0.17771178696547704,-0.005218290265546002
Nigardsbreen,2047-12-01,-0.12407961846442883,-0.07024425631174269,-0.03567423283601816
Nigardsbreen,2048-01-01,0.034316389586245694,-0.1206277686333388,-0.1556565002113299
Nigardsbreen,2048-02-01,0.03077718670103623,-0.01629212155410824,0.12531410137626434
Nigardsbreen,2048-03-01,-0.013352961117796297,-0.08738499961328912,-0.029501619589426084
Nigardsbreen,2048-04-01,0.19065524963899574,0.1201783269526251,-0.02806262696264954
Nigardsbreen,2048-05-01,-0.023472024516127843,-0.08515586512767058,0.15003731363188946
Nigardsbreen,2048-06-01,0.04814108739302219,-0.15773376568678435,0.02387217239279533
Nigardsbreen,2048-07-01,0.011017344798738497,-0.15379287787289944,-0.052265637970968025
Nigardsbreen,2048-08-01,-0.025687524502097728,0.023372040217664324,0.04080214766530503
Nigardsbreen,2048-09-01,0.06178956575243799,-0.025656732795041746,0.058983182578078296
Nigardsbreen,2048-10-01,-0.20924787378985701,-0.07069759170116148,-0.016603313677543082
Nigardsbreen,2048-11-01,0.09745121926132681,-0.007919058212129014,-0.032943156047972925
Nigardsbreen,2048-12-01,0.05155863407374748,-0.014457344819668748,0.18676043547135066
Nigardsbreen,2049-01-01,0.058824474464212656,-0.08996544816799641,-0.07484346230425358
Nigardsbreen,2049-02-01,-0.0926226030761143,-0.23058175428131675,-0.029905931020936697
Nigardsbreen,2049-03-01,0.0030633129960861336,-0.10146125053898124,-0.03904444726337382
Nigardsbreen,2049-04-01,0.07612192468149089,-0.25770002391385655,-0.12800199475009338
Nigardsbreen,2049-05-01,-0.035595761056751496,-0.1569046593478646,0.0028269334808150707
Nigardsbreen,2049-06-01,0.0249116625070616,-0.1258755676665726,0.0031873280609930146
Nigardsbreen,2049-07-01,0.11450009368755996,-0.0702218514102289,-0.016324143419684436
Nigardsbreen,2049-08-01,0.025335608672064944,-0.15592450642983172,0.013575023651683735
Nigardsbreen,2049-09-01,0.01223945073315122,-0.12042061909344148,0.05314067822217223
Nigardsbreen,2049-10-01,-0.11421891297416692,0.09643886795155913,-0.0026580103786311995
Nigardsbreen,2049-11-01,-0.24953355292708276,-0.1484746895871731,-0.03607451959797703
Nigardsbreen,2049-12-01,0.06964403421167051,-0.08433730554335879,-0.032661137066242484
Nigardsbreen,2050-01-01,-0.031595591354573134,0.21866464212307427,-0.1456450383910798
Nigardsbreen,2050-02-01,0.2139586079966659,-0.13127217232599614,0.12369502410053022
Nigardsbreen,2050-03-01,0.08787862496288697,0.17608389927531107,-0.06666105669756649
Nigardsbreen,2050-04-01,-0.20985870380453794,0.06864680128995886,-0.07722201798920049
Nigardsbreen,2050-05-01,-0.03925324978995709,0.0005585279396242079,-0.02362549715399992
Nigardsbreen,2050-06-01,0.026544317070535423,-0.024593878947049664,0.04874531222019057
Nigardsbreen,2050-07-01,-0.06023518795845408,-0.06853342000936019,-0.0488304125400017
Nigardsbreen,2050-08-01,-0.15628947649227282,-0.05808780372803054,0.0294765981101949
Nigardsbreen,2050-09-01,0.008090108269199084,0.13959856555192132,-0.1002411111715535
Nigardsbreen,2050-10-01,-0.20167976476662894,-0.08065802064772895,-0.01196439234120221
Nigardsbreen,2050-11-01,-0.02681974050491565,-0.12082611551224957,0.07627880269717306
Nigardsbreen,2050-12-01,-0.1679069135220098,-0.005932241554053544,-0.060055640140034276
Nigardsbreen,2051-01-01,-0.26229146386706725,-0.22305750168411267,0.1668670590350572
Nigardsbreen,2051-02-01,-0.00934166991713529,-0.10015416347419355,0.03458798540340247
Nigardsbreen,2051-03-01,-0.02180283289879069,0.05429409163720154,-0.04626484603555842
Nigardsbreen,2051-04-01,0.11329391761269424,-0.02732254633695391,0.017036903750179418
Nigardsbreen,2051-05-01,0.04552726913957209,0.06724060904166554,0.008349287280861623
Nigardsbreen,2051-06-01,-0.04535581891023894,0.024183493630345484,0.06525237441415697
Nigardsbreen,2051-07-01,-0.05311541998075933,0.0636965704036246,-0.04883437114041528
Nigardsbreen,2051-08-01,0.08729937428132116,-0.0014846257436774226,-0.014068822387979187
Nigardsbreen,2051-09-01,-0.021682090597196297,0.0824043418579878,-0.022342228472857138
Nigardsbreen,2051-10-01,-0.18007344163893202,-0.13359028710279608,-0.050017537025339065
Nigardsbreen,2051-11-01,-0.027226652042664428,-0.016396692215718583,-0.11278723315564239
Nigardsbreen,2051-12-01,0.128951289427236,-0.0392263819431693,-0.0784565349733893
Nigardsbreen,2052-01-01,0.008126241973527753,0.20363140922701006,-0.010625862925894375
Nigardsbreen,2052-02-01,-0.2510775094468845,0.11249752948676132,0.20984313786385567
Nigardsbreen,2052-03-01,-0.09386455259056899,-0.12257473800815945,0.03478624209585092
Nigardsbreen,2052-04-01,-0.1478288147487067,-0.04019922275931617,-0.10439202562367962
Nigardsbreen,2052-05-01,-0.008818796413481775,-0.04523670385827261,-0.10442096796538158
Nigardsbreen,2052-06-01,0.03578575760368305,-0.025754754395741947,-0.13635619144764657
Nigardsbreen,2052-07-01,0.15959524324888782,-0.01575410627432428,0.04217118074014895
Nigardsbreen,2052-08-01,0.06799831377706159,0.0678366289567809,-0.07180744024124565
Nigardsbreen,2052-09-01,-0.019039723530630923,0.09003993980425919,-0.03793208479234602
Nigardsbreen,2052-10-01,0.04891116809028722,-0.05820842229569828,-0.029424897626121636
Nigardsbreen,2052-11-01,0.1377937247936546,0.022037791319008387,-0.09406715215765842
Nigardsbreen,2052-12-01,0.018657969695931982,-0.0953336585995767,-0.021087887953410097
Nigardsbreen,2053-01-01,-0.2482663860819225,-0.317171652028939,-0.027937287871107414
Nigardsbreen,2053-02-01,0.03487719544867976,-0.180741177960399,-0.18442570366446065
Nigardsbreen,2053-03-01,0.1113939335268167,-0.050321476791650895,-0.07464861464810778
Nigardsbreen,2053-04-01,0.04530406379014102,-0.005979623459640113,0.07207381247708042
Nigardsbreen,2053-05-01,-0.08383826390591687,0.03298855751359722,-0.033913217706393134
Nigardsbreen,2053-06-01,0.03221835871253499,-0.045684792840653264,-0.020648332233294823
Nigardsbreen,2053-07-01,0.10536315752274411,0.013960119470649754,0.003614232640910484
Nigardsbreen,2053-08-01,0.04017781214759349,0.06143257817108607,-0.014604656497631636
Nigardsbreen,2053-09-01,0.020647136783835354,0.11022635740471866,0.02454693268423257
Nigardsbreen,2053-10-01,0.13421023287445594,0.05148193926030308,0.09386612810690274
Nigardsbreen,2053-11-01,-0.020678351627329263,0.051012587197849936,-0.03680992484448458
Nigardsbreen,2053-12-01,-0.025449056305635726,0.10420978477316471,-0.0801086231963507
Nigardsbreen,2054-01-01,-0.11546694185938905,0.0069654417274246745,0.05968943081547642
Nigardsbreen,2054-02-01,-0.07751564386559001,-0.1932421184580662,-0.10854846477327003
Nigardsbreen,2054-03-01,0.1615530691426043,-0.018782425995875335,-0.029392964315892226
Nigardsbreen,2054-04-01,-0.10990880250196787,0.1309626493088861,0.021701860036690727
Nigardsbreen,2054-05-01,0.03413838109235048,0.07654257894879558,-0.021065533582649513
Nigardsbreen,2054-06-01,-0.06844313314297833,-0.025154708674628583,-0.053524056385952194
Nigardsbreen,2054-07-01,-0.017302073549255857,0.09756164426136847,0.016250956115104426
Nigardsbreen,2054-08-01,-0.014735352489318926,-0.001278025405296664,0.07056088343569611
Nigardsbreen,2054-09-01,0.08803968867340256,-0.09485179688513783,-0.010798366287006094
Nigardsbreen,2054-10-01,0.03669532610333242,-0.04920921636740135,0.0343964224741411
Nigardsbreen,2054-11-01,-0.005993996894623978,0.18343689770487379,0.003911986546543208
Nigardsbreen,2054-12-01,-0.02950637900689763,-0.027769388388807506,-0.024603005192752773
Nigardsbreen,2055-01-01,-0.09858807937067626,0.08380925148175868,0.030229564584136618
Nigardsbreen,2055-02-01,0.010717532447644501,0.15822022010650463,-0.12204083813649062
Nigardsbreen,2055-03-01,-0.1299517735542431,0.09563286065709997,0.04339062819337152
Nigardsbreen,2055-04-01,0.0959313622534822,0.029132147391471255,-0.08391959572405329
Nigardsbreen,2055-05-01,0.019824075390404303,-0.07344593677684624,-0.08203236114128382
Nigardsbreen,2055-06-01,0.02161752278684803,0.01310765775401051,-0.05306688958286729
Nigardsbreen,2055-07-01,-0.03946551669558893,0.0034050957968428525,-0.035861388412492264
Nigardsbreen,2055-08-01,-0.03439136937044266,0.0922367066786567,-0.06638872111591204
Nigardsbreen,2055-09-01,-0.2375491896052028,0.14916968638460407,0.00986704996424429
Nigardsbreen,2055-10-01,-0.14527534925353716,-0.15462237712349436,0.045653283580164634
Nigardsbreen,2055-11-01,-0.11827388825022507,0.10108953317754214,-0.2158092690400131
Nigardsbreen,2055-12-01,0.2103203653303506,-0.2109572300884218,-0.09211387920387475
Nigardsbreen,2056-01-01,-0.077213060190734,-0.2299340235193669,-0.17006365808741852
Nigardsbreen,2056-02-01,0.03129250708142439,-0.19482437273888864,-0.1659611807063635
Nigardsbreen,2056-03-01,0.004187020307226595,-0.05357770941809365,-0.07160124684873385
Nigardsbreen,2056-04-01,0.03447871902911745,-0.11804537243990816,-0.08064580252845592
Nigardsbreen,2056-05-01,-0.07521086981411972,0.007332249319815135,-0.06468468192284056
Nigardsbreen,2056-06-01,0.09337038108209915,0.11613682550389892,-0.04043831550480092
Nigardsbreen,2056-07-01,0.045229396391732644,0.1797834923504997,-0.14457283527136192
Nigardsbreen,2056-08-01,0.017083882977263962,-0.14294677862392113,-0.054367767306286584
Nigardsbreen,2056-09-01,-0.0793270411325868,0.130118837563625,-0.04765294249943213
Nigardsbreen,2056-10-01,-0.11434548363262668,-0.08210269756093523,-0.07633948233262498
Nigardsbreen,2056-11-01,-0.11954879539094058,0.022948006591395,0.02185664517411674
Nigardsbreen,2056-12-01,0.17978733063455332,0.11288367076408916,-0.0041890357551032835
Nigardsbreen,2057-01-01,0.23392683532441935,0.04374081849150028,0.06346571938037197
Nigardsbreen,2057-02-01,0.1318190616793449,0.002574608362827774,-0.1519460596791078
Nigardsbreen,2057-03-01,0.0043694101807061165,-0.17974794293286686,-0.19061458411004564
Nigardsbreen,2057-04-01,-0.057589770177383114,0.14041742120186898,-0.08407933556577214
Nigardsbreen,2057-05-01,-0.0772678496520929,-0.039696683750394375,0.09555733471752226
Nigardsbreen,2057-06-01,-0.02797542244188064,0.10172947356196527,-0.0005466488096369121
Nigardsbreen,2057-07-01,-0.16074091371075674,-0.09055945730778765,0.032185743094362035
Nigardsbreen,2057-08-01,0.03542018833752767,0.002564943374424843,0.03178071858480925
Nigardsbreen,2057-09-01,-0.1024974803905111,0.06619572172954974,0.07164885622945678
Nigardsbreen,2057-10-01,-0.056248628963796045,-0.039157067205874724,0.059882917600789336
Nigardsbreen,2057-11-01,-0.06811505217853704,0.07134861015201431,-0.15496676366012838
Nigardsbreen,2057-12-01,0.044616220694796364,0.0004980558878516181,-0.10394107689770547
Nigardsbreen,2058-01-01,-0.005214483896898739,-0.012995152707760681,0.031079369751695247
Nigardsbreen,2058-02-01,-0.03344657863629385,-0.2105345851555925,0.005979903821113995
Nigardsbreen,2058-03-01,-0.10478191951126066,0.03977662738914676,-0.07993492012650392
Nigardsbreen,2058-04-01,-0.05686616328326949,-0.09291505488835605,-0.004757999288398281
Nigardsbreen,2058-05-01,-0.054003077276447965,0.12933308152015757,-0.09982359498914761
Nigardsbreen,2058-06-01,0.013407716071584632,0.029226050089611266,-0.056222380410054035
Nigardsbreen,2058-07-01,0.02433352200735552,-0.14411853051927603,-0.05944345634222958
Nigardsbreen,2058-08-01,-0.04249449829763754,-0.057275909647848365,-0.06915993050567337
Nigardsbreen,2058-09-01,-0.099769785367348,0.06746703654252174,-0.06614382423107674
Nigardsbreen,2058-10-01,0.09937677572324007,0.14833932370730427,-0.014580537656735379
Nigardsbreen,2058-11-01,-0.12165129716298519,-0.009114626664852172,-0.012660997352089606
Nigardsbreen,2058-12-01,-0.09647151501523436,-0.1500810452639695,0.1004420498136973
Nigardsbreen,2059-01-01,0.04181206742145447,-0.31792575853581834,-0.0787226275952342
Nigardsbreen,2059-02-01,-0.2291131680363241,-0.18066056702426925,0.020629785476524734
Nigardsbreen,2059-03-01,0.14455223016392352,-0.19632152993476218,-0.09233429787291984
Nigardsbreen,2059-04-01,0.02516002070612926,-0.11763146634365844,0.02884726768429413
Nigardsbreen,2059-05-01,-0.006455785407003432,0.02751526366953873,0.0002571640572146261
Nigardsbreen,2059-06-01,0.055519622757459364,-0.07254713135520431,0.009874233696055218
Nigardsbreen,2059-07-01,-0.07618780243259794,-0.13305891214367438,-0.041400556685457196
Nigardsbreen,2059-08-01,0.0814004767776582,-0.05016116181948475,-0.015246052667423926
Nigardsbreen,2059-09-01,0.018893029655872817,-0.14348242436212297,-0.04285746606473189
Nigardsbreen,2059-10-01,-0.07172496886944259,-0.07255777697557038,0.015165921163113253
Nigardsbreen,2059-11-01,-0.1413835269789893,-0.06832240226642926,-0.08409897216101485
Nigardsbreen,2059-12-01,-0.06449549647688071,-0.2524989447339629,0.10564174223704581
Nigardsbreen,2060-01-01,-0.27200072882761744,-0.08701121685105255,-0.12184152673953919
Nigardsbreen,2060-02-01,-0.199197050402632,0.05452390665935029,0.13248303453084811
Nigardsbreen,2060-03-01,-0.13446844423836155,-0.13464890191532478,0.022827443375275622
Nigardsbreen,2060-04-01,0.06729260415041194,0.008658054787015033,0.04736192321635659
Nigardsbreen,2060-05-01,-0.058503082334527556,0.007865912945650588,-0.0033804470170160452
Nigardsbreen,2060-06-01,0.01385023207580315,0.01931187642347082,-0.012850965204098294
Nigardsbreen,2060-07-01,0.02083300728486528,-0.007458673977630041,-0.006257877422020014
Nigardsbreen,2060-08-01,0.011666218168683016,0.012597091192925618,0.038620412967025224
Nigardsbreen,2060-09-01,-0.050122722324558645,0.03763060874358841,-0.06328883689684427
Nigardsbreen,2060-10-01,-0.043280331987117095,0.06036724280447862,-0.12881441948077843
Nigardsbreen,2060-11-01,-0.0350689589406949,-0.06945969359532966,0.006831004962287008
Nigardsbreen,2060-12-01,-0.379520247069771,-0.14037948806597608,-0.15651690680388508
Nigardsbreen,2061-01-01,-0.20670763507477982,-0.14245928915057524,0.035126565809400455
Nigardsbreen,2061-02-01,0.03125236591384356,-0.15735326899422147,0.17774524010852202
Nigardsbreen,2061-03-01,0.00404914046515829,0.0023391729713536924,0.07905499494057815
Nigardsbreen,2061-04-01,-0.055560320275447585,-0.16839478824568366,0.02675878416551794
Nigardsbreen,2061-05-01,-0.04110757875790732,-0.030787463870574978,0.017000864874007964
Nigardsbreen,2061-06-01,-0.04619956453018223,0.1460165384949044,-0.06403105217931668
Nigardsbreen,2061-07-01,0.11760441850208203,0.02991624307048706,-0.01968200893322863
Nigardsbreen,2061-08-01,-0.08272087658603071,-0.004063899314763472,-0.06764018338249618
Nigardsbreen,2061-09-01,0.02098500761164655,-0.020368952108470142,0.012342795505320964
Nigardsbreen,2061-10-01,-0.1387551921695893,0.03252678585737314,-0.09343844893275367
Nigardsbreen,2061-11-01,0.021668547998834248,-0.052440421933299286,0.09313748765055872
Nigardsbreen,2061-12-01,0.046522042663409424,-0.1032211293205233,0.008081529735622582
Nigardsbreen,2062-01-01,0.09664909338892687,-0.18017839086071818,0.0028572284361361813
Nigardsbreen,2062-02-01,0.12432641543920736,-0.07466057642161739,-0.18521338411369462
Nigardsbreen,2062-03-01,-0.045764040039006824,0.03778869130047968,0.0631435709609408
Nigardsbreen,2062-04-01,-0.052246726420343004,-0.024830746682231217,0.04222679203628769
Nigardsbreen,2062-05-01,0.05907319328945162,-0.021173099631131568,0.08467557957356119
Nigardsbreen,2062-06-01,-0.030714941304985255,-0.010445943111096206,0.006637447126488314
Nigardsbreen,2062-07-01,0.056366778801407745,-0.008837797204991006,-0.005400116129261903
Nigardsbreen,2062-08-01,-0.0989532518244689,-0.07706062981050542,-0.05603140340588964
Nigardsbreen,2062-09-01,0.00682118334014276,-0.10799067292890834,0.01966497759269706
Nigardsbreen,2062-10-01,0.07581120888792854,-0.002751566921219334,0.10083702852036708
Nigardsbreen,2062-11-01,0.0020400590171027375,0.13292248865975967,0.05147217789414771
Nigardsbreen,2062-12-01,-0.03841473520148372,0.16630471236764657,-0.10386808195305207
Nigardsbreen,2063-01-01,0.018298894687894154,0.042969456376571825,0.048912864429174495
Nigardsbreen,2063-02-01,0.14490218933019106,0.2556356728350589,-0.11773694354778615
Nigardsbreen,2063-03-01,0.07128611895287834,0.07760393404010534,0.03794225832998251
Nigardsbreen,2063-04-01,0.054189214771549025,-0.0050469053425733585,0.04340817886873081
Nigardsbreen,2063-05-01,-0.056789716020148685,-0.06037087547290157,-0.03451021514065927
Nigardsbreen,2063-06-01,-0.14844621099681865,-0.06196968322654112,-0.043037981913899764
Nigardsbreen,2063-07-01,-0.12459921164149652,-0.08990556707721149,-0.016296373282673936
Nigardsbreen,2063-08-01,-0.07649523972279874,-0.14268745723833529,-0.04379756605147703
Nigardsbreen,2063-09-01,-0.10109374573130592,-0.05598624075920389,-0.04997970117643726
Nigardsbreen,2063-10-01,-0.1438825337578082,-0.017906040361672135,-0.07688433098919784
Nigardsbreen,2063-11-01,0.06107176557827304,-0.1044655594996751,-0.24995197328556315
Nigardsbreen,2063-12-01,-0.19450704704239685,-0.1958296049711066,0.028039105359452556
Nigardsbreen,2064-01-01,0.13550965827625,0.11597091330530107,0.04930691455176458
Nigardsbreen,2064-02-01,-0.05337918843002747,0.08251816770628581,0.08567598893688927
Nigardsbreen,2064-03-01,-0.07078617787880333,0.10726031301630412,-0.041401882978275524
Nigardsbreen,2064-04-01,0.023440422054999327,0.021888319759757854,-0.17158092583644521
Nigardsbreen,2064-05-01,-0.11339324459614308,0.002056106075735352,-0.002924992992199376
Nigardsbreen,2064-06-01,0.05907442083252076,-0.02370432556282931,-0.07114302907099657
Nigardsbreen,2064-07-01,-0.09679569251620156,-0.11028058284907062,-0.018987330650882626
Nigardsbreen,2064-08-01,0.04385881037226991,-0.0006497349755591741,-0.04564371852905124
Nigardsbreen,2064-09-01,0.06813403550475088,-0.0763407374894111,0.02189201157030585
Nigardsbreen,2064-10-01,-0.05630639274330105,0.0469493127695905,0.0590903320196291
Nigardsbreen,2064-11-01,-0.1519812505811662,0.05614303401035787,-0.03348643392836412
Nigardsbreen,2064-12-01,-0.11165397797394556,0.05728890170692774,-0.06732477686265811
Nigardsbreen,2065-01-01,0.07508673769272765,-0.06533979824136237,0.08488190071815749
Nigardsbreen,2065-02-01,0.014466308417376872,-0.07786870718766009,0.07447263579856965
Nigardsbreen,2065-03-01,0.16310644430716917,-0.24311883340405094,0.033373862596261024
Nigardsbreen,2065-04-01,0.11329454812797968,-0.04597374861099731,0.023919439914962547
Nigardsbreen,2065-05-01,0.14244854456235617,-0.0342075783068773,-0.08340307690732647
Nigardsbreen,2065-06-01,-0.06100791984386881,-0.03251925168506253,0.020813922763972963
Nigardsbreen,2065-07-01,-0.016278912330960925,-0.05413369406973767,-0.08355045780639249
Nigardsbreen,2065-08-01,-0.1990987307675596,-0.0034417039551367912,-0.10286077984623931
Nigardsbreen,2065-09-01,-0.019462779932623648,-0.1698087628036745,-0.09710435139495881
Nigardsbreen,2065-10-01,0.05142403979351429,0.01678917762603066,0.023897964175552858
Nigardsbreen,2065-11-01,0.01868015178801796,-0.16189731914749858,0.04382721804323415
Nigardsbreen,2065-12-01,-0.095499786706901,0.09925130351950702,0.0736484628023185
Nigardsbreen,2066-01-01,-0.04433576315898167,0.012697107165478677,-0.2319208525120008
Nigardsbreen,2066-02-01,0.10232586125718442,-0.191293071911397,0.17235722549248245
Nigardsbreen,2066-03-01,-0.18172134720825253,0.16336431950270414,0.008876888047976155
Nigardsbreen,2066-04-01,-0.07329718759352076,-0.07668240891634105,0.04648637243890353
Nigardsbreen,2066-05-01,0.009451190048222412,0.07301862737475841,-0.08901182754417958
Nigardsbreen,2066-06-01,0.022834983449968264,-0.06426839620286894,0.058234635384398735
Nigardsbreen,2066-07-01,-0.08103403800311898,-0.0019249059408829178,0.06375906890733307
Nigardsbreen,2066-08-01,-0.023232368548146587,-0.08377037934623667,0.02005838105436799
Nigardsbreen,2066-09-01,0.040376531351285674,0.02038517834388587,0.006884509748844564
Nigardsbreen,2066-10-01,0.12354225560886467,-0.1037698662314494,-0.17404189633709455
Nigardsbreen,2066-11-01,-0.12805263001521136,-0.030389683115522103,0.10788053668991084
Nigardsbreen,2066-12-01,-0.042098687762771085,0.07726394156435624,-0.006108620871026551
Nigardsbreen,2067-01-01,-0.0756235387804189,0.07008852921080924,-0.020083632385308806
Nigardsbreen,2067-02-01,-0.045029627791280356,0.10807970825356727,-0.12290886145546974
Nigardsbreen,2067-03-01,0.11406402105544174,-0.09508926941226303,0.01826705795654435
Nigardsbreen,2067-04-01,-0.01835482062490645,-0.006114970156136472,0.0739501143871284
Nigardsbreen,2067-05-01,0.051462074568408046,-0.04484048402451655,0.06739985214178339
Nigardsbreen,2067-06-01,-0.1849728532350372,-0.0006183486038886151,-0.14715640963905738
Nigardsbreen,2067-07-01,0.004434465008400013,-0.15054023877347353,-0.03264546729560704
Nigardsbreen,2067-08-01,-0.06994764569915782,-0.05335871532477232,-0.20088764452122398
Nigardsbreen,2067-09-01,-0.08029928923582558,-0.07816444133048846,-0.10962884559323122
Nigardsbreen,2067-10-01,-0.12895224285185908,0.1620751898955436,0.024416452498518315
Nigardsbreen,2067-11-01,0.04678929426572954,-0.1344505227065348,0.04101276361906569
Nigardsbreen,2067-12-01,-0.007180050619219116,-0.06272978382990498,-0.08868789558854284
Nigardsbreen,2068-01-01,0.06847886906907225,-0.008211615351662585,0.01757621443027109
Nigardsbreen,2068-02-01,-0.0993499684418395,-0.18234477001169233,-0.0033146409768669573
Nigardsbreen,2068-03-01,-0.05639251450411359,-0.10606330849507688,-0.06307394930292236
Nigardsbreen,2068-04-01,-0.09686451560414318,-0.12090788541176122,-0.2694635082512829
Nigardsbreen,2068-05-01,0.027911423564266815,-0.0698140327121682,0.05804457292840559
Nigardsbreen,2068-06-01,-0.11208929588966965,-0.03385071521886459,-0.03911779797512833
Nigardsbreen,2068-07-01,0.05101001234702659,-0.020499002745769778,-0.12875949913480586
Nigardsbreen,2068-08-01,-0.11095132350474801,-0.10994160952456522,0.03669619578173569
Nigardsbreen,2068-09-01,-0.023278968635522524,-0.03626672318150111,-0.0677675863083572
Nigardsbreen,2068-10-01,-0.13988454024975708,0.14846355526575666,-0.08559092924015464
Nigardsbreen,2068-11-01,-0.17821345347417075,0.02020259923602662,0.10388310052800476
Nigardsbreen,2068-12-01,0.09309347279739844,0.04169254108304301,-0.02358589915499817
Nigardsbreen,2069-01-01,0.03105986432349682,-0.04194106158636074,-0.09460176976224181
Nigardsbreen,2069-02-01,0.1710201846422917,-0.19734699402804737,-0.28428726598487325
Nigardsbreen,2069-03-01,-0.10719586077987041,-0.13598037909387992,-0.0641614173848633
Nigardsbreen,2069-04-01,-0.10157954998547743,-0.13690881279910258,-0.05848207778780451
Nigardsbreen,2069-05-01,-0.05059437686811335,-0.10323201757295408,0.07203666515230983
Nigardsbreen,2069-06-01,-0.04092644133148626,-0.07124776251308905,-0.07617295670430886
Nigardsbreen,2069-07-01,-0.11736714176006884,0.0646219500861994,-0.019820237666726682
Nigardsbreen,2069-08-01,-0.05943750145271875,-0.018795838029337254,-0.09411125321387555
Nigardsbreen,2069-09-01,-0.0015428044004211772,-0.06845740875070286,-0.05370890790720182
Nigardsbreen,2069-10-01,0.04640615009434484,-0.13130144962746715,-0.03357442846328408
Nigardsbreen,2069-11-01,0.07639348074788534,-0.24577746803414555,0.05215507650332676
Nigardsbreen,2069-12-01,0.01938800870512841,-0.12136455776832805,-0.053644178637942935
Nigardsbreen,2070-01-01,-0.05842163463792616,-0.11707400371030358,0.039361134890287974
Nigardsbreen,2070-02-01,0.06542916594997267,0.07679881191587935,-0.04487431204030943
Nigardsbreen,2070-03-01,-0.010710603812954031,0.031953964397796776,-0.04631446336550973
Nigardsbreen,2070-04-01,-0.07999817125663006,-0.08020789479276853,-0.13483015770371745
Nigardsbreen,2070-05-01,0.019297623689784372,0.037526364677855605,-0.05068719583540999
Nigardsbreen,2070-06-01,0.016948801885481174,-0.06192229920853429,0.04426215946029121
Nigardsbreen,2070-07-01,-0.0220143087577136,-0.13337665527071915,-0.05511079204826163
Nigardsbreen,2070-08-01,0.01943191817047917,-0.10145399507181378,0.025844121979228838
Nigardsbreen,2070-09-01,-0.04709498445783131,0.003331563013040629,-0.0009074205431273084
Nigardsbreen,2070-10-01,-0.006184520378234633,-0.03444744587216319,-0.02247347929966571
Nigardsbreen,2070-11-01,-0.1611326138054622,-0.14182648011253832,-0.01677476282193082
Nigardsbreen,2070-12-01,-0.1420523106332067,0.012055495382993359,0.1044679833084911
Nigardsbreen,2071-01-01,-0.09954521937573015,0.21627829721592295,0.022439249698620062
Nigardsbreen,2071-02-01,-0.03503558302858389,-0.09753006317187769,0.040185497750165805
Nigardsbreen,2071-03-01,0.0488437374396439,-0.09056164020076263,0.17504160992495135
Nigardsbreen,2071-04-01,-0.04539511768769169,-0.07966542944491946,-0.12630891529594837
Nigardsbreen,2071-05-01,-0.13832680452393412,-0.12208081233076067,0.004083309209173068
Nigardsbreen,2071-06-01,-0.06778687334857644,-0.03464979259672284,-0.12674687852892544
Nigardsbreen,2071-07-01,-0.03756054421324401,-0.1491848633802815,-0.0241240189700592
Nigardsbreen,2071-08-01,0.06032189392155313,-0.08604502563972176,-0.07537826820451783
Nigardsbreen,2071-09-01,0.15666176701307444,-0.03747895038352365,-0.08835705793667141
Nigardsbreen,2071-10-01,-0.08449865653848328,-0.08936226524159781,0.016564928717384828
Nigardsbreen,2071-11-01,0.15843806628241447,0.07796099789025791,-0.06611608249849772
Nigardsbreen,2071-12-01,0.01763356609210294,0.0453747141998114,0.0673782463948749
Nigardsbreen,2072-01-01,-0.1666746896692908,-0.04622917370080567,-0.16802651646476027
Nigardsbreen,2072-02-01,-0.18179598790450543,0.07641339097581074,0.04802782054443858
Nigardsbreen,2072-03-01,0.01696038893628787,0.10863945290395394,-0.09487399844855342
Nigardsbreen,2072-04-01,-0.04413905069538728,-0.24129437593091438,0.05415478793659584
Nigardsbreen,2072-05-01,-0.03667875336067702,0.05442399195053676,-0.04998668009077428
Nigardsbreen,2072-06-01,0.10010984593279493,-0.09531614228718395,-0.01528967103272906
Nigardsbreen,2072-07-01,0.045260091829286836,0.021088872328235257,-0.0358494060172135
Nigardsbreen,2072-08-01,0.09212363563273955,-0.040071486111616615,-0.06758841442423748
Nigardsbreen,2072-09-01,0.024761279929493202,-0.02449302864228874,-0.06557587731281693
Nigardsbreen,2072-10-01,0.03829253610715464,-0.07436671807151081,-0.07511456226641118
Nigardsbreen,2072-11-01,-0.1857347893744047,-0.24002562564093663,-0.024736351958290784
Nigardsbreen,2072-12-01,-0.05837495521360691,0.11041678773652956,-0.1318940895252513
Nigardsbreen,2073-01-01,0.0029522039429257436,-0.22144143515827316,-0.07029204764504418
Nigardsbreen,2073-02-01,-0.07594689303973717,-0.014012626522192923,0.024281434205316105
Nigardsbreen,2073-03-01,-0.13716841154634854,-0.02028845565009368,-0.09985223556518312
Nigardsbreen,2073-04-01,0.011411504849929569,0.1204168673243855,0.0078524122335364
Nigardsbreen,2073-05-01,-0.15352775219847545,-0.12320249371991714,-0.0760727591423578
Nigardsbreen,2073-06-01,0.024583893079101027,-0.013260164649890535,-0.10056951398265912
Nigardsbreen,2073-07-01,-0.031524105723192655,0.05079651544066646,-0.09923044874214733
Nigardsbreen,2073-08-01,-0.10859603286252971,0.05393540464610213,-0.14233049629489863
Nigardsbreen,2073-09-01,-0.06821805471590252,-0.11134156010248943,0.041136730462522135
Nigardsbreen,2073-10-01,0.0028569738749858096,-0.1418216511989581,-0.05743315464675017
Nigardsbreen,2073-11-01,-0.10002572629030536,-0.021461415534701187,-0.11586103037571131
Nigardsbreen,2073-12-01,0.10927458904112848,0.027468887779111245,0.1075275666426395
Nigardsbreen,2074-01-01,0.006506563292285048,-0.09316269444575719,0.025753524065368228
Nigardsbreen,2074-02-01,0.17571933598861658,-0.0860762789378054,-0.04051917337212806
Nigardsbreen,2074-03-01,-0.07891749494849304,-0.016477219671911954,-0.04317327764924436
Nigardsbreen,2074-04-01,0.1684461024254046,0.16688966349115977,-0.08277892583170375
Nigardsbreen,2074-05-01,-0.0023142158133767584,0.14045372319543248,-0.06826188549229667
Nigardsbreen,2074-06-01,-0.07118761708962189,-0.17282645952061246,0.010688864569911152
Nigardsbreen,2074-07-01,0.004764301531591538,-0.07707476863643113,-0.03478088149542402
Nigardsbreen,2074-08-01,-0.06812382955636902,-0.09845412450494091,-0.04117559220461795
Nigardsbreen,2074-09-01,-0.013255666420859057,-0.028671886232784678,-0.1762813786062404
Nigardsbreen,2074-10-01,0.05148784120980193,-0.15772304411404564,0.1284184505310751
Nigardsbreen,2074-11-01,-0.12013052985485066,-0.1253601016466642,-0.00586215907870601
Nigardsbreen,2074-12-01,0.017515017515771534,-0.06619656912844236,-0.030977624721180947
Nigardsbreen,2075-01-01,0.11282832401508651,0.014107892423820082,-0.006549481413740931
Nigardsbreen,2075-02-01,0.289318994968991,0.08436991057295716,0.028089996712398303
Nigardsbreen,2075-03-01,0.14583885828486395,-0.17580353725891087,-0.04836105875877985
Nigardsbreen,2075-04-01,0.04336571972539661,-0.07649556796004951,-0.15657859279249123
Nigardsbreen,2075-05-01,-0.04069676876725698,-0.10930455220523139,0.07453743541107477
Nigardsbreen,2075-06-01,-0.04449044254070131,-0.05939245377969573,-0.04458518605251364
Nigardsbreen,2075-07-01,0.0022806444753368745,0.002775736584630271,0.04564166938706621
Nigardsbreen,2075-08-01,-0.09971100867938627,-0.05179603352589444,-0.03559369717409123
Nigardsbreen,2075-09-01,-0.03727638898050454,0.09837658340247019,-0.03702819747478563
Nigardsbreen,2075-10-01,-0.034719481001132806,-0.085338861286124,-0.03176274032018013
Nigardsbreen,2075-11-01,-0.08308124229929913,-0.04421339264144103,-0.04775816654818288
Nigardsbreen,2075-12-01,-0.08156804305382086,0.057901958950317335,-0.015928365934982494
Nigardsbreen,2076-01-01,0.029573951348691434,0.26220671715476973,0.14621229869822314
Nigardsbreen,2076-02-01,-0.15202970456094617,-0.04696496307571987,0.018593864967200086
Nigardsbreen,2076-03-01,-0.1270253430542654,-0.1787096998919071,-0.10981579626848682
Nigardsbreen,2076-04-01,-0.07794350692861564,-0.028440266822668703,0.020502805239202747
Nigardsbreen,2076-05-01,-0.0790572872636686,-0.12899481722567682,0.002407761639590019
Nigardsbreen,2076-06-01,-0.11101296445752944,-0.007286759527802528,-0.017712809910267528
Nigardsbreen,2076-07-01,-0.03412710539709646,0.0845037032847961,-0.14429192013342032
Nigardsbreen,2076-08-01,-0.06920632449570926,0.16278276128185462,-0.10443547807612145
Nigardsbreen,2076-09-01,-0.03294504562860936,-0.024454413537196216,-0.04453754897379348
Nigardsbreen,2076-10-01,-0.04839991339737167,0.012024402156984977,-0.042178898780622705
Nigardsbreen,2076-11-01,-0.04518029894242953,0.09193612107452014,-0.0678856279134577
Nigardsbreen,2076-12-01,0.06628417886913791,0.02857531817213559,0.06202774110196091
Nigardsbreen,2077-01-01,0.18150688065801976,0.12581662713583788,-0.09546363549566299
Nigardsbreen,2077-02-01,0.050525864128704356,0.27865466959330626,-0.02558924490765546
Nigardsbreen,2077-03-01,0.0782790098741011,0.10189943752993369,0.003149862998325481
Nigardsbreen,2077-04-01,0.06094743504329939,-0.05713431929658138,-0.1319855354872777
Nigardsbreen,2077-05-01,0.05081688933175199,0.0816194504938321,-0.055186482838365275
Nigardsbreen,2077-06-01,0.090643859702845,0.05346929297317213,-0.028637972888814405
Nigardsbreen,2077-07-01,0.018057911535253147,0.06119146477082706,-0.04725936214351925
Nigardsbreen,2077-08-01,-0.023284023989773184,0.07277070286925234,-0.05541916869191064
Nigardsbreen,2077-09-01,-0.06358375140556972,-0.07573385613422721,-0.10672728518149566
Nigardsbreen,2077-10-01,0.05173566114627393,0.036950448405003035,-0.09129078694313587
Nigardsbreen,2077-11-01,0.07798361308980871,-0.20359486777024713,-0.1494129576430174
Nigardsbreen,2077-12-01,-0.2049921453925365,-0.042441376678753646,-0.0769459584509705
Nigardsbreen,2078-01-01,-0.041445088670071864,0.005628628936515296,0.05596900814327749
Nigardsbreen,2078-02-01,0.0232505783398142,-0.21708054111291383,-0.11876043623616706
Nigardsbreen,2078-03-01,0.0928581533055125,0.12105627873589077,-0.07347360003804064
Nigardsbreen,2078-04-01,-0.06062872050111679,0.07182389613256297,-0.09963128879401158
Nigardsbreen,2078-05-01,-0.12743531696708485,-0.06684076171367653,0.034228279255367845
Nigardsbreen,2078-06-01,0.02422465600553217,-0.03691308410086835,-0.0909126785348797
Nigardsbreen,2078-07-01,-0.1442906404839102,-0.10300496282268923,-0.027717927809516818
Nigardsbreen,2078-08-01,-0.04878383859693158,-0.02312108748510125,0.0285916426619808
Nigardsbreen,2078-09-01,0.08170498247177925,0.05869901580262146,-0.022397793125439654
Nigardsbreen,2078-10-01,0.027120735681435845,0.08567240980179003,-0.09366200302478318
Nigardsbreen,2078-11-01,-0.11593299030570241,-0.033089653915738225,-0.008881809785188844
Nigardsbreen,2078-12-01,-0.024048564963008928,-0.20802902478361576,-0.051102003121380614
Nigardsbreen,2079-01-01,-0.10212714694205603,-0.10525183200936035,-0.2188321542333891
Nigardsbreen,2079-02-01,-0.13117448571231416,0.2660952741640914,0.07839604289707774
Nigardsbreen,2079-03-01,0.11652322465643551,-0.09011295604484577,-0.16626805833741765
Nigardsbreen,2079-04-01,-0.060370049005506805,0.06818846277986616,-0.046906880865386025
Nigardsbreen,2079-05-01,-0.008673274913803666,-0.19799587351603476,-0.0993846336312863
Nigardsbreen,2079-06-01,-0.019880981196951756,-0.121238152679096,-0.043602727881778346
Nigardsbreen,2079-07-01,-0.020858351053806883,0.03421424936281053,-0.04601821563863043
Nigardsbreen,2079-08-01,-0.0975067085143599,-0.022374287098545987,-0.016974655770189633
Nigardsbreen,2079-09-01,0.01696104906920073,0.017171686404173474,-0.06580839220955695
Nigardsbreen,2079-10-01,0.12358721121148042,0.07295466224820407,-0.12673773154294513
Nigardsbreen,2079-11-01,-0.04054385254560596,0.043657553612406697,-0.07906666563268655
Nigardsbreen,2079-12-01,0.11126329099429477,-0.06032090876030474,-0.16878379466438556
Nigardsbreen,2080-01-01,-0.03913673051753384,-0.15188780076600958,-0.3008596139216384
Nigardsbreen,2080-02-01,-0.016672182455318357,-0.08663442096186429,-0.022165729600590916
Nigardsbreen,2080-03-01,0.0539630980690135,-0.13031554441024074,0.05154028938994897
Nigardsbreen,2080-04-01,-0.029233334326677535,0.09931264939341951,0.0532384843278747
Nigardsbreen,2080-05-01,-0.11315401015948018,0.08339728866945727,-0.013438430509421001
Nigardsbreen,2080-06-01,-0.12032238372600201,0.014766475499187965,-0.07492250626363732
Nigardsbreen,2080-07-01,0.04704336590443001,0.04744824446808644,-0.10041502176793478
Nigardsbreen,2080-08-01,0.006656791510793471,-0.06750075337113036,0.010263875442045428
Nigardsbreen,2080-09-01,0.007179372032081345,-0.05183730190952434,-0.037141950189887446
Nigardsbreen,2080-10-01,0.04670900961071903,-0.09538803863539107,-0.04505072513216646
Nigardsbreen,2080-11-01,-0.03333175269935985,-0.0952531091011003,-0.023934655025378077
Nigardsbreen,2080-12-01,0.042566013605150686,-0.21636466425612133,-0.05938229982667919
Nigardsbreen,2081-01-01,0.13784641927276656,-0.1002561345494158,0.10792719877294805
Nigardsbreen,2081-02-01,-0.16402116659626317,-0.21374346896184682,-0.0364364807218668
Nigardsbreen,2081-03-01,-0.22604924869775966,-0.1852469896412692,-0.05840089479519783
Nigardsbreen,2081-04-01,-0.0425953759899676,-0.025415950777264235,0.0716626830873425
Nigardsbreen,2081-05-01,0.14556088019580912,0.08926154325184983,-0.026818851573161842
Nigardsbreen,2081-06-01,-0.10835938064003918,0.12025703384389731,-0.015705807573611622
Nigardsbreen,2081-07-01,0.014548674919429053,0.02198780625379036,-0.08529914883970342
Nigardsbreen,2081-08-01,-0.03479214165037242,-0.028999781610937702,-0.09170490207908795
Nigardsbreen,2081-09-01,0.07636714188458928,0.002279575986683057,0.020716515921647385
Nigardsbreen,2081-10-01,-0.1372904169819169,0.00517435762239693,0.016056063404120965
Nigardsbreen,2081-11-01,-0.11172196849251255,-0.10551017095863154,-0.2069439440343295
Nigardsbreen,2081-12-01,-0.10128240004264451,-0.09489160976579529,-0.1223199353683196
Nigardsbreen,2082-01-01,0.11109312224349215,0.0486984353704852,0.010387506837128605
Nigardsbreen,2082-02-01,0.10289700899864217,0.10989326454413113,0.09770505918755303
Nigardsbreen,2082-03-01,-0.1913610567446058,-0.20220505890130122,0.04249578129264834
Nigardsbreen,2082-04-01,-0.07926370319839249,-0.020580896016252816,-0.03509525840897818
Nigardsbreen,2082-05-01,-0.05641006937675647,-0.1605490730877968,-0.07503621598314407
Nigardsbreen,2082-06-01,0.04762133801119874,-0.006740474300295632,0.06004284883106525
Nigardsbreen,2082-07-01,-0.14148752471289341,-0.08760130658628694,0.10245284285533778
Nigardsbreen,2082-08-01,-0.09907229690866615,-0.0649769896872205,-0.11536163574864648
Nigardsbreen,2082-09-01,-0.1123649323175333,-0.05350764041282199,-0.13569152767015946
Nigardsbreen,2082-10-01,-0.00025266235419454014,0.007516494893499027,-0.12791096332048926
Nigardsbreen,2082-11-01,-0.049635707262165846,0.048822279471549046,-0.00518954885983243
Nigardsbreen,2082-12-01,-0.020869770905886115,-0.11540713243458667,-0.09889817477550601
Nigardsbreen,2083-01-01,-0.14614988343079663,-0.11243141470962914,-0.019133150246757272
Nigardsbreen,2083-02-01,-0.24668576386829952,0.09737435416307143,-0.047512010060438516
Nigardsbreen,2083-03-01,-0.058087817520976144,-0.1783904555705171,-0.08828387700616186
Nigardsbreen,2083-04-01,0.07354185415252223,-0.11996478158943084,-0.17436170616969024
Nigardsbreen,2083-05-01,0.010053076924076669,0.03354364753740245,0.017804861985061083
Nigardsbreen,2083-06-01,0.09180963518908719,-0.03875364177944517,-0.0208659884006545
Nigardsbreen,2083-07-01,-0.02469931659299603,-0.04496028687123924,0.045382437613793604
Nigardsbreen,2083-08-01,-0.008648187902865194,-0.026438369491193835,-0.14882320593593334
Nigardsbreen,2083-09-01,-0.015249426984194153,-0.09373160576071288,-0.06564105095865387
Nigardsbreen,2083-10-01,-0.07333505206522432,-0.029749763557022916,0.022197401516533405
Nigardsbreen,2083-11-01,0.0015706204375160182,-0.06387516589228888,0.003998459521129941
Nigardsbreen,2083-12-01,0.16106159075711582,-0.15791360762325557,0.10600230739795358
Nigardsbreen,2084-01-01,0.05618874862087367,0.2849104278055952,-0.10524376399013462
Nigardsbreen,2084-02-01,0.0077593038504755185,0.050980281554964944,0.031186152191186183
Nigardsbreen,2084-03-01,-0.1280201996266316,0.09833315251114615,-0.12084124857788292
Nigardsbreen,2084-04-01,-0.03736477307090496,-0.050924744315379473,-0.1794326559057993
Nigardsbreen,2084-05-01,0.0634789148179019,-0.022827187988734666,-0.006363689874459615
Nigardsbreen,2084-06-01,0.03481842736153618,-0.13804621752807522,0.013736093005046504
Nigardsbreen,2084-07-01,-0.08729189537384156,0.030963634544535223,-0.09458623454142495
Nigardsbreen,2084-08-01,-0.0674932016020105,0.10369294855187804,-0.03780134209924547
Nigardsbreen,2084-09-01,-0.03578879504178641,0.015260484947772658,-0.16871758790787791
Nigardsbreen,2084-10-01,0.06440604362553812,-0.031055538473673053,-0.05235945703084766
Nigardsbreen,2084-11-01,0.1584645110861638,-0.032058316007984276,-0.14021003717661537
Nigardsbreen,2084-12-01,-0.029841507800344124,-0.07232592582774294,0.006098719470581336
Nigardsbreen,2085-01-01,0.07817450372378813,-0.0712343616801963,0.01382179268380307
Nigardsbreen,2085-02-01,-0.07418960064530293,-0.24601553178967492,-0.13378376004928083
Nigardsbreen,2085-03-01,-0.29842198430569916,-0.19145498310589323,-0.31326430732500926
Nigardsbreen,2085-04-01,-0.09579521604312136,-0.06878168372110262,0.051255032823031406
Nigardsbreen,2085-05-01,0.035331768695792264,0.03524003109459307,-0.012836321872654863
Nigardsbreen,2085-06-01,-0.10780042662631116,0.11352028513766106,-0.047630723001474896
Nigardsbreen,2085-07-01,-0.10895973872076214,-0.007696125746710182,-0.0010597866072336638
Nigardsbreen,2085-08-01,-0.045884236794678235,0.06614828961883591,-0.010122550502216124
Nigardsbreen,2085-09-01,0.044307401925538586,-0.018772926770914716,-0.09145845872792398
Nigardsbreen,2085-10-01,0.04728698041153672,-0.03396131321718294,0.03814427211835327
Nigardsbreen,2085-11-01,0.0589356635881541,0.009044785822342536,-0.1615962010678981
Nigardsbreen,2085-12-01,-0.16763825342243244,0.03339493494157839,0.058440207768398034
Nigardsbreen,2086-01-01,-0.03910952411737443,0.11320517949137993,-0.14857771763478708
Nigardsbreen,2086-02-01,-0.08708829042038603,-0.2617742578107631,0.01750516913474628
Nigardsbreen,2086-03-01,0.09869721935153787,-0.13776151516511423,0.10617950603186577
Nigardsbreen,2086-04-01,-0.04970476216333731,0.08862852513728058,-0.013229601535199101
Nigardsbreen,2086-05-01,-0.10364746787767298,-0.03940847462621864,-0.19952611453209812
Nigardsbreen,2086-06-01,-0.158926756858194,-0.07440263666531083,-0.05915554039540033
Nigardsbreen,2086-07-01,-0.023227798742893702,0.0748447453648126,-0.008923074005624311
Nigardsbreen,2086-08-01,-0.07084667018987444,0.01667066522622031,-0.01625533652890523
Nigardsbreen,2086-09-01,-0.02478109874885059,0.04558694114404685,0.045197219550396205
Nigardsbreen,2086-10-01,0.012950045354158592,-0.17824195824636738,-0.12875246348117772
Nigardsbreen,2086-11-01,-0.17413467681325656,0.13352543875691117,-0.04574047545552651
Nigardsbreen,2086-12-01,0.11045295052867439,0.08603066469785714,-0.04921199681265606
Nigardsbreen,2087-01-01,0.06818628973928204,0.13052759700348163,0.034669882106982707
Nigardsbreen,2087-02-01,0.019206373724540444,0.05810717501824932,-0.34770996751158934
Nigardsbreen,2087-03-01,0.00031089072173314897,-0.06327163630431641,0.011907634935386656
Nigardsbreen,2087-04-01,-0.10859587064646896,0.16502426793124417,0.0782971853073716
Nigardsbreen,2087-05-01,-0.055164260341142655,-0.1430826363947203,-0.041522182860197966
Nigardsbreen,2087-06-01,0.028021729218195374,0.009898425296700661,-0.043249950160619256
Nigardsbreen,2087-07-01,0.03997506064293204,-0.012694740718622083,-0.01548712082525959
Nigardsbreen,2087-08-01,0.02147043392823585,0.03469908733767036,-0.09748873971691156
Nigardsbreen,2087-09-01,0.1448246813731437,-0.05141939881158928,-0.0916695092932684
Nigardsbreen,2087-10-01,0.14456876279474165,-0.015289659818809935,-0.07737666013729036
Nigardsbreen,2087-11-01,0.11548018695289645,-0.04985831311971869,-0.021990559300417184
Nigardsbreen,2087-12-01,-0.020948552241447888,-0.16732262235465348,0.04896906360364894
Nigardsbreen,2088-01-01,-0.030948468097974937,-0.036142187497611375,0.025861163465169378
Nigardsbreen,2088-02-01,-0.15315413980803402,0.04648261239427392,0.041677363202679236
Nigardsbreen,2088-03-01,-0.05728252912065529,-0.06844204044214908,-0.03290787729593101
Nigardsbreen,2088-04-01,0.008837989809286795,-0.10637335175776112,-0.08530766776268255
Nigardsbreen,2088-05-01,-0.06253626902057723,0.02156076115114673,0.02313643844840016
Nigardsbreen,2088-06-01,0.045003079726022986,0.02115136857050191,-0.037402885602828374
Nigardsbreen,2088-07-01,-0.07981895644123034,0.06517535097064066,0.04119522374435324
Nigardsbreen,2088-08-01,0.005681314712289651,0.027559171367907614,-0.05111773321599874
Nigardsbreen,2088-09-01,0.04313697079791251,0.06153500011156294,-0.11210625775207277
Nigardsbreen,2088-10-01,0.08286610497879518,-0.04698304621446755,-0.07198511357987082
Nigardsbreen,2088-11-01,-0.01450781505465222,-0.12259543641032955,-0.08072204993848663
Nigardsbreen,2088-12-01,-0.03412562434469677,-0.14697258766547186,-0.1320629405987058
Nigardsbreen,2089-01-01,-0.1565362260399911,-0.0800924920898331,-0.03223307211741664
Nigardsbreen,2089-02-01,-0.013767734683290955,0.06926392380501367,-0.25107545612061744
Nigardsbreen,2089-03-01,-0.12033459605856232,0.14234934433106974,0.02461647818461597
Nigardsbreen,2089-04-01,-0.1262582075439007,0.12340859855836095,0.13354873101604178
Nigardsbreen,2089-05-01,-0.17470388025498806,-0.10568794258061374,-0.04980161375005746
Nigardsbreen,2089-06-01,-0.042532463220701984,0.003039340913331591,-0.013073479823269923
Nigardsbreen,2089-07-01,-0.1291533254611248,0.008146102559279049,-0.03259159637100622
Nigardsbreen,2089-08-01,-0.041691542941014716,-0.04709854155776916,-0.02507329929220023
Nigardsbreen,2089-09-01,-0.028219090863474124,0.08511207533206945,0.00014627075544816162
Nigardsbreen,2089-10-01,-0.027543562571904854,-0.04371563930012388,0.023062571256486364
Nigardsbreen,2089-11-01,-0.19478127452707508,-0.05068705378529195,-0.03676293795496052
Nigardsbreen,2089-12-01,-0.03789350569796588,-0.07305253960514992,0.02094872388408535
Nigardsbreen,2090-01-01,0.26046204157352587,0.15401366519498705,-0.02587591951005172
Nigardsbreen,2090-02-01,-0.11439922598997905,-0.1454003714712838,-0.04429438493919003
Nigardsbreen,2090-03-01,-0.016848020385782397,-0.03457169226022936,-0.0494858177642575
Nigardsbreen,2090-04-01,0.08271055376783616,0.11965837669718511,-0.029944915404323546
Nigardsbreen,2090-05-01,0.0068733296497109145,0.06916200323212532,-0.06421343157674543
Nigardsbreen,2090-06-01,0.03511497451181686,0.033723529140956277,-0.07625984818717889
Nigardsbreen,2090-07-01,-0.0714144339723814,-0.011043006620373524,-0.09141934077814994
Nigardsbreen,2090-08-01,-0.0974240738370909,0.009847217306099054,-0.06803633877175823
Nigardsbreen,2090-09-01,-0.10900185164293126,0.1070150967766756,-0.12390249810817182
Nigardsbreen,2090-10-01,-0.009303208418734311,-0.06414462845050643,-0.09306979590535974
Nigardsbreen,2090-11-01,0.0010936558847421003,0.06638821172561227,0.003283041699044576
Nigardsbreen,2090-12-01,0.16406556594528351,-0.06671094067753615,-0.05832735904426219
Nigardsbreen,2091-01-01,-0.0027263693044629286,0.15928838630610967,-0.1186395578638743
Nigardsbreen,2091-02-01,-0.0701968772771365,0.1484675268932522,0.11877057410467713
Nigardsbreen,2091-03-01,0.08473862597261834,0.11689150431984241,0.033717615458023605
Nigardsbreen,2091-04-01,0.028168322966630858,-0.06186487800306437,-0.025943913668190374
Nigardsbreen,2091-05-01,0.008424792737776429,0.006949177999769847,-0.13127386581623843
Nigardsbreen,2091-06-01,-0.051636108183010614,0.053912398590895194,-0.14840862183698925
Nigardsbreen,2091-07-01,-0.03567848747963038,-0.059295673481628265,-0.013229858365636338
Nigardsbreen,2091-08-01,-0.0917098548376825,-0.0013433156297108922,-0.09218606737698032
Nigardsbreen,2091-09-01,0.07653245784838175,-0.04083305535326198,-0.0724814690808605
Nigardsbreen,2091-10-01,0.060445161442678315,0.02754564355998207,-0.0179462506325178
Nigardsbreen,2091-11-01,-0.008024733368706747,-0.019162554278935772,-0.2727877655479522
Nigardsbreen,2091-12-01,0.049457975761149776,-0.21050685372098013,-0.21406541136222815
Nigardsbreen,2092-01-01,-0.027873383706563004,-0.08918560033871985,0.018302000081776657
Nigardsbreen,2092-02-01,-0.13945207978376303,0.1772948409879166,0.025924405693480968
Nigardsbreen,2092-03-01,-0.041242393544021226,0.021276995399882804,-0.0376637786277536
Nigardsbreen,2092-04-01,0.054256257132647735,-0.02582162226490538,-0.08836861109299714
Nigardsbreen,2092-05-01,-0.07894331184943608,0.04728309696118762,-0.07849111152398396
Nigardsbreen,2092-06-01,0.10593269804554906,-0.1314189097002306,-0.01836166798389877
Nigardsbreen,2092-07-01,-0.03062107162075414,-0.07709026712491256,-0.021174451626197438
Nigardsbreen,2092-08-01,-0.06372776314324678,-0.04796300769364963,-0.021445169340201162
Nigardsbreen,2092-09-01,-0.10788809448853294,-0.21679719998638283,-0.053573715856731104
Nigardsbreen,2092-10-01,0.009452985578288761,0.018673907545601765,0.04348915284763986
Nigardsbreen,2092-11-01,0.17071748787324814,-0.1750852501763346,-0.17209860255762155
Nigardsbreen,2092-12-01,-0.18116911008756578,-0.12693497038044613,-0.08405579365912336
Nigardsbreen,2093-01-01,-0.30118125089475106,-0.09558449331544967,-0.05185007958882623
Nigardsbreen,2093-02-01,0.018071169840556716,0.12403191768352449,-0.12426185539559471
Nigardsbreen,2093-03-01,-0.1705521042595282,0.11459592606045009,-0.10178940161177391
Nigardsbreen,2093-04-01,-0.0330143787960489,0.032272679413901724,-0.034566768320737705
Nigardsbreen,2093-05-01,0.029966927693106642,0.004066019752970343,0.03175918196497605
Nigardsbreen,2093-06-01,-0.06338724066797236,0.04036279824993682,-0.06579202863604273
Nigardsbreen,2093-07-01,-0.010423030691015972,-0.08993575286908218,-0.04999364367989783
Nigardsbreen,2093-08-01,0.04383387850334481,-0.07144705369408144,-0.0544681048068531
Nigardsbreen,2093-09-01,-0.09363362293999307,-0.13331387117701515,-0.021464939999567074
Nigardsbreen,2093-10-01,-0.2124644762786063,0.11543849473804778,-0.014089455866216507
Nigardsbreen,2093-11-01,-0.1652870412118175,-0.06930146204651229,-0.05133874336487637
Nigardsbreen,2093-12-01,0.18839476265725075,0.10563974234185623,0.0869132076754227
Nigardsbreen,2094-01-01,-0.17324864167845608,-0.245243097580786,-0.04201183392005836
Nigardsbreen,2094-02-01,0.02418808321795814,-0.1079177907341874,0.10675975381948848
Nigardsbreen,2094-03-01,-0.08899886424630012,-0.17645056329171818,-0.006397941134375172
Nigardsbreen,2094-04-01,-0.003412398827283026,0.08180686810640099,-0.0485297645500031
Nigardsbreen,2094-05-01,0.01528514363275644,0.05789183783195101,-0.13669394036889745
Nigardsbreen,2094-06-01,0.07881927530087035,0.07399904215934898,-0.10405772134259249
Nigardsbreen,2094-07-01,-0.027661040327654384,-0.045268649931693154,-0.14473178449477417
Nigardsbreen,2094-08-01,0.0027791404409390117,0.07474957909206732,0.06587935019411012
Nigardsbreen,2094-09-01,-0.11294351955680348,0.0006597226542942083,0.021267556570155596
Nigardsbreen,2094-10-01,0.10611028377441632,-0.03728408426400995,-0.08185794201543156
Nigardsbreen,2094-11-01,0.11759313097582857,-0.09698583042447968,-0.08947542726540773
Nigardsbreen,2094-12-01,-0.1605461331121039,0.08076313388269815,-0.20101223063853557
Nigardsbreen,2095-01-01,-0.1251153735277216,0.06784724380089886,-0.026697108515923967
Nigardsbreen,2095-02-01,0.07165552864698448,-0.2623182289087865,-0.01595851439279924
Nigardsbreen,2095-03-01,-0.11000650235918534,0.061175841377791085,-0.14832201684222346
Nigardsbreen,2095-04-01,-0.0493671367408744,-0.1439090642456016,0.05046965605608683
Nigardsbreen,2095-05-01,-0.044876966389950645,0.05002626278596245,0.008846995448971037
Nigardsbreen,2095-06-01,-0.05689154146717518,-0.007662292353179727,-0.0007622561810470991
Nigardsbreen,2095-07-01,-0.07710408313530727,0.04000174906253685,-0.027954771525616068
Nigardsbreen,2095-08-01,-0.024498974574309763,-0.0004884706719041227,-0.08877043792617843
Nigardsbreen,2095-09-01,-0.05564555595467647,0.05421388454049317,-0.0603706845725123
Nigardsbreen,2095-10-01,-0.11849856098692486,-0.10136975026815714,-0.0768316129452889
Nigardsbreen,2095-11-01,-0.047167246776566446,0.1589592116141261,-0.0009723032982425229
Nigardsbreen,2095-12-01,0.0715294692671757,0.004611771801898215,-0.028520452572297142
Nigardsbreen,2096-01-01,-0.015268360467079653,-0.05030478910124963,0.006485398855183427
Nigardsbreen,2096-02-01,0.069121226417021,-0.10623251054454301,0.06518499499237511
Nigardsbreen,2096-03-01,0.1722726000805642,-0.13924119730506643,-0.25040431236521077
Nigardsbreen,2096-04-01,-0.03833958524120191,-0.0461840007440952,-0.07767984827234302
Nigardsbreen,2096-05-01,-0.018269785571583794,0.028862978619230043,-0.19045902771719017
Nigardsbreen,2096-06-01,-0.1357144344011412,-0.018137458043646793,-0.20726848543068457
Nigardsbreen,2096-07-01,-0.14634816940455078,-0.04890330794924174,-0.13553587573167503
Nigardsbreen,2096-08-01,-0.06047252609062951,-0.07140089143571297,-0.13337124868612193
Nigardsbreen,2096-09-01,-0.15960169470139007,-0.01894683829337297,-0.15719442356053545
Nigardsbreen,2096-10-01,0.1302126052949182,0.0867099748782705,-0.020744471753369683
Nigardsbreen,2096-11-01,0.017397190062086523,-0.12748881096916054,-0.07383797707300044
Nigardsbreen,2096-12-01,0.16478048643743,-0.07860941127367722,-0.0507171177194313
Nigardsbreen,2097-01-01,-0.16749267200133675,-0.32063251733094683,0.07513236839879082
Nigardsbreen,2097-02-01,0.13480355842671435,-0.20312227386594608,-0.19394576051231985
Nigardsbreen,2097-03-01,0.10014782697816542,0.1715722402854544,-0.03024356009232082
Nigardsbreen,2097-04-01,0.025244001742705174,-0.09264860370134136,-0.10472336496594951
Nigardsbreen,2097-05-01,0.06952425662765059,0.13306116195679818,-0.13973514326974618
Nigardsbreen,2097-06-01,0.09478378570863076,-0.0028323436326174374,-0.10554379440874788
Nigardsbreen,2097-07-01,0.06854741649650113,-0.1287379134399379,-0.03457635786457739
Nigardsbreen,2097-08-01,-0.0647895904553611,0.022985682212318812,-0.06620489097280526
Nigardsbreen,2097-09-01,0.052778524854992875,0.010831909653174113,-0.016453487656745664
Nigardsbreen,2097-10-01,0.05415935283986419,0.1615313345177015,-0.12318634382816053
Nigardsbreen,2097-11-01,-0.037626432764167016,-0.10663697531246624,-0.06372239588789683
Nigardsbreen,2097-12-01,-0.0951148276633925,0.11290415373923383,-0.03916675048201932
Nigardsbreen,2098-01-01,-0.002592844335670958,-0.17499898028631478,-0.05928673372051238
Nigardsbreen,2098-02-01,-0.26916172051530624,0.09841386714392601,-0.17281885235579827
Nigardsbreen,2098-03-01,-0.09506327882961128,-0.12260192716716196,-0.1410893036833553
Nigardsbreen,2098-04-01,0.01851100432215608,-0.04186575640384994,-0.1400649770058988
Nigardsbreen,2098-05-01,-0.018604279162013408,-0.08743368735332295,0.011962661753138681
Nigardsbreen,2098-06-01,-0.09092059235014587,-0.054606654111061324,0.010299655986920111
Nigardsbreen,2098-07-01,0.029080544047720345,0.022219348221717117,-0.013944211319836397
Nigardsbreen,2098-08-01,0.07464385797061877,0.0033974240914369813,-0.07102820229513122
Nigardsbreen,2098-09-01,0.1272904790097833,0.04380223122345108,-0.13269518451275542
Nigardsbreen,2098-10-01,0.06557238955614246,0.024534715948419678,-0.08460870118613424
Nigardsbreen,2098-11-01,-0.07065865690064049,-0.20115338985544007,0.05693844300271959
Nigardsbreen,2098-12-01,-0.0734903744696559,0.005764216535344859,0.03414746865100347
Nigardsbreen,2099-01-01,-0.13480673960406983,-0.1522587017284268,0.0053040271044994996
Nigardsbreen,2099-02-01,-0.021209067106762694,0.048103007289947125,-0.20467001727007206
Nigardsbreen,2099-03-01,-0.028844602599885166,0.03201302708643078,-0.05532852098532795
Nigardsbreen,2099-04-01,-0.03078513419825891,-0.009516372461761267,-0.030150734866467892
Nigardsbreen,2099-05-01,-0.04074732436017691,0.13759540341771323,0.025804701149068188
Nigardsbreen,2099-06-01,-0.019259329351074703,0.002717290857706075,-0.05234450285504975
Nigardsbreen,2099-07-01,-0.060901562919552815,0.07803702839841221,0.04501387828803433
Nigardsbreen,2099-08-01,-0.12534327242402765,0.047877075078952495,-0.08490989336933437
Nigardsbreen,2099-09-01,0.0728582120053694,0.09284900489799959,0.02599642368376189
Nigardsbreen,2099-10-01,0.17662945912764563,0.036580739162029786,-0.052288224231688295
Nigardsbreen,2099-11-01,0.17620284006582598,0.03548296786547732,-0.058433703641993746
Nigardsbreen,2099-12-01,0.15200971803787033,-0.11136084608973977,-0.13971662708142174
Nigardsbreen,2100-01-01,-0.026327599047254277,-0.17467657437737802,-0.00794441223651183
Nigardsbreen,2100-02-01,-0.14019998764875707,-0.4175937740928554,0.07751681151712285
Nigardsbreen,2100-03-01,-0.13059414864240132,-0.08923788775013836,-0.006402766407370729
Nigardsbreen,2100-04-01,-0.14949966353854613,0.11905962440555079,-0.019302191004586317
Nigardsbreen,2100-05-01,-0.11794018497164482,0.05600987017227669,-0.14121191522929574
Nigardsbreen,2100-06-01,-0.046433729473208944,0.07055063333644518,-0.03084928273314232
Nigardsbreen,2100-07-01,-0.07991994566862202,0.025619315408023962,0.010850534310834678
Nigardsbreen,2100-08-01,-0.07215650302026066,-0.08500969993176449,-0.013968700182403296
Nigardsbreen,2100-09-01,-0.026298575284397368,-0.06941020026015571,-0.09491225686112736
Nigardsbreen,2100-10-01,-0.028361935949313768,0.06677769687707931,-0.1626927495468233
Nigardsbreen,2100-11-01,-0.09423222424164245,0.017146000513807644,0.0006529140457834011
Nigardsbreen,2100-12-01,-0.2170455312858143,0.050970271296569315,-0.10190350833742494
Rembesdalskaka,2015-01-01,-0.5014219043506223,-0.2172897646504429,-0.42831783184892647
Rembesdalskaka,2015-02-01,0.21659677942714675,0.1977356642998361,-0.5098401987521433
Rembesdalskaka,2015-03-01,0.02563029016744174,0.1556555085587565,-0.05784490155720178
Rembesdalskaka,2015-04-01,-0.5354657836570766,-0.09386310374546987,0.35483554517121113
Rembesdalskaka,2015-05-01,-0.22650099004746807,-0.1448595816729574,-0.0970685748357405
Rembesdalskaka,2015-06-01,-0.005124597673436524,0.08918429112468178,0.005667706328690338
Rembesdalskaka,2015-07-01,0.021777834132731193,0.02874793603920302,0.0031264218497801346
Rembesdalskaka,2015-08-01,0.09187324906378236,-0.0059567642347423564,-0.009912713274840888
Rembesdalskaka,2015-09-01,0.12099695214853749,0.24030297231671285,0.03705630336717696
Rembesdalskaka,2015-10-01,0.2708561987607194,-0.10277382806564607,0.04563388470249822
Rembesdalskaka,2015-11-01,0.09104724362520628,-0.25939586256048347,0.0049495540163100185
Rembesdalskaka,2015-12-01,-0.08511992680048013,-0.11439788663468475,-0.25210477119493
Rembesdalskaka,2016-01-01,0.5002045104449776,-0.380139509409976,-0.33603311652049433
Rembesdalskaka,2016-02-01,0.6794925008635984,0.20294981644502808,-0.5793518501861822
Rembesdalskaka,2016-03-01,0.08285527496686525,0.05754780642718806,0.12388320950261444
Rembesdalskaka,2016-04-01,0.03239867721009009,-0.35792456894653774,0.06030234928123759
Rembesdalskaka,2016-05-01,0.18006843165595096,0.1230045893968396,-0.04625941222128958
Rembesdalskaka,2016-06-01,-0.047565563728323636,-0.04850171469982553,0.042264321947481726
Rembesdalskaka,2016-07-01,-0.11063058648414037,-0.09493888765627197,-0.0684059788026897
Rembesdalskaka,2016-08-01,0.0971047861972227,0.08687317405922716,-0.15449097078039106
Rembesdalskaka,2016-09-01,-0.1483041802816973,0.061813897426657015,-0.09488350657572164
Rembesdalskaka,2016-10-01,-0.12697811652571556,-0.0801617082029807,-0.039238322485007054
Rembesdalskaka,2016-11-01,-0.5709592641043665,0.022956961236729523,-0.022199593215572088
Rembesdalskaka,2016-12-01,-0.16908166144125922,0.28645028053991334,-0.005146407309007811
Rembesdalskaka,2017-01-01,-0.04265076400457,0.7912922252702573,0.19413305184599672
Rembesdalskaka,2017-02-01,-0.5287016271976767,0.6351885396767377,0.09625087832945088
Rembesdalskaka,2017-03-01,-0.42805351820188386,0.8439881390639211,-0.1173912306622819
Rembesdalskaka,2017-04-01,0.08976723718673735,0.006503270302558826,-0.2969729697251762
Rembesdalskaka,2017-05-01,0.016118515042568764,0.13733570125662156,0.017064622429389283
Rembesdalskaka,2017-06-01,0.050123013266015946,-0.1537406280133573,0.1882985705314769
Rembesdalskaka,2017-07-01,0.04028186781991217,-0.15635694820076546,-0.04661783064371026
Rembesdalskaka,2017-08-01,-0.044563428463938515,-0.07988363609496446,-0.09523210881344346
Rembesdalskaka,2017-09-01,0.026915620868564527,-0.09158741230243093,-0.022033282881420254
Rembesdalskaka,2017-10-01,-0.32326323592421063,-0.07747919050908832,0.14948024680611371
Rembesdalskaka,2017-11-01,0.30950668984353963,-0.024426717768333866,0.3602241823235735
Rembesdalskaka,2017-12-01,-0.32607617830299096,0.16964764204587576,-0.22042488356868498
Rembesdalskaka,2018-01-01,-0.12824504701272518,-0.5424360378520515,0.6149637231670265
Rembesdalskaka,2018-02-01,-0.7970247311062245,-0.23317414564883543,0.47659786465985005
Rembesdalskaka,2018-03-01,-0.14255979191117918,-0.188287595756274,0.33991618846414173
Rembesdalskaka,2018-04-01,0.20742089897869173,0.40007513246128495,0.031002364067719917
Rembesdalskaka,2018-05-01,-0.15213022073522067,-0.15835419492887023,-0.22230045667953893
Rembesdalskaka,2018-06-01,0.006142733519187142,-0.1462798982210651,0.060758180328285706
Rembesdalskaka,2018-07-01,-0.06162856302350628,0.01242816080468692,0.002350804207953377
Rembesdalskaka,2018-08-01,-0.09939600945899559,-0.02156039632148629,-0.06440719161652612
Rembesdalskaka,2018-09-01,-0.02467553401900703,-0.07955906846453281,0.10097925300035797
Rembesdalskaka,2018-10-01,-0.009060692769918438,0.06181551321863005,-0.05911377684237353
Rembesdalskaka,2018-11-01,-0.19563468986409238,-0.2259070461410765,-0.2700536107597992
Rembesdalskaka,2018-12-01,0.1120517565506705,-0.2669143851355862,-0.2442424687898579
Rembesdalskaka,2019-01-01,-0.10811667849427942,-0.34719832952142043,0.03698359242689749
Rembesdalskaka,2019-02-01,-0.06575332247129145,0.10279912219537396,0.5983045160110402
Rembesdalskaka,2019-03-01,0.052736117862937366,0.0386217701472161,0.12380588665430499
Rembesdalskaka,2019-04-01,0.26062646506661463,0.010134400663787709,0.16609023463505188
Rembesdalskaka,2019-05-01,-0.1720931956389636,-0.2027913330494315,-0.1280713930772954
Rembesdalskaka,2019-06-01,0.07095124211700392,-0.0649683331565591,0.08246739623224988
Rembesdalskaka,2019-07-01,-0.03994829162507851,0.04448217735664553,-0.008385331753748776
Rembesdalskaka,2019-08-01,-0.061150000619435894,0.024781280025476343,0.03024330680952493
Rembesdalskaka,2019-09-01,-0.032941631662685975,0.13478231271091232,0.11248841751088907
Rembesdalskaka,2019-10-01,0.04806873666877329,-0.12418902683273214,0.19516419147439867
Rembesdalskaka,2019-11-01,-0.19701308652765562,0.17550896873662017,0.017659691164074356
Rembesdalskaka,2019-12-01,-0.4920149993714271,-0.029749720687151513,0.013551842635991226
Rembesdalskaka,2020-01-01,-0.5805647913425068,0.48178264268495846,0.12077829363579756
Rembesdalskaka,2020-02-01,-0.4468777008587507,0.8036166006696907,-0.054765230284666705
Rembesdalskaka,2020-03-01,-0.24439762717368482,0.366244124428506,-0.3532781031797203
Rembesdalskaka,2020-04-01,0.058855112683161494,-0.2990041098311587,-0.2298065481682889
Rembesdalskaka,2020-05-01,0.24358656564249617,-0.04254582524867114,0.05618068659395661
Rembesdalskaka,2020-06-01,0.09964789113044992,-0.0641297936490633,0.17091595097206236
Rembesdalskaka,2020-07-01,0.044354886977984204,-0.20410495931593023,0.05848144974977162
Rembesdalskaka,2020-08-01,-0.0420634512926372,-0.1194792848956198,-0.012787200243509681
Rembesdalskaka,2020-09-01,0.12211077072598438,-0.09532488895178244,-0.012807833719919018
Rembesdalskaka,2020-10-01,-0.058734285718619196,0.2868825795883369,0.30211471816868296
Rembesdalskaka,2020-11-01,-0.10677198175554155,0.0664965388502357,0.3230184080422353
Rembesdalskaka,2020-12-01,-0.05369313328272859,0.3199399468372004,-0.3551038330511196
Rembesdalskaka,2021-01-01,0.23062296861553166,0.2563889224262925,-0.13057079564072857
Rembesdalskaka,2021-02-01,0.23358692820221405,0.5499251357657088,0.2388515245036229
Rembesdalskaka,2021-03-01,0.1149698624629487,0.4400247152573491,-0.3458961400283673
Rembesdalskaka,2021-04-01,0.09412482165772285,0.008338420018140304,-0.4124942051979028
Rembesdalskaka,2021-05-01,-0.07768913585566815,-0.05555851376833165,0.02022097453966788
Rembesdalskaka,2021-06-01,-0.12241302979479152,0.05802970688363899,0.012755428953185837
Rembesdalskaka,2021-07-01,-0.026267496584579778,-0.13995507939530763,0.10539197049166453
Rembesdalskaka,2021-08-01,-0.08542120085185007,-0.04968244816179273,-0.030069815404520334
Rembesdalskaka,2021-09-01,0.06586858247068074,-0.09317968120341096,0.06213656724495787
Rembesdalskaka,2021-10-01,0.13868219443714766,0.07010910398837035,0.007975826145824195
Rembesdalskaka,2021-11-01,0.21414696519621454,-0.0646195271735621,-0.21728480078043644
Rembesdalskaka,2021-12-01,0.43699538986027814,0.0447449558506142,-0.46829817822927183
Rembesdalskaka,2022-01-01,-0.10211268888007191,-0.1202199164912599,-0.2594567791090722
Rembesdalskaka,2022-02-01,0.2655674536821213,-0.922024204309456,-0.3446246829834094
Rembesdalskaka,2022-03-01,0.31727330044241225,-0.12282275345484751,-0.5362514802241077
Rembesdalskaka,2022-04-01,0.021213229068936856,-0.045613199655131526,0.29992067639522796
Rembesdalskaka,2022-05-01,0.10735105450495985,0.09667338398370091,0.003995585398830786
Rembesdalskaka,2022-06-01,0.20970782860382106,0.10283821345285378,-0.01737291867345954
Rembesdalskaka,2022-07-01,0.049229195500199774,0.03994682351378093,-0.06859983166098065
Rembesdalskaka,2022-08-01,0.015197403919996756,0.019155679724628213,-0.08583739423027097
Rembesdalskaka,2022-09-01,0.08519354420068871,0.038891573887458154,-0.03852424471357069
Rembesdalskaka,2022-10-01,0.2509498110779162,-0.2126732802786163,-0.06966050343313314
Rembesdalskaka,2022-11-01,0.11590155781600579,-0.1926342700617142,-0.02592600466404925
Rembesdalskaka,2022-12-01,0.2873081466081542,-0.2023477034802026,0.25737794371749506
Rembesdalskaka,2023-01-01,-0.3465562315702015,0.24976198215452441,0.4988680332087279
Rembesdalskaka,2023-02-01,-0.21431422527371688,-0.013458555966132704,0.5413448752341837
Rembesdalskaka,2023-03-01,0.45194997273210796,-0.2630661126654137,-0.21719312200499777
Rembesdalskaka,2023-04-01,-0.15161098775121104,0.062239331783214426,0.07025728892237383
Rembesdalskaka,2023-05-01,0.20481147282664822,0.03691736596225835,-0.1046247754572172
Rembesdalskaka,2023-06-01,0.059432397357577126,0.051069597930945676,-0.0914916596895496
Rembesdalskaka,2023-07-01,0.021617781028699726,-0.11198994003991293,-0.14783490094664475
Rembesdalskaka,2023-08-01,0.11929118314769412,-0.04650801077289576,-0.19784351501075526
Rembesdalskaka,2023-09-01,0.08223232905894864,8.992416609200753e-05,0.07291295654852144
Rembesdalskaka,2023-10-01,0.4455122689003761,-0.03125182273766313,-0.03782017696914668
Rembesdalskaka,2023-11-01,0.2736167278173596,0.011035412220142796,0.09398677460627576
Rembesdalskaka,2023-12-01,0.044472691790406305,0.13874606844068724,0.29042255791086574
Rembesdalskaka,2024-01-01,-0.13537977010733118,0.9477947305775585,-0.375505900013314
Rembesdalskaka,2024-02-01,-0.44859929850494984,-0.27438384717379183,-0.2009582046258579
Rembesdalskaka,2024-03-01,-0.15523505971311996,-0.02494077738279391,-0.048224291639631746
Rembesdalskaka,2024-04-01,-0.05628083101954504,0.36759219250448427,0.018756301512393634
Rembesdalskaka,2024-05-01,-0.22858691947819545,0.3448775117010871,0.10593386191777353
Rembesdalskaka,2024-06-01,0.10242555042059776,-0.04797789432640106,0.03563873458458803
Rembesdalskaka,2024-07-01,0.19384521311032732,0.0008340921333792051,-0.14250829931309458
Rembesdalskaka,2024-08-01,0.02432718393203716,-0.0024060899868427583,-0.017618171646486828
Rembesdalskaka,2024-09-01,0.015447985456426548,0.20231122520167202,-0.11923609725076967
Rembesdalskaka,2024-10-01,0.04988110607012544,0.1699244358846335,0.01645298628093241
Rembesdalskaka,2024-11-01,0.13836952793423002,-0.24034679660187197,0.41826571877939367
Rembesdalskaka,2024-12-01,0.01941810443713673,0.01630985473973191,-0.11604229495936048
Rembesdalskaka,2025-01-01,0.22096053451729572,-0.055898166466162635,-0.01325796741085348
Rembesdalskaka,2025-02-01,-0.19944859105519552,0.1633245237231139,0.6875703023212552
Rembesdalskaka,2025-03-01,0.1152610368338105,0.25474235973095216,-0.06939350850900675
Rembesdalskaka,2025-04-01,0.07649564749946453,-0.25493848929505947,-0.19428141530834997
Rembesdalskaka,2025-05-01,-0.14059283461928704,-0.060279843199916805,0.04935916828829529
Rembesdalskaka,2025-06-01,0.04417845218500738,0.03500112263243585,0.10067379078063114
Rembesdalskaka,2025-07-01,-0.0197747738305856,0.03371044254107725,0.012791735483702058
Rembesdalskaka,2025-08-01,0.13141552492141761,-0.04976608229379718,0.0318339165205707
Rembesdalskaka,2025-09-01,0.05896222548086728,0.08460775818820536,0.07419716354257687
Rembesdalskaka,2025-10-01,0.08407359485597708,-0.23173336156027766,0.07444690143629436
Rembesdalskaka,2025-11-01,0.18396331421402667,0.37270691088436986,-0.057824299288160776
Rembesdalskaka,2025-12-01,0.06016841173685355,0.32786096504598833,0.5625880866230029
Rembesdalskaka,2026-01-01,-0.3762348802160426,0.18578142471149958,0.9100561422423068
Rembesdalskaka,2026-02-01,0.041312940755559434,-0.24975412899028246,0.2724143639223243
Rembesdalskaka,2026-03-01,-0.31712100212230265,-0.2681504177010868,-0.21530573299139924
Rembesdalskaka,2026-04-01,-0.09039950994733899,-0.1737746806827253,-0.14885368083765815
Rembesdalskaka,2026-05-01,-0.0591010381307891,-0.2076215720367017,-0.15394129368261147
Rembesdalskaka,2026-06-01,0.007222667108889543,-0.03301359967194314,-0.13178792765341618
Rembesdalskaka,2026-07-01,0.07183215258532764,-0.021909300714370306,-0.07112785954092186
Rembesdalskaka,2026-08-01,-0.03111180246090603,0.0023065431789274977,-0.04880268168355245
Rembesdalskaka,2026-09-01,-0.0780536118678285,0.02489381068542508,0.047285851367747746
Rembesdalskaka,2026-10-01,0.0016810014400442386,-0.10080153837097315,-0.1701208363517527
Rembesdalskaka,2026-11-01,-0.28743622641121486,0.3174447821497504,0.02021915158934727
Rembesdalskaka,2026-12-01,-0.24790406572695653,-0.11838975046059352,0.6151702788967902
Rembesdalskaka,2027-01-01,-0.2299553054503776,-0.43668312479417887,0.12349701555484478
Rembesdalskaka,2027-02-01,0.2458078505955444,0.09615855143612088,0.40394923003587374
Rembesdalskaka,2027-03-01,-0.5939756052376907,0.4982312012512362,-0.06427010307847114
Rembesdalskaka,2027-04-01,-0.277807140370791,-0.26941160615203,0.11264748438748066
Rembesdalskaka,2027-05-01,0.11001189963355405,0.17887541755762723,0.1591661384531079
Rembesdalskaka,2027-06-01,-0.08402881828154025,0.012948263300359605,0.027002923505230658
Rembesdalskaka,2027-07-01,-0.028988758384410993,0.0997609078303892,0.1033417655122481
Rembesdalskaka,2027-08-01,-0.00852716180491684,-0.13921263159860228,0.009429624035110528
Rembesdalskaka,2027-09-01,0.04984538688421306,-0.040242249511415015,-0.05202155399081316
Rembesdalskaka,2027-10-01,-0.034101430825308005,-0.07151418582493387,0.23302290843676032
Rembesdalskaka,2027-11-01,-0.12868272365815184,0.05885059252122977,0.4432965636582131
Rembesdalskaka,2027-12-01,0.2568058125102398,0.6220439215578623,0.6788000657727954
Rembesdalskaka,2028-01-01,-0.3365765446498656,0.7233954873426341,0.6569007449145777
Rembesdalskaka,2028-02-01,-0.3706352314503609,0.12601954239293428,0.5005646594402077
Rembesdalskaka,2028-03-01,-0.4774726171444668,-0.40536242786143745,0.5317140865540385
Rembesdalskaka,2028-04-01,-0.03693832582025083,-0.2678556714707758,0.23689901054405224
Rembesdalskaka,2028-05-01,0.2455358467563844,0.13244326275534485,0.027076751150401344
Rembesdalskaka,2028-06-01,-0.1491633846176265,-0.06518831072156918,-0.04377409526888135
Rembesdalskaka,2028-07-01,0.07037573494877727,-0.17880461199130568,-0.07218113030760909
Rembesdalskaka,2028-08-01,0.07284135149276033,-0.14085961610175438,-0.04507752390145242
Rembesdalskaka,2028-09-01,0.07610903428720424,-0.0232486160948199,0.13167055487706547
Rembesdalskaka,2028-10-01,-0.0018771838756333793,-0.033877092109462964,-0.272001807974529
Rembesdalskaka,2028-11-01,-0.05016200497776425,-0.15891701029589575,-0.5239627175674877
Rembesdalskaka,2028-12-01,-0.08456919271396168,-0.3958397636473931,0.2862477979894217
Rembesdalskaka,2029-01-01,0.15066227215323805,-0.14440516730371492,0.04980395014243499
Rembesdalskaka,2029-02-01,0.15129100542991447,0.005591942792795447,-0.3605198152967639
Rembesdalskaka,2029-03-01,-0.19848296782503358,-0.0894915349805191,0.7392996545351562
Rembesdalskaka,2029-04-01,-0.5007835742242419,0.30929797520361685,0.22477777560842518
Rembesdalskaka,2029-05-01,-0.14800365709907934,0.029038222395861877,0.04777413320230863
Rembesdalskaka,2029-06-01,0.07161955372135202,0.13565231954426551,0.13823575075542194
Rembesdalskaka,2029-07-01,0.10150201286174204,-0.10311344441062396,0.019442269142780886
Rembesdalskaka,2029-08-01,0.03778831265329572,-0.09490465063702762,0.08070532195457229
Rembesdalskaka,2029-09-01,-0.1693329705347533,-0.12695555818453494,0.07315016436669504
Rembesdalskaka,2029-10-01,-0.07935628915435809,0.04926287367212261,0.12231449714047653
Rembesdalskaka,2029-11-01,0.05601319443832258,-0.056181947891466404,0.33457691678481866
Rembesdalskaka,2029-12-01,-0.42232449191331495,0.14138827641468732,0.5354292691891448
Rembesdalskaka,2030-01-01,0.2262317147790078,0.041870805705392554,0.08761229204890664
Rembesdalskaka,2030-02-01,-0.3020216036413223,0.18252606501093074,0.12972335582651195
Rembesdalskaka,2030-03-01,-0.42960522972110615,-0.34329712918244776,0.6176414988238003
Rembesdalskaka,2030-04-01,-0.25405857483319594,-0.4269976253370227,0.31270874700115076
Rembesdalskaka,2030-05-01,0.00803847448704141,-0.18773329571251773,0.05654713495942493
Rembesdalskaka,2030-06-01,-0.04868497028177199,-0.14900135946771523,0.19165598097066996
Rembesdalskaka,2030-07-01,0.1272636623517227,-0.031748586344343445,0.049652253027016695
Rembesdalskaka,2030-08-01,-0.08831429675440368,-0.1428650149630553,-0.007305990066263247
Rembesdalskaka,2030-09-01,-0.11917518052750294,0.02903912882518048,0.0829819305211253
Rembesdalskaka,2030-10-01,-0.19322085887834897,0.04031273807907748,-0.061473705328394544
Rembesdalskaka,2030-11-01,-0.49978263458089883,0.26488258325949277,0.5378457213061143
Rembesdalskaka,2030-12-01,0.04087331975278922,0.05137455348592687,0.151312278171663
Rembesdalskaka,2031-01-01,0.10912652883011324,0.09214629621256733,0.039893547454516294
Rembesdalskaka,2031-02-01,0.06766692019584065,0.12185896489127164,0.09029253728603187
Rembesdalskaka,2031-03-01,0.2457831692391761,-0.07842913943930786,0.22563019898482853
Rembesdalskaka,2031-04-01,0.03976378845351066,-0.16459817246456188,0.1381620304517623
Rembesdalskaka,2031-05-01,-0.12749577311526286,0.0919279085816153,0.15812779265643706
Rembesdalskaka,2031-06-01,-0.12543572415564933,0.08019430336912227,0.02440444270852028
Rembesdalskaka,2031-07-01,-0.16363718644145056,0.0843808216378289,0.005613809115449983
Rembesdalskaka,2031-08-01,-0.13077119399937345,-0.002653735909187675,0.1639243368741678
Rembesdalskaka,2031-09-01,0.21826735752023518,-0.037568092109752815,0.20093591584725803
Rembesdalskaka,2031-10-01,-0.24034958229378142,0.03046187842262719,0.061554724583159116
Rembesdalskaka,2031-11-01,0.04810672695904516,0.08949558554081849,0.1496901550129667
Rembesdalskaka,2031-12-01,0.3058938971330458,0.03997458747697808,-0.17072188414338593
Rembesdalskaka,2032-01-01,0.2805541474629181,0.30337623824289767,0.07116866646329555
Rembesdalskaka,2032-02-01,0.8845202223709,0.25981895154635015,0.22833747810823446
Rembesdalskaka,2032-03-01,0.7666053619973887,0.2190302988690549,-0.05714324347851368
Rembesdalskaka,2032-04-01,0.17613102092984823,-0.18709925691772122,-0.29640293342438057
Rembesdalskaka,2032-05-01,0.21871423593370753,-0.12697646566576484,0.08841997326763373
Rembesdalskaka,2032-06-01,-0.02657077731740255,0.09285514452768788,0.23905818703558213
Rembesdalskaka,2032-07-01,-0.09146657367729438,-0.030817293596980756,0.09075238774690088
Rembesdalskaka,2032-08-01,-0.08368430165350543,0.16700179455773853,-0.00990004775842466
Rembesdalskaka,2032-09-01,0.16689108484970716,0.1088804404323533,0.09446422380282994
Rembesdalskaka,2032-10-01,0.29064768854691503,-0.04224440876098345,0.14605205965252402
Rembesdalskaka,2032-11-01,0.017207649670627496,0.18438953314931128,0.04090254165795103
Rembesdalskaka,2032-12-01,-0.27143664501022235,0.5385786834778297,-0.012108463786828663
Rembesdalskaka,2033-01-01,-0.293669160491745,-0.24776027974902973,-0.3167908062227994
Rembesdalskaka,2033-02-01,0.09406455494340911,-0.09377202765663184,-0.04817974084770827
Rembesdalskaka,2033-03-01,0.08691214280049353,0.58836611561494,-0.4418652670336818
Rembesdalskaka,2033-04-01,0.19588089094788916,-0.040733605883681696,-0.2791802108285128
Rembesdalskaka,2033-05-01,0.20857628082017676,-0.0940279444491204,-0.16239143619326404
Rembesdalskaka,2033-06-01,0.02729695493130747,-0.07961688397553283,0.007844621763538942
Rembesdalskaka,2033-07-01,0.0469996604747164,0.006606072619090966,-0.012100303912425494
Rembesdalskaka,2033-08-01,0.05803954552009102,-0.11555643956862933,0.058054134479344155
Rembesdalskaka,2033-09-01,-0.008436409498121399,-0.06664827161491799,-0.05652688567433234
Rembesdalskaka,2033-10-01,0.06000742848534116,-0.08502925143643514,0.12868526137092196
Rembesdalskaka,2033-11-01,0.19928315407977934,-0.13335398629947545,0.14676743768244804
Rembesdalskaka,2033-12-01,0.6122899932886025,-0.2360880955228327,0.16293407924055045
Rembesdalskaka,2034-01-01,0.5626636385011786,0.08068790435199984,0.08041498580727137
Rembesdalskaka,2034-02-01,0.19707985432699218,-0.06314485886302848,0.0868397972610812
Rembesdalskaka,2034-03-01,-0.14196110620264343,-0.3871844680081979,-0.40054791913828386
Rembesdalskaka,2034-04-01,0.11224703478503732,0.36551903884957265,-0.41543711178678794
Rembesdalskaka,2034-05-01,-0.1414038629435236,-0.1731055463972564,0.08654599357058314
Rembesdalskaka,2034-06-01,0.13959654790900775,0.037490141012059795,0.19822111385205052
Rembesdalskaka,2034-07-01,0.10335916653313425,-0.04287365073433704,-0.010308916651619503
Rembesdalskaka,2034-08-01,-0.03987119575504458,0.039655883956695455,0.1166954540992301
Rembesdalskaka,2034-09-01,-0.030052449856073193,0.09467885698940515,0.15011737478728582
Rembesdalskaka,2034-10-01,0.014297543640918288,0.14069995054647536,0.017136262629380606
Rembesdalskaka,2034-11-01,-0.18627952283893276,-0.05386389751410863,-0.027036562969869574
Rembesdalskaka,2034-12-01,-0.1336822165089454,-0.08362296269796603,0.4061360563549088
Rembesdalskaka,2035-01-01,-0.17968616458767528,-0.28808502647956624,-0.20832274179058008
Rembesdalskaka,2035-02-01,-0.007891779992448986,-0.2579443164882142,0.2248423530248518
Rembesdalskaka,2035-03-01,0.1882937103559427,-0.23473320372604864,0.2135973848600526
Rembesdalskaka,2035-04-01,0.3324883213407893,-0.10199657376079925,-0.010304328506817166
Rembesdalskaka,2035-05-01,0.05054731569545603,0.03669478301207215,-0.05596784828066386
Rembesdalskaka,2035-06-01,0.018408625707342696,-0.11211613791328275,0.006771906699957195
Rembesdalskaka,2035-07-01,-0.026812595631473517,-0.022866597694959315,0.04772654514047724
Rembesdalskaka,2035-08-01,-0.08804443680535239,0.02021111229608503,0.20297425792708493
Rembesdalskaka,2035-09-01,-0.08845379386837753,0.08773591134410207,0.15660843998799076
Rembesdalskaka,2035-10-01,0.13660993500625282,-0.007622009610864012,-0.19196796668517888
Rembesdalskaka,2035-11-01,0.4699260770506369,0.17925087969479492,0.0793969220851135
Rembesdalskaka,2035-12-01,-0.12208513852717455,-0.5313428455935248,-0.1624797543508901
Rembesdalskaka,2036-01-01,-0.2618901105065274,-0.4198149541811911,-0.04024224334228041
Rembesdalskaka,2036-02-01,-0.3218104326300594,-0.3469970247968121,-0.37014729533329466
Rembesdalskaka,2036-03-01,0.0687367442112988,-0.2237511798328359,-0.07976796902701808
Rembesdalskaka,2036-04-01,0.24538730835772285,0.06215807887637823,0.11426759011973715
Rembesdalskaka,2036-05-01,-0.005084148008572649,-0.1353076679167272,-0.027660544711753835
Rembesdalskaka,2036-06-01,-0.1307438682924016,-0.0424000207875428,0.11759551251418683
Rembesdalskaka,2036-07-01,0.033624977977887015,0.21754618341311707,0.14304959746668924
Rembesdalskaka,2036-08-01,0.02033863462122242,0.16654515336931952,0.11067781538678055
Rembesdalskaka,2036-09-01,0.22143606953235126,0.16800843799465626,-0.06284577412589915
Rembesdalskaka,2036-10-01,0.0074804098448806545,0.23782862443853117,0.0034096995866141843
Rembesdalskaka,2036-11-01,0.1653846399842788,0.08790257945682228,0.21881823902512187
Rembesdalskaka,2036-12-01,0.479740726477103,0.0898163383748277,-0.004373276159925124
Rembesdalskaka,2037-01-01,0.23595803964009335,0.3262247387795007,0.21834229336156294
Rembesdalskaka,2037-02-01,-0.4034417103836924,0.08032847198492658,-0.0834015926130539
Rembesdalskaka,2037-03-01,0.03880576307985165,0.34427204405813533,-0.022714604916593994
Rembesdalskaka,2037-04-01,0.1068509371497779,0.3917730981635234,0.20616913584841456
Rembesdalskaka,2037-05-01,-0.035557270658064945,-0.0724893622434207,0.10262188322394646
Rembesdalskaka,2037-06-01,-0.03645441759693554,0.01950401646171105,0.08511673772605999
Rembesdalskaka,2037-07-01,-0.09041193356876139,-0.046874503626964596,0.03626846750824502
Rembesdalskaka,2037-08-01,0.1515754527442741,0.026473140828932897,0.12995778214766915
Rembesdalskaka,2037-09-01,-0.09492592600915946,0.08460218600007424,0.12430860465936149
Rembesdalskaka,2037-10-01,-0.22461121449043162,0.16913864282613908,0.16319542168841916
Rembesdalskaka,2037-11-01,-0.10287158885656937,0.0763937933392686,0.18519886282543233
Rembesdalskaka,2037-12-01,0.3948168678685809,-0.07207112168327277,-0.03302072507249005
Rembesdalskaka,2038-01-01,-0.11295356906055176,0.20531898038920074,0.004220277910362724
Rembesdalskaka,2038-02-01,-0.38795901342704525,-0.042129926334834374,-0.4302097118025168
Rembesdalskaka,2038-03-01,0.20815421161869252,0.22222969894973776,-0.3343416436745623
Rembesdalskaka,2038-04-01,0.12180481531005825,-0.06587970281572122,0.49561890061253494
Rembesdalskaka,2038-05-01,0.13178761223474486,0.30442526722646895,0.02217185463786429
Rembesdalskaka,2038-06-01,-0.07185991704969717,-0.08224001496926987,0.0793551122841387
Rembesdalskaka,2038-07-01,-0.01975020407907713,0.17342623815108218,-0.08668061567498651
Rembesdalskaka,2038-08-01,0.02924251341932128,0.14436510219164142,0.056767838619516287
Rembesdalskaka,2038-09-01,0.02253149944560784,0.18011458655828264,0.04285307209295475
Rembesdalskaka,2038-10-01,-0.03195341709597668,-0.08803568317917804,0.10458824812274264
Rembesdalskaka,2038-11-01,-0.2205745750908258,0.04635759874647314,0.3248833546989715
Rembesdalskaka,2038-12-01,-0.16308609266366844,0.1706005293215456,-0.4078246782165936
Rembesdalskaka,2039-01-01,0.0012775733878401408,0.3243552460331192,-0.5680596043472393
Rembesdalskaka,2039-02-01,-0.489904607024477,-0.3402419210525261,0.4810111360734049
Rembesdalskaka,2039-03-01,0.26206778738933506,-0.7847254923863834,0.0973254401402529
Rembesdalskaka,2039-04-01,0.11845559173903204,-0.35331376583875135,-0.15449973531355687
Rembesdalskaka,2039-05-01,0.20690650709365901,-0.1580412342879862,0.031249380772068774
Rembesdalskaka,2039-06-01,0.03834918473352402,0.15348863036475816,-0.1190418428832758
Rembesdalskaka,2039-07-01,-0.025872031046584143,0.02983458485070312,-0.156973072123733
Rembesdalskaka,2039-08-01,-0.059447188219071405,0.0030799933520652945,-0.059500736820236294
Rembesdalskaka,2039-09-01,-0.019645207296925097,-0.12623669272614912,0.2607678742393246
Rembesdalskaka,2039-10-01,-0.19816082036878183,-0.1636414544553243,0.188877850022793
Rembesdalskaka,2039-11-01,-0.3798601617253297,-0.14524364576627807,0.5325611079662209
Rembesdalskaka,2039-12-01,-0.2953911362560357,0.412320916450063,0.2626686946878245
Rembesdalskaka,2040-01-01,-0.19658156153392,-0.022616442189494216,0.5171069559980764
Rembesdalskaka,2040-02-01,-0.19165875910114114,-0.06669678959020064,0.22346061108025816
Rembesdalskaka,2040-03-01,-0.4559851091502131,0.25387682411689966,0.26123712895788526
Rembesdalskaka,2040-04-01,0.154159261341691,-0.1667632723622904,0.10315943023737771
Rembesdalskaka,2040-05-01,-0.07240894034734169,-0.08749485636908345,-0.01674577631653052
Rembesdalskaka,2040-06-01,-0.07627013517295723,0.037005530127846346,0.10256930413806031
Rembesdalskaka,2040-07-01,0.06473868339216797,-0.11467111211260905,0.021424078601552713
Rembesdalskaka,2040-08-01,0.057369739055460396,0.05136358684970718,-0.1425728468354002
Rembesdalskaka,2040-09-01,-0.006019689555404579,-0.027975722109542207,0.0336795956953149
Rembesdalskaka,2040-10-01,-0.06784594626162749,-0.011247153200519557,0.1000441285776041
Rembesdalskaka,2040-11-01,-0.09038044596897969,-0.005731306678818046,0.5100692182651146
Rembesdalskaka,2040-12-01,-0.4015937126195297,-0.1962423636557982,0.07172220686212184
Rembesdalskaka,2041-01-01,-0.4099439103663352,-0.22015395310723415,0.07027170302253052
Rembesdalskaka,2041-02-01,-0.5080666096350314,0.02234799641105792,-0.28704210920859674
Rembesdalskaka,2041-03-01,0.020387602534307124,-0.46171064319257393,0.43693930099871947
Rembesdalskaka,2041-04-01,-0.06976150428697143,-0.1224121478342385,0.1630890396355574
Rembesdalskaka,2041-05-01,0.1516340437761652,0.08705073865586001,0.15653434240981506
Rembesdalskaka,2041-06-01,-0.1012903397767797,0.06629340790117567,-0.04273856452820488
Rembesdalskaka,2041-07-01,-0.048244867220978725,-0.12983476633846844,0.01004443724549031
Rembesdalskaka,2041-08-01,0.008634163747592355,-0.025208089658535885,-0.055384541851010737
Rembesdalskaka,2041-09-01,0.035959543232018665,0.021854081587672814,0.051894449542669134
Rembesdalskaka,2041-10-01,-0.03343519291049907,-0.38176027905911125,0.15455145817750712
Rembesdalskaka,2041-11-01,-0.37146246907935615,0.022101825821270016,0.2833599111135226
Rembesdalskaka,2041-12-01,-0.4661968903365687,-0.05659861354826141,0.3361251019241665
Rembesdalskaka,2042-01-01,0.1555397139796738,0.3817694357323657,0.34083117537861995
Rembesdalskaka,2042-02-01,0.08779231370095747,0.7171205635190794,-0.2612430535721206
Rembesdalskaka,2042-03-01,-0.3639585065272108,0.4216816742782652,-0.10925436673551348
Rembesdalskaka,2042-04-01,-0.20927004370157354,0.24909108108032116,-0.29319498479416756
Rembesdalskaka,2042-05-01,-0.03512189729315931,0.10913305884238529,0.10427352726157767
Rembesdalskaka,2042-06-01,0.01607140491701294,-0.015960960965483165,-0.0012737271534086815
Rembesdalskaka,2042-07-01,0.17568245364332766,0.08472630996195722,-0.09536510091783675
Rembesdalskaka,2042-08-01,-0.0035177225938342327,-0.10580967514853983,0.0502302223200908
Rembesdalskaka,2042-09-01,-0.01359383205638842,-0.13566457589384426,-0.0583852064933787
Rembesdalskaka,2042-10-01,-0.06735005256958922,0.05146502710667955,-0.1349388684815548
Rembesdalskaka,2042-11-01,-0.20315028829733364,0.247073367182312,0.05131662971069154
Rembesdalskaka,2042-12-01,-0.3035055981743924,-0.017557958186406517,-0.04763302929337937
Rembesdalskaka,2043-01-01,0.42626162374866233,0.0034761875857655645,0.19842122550622662
Rembesdalskaka,2043-02-01,-0.010136983731733678,-0.0040438529384731565,0.4354412658714765
Rembesdalskaka,2043-03-01,0.08808364839123421,0.024749008035987907,0.6652970373105322
Rembesdalskaka,2043-04-01,-0.2089622449944355,0.3022944210778618,0.11889399598691397
Rembesdalskaka,2043-05-01,-0.1629421830845445,0.03639662474440039,0.03616154856908222
Rembesdalskaka,2043-06-01,-0.037157905854301156,0.008861194310720253,-0.1519803379517591
Rembesdalskaka,2043-07-01,-0.13047258555325983,-0.010657432839229467,-0.06646302416715114
Rembesdalskaka,2043-08-01,-0.04038357283058385,0.026593587641839025,-0.04822291629339231
Rembesdalskaka,2043-09-01,-0.07265854116557562,0.05565105625300654,-0.04846924366724099
Rembesdalskaka,2043-10-01,-0.009126128232438321,0.42940591109124754,-0.05008148973929983
Rembesdalskaka,2043-11-01,0.03269820115548455,0.1510309619513366,-0.06923957647848217
Rembesdalskaka,2043-12-01,0.39331495292067853,-0.1967798359738658,-0.10950619383358547
Rembesdalskaka,2044-01-01,0.3845758607542358,-0.10095539110085217,-0.00905733599480727
Rembesdalskaka,2044-02-01,0.7549646985038513,0.1883435853151232,0.11170679984885545
Rembesdalskaka,2044-03-01,0.09989224880599461,-0.5631800059814778,-0.2378789578419004
Rembesdalskaka,2044-04-01,-0.24450560876762104,-0.07492965234086542,-0.018131814563673052
Rembesdalskaka,2044-05-01,0.20130516336811677,-0.229056167483616,-0.004188028361155273
Rembesdalskaka,2044-06-01,0.05320325455867624,0.0563266558571014,-0.031240680182089267
Rembesdalskaka,2044-07-01,-0.0503739036052168,0.14952109355734722,0.036670161905940045
Rembesdalskaka,2044-08-01,-0.13836055701546704,0.018205784244557894,-0.021059076255014814
Rembesdalskaka,2044-09-01,-0.06571640525226485,0.016958480559234355,-0.0783680774850737
Rembesdalskaka,2044-10-01,-0.16746807675827713,-0.03064521114419264,-0.11893773968788639
Rembesdalskaka,2044-11-01,-0.2516061577204621,-0.15360550448173071,-0.1238838631605047
Rembesdalskaka,2044-12-01,0.06999992359941057,-0.3664524202245396,-0.5443190512044489
Rembesdalskaka,2045-01-01,0.03336616206123013,-0.5979283064846733,-0.15302496586261574
Rembesdalskaka,2045-02-01,-0.26200880285602096,-0.337375674879877,-0.03289412936623368
Rembesdalskaka,2045-03-01,-0.3835929265180515,-0.17966780658659523,-0.1549113282594438
Rembesdalskaka,2045-04-01,-0.04969559316258975,-0.13835432217491767,-0.16706756313985358
Rembesdalskaka,2045-05-01,0.19149081765058296,-0.14754879729872386,0.08292313131215918
Rembesdalskaka,2045-06-01,-0.09349312546084532,0.0541372173562109,0.06975562159419589
Rembesdalskaka,2045-07-01,-0.021955924364739313,0.29122961985639156,-0.05166670847800706
Rembesdalskaka,2045-08-01,-0.10031572457948505,0.17237901056417712,0.013952791109371504
Rembesdalskaka,2045-09-01,0.05602473061525909,0.10083836546787939,0.31961469195445097
Rembesdalskaka,2045-10-01,-0.015204625865837497,0.3652952487281054,-0.060302070290588955
Rembesdalskaka,2045-11-01,0.24911954126662628,-0.15703030739244808,-0.07957599413438524
Rembesdalskaka,2045-12-01,0.06705662737209576,-0.21144565953850983,0.2794249223847878
Rembesdalskaka,2046-01-01,-0.21512722703135875,-0.01523848854478412,0.540218404803088
Rembesdalskaka,2046-02-01,-0.4290782720443594,-0.7026995787189007,0.20671490222401293
Rembesdalskaka,2046-03-01,-0.16679277118188415,-0.6719280397472275,0.30817734352127446
Rembesdalskaka,2046-04-01,-0.3344460381366578,0.25390842228972565,0.09840575044723188
Rembesdalskaka,2046-05-01,0.11989847011479142,0.34983576295817526,-0.1889686003701585
Rembesdalskaka,2046-06-01,-0.016923914188166342,0.016487035666293202,-0.0628443802727909
Rembesdalskaka,2046-07-01,0.11554972377272636,0.18283985839872932,-0.03467129655657244
Rembesdalskaka,2046-08-01,0.06310345015813618,0.09077438569554686,0.04873474286919364
Rembesdalskaka,2046-09-01,0.05167282829467024,0.032040579195596525,-0.0980735050985494
Rembesdalskaka,2046-10-01,0.31259331640086024,-0.004770026106382893,-0.1401955361784656
Rembesdalskaka,2046-11-01,0.20471141869029444,0.28837202247499727,-0.13593240914189225
Rembesdalskaka,2046-12-01,0.036624594450597237,-0.02899752483899923,-0.09859816657705418
Rembesdalskaka,2047-01-01,0.2173905958680297,-0.0116391008151732,0.7302348891738006
Rembesdalskaka,2047-02-01,0.17943418496933408,0.6048423686267723,0.3478645051879165
Rembesdalskaka,2047-03-01,-0.24354748027271741,0.005575461680743185,0.3154255192197582
Rembesdalskaka,2047-04-01,-0.23480969751813793,0.14559021429034383,0.3087711458385069
Rembesdalskaka,2047-05-01,-0.047511369934723956,-0.059465100282247385,0.11594359483594936
Rembesdalskaka,2047-06-01,-0.08560472370095491,-0.041636519919441124,-0.08563978247237465
Rembesdalskaka,2047-07-01,0.03797198011586808,-0.0542346901527082,0.10510830608320644
Rembesdalskaka,2047-08-01,0.06963322774986754,-0.0810655220624066,-0.05721505628843045
Rembesdalskaka,2047-09-01,0.0025563705304694566,-0.06371937390429432,-0.016071322901154757
Rembesdalskaka,2047-10-01,-0.4110543247372711,-0.1584211298986168,-0.11295905246518616
Rembesdalskaka,2047-11-01,0.3084044918549928,0.042163662485299874,0.056550222322517246
Rembesdalskaka,2047-12-01,0.1789083096710511,0.3956412854700893,-0.39195246443069326
Rembesdalskaka,2048-01-01,-0.10154853017039824,0.42133236888016357,0.7368569486177563
Rembesdalskaka,2048-02-01,-0.1089453768908929,0.7870227139626153,1.032541206539314
Rembesdalskaka,2048-03-01,0.3997402027406151,0.4899086909116163,-0.12269072638605205
Rembesdalskaka,2048-04-01,0.04097979391692903,0.4241745212164578,0.023469710991630543
Rembesdalskaka,2048-05-01,0.0005895194332304921,-0.1878089009216343,0.1175247178971756
Rembesdalskaka,2048-06-01,-0.013164767271588135,-0.020905271951976636,0.007599282546411568
Rembesdalskaka,2048-07-01,0.02915641224603835,0.037701958043625,-0.18408607228045346
Rembesdalskaka,2048-08-01,0.05921931914568004,0.108232953763772,0.04337972284382797
Rembesdalskaka,2048-09-01,0.0319132868615892,0.015886317529319623,-0.15452715403314682
Rembesdalskaka,2048-10-01,0.12534240042350184,-0.08739710122992113,0.08948827238114816
Rembesdalskaka,2048-11-01,0.29677990456747944,-0.21921531603329783,-0.04722415558773534
Rembesdalskaka,2048-12-01,0.5716797806248731,0.3763094445391446,0.10234569239981839
Rembesdalskaka,2049-01-01,0.48544992071183896,0.32882831761652437,-0.26377668526716724
Rembesdalskaka,2049-02-01,0.4006872740460527,0.06519061790791088,-0.07219277701250021
Rembesdalskaka,2049-03-01,0.675872704425777,0.32380833561798794,0.2707574355057128
Rembesdalskaka,2049-04-01,0.3316269507690533,0.05352816294575836,0.10319265834885061
Rembesdalskaka,2049-05-01,-0.22656061358895938,-0.21951772858890692,-0.09906212160703805
Rembesdalskaka,2049-06-01,0.05303754810070944,-0.0706230156751574,0.041443821155819
Rembesdalskaka,2049-07-01,-0.05555590719532638,-0.08240001948364352,0.06865023647511977
Rembesdalskaka,2049-08-01,0.09560640379463119,-0.05392728918574551,-0.1065777440865114
Rembesdalskaka,2049-09-01,0.03200320978711537,-0.013813440305481803,-0.17437748408967155
Rembesdalskaka,2049-10-01,-0.011572409117976683,0.296403514571721,0.1331678910470483
Rembesdalskaka,2049-11-01,-0.4079245334110202,0.015165807232031444,0.17966499383542564
Rembesdalskaka,2049-12-01,-0.08575516435766173,-0.2372518060598945,0.04194477827764834
Rembesdalskaka,2050-01-01,-0.1932027924535492,-0.04752753715964995,-0.14793117427761274
Rembesdalskaka,2050-02-01,0.10971603296862176,0.10334498805163798,-0.055969070315342005
Rembesdalskaka,2050-03-01,0.20285721569846094,-0.29199456818707403,0.4571461029107995
Rembesdalskaka,2050-04-01,-0.08854662204868492,-0.30859518758424626,0.10330791107138966
Rembesdalskaka,2050-05-01,0.022941496219086106,-0.10472523173573056,0.10502596969019418
Rembesdalskaka,2050-06-01,-0.01791028962947978,-0.0807582673696894,-0.05709517365931522
Rembesdalskaka,2050-07-01,0.008855016469631338,-0.05309172531201726,-0.14437657521251251
Rembesdalskaka,2050-08-01,-0.09684362356597664,0.10183458383454358,0.08065153476254397
Rembesdalskaka,2050-09-01,0.021391162513918992,0.03235079563776496,-0.03891601319464674
Rembesdalskaka,2050-10-01,0.031207289200562507,-0.04120282839960163,0.017137816421355506
Rembesdalskaka,2050-11-01,-0.004554378415003529,-0.05326785750201213,0.025156410340018153
Rembesdalskaka,2050-12-01,-0.20586187199991202,0.1817486170070859,0.4694688984186736
Rembesdalskaka,2051-01-01,-0.18996086074845345,-0.4257033174960941,0.4536879001196022
Rembesdalskaka,2051-02-01,-0.16730763344166508,-0.7310412057373741,-0.33445172778663323
Rembesdalskaka,2051-03-01,0.5557978249204727,-0.16067388372080246,0.09482936014192418
Rembesdalskaka,2051-04-01,-0.47444309138025975,0.36611350588476893,-0.24363596910871746
Rembesdalskaka,2051-05-01,0.10529722195549673,0.19345879879973982,-0.04351251005792726
Rembesdalskaka,2051-06-01,-0.06920847974675728,-0.011680713119782143,0.01085036661923242
Rembesdalskaka,2051-07-01,-0.028978635660296747,0.06306653195983634,0.09930648815452207
Rembesdalskaka,2051-08-01,-0.03511390614197898,-0.009788857251330869,0.03309935943018422
Rembesdalskaka,2051-09-01,0.08766725957941768,-0.10356661918048597,0.0664445272424652
Rembesdalskaka,2051-10-01,0.18346450492891883,0.035357515469122545,-0.034006527549650306
Rembesdalskaka,2051-11-01,0.03308961490786292,-0.20882906133206172,-0.1986090769192513
Rembesdalskaka,2051-12-01,0.3312527615972014,-0.0445085925433343,0.4146986615874297
Rembesdalskaka,2052-01-01,0.12193535345980516,0.48000937165689644,0.0998334643106748
Rembesdalskaka,2052-02-01,-0.5963884884501035,0.09736696916408172,-0.13720161916906368
Rembesdalskaka,2052-03-01,0.19572250414355008,-0.019618140316764888,-0.35005610448928076
Rembesdalskaka,2052-04-01,0.42871281700256086,0.05962946735214286,-0.15611735383217737
Rembesdalskaka,2052-05-01,-0.3085239677092971,0.09029171775327893,-0.05638914733597016
Rembesdalskaka,2052-06-01,-0.004642269947334105,0.00644744507083795,0.062202786286496274
Rembesdalskaka,2052-07-01,0.12008424866163371,0.006101984562960082,-0.04884945594762765
Rembesdalskaka,2052-08-01,0.05507425385267672,0.22400635431622926,0.01974811780751338
Rembesdalskaka,2052-09-01,0.006677678504476328,0.04986367258596841,-0.10043140643087538
Rembesdalskaka,2052-10-01,-0.16177992359944485,0.03182371065636315,0.0001272007165054878
Rembesdalskaka,2052-11-01,-0.2680368873787282,-0.31097504693384553,-0.18928557370217614
Rembesdalskaka,2052-12-01,-0.30910839775490767,-0.3191989734190465,-0.36364375809799293
Rembesdalskaka,2053-01-01,0.464786424325611,-0.40921174670750976,-0.1773979593872761
Rembesdalskaka,2053-02-01,0.34396709245779594,-0.21287582259513504,-0.33447174119688833
Rembesdalskaka,2053-03-01,-0.3511294321118565,0.06883539456894242,0.29232566362336593
Rembesdalskaka,2053-04-01,-0.07868323794885237,0.1883312991565782,-0.01251344859391524
Rembesdalskaka,2053-05-01,-0.19753196248315508,0.22895535682488188,-0.0807820461673988
Rembesdalskaka,2053-06-01,0.03336801965897202,0.03794812179255837,-0.09555832264207316
Rembesdalskaka,2053-07-01,0.05795461265019847,0.01636485389187124,-0.12915679365325006
Rembesdalskaka,2053-08-01,0.018940571657492623,0.1145565440782788,-0.060015171064162966
Rembesdalskaka,2053-09-01,-0.020404630226406123,-0.07244727916048843,-0.06309092188196447
Rembesdalskaka,2053-10-01,0.0599992017326606,-0.2064902489039431,0.03381542684734017
Rembesdalskaka,2053-11-01,0.005176270771073699,0.17831457490530586,0.05447878008280721
Rembesdalskaka,2053-12-01,-0.010956305259361759,0.24188001018483365,0.31990201851313077
Rembesdalskaka,2054-01-01,0.01485144702435987,-0.18912753806723911,0.3383201994785055
Rembesdalskaka,2054-02-01,0.004392890427075993,-0.43289763136326515,0.04992837834456811
Rembesdalskaka,2054-03-01,-0.3362224978415533,-0.1966511390538921,0.5336490387046058
Rembesdalskaka,2054-04-01,-0.11240518406619426,-0.2236900590228578,0.0975992328144981
Rembesdalskaka,2054-05-01,0.15465214214077802,-0.10134624437194788,-0.032142957348554414
Rembesdalskaka,2054-06-01,-0.10704525612081806,0.11124899097531943,0.08689537255352257
Rembesdalskaka,2054-07-01,0.007484958984368621,0.10428582208985752,-0.03907837685767273
Rembesdalskaka,2054-08-01,0.1546873214287082,0.015218314109088672,0.054767988493658916
Rembesdalskaka,2054-09-01,-0.004233843595040893,0.14474068900214065,0.0922589296767276
Rembesdalskaka,2054-10-01,-0.13622827413665814,0.2462636204158896,0.07812566694377425
Rembesdalskaka,2054-11-01,-0.16521782370276047,-0.17410421870277604,0.43774371888037206
Rembesdalskaka,2054-12-01,0.21960250058969877,-0.3563374313567065,0.03820609442668442
Rembesdalskaka,2055-01-01,0.29600964308671074,0.12887851379896934,0.13305346766348913
Rembesdalskaka,2055-02-01,0.6188468355050899,0.1424810865402076,0.3563594120987273
Rembesdalskaka,2055-03-01,0.008185878320881267,0.01966324513683751,0.05638883854211877
Rembesdalskaka,2055-04-01,0.2489034267484784,-0.23623079116764475,-0.2687251062050566
Rembesdalskaka,2055-05-01,-0.01016470017947439,0.16361831386588124,-0.0020594868048058462
Rembesdalskaka,2055-06-01,-0.10290847605528992,0.03668767453338329,0.06699630592698996
Rembesdalskaka,2055-07-01,0.002010844719499924,0.11146799071278683,0.022656251856248113
Rembesdalskaka,2055-08-01,-0.021089108296462572,0.0690359137301448,-0.027981143736907705
Rembesdalskaka,2055-09-01,-0.25320011999541125,0.22114731813341515,0.042217179206345413
Rembesdalskaka,2055-10-01,-0.036253753258134076,-0.023613894344578112,-0.08436289742108775
Rembesdalskaka,2055-11-01,0.07038990869596562,0.310548052953134,0.016121783357402584
Rembesdalskaka,2055-12-01,0.07627410770627552,0.09505277918048081,0.3273324889962012
Rembesdalskaka,2056-01-01,0.3163071648255867,-0.1820570796830143,-0.3225954077534037
Rembesdalskaka,2056-02-01,0.4154553915049985,-0.3097689775028614,0.2990949756747873
Rembesdalskaka,2056-03-01,0.28411147438644635,-0.010654994332652564,0.06068995631047245
Rembesdalskaka,2056-04-01,-0.367545068192573,-0.08385764121160656,-0.228399800542007
Rembesdalskaka,2056-05-01,-0.08124126309369932,0.25309295056182707,0.08493945983447715
Rembesdalskaka,2056-06-01,0.0367111933729262,0.12532119929972144,0.053797254622005346
Rembesdalskaka,2056-07-01,0.1422107538681178,0.04781145924055696,-0.0507532399356995
Rembesdalskaka,2056-08-01,0.03855060584935389,0.22428806824113848,0.019428245106700354
Rembesdalskaka,2056-09-01,-0.05832752397748891,0.1862555582907278,0.0651140211295251
Rembesdalskaka,2056-10-01,0.0428171511514725,-0.14369199877542935,0.2739613846612651
Rembesdalskaka,2056-11-01,-0.2928241729810603,0.1802324243243111,0.38764629598974376
Rembesdalskaka,2056-12-01,-0.25189185992470803,0.5100514440922942,0.04001732659210395
Rembesdalskaka,2057-01-01,-0.11299731703665372,0.875318724012736,-0.1907180533352312
Rembesdalskaka,2057-02-01,-0.33861466720082145,0.23232232975417447,0.1979247534739157
Rembesdalskaka,2057-03-01,-0.34670766683501425,0.08829936036013408,-0.3318775114730775
Rembesdalskaka,2057-04-01,-0.11066310446223271,0.03496096628052858,-0.012680627568563273
Rembesdalskaka,2057-05-01,0.12020210784971092,0.02382367987797761,-0.21401626418300992
Rembesdalskaka,2057-06-01,0.055884924751414176,0.044754141560008315,0.025674561479986386
Rembesdalskaka,2057-07-01,-0.08872773122655664,0.1625213531987819,0.11788868443523266
Rembesdalskaka,2057-08-01,-0.08697660743630924,0.030240484457483518,0.04715982608366703
Rembesdalskaka,2057-09-01,-0.11502962604953597,0.09823153535431613,0.11909751359687491
Rembesdalskaka,2057-10-01,-0.19085717584743297,0.08832966892965609,-0.14211666667076941
Rembesdalskaka,2057-11-01,-0.0420212474927751,0.10601100758184916,-0.05192292765070802
Rembesdalskaka,2057-12-01,0.12156808791938083,0.14882424895137394,-0.16318584385874113
Rembesdalskaka,2058-01-01,0.11714469663652594,-0.05055017987996513,-0.47097417215161314
Rembesdalskaka,2058-02-01,0.04541042589361985,-0.2680615517614779,-0.5907363904761715
Rembesdalskaka,2058-03-01,-0.668856706241145,0.3024578700867693,-0.43822625598901005
Rembesdalskaka,2058-04-01,-0.05622512505620638,0.3136512165354263,-0.6060840350910374
Rembesdalskaka,2058-05-01,-0.04299034019216468,0.09200275946867269,-0.03086913060083619
Rembesdalskaka,2058-06-01,-0.3150035705382748,0.05154848577603535,-0.13683330743754174
Rembesdalskaka,2058-07-01,-0.0874434252375025,-0.016410813639799834,-0.06618071845746565
Rembesdalskaka,2058-08-01,0.002588837762056135,-0.07576723715906605,-0.13459452106320824
Rembesdalskaka,2058-09-01,-0.06707588808856547,0.042241835897154606,-0.003237183523292643
Rembesdalskaka,2058-10-01,0.11582343112698122,0.25064355252898457,-0.028170280209575255
Rembesdalskaka,2058-11-01,-0.03969153318370127,0.19635608766168589,0.051427481514113506
Rembesdalskaka,2058-12-01,-0.09998900712806662,0.1327051594545472,-0.2476938743559285
Rembesdalskaka,2059-01-01,0.5387827697055924,-0.5957113550916489,-0.03861776962151931
Rembesdalskaka,2059-02-01,-0.15455003330891037,0.034153555301991025,-0.2874239509703355
Rembesdalskaka,2059-03-01,-0.44111942970143553,-0.0853271295851517,0.3338084311898408
Rembesdalskaka,2059-04-01,0.1480240749306544,0.2146190096576487,0.25724359337080177
Rembesdalskaka,2059-05-01,-0.016028822745315148,0.028929984874583942,-0.06934325191014122
Rembesdalskaka,2059-06-01,0.23864458907291877,0.03834217122717362,0.00017813971340534715
Rembesdalskaka,2059-07-01,-0.1675872032963099,-0.14967045884497626,0.0194709262123525
Rembesdalskaka,2059-08-01,-0.0978962614665958,-0.10013117509195095,0.006795227451860405
Rembesdalskaka,2059-09-01,0.3173407156257045,-0.00428747039831031,0.04641149737862971
Rembesdalskaka,2059-10-01,-0.024795062500479092,-0.1910260405464197,0.065841691447248
Rembesdalskaka,2059-11-01,-0.0019445488390205264,0.2819104008826146,-0.18158076052277985
Rembesdalskaka,2059-12-01,0.15206609707775653,0.12355948663936085,0.45288236008433075
Rembesdalskaka,2060-01-01,-0.18850596579146797,-0.12217405198042251,0.20628925410255694
Rembesdalskaka,2060-02-01,0.24154932934842466,0.22050595826220198,0.43406778825758047
Rembesdalskaka,2060-03-01,-0.07970672284350747,0.24556056707256435,0.1833235296189616
Rembesdalskaka,2060-04-01,0.24230212688712802,0.05208894139749636,-0.11798914729099153
Rembesdalskaka,2060-05-01,0.01850388856867558,0.07016170780982582,-0.04274970169253849
Rembesdalskaka,2060-06-01,0.0867710566630084,0.19275804904708768,0.12667407982226234
Rembesdalskaka,2060-07-01,0.06205584573814759,0.06285344294796434,-0.026968854078750996
Rembesdalskaka,2060-08-01,0.10182873002729588,-0.023793658809612723,0.1563838515498756
Rembesdalskaka,2060-09-01,0.1521735177494236,0.026200312648095764,-0.07622345959638817
Rembesdalskaka,2060-10-01,-0.2578720229911167,-0.25157641869376957,0.08183663563322896
Rembesdalskaka,2060-11-01,-0.1621564893965016,-0.3221167096158209,0.17151224236195986
Rembesdalskaka,2060-12-01,-0.21429863192376133,0.4915968886245701,-0.3805928510479705
Rembesdalskaka,2061-01-01,-0.6000030194868798,-0.19025209510156324,-0.11689840035372455
Rembesdalskaka,2061-02-01,-0.14809773067929166,-0.2992778348195894,-0.5309087893545178
Rembesdalskaka,2061-03-01,0.05015889022515866,-0.1966580238711375,0.32384663063021435
Rembesdalskaka,2061-04-01,-0.29945414623846034,0.03131225757398088,0.34599780860517404
Rembesdalskaka,2061-05-01,0.1385756442193891,-0.058110362965206795,0.11364696244936319
Rembesdalskaka,2061-06-01,0.1999415884871849,0.21404717412819219,-0.1343685647220606
Rembesdalskaka,2061-07-01,-0.028127605111936422,0.14818910413987604,-0.11041357754793653
Rembesdalskaka,2061-08-01,-0.008217530521465958,0.11448755754399138,-0.18491831921067436
Rembesdalskaka,2061-09-01,0.06502662276567785,-0.0915121032646891,-0.20220549629018528
Rembesdalskaka,2061-10-01,0.05455111208913562,-0.05205418019998273,0.014241343666850615
Rembesdalskaka,2061-11-01,-0.3057388861509696,-0.11897068806343998,0.2562914571751814
Rembesdalskaka,2061-12-01,-0.4457680800636819,-0.08575848944778862,0.3815471015015743
Rembesdalskaka,2062-01-01,0.005753305702721622,-0.13710134487220713,0.4755945123934195
Rembesdalskaka,2062-02-01,0.0841651481353457,-0.19484743683143743,0.37979828059867177
Rembesdalskaka,2062-03-01,-0.016790015460919887,0.36966231649305764,0.29960065771881844
Rembesdalskaka,2062-04-01,-0.27709473342183105,0.3649150756999247,0.21169515954725507
Rembesdalskaka,2062-05-01,0.06030639820262462,-0.07721005581072858,0.11083096074932576
Rembesdalskaka,2062-06-01,0.04602889924013261,-0.07993863973413394,0.04109246853751399
Rembesdalskaka,2062-07-01,0.12592256211594152,-0.09994170289074676,0.027920361625509715
Rembesdalskaka,2062-08-01,0.06707279866690433,0.06448524782286907,-0.11308587117609781
Rembesdalskaka,2062-09-01,-0.04522314260424471,0.1200518005711911,0.014603133181182273
Rembesdalskaka,2062-10-01,0.08284918919074029,0.1669678798895231,0.25559248586395666
Rembesdalskaka,2062-11-01,-0.07315300750017541,-0.11473354560726311,-0.0704568181863224
Rembesdalskaka,2062-12-01,0.24910321461004312,-0.35714787830112654,-0.0792757284277642
Rembesdalskaka,2063-01-01,0.6715725302805712,-0.3250336225120397,-0.26787244334993576
Rembesdalskaka,2063-02-01,-0.05668255016386303,0.5166890276848218,0.2979624359162274
Rembesdalskaka,2063-03-01,-0.343374478583528,0.43100860710204253,-0.41682532427618746
Rembesdalskaka,2063-04-01,0.2611555371931076,0.10020818169888825,-0.005061185971072531
Rembesdalskaka,2063-05-01,-0.06710119004014391,-0.1998453251239979,-0.07368867509824635
Rembesdalskaka,2063-06-01,-0.03254269345730141,-0.11940484039792414,0.1364774821536612
Rembesdalskaka,2063-07-01,-0.1222757953714409,-0.11601008904826422,0.1086586143438862
Rembesdalskaka,2063-08-01,0.16656894275623857,-0.15717752806162036,0.1498700088640288
Rembesdalskaka,2063-09-01,0.02764218722444749,-0.17949783244067777,0.02219834564634736
Rembesdalskaka,2063-10-01,-0.011829961255767055,-0.014921823424911926,0.3447004597918684
Rembesdalskaka,2063-11-01,0.06568363287110093,0.2362451517440424,-0.15784020105483748
Rembesdalskaka,2063-12-01,0.062353576529184114,-0.17659487514229574,0.17031710522972202
Rembesdalskaka,2064-01-01,0.09260641063176367,-0.0023372983348309583,-0.050051609685479594
Rembesdalskaka,2064-02-01,0.5386936238570567,-0.06929038892234757,-0.185152520677178
Rembesdalskaka,2064-03-01,0.3720614824998638,-0.21656980432558148,-0.2828129482072043
Rembesdalskaka,2064-04-01,0.5946305704215297,0.05039380400303797,-0.07201021410018077
Rembesdalskaka,2064-05-01,-0.006697412836617948,-0.15858442928439245,-0.10607890827763249
Rembesdalskaka,2064-06-01,-0.044904423492104446,-0.08643030516924281,-0.01957714304962357
Rembesdalskaka,2064-07-01,-0.0213839665359206,0.058621814521243876,0.050602083264830046
Rembesdalskaka,2064-08-01,0.035291810952988514,-0.06546729996429664,-0.04673281682437428
Rembesdalskaka,2064-09-01,-0.17190092510209318,-0.026678341489928436,0.05519567975660508
Rembesdalskaka,2064-10-01,-0.045143592487565866,0.030778746829549425,-0.08962645987716222
Rembesdalskaka,2064-11-01,-0.20254956399077653,-0.046870455256746206,-0.2771024745506652
Rembesdalskaka,2064-12-01,-0.043247901254944175,-0.06069624947866342,-0.08506878282925771
Rembesdalskaka,2065-01-01,-0.22754201935161078,0.432275601921027,-0.09525881283322883
Rembesdalskaka,2065-02-01,0.35781962885558444,0.35429744523379697,-0.17910962868652072
Rembesdalskaka,2065-03-01,0.07883307778260591,-0.3231135217885464,-0.3783289550030333
Rembesdalskaka,2065-04-01,0.4394253917182849,-0.08900437570213766,-0.2382262733994214
Rembesdalskaka,2065-05-01,0.05814087756641351,0.20707790313518312,0.027840076389513118
Rembesdalskaka,2065-06-01,-0.14501227340700726,0.05025637978655515,0.1172813778130672
Rembesdalskaka,2065-07-01,0.04944828353150776,0.07501063943570645,-0.046663550451960016
Rembesdalskaka,2065-08-01,-0.06473973845979882,0.06595003813879476,-0.028072845863372848
Rembesdalskaka,2065-09-01,0.09758139772643211,-0.16702217618773293,0.010267299803232386
Rembesdalskaka,2065-10-01,0.10201960472424725,0.029290957199459202,0.038808892149772435
Rembesdalskaka,2065-11-01,0.1716229334614122,-0.09673823788365067,0.029219607510272073
Rembesdalskaka,2065-12-01,0.09524494940487042,-0.37188201272947397,0.33200114728419644
Rembesdalskaka,2066-01-01,-0.12047421557226075,-0.1264083906908328,0.23809455132718396
Rembesdalskaka,2066-02-01,0.1773342053068638,-0.22754069723419176,-0.34007351432650207
Rembesdalskaka,2066-03-01,0.13549021240254963,0.07381446751769798,-0.29578806671720725
Rembesdalskaka,2066-04-01,0.02649913267615696,-0.5202934447229136,0.14266286354361649
Rembesdalskaka,2066-05-01,0.1249773713255367,0.22455760594848598,-0.0276848593659302
Rembesdalskaka,2066-06-01,0.16007977527454545,-0.08040270116615773,0.014916857342281873
Rembesdalskaka,2066-07-01,0.021624442924975007,-0.012500868509512422,0.006456491852654823
Rembesdalskaka,2066-08-01,0.02265138059895137,-0.014065104051621919,-0.026564194525088253
Rembesdalskaka,2066-09-01,-0.06274271306466914,0.08852191505981666,0.04158369702169912
Rembesdalskaka,2066-10-01,-0.11727031878320689,0.002290497495191602,0.005451317470881862
Rembesdalskaka,2066-11-01,0.28235345765847764,-0.4724260302296759,-0.0836835941063317
Rembesdalskaka,2066-12-01,-0.358128219896846,0.26109693686609065,0.040597963432848654
Rembesdalskaka,2067-01-01,-0.22508829422984947,-0.02682286373809085,-0.3470080924617758
Rembesdalskaka,2067-02-01,0.10676882537922759,0.02726327126926327,0.39677711512283026
Rembesdalskaka,2067-03-01,0.24941455462753706,0.07815508836495677,0.4484011065998927
Rembesdalskaka,2067-04-01,0.11149071629929214,-0.14097080868077475,-0.1169358430508494
Rembesdalskaka,2067-05-01,-0.03369157242471315,-0.12246207430782648,0.17515592039820352
Rembesdalskaka,2067-06-01,-0.029682932467332626,0.075875457409672,-0.09282316407528297
Rembesdalskaka,2067-07-01,-0.009733291442598815,-0.037482669159443344,-0.033417449552754115
Rembesdalskaka,2067-08-01,-0.07117114808301016,-0.054029929756415705,-0.17238341813398703
Rembesdalskaka,2067-09-01,-0.006697397429110487,0.2818992179547746,-0.14304778676677352
Rembesdalskaka,2067-10-01,-0.11815998444869291,0.3330291521539643,-0.04909303501775462
Rembesdalskaka,2067-11-01,0.05108189473241841,-0.07006143027298856,-0.19811645635928113
Rembesdalskaka,2067-12-01,0.3836709540869599,-0.06252434490408641,-0.13906175055780537
Rembesdalskaka,2068-01-01,0.46997285855510196,0.2985707147284815,0.06927221452952455
Rembesdalskaka,2068-02-01,0.01507154490002872,0.5132968518583394,-0.1479122075762825
Rembesdalskaka,2068-03-01,-0.3133874826158254,0.02806869855921895,-0.3480497258709492
Rembesdalskaka,2068-04-01,-0.060266836507502385,-0.290049813847185,-0.19844935603911637
Rembesdalskaka,2068-05-01,-0.03162961177733147,-0.17339290175151154,-0.07606105074640135
Rembesdalskaka,2068-06-01,0.19766448575271398,0.0902969660382437,0.039166478929739616
Rembesdalskaka,2068-07-01,0.10733197264788198,0.05509017823416206,-0.01871057398869035
Rembesdalskaka,2068-08-01,0.03876616455568289,0.2017252955207565,0.006013980074801237
Rembesdalskaka,2068-09-01,-0.048623433141176176,-0.07725613199539023,-0.027541336033898134
Rembesdalskaka,2068-10-01,0.08198637786606462,0.021978968726874087,-0.09827174987365479
Rembesdalskaka,2068-11-01,-0.1836494379368979,0.10870450645371528,0.1041446781508027
Rembesdalskaka,2068-12-01,-0.1682754539116742,0.07137018893187884,-0.381734716359116
Rembesdalskaka,2069-01-01,-0.39968554636939646,-0.28078650435432895,-0.6156573892532408
Rembesdalskaka,2069-02-01,0.6827300903176478,-0.26012022243045035,-0.6448856518496829
Rembesdalskaka,2069-03-01,0.04980840217601792,0.5197709051765822,-0.19758957344811598
Rembesdalskaka,2069-04-01,-0.18937323453057106,0.19369708267979482,-0.47018136336638444
Rembesdalskaka,2069-05-01,0.006500187323229038,0.17364993178829616,0.13583146316206823
Rembesdalskaka,2069-06-01,0.010371243830833638,-0.02526087807231854,-0.051080273930099694
Rembesdalskaka,2069-07-01,0.035161416154651494,-0.034618911115802654,0.047533680574744996
Rembesdalskaka,2069-08-01,0.08525315448267586,-0.02126064945210428,0.061064539849007234
Rembesdalskaka,2069-09-01,-0.0292057199471758,-0.041957725205646675,-0.12754822271610905
Rembesdalskaka,2069-10-01,0.06359035722966021,-0.06599674290643544,-0.08500092704561242
Rembesdalskaka,2069-11-01,0.0048683584087816255,-0.12108029483445987,-0.2355004089282309
Rembesdalskaka,2069-12-01,0.3340816813111962,0.0003643649314353144,-0.024622190722468157
Rembesdalskaka,2070-01-01,-0.23936630143122595,0.00495841247747499,0.41977880013792435
Rembesdalskaka,2070-02-01,0.3786913498537925,0.08375692041105347,-0.1315827689336819
Rembesdalskaka,2070-03-01,-0.1722918232920998,0.5232666462866405,0.2393311284886714
Rembesdalskaka,2070-04-01,0.15539055290463888,-0.1792566159733232,0.3048798807571744
Rembesdalskaka,2070-05-01,-0.11811622755189732,-0.0855225247295915,0.019186157590630054
Rembesdalskaka,2070-06-01,-0.012956884268923184,-0.21529233221108302,-0.024025084744867652
Rembesdalskaka,2070-07-01,0.06494678371969116,-0.10316999879360345,0.11522416816659074
Rembesdalskaka,2070-08-01,0.0764974732438376,-0.206873582112752,-0.11609935029442282
Rembesdalskaka,2070-09-01,0.0710448354195879,-0.19825654991901467,-0.010544095113636265
Rembesdalskaka,2070-10-01,-0.005248956434812882,-0.08629746445146676,-0.18426969588707567
Rembesdalskaka,2070-11-01,0.19015134085138788,0.07606881801376798,-0.3180668288972391
Rembesdalskaka,2070-12-01,0.10742829395089303,0.15552872774029747,0.20976208878242367
Rembesdalskaka,2071-01-01,0.019418760845004487,0.3173582241531892,-0.4631669338764672
Rembesdalskaka,2071-02-01,-0.19154655204589335,0.12843317837437782,-0.35165622871141244
Rembesdalskaka,2071-03-01,-0.21759581279837928,0.1560631368865855,0.1996101345282781
Rembesdalskaka,2071-04-01,-0.10399203636356853,-0.029598993222182114,0.1538320793811145
Rembesdalskaka,2071-05-01,-0.08646853393929803,0.05423410375217145,-0.20001651995573408
Rembesdalskaka,2071-06-01,0.23129975832784053,0.1846613862769916,-0.10790282808169387
Rembesdalskaka,2071-07-01,0.15639567485517983,-0.08411348337335245,-0.046826113038119004
Rembesdalskaka,2071-08-01,-0.06283924281531823,-0.18600653832180747,-0.07213035694203182
Rembesdalskaka,2071-09-01,-0.10535114454182988,-0.11203570092229177,0.04397652284153864
Rembesdalskaka,2071-10-01,0.14519082213377615,-0.06475645645040946,0.06872342276361793
Rembesdalskaka,2071-11-01,-0.08541950868926775,0.09312233165719229,0.013217233738868907
Rembesdalskaka,2071-12-01,0.19095693497622598,0.5483038369343195,0.038224516594024066
Rembesdalskaka,2072-01-01,0.08368990413808071,0.07401317888151532,-0.3910134601719508
Rembesdalskaka,2072-02-01,0.26239827318180514,-0.16320710420709936,-0.26795086509158733
Rembesdalskaka,2072-03-01,0.5777100587702972,-0.21818065851057497,-0.6951952590558004
Rembesdalskaka,2072-04-01,-0.24014105274219563,-0.5236598518335752,-0.2287305949238417
Rembesdalskaka,2072-05-01,0.15127885205708205,-0.10771720249574089,0.0940408497124016
Rembesdalskaka,2072-06-01,-0.03221348654553433,-0.011163767521501786,0.17933980280183745
Rembesdalskaka,2072-07-01,-0.07834888704674692,-0.10924476135085763,0.22940224149232655
Rembesdalskaka,2072-08-01,0.00625427938122157,-0.16168472873899434,0.05568729898995368
Rembesdalskaka,2072-09-01,-0.04891728817030799,-0.09180063432021617,0.1263916397392341
Rembesdalskaka,2072-10-01,-0.014432016856141412,0.12809346811519454,0.533700056001844
Rembesdalskaka,2072-11-01,-0.228563738830768,-0.19943020192752728,-0.14956185345572692
Rembesdalskaka,2072-12-01,0.17328460497739864,-0.37901807844947566,-0.3781578302486195
Rembesdalskaka,2073-01-01,0.008728639898771227,-0.44165067813153486,-0.22384659621335987
Rembesdalskaka,2073-02-01,-0.31858540062392615,-0.3827213555649515,0.11240772710558906
Rembesdalskaka,2073-03-01,0.06720622771837291,-0.346908788180472,-0.09844913202376687
Rembesdalskaka,2073-04-01,-0.12188273038550294,0.18473952342589398,0.011576114005442895
Rembesdalskaka,2073-05-01,-0.07520630896488785,0.03448112610924883,-0.010570394976328465
Rembesdalskaka,2073-06-01,-0.11064148115734455,-0.04371471937582903,-0.191313211030146
Rembesdalskaka,2073-07-01,-0.07232339209997242,-0.002459898350325573,-0.023758897888319714
Rembesdalskaka,2073-08-01,0.029613399000480434,-0.09592948406675479,0.04574270554746163
Rembesdalskaka,2073-09-01,0.14432739399189598,0.16960066349567748,-0.013091651086798184
Rembesdalskaka,2073-10-01,-0.18130281182143956,0.14001103353464123,-0.11038054093856087
Rembesdalskaka,2073-11-01,-0.0025622720184845424,0.09388912935699784,0.2213485968903041
Rembesdalskaka,2073-12-01,0.1625648787017542,-0.4432046188935563,0.34395408518607584
Rembesdalskaka,2074-01-01,0.06831449422047953,-0.07051561912460194,-0.14253337750813133
Rembesdalskaka,2074-02-01,0.4504633235085473,-0.18572912477908857,-0.4240543706421951
Rembesdalskaka,2074-03-01,-0.06305252630300846,-0.35368281301608234,0.03047629806160999
Rembesdalskaka,2074-04-01,-0.16016884126773603,-0.009098498908105332,0.26400538164575843
Rembesdalskaka,2074-05-01,0.05742921552791671,0.21939362537732263,-0.11956055486076977
Rembesdalskaka,2074-06-01,-0.11032699158973469,-0.20682778577396768,-0.1672235880902253
Rembesdalskaka,2074-07-01,0.007428149697967672,-0.05560049395693361,-0.04555401802806858
Rembesdalskaka,2074-08-01,0.11063998799951684,-0.12782642933225244,-0.08690938827465829
Rembesdalskaka,2074-09-01,-0.11247415716912833,-0.07465935353030245,-0.2051357236332754
Rembesdalskaka,2074-10-01,0.2559551343645589,0.014006057049817685,-0.15835908795663955
Rembesdalskaka,2074-11-01,0.12588362481495466,0.27834179387376473,-0.4120110624599132
Rembesdalskaka,2074-12-01,-0.1317346530108318,-0.21179939690701874,-0.23306784354432064
Rembesdalskaka,2075-01-01,0.4425250478351164,-0.14809888803526491,-0.3051692828162394
Rembesdalskaka,2075-02-01,0.6988860989419049,0.23878405448235132,-0.21555663867045127
Rembesdalskaka,2075-03-01,0.22740953984190257,-0.06819331883768949,-0.30032104773534574
Rembesdalskaka,2075-04-01,0.29499953139501695,0.32004853077625683,0.10978579652893987
Rembesdalskaka,2075-05-01,-0.0982097793629864,-0.23594333254994024,0.19729139401484075
Rembesdalskaka,2075-06-01,0.1062086330669902,0.07985855803799373,0.023654399094316252
Rembesdalskaka,2075-07-01,0.06300190186877962,-0.10997123498212724,0.13382972886432729
Rembesdalskaka,2075-08-01,0.06393587841027958,-0.1292071139390647,0.05514206437603228
Rembesdalskaka,2075-09-01,0.09348840213081588,-0.06621829352738885,0.012192295679285781
Rembesdalskaka,2075-10-01,0.32540993743799246,0.18021126699673265,0.16629632340141656
Rembesdalskaka,2075-11-01,0.14880154842892704,0.21569906605307043,-0.008817338207937503
Rembesdalskaka,2075-12-01,-0.010339200402404785,0.34142350481993655,-0.40607796485497677
Rembesdalskaka,2076-01-01,-0.29202740332036387,-0.10167883338690509,0.03528236099658274
Rembesdalskaka,2076-02-01,-0.5442157960126948,-0.19131264419081306,0.08774921465443676
Rembesdalskaka,2076-03-01,-0.39936385923828926,-0.443918777449744,-0.11864041684690836
Rembesdalskaka,2076-04-01,-0.16114831730890392,-0.16243861623126818,-0.031079964943031214
Rembesdalskaka,2076-05-01,0.08475608632272454,-0.11604686018116284,-0.12316398228006027
Rembesdalskaka,2076-06-01,0.029588889793082367,-0.05795353200433053,-0.07307738869905504
Rembesdalskaka,2076-07-01,0.058887807677647175,0.08332356750436988,0.054701170157558605
Rembesdalskaka,2076-08-01,0.0639369882789701,0.12376591220689381,0.001067971544191142
Rembesdalskaka,2076-09-01,0.1284113423569563,-0.06120994172660795,0.26182332633175365
Rembesdalskaka,2076-10-01,0.14377794529615553,-0.13788389182926739,0.08470106581533404
Rembesdalskaka,2076-11-01,-0.2244175788912767,0.10721155310269208,-0.08675197713748058
Rembesdalskaka,2076-12-01,-0.3218953863725654,0.18160505425800336,0.11236263548154597
Rembesdalskaka,2077-01-01,0.1984195280083547,-0.041832908508584905,0.46033773493487945
Rembesdalskaka,2077-02-01,0.14734238862110008,0.15737763463349908,0.304256896033179
Rembesdalskaka,2077-03-01,0.04504343760823661,-0.33144686218591873,-0.26295838357853957
Rembesdalskaka,2077-04-01,-0.13596268111225598,0.3689299580812389,0.13473447504051508
Rembesdalskaka,2077-05-01,-0.08815433329013755,0.02781881512206461,0.08817235715868836
Rembesdalskaka,2077-06-01,-0.007983554363570955,0.06154871340812579,0.06761127685316405
Rembesdalskaka,2077-07-01,-0.06113407346090738,0.1338686864643366,-0.028584255699413846
Rembesdalskaka,2077-08-01,-0.0701949042886922,0.0911215365333868,0.12310260558947321
Rembesdalskaka,2077-09-01,-0.021468646256662272,-0.10694830031460982,-0.06321954700448414
Rembesdalskaka,2077-10-01,-0.23231847329613564,-0.12712217128653433,-0.2574895184076241
Rembesdalskaka,2077-11-01,0.2366630967646001,0.013138525219533145,-0.10320549801298677
Rembesdalskaka,2077-12-01,-0.29801469359532795,-0.1393358270580028,0.1091031229313267
Rembesdalskaka,2078-01-01,-0.10267278877593063,0.187202253370225,0.6174982320947513
Rembesdalskaka,2078-02-01,-0.2604212672616571,-0.29542605361739344,0.40316360119656086
Rembesdalskaka,2078-03-01,-0.08934923451272403,-0.2742964966175145,0.4221619217123558
Rembesdalskaka,2078-04-01,0.07440472064377725,0.38117060691278065,-0.1328533412545609
Rembesdalskaka,2078-05-01,-0.03829519001852052,0.07104943303902975,-0.08152068110809893
Rembesdalskaka,2078-06-01,0.04442854301324887,-0.015942051136937373,0.0386590456738563
Rembesdalskaka,2078-07-01,0.0027612203350466497,-0.042147760470864486,0.028784634705655423
Rembesdalskaka,2078-08-01,-0.010471452097837857,-0.19354247227164412,-0.09613335407693419
Rembesdalskaka,2078-09-01,-0.045816722092686335,-0.2645934757178772,-0.14383078094006727
Rembesdalskaka,2078-10-01,0.1988674128909754,0.1715106677041768,-0.05607967947242797
Rembesdalskaka,2078-11-01,0.2960969334649206,-0.14913001883525454,-0.27229749343675946
Rembesdalskaka,2078-12-01,-0.4289943612963778,-0.5333621109399541,-0.059552524318451094
Rembesdalskaka,2079-01-01,-0.1617218716941576,-0.607670627345236,-0.009184541508023879
Rembesdalskaka,2079-02-01,0.47979576577057753,0.16650293003498381,0.29389771648702356
Rembesdalskaka,2079-03-01,0.710779118726426,-0.26511604841908276,-0.30590497450528825
Rembesdalskaka,2079-04-01,0.028668193720183265,0.20853513907804377,-0.09487185632855218
Rembesdalskaka,2079-05-01,0.27541672212261387,0.21324886601647233,0.22022207224539528
Rembesdalskaka,2079-06-01,0.1418057138532163,-0.010211986606810634,-0.03833494090544504
Rembesdalskaka,2079-07-01,0.05684892220996224,-0.10394435778914822,-0.023780455125775323
Rembesdalskaka,2079-08-01,-0.020239182677880843,-0.07136596996371626,0.04337600809783809
Rembesdalskaka,2079-09-01,0.04586576904169018,0.055947786279252974,0.06677348300352019
Rembesdalskaka,2079-10-01,-0.03223119444497045,-0.2990679508000811,0.13392337275252164
Rembesdalskaka,2079-11-01,0.14547769426210502,-0.2376949765764503,-0.18945701493543077
Rembesdalskaka,2079-12-01,-0.10062502172430264,0.027291104817187262,-0.10660898555835534
Rembesdalskaka,2080-01-01,-0.12260946407632738,-0.297126681696221,0.006412162025541642
Rembesdalskaka,2080-02-01,-0.051571476613550965,-0.4517895246020605,0.4948320332167098
Rembesdalskaka,2080-03-01,-0.20980139114522012,-0.2734960558534607,0.2538289361811015
Rembesdalskaka,2080-04-01,-0.17244767179199702,-0.38229361279987084,0.2800466575332865
Rembesdalskaka,2080-05-01,-0.03052504606204477,0.007652121806146348,-0.13568305180724521
Rembesdalskaka,2080-06-01,-0.09844705283954931,0.040767135786249194,-0.13560945475300104
Rembesdalskaka,2080-07-01,0.058493506010029374,0.024901922580856866,-0.027757682383764165
Rembesdalskaka,2080-08-01,0.005332820077139985,-0.07423069358527952,-0.045711368911187655
Rembesdalskaka,2080-09-01,-0.032117358653029844,-0.12996251124187533,-0.06815145401920025
Rembesdalskaka,2080-10-01,-0.007845678415055641,-0.16028282279285103,-0.16927137982122245
Rembesdalskaka,2080-11-01,0.151050983283465,-0.2753373616537102,0.026369717062195094
Rembesdalskaka,2080-12-01,0.7685118327980115,0.038421302558665264,-0.0430926831084498
Rembesdalskaka,2081-01-01,0.5307004092408788,0.30834714178493855,0.12622069614036358
Rembesdalskaka,2081-02-01,0.2860836085243011,0.23058172131430918,0.192264172429602
Rembesdalskaka,2081-03-01,0.07227300299091377,0.024578011606037776,-0.12039136650952613
Rembesdalskaka,2081-04-01,-0.3333366675187994,0.22607815318586044,0.24551833677208576
Rembesdalskaka,2081-05-01,-0.0631065906663773,0.11241913118388203,-0.024821445505253104
Rembesdalskaka,2081-06-01,0.15027786384190644,-0.08047102979116555,-0.012476925246542836
Rembesdalskaka,2081-07-01,-0.019967685124599913,0.10595422958643418,0.1265869990483278
Rembesdalskaka,2081-08-01,0.10225448362965835,0.15535484753315854,0.06664522527176935
Rembesdalskaka,2081-09-01,0.00968149673046612,0.01739229387027715,-0.13842470050105107
Rembesdalskaka,2081-10-01,0.09084027635876075,-0.17622106254093026,0.008620064650355516
Rembesdalskaka,2081-11-01,-0.12131381452293906,0.03922114438757488,-0.1632880579814219
Rembesdalskaka,2081-12-01,0.2566397610066348,0.25612055873858014,-0.17713298621925647
Rembesdalskaka,2082-01-01,-0.2740493806155174,-0.05072595459792794,-0.07035415405327748
Rembesdalskaka,2082-02-01,-0.13075403040238398,0.015025137105078341,-0.25408969395723807
Rembesdalskaka,2082-03-01,-0.21375720559375058,0.2233412899662169,-0.2620193057661915
Rembesdalskaka,2082-04-01,-0.18798077607611696,0.2596794182026412,-0.07557426634853186
Rembesdalskaka,2082-05-01,-0.0555595304219584,-0.08363269939593006,0.1274133847346209
Rembesdalskaka,2082-06-01,-0.10070021862767616,0.05199479664511026,-0.09141060288828308
Rembesdalskaka,2082-07-01,0.08358193023243982,-0.07727944264287497,0.03230020747680461
Rembesdalskaka,2082-08-01,-0.04457781058495825,0.08990699706963234,0.013205835970908403
Rembesdalskaka,2082-09-01,0.09902038240252886,-0.014856852708324956,-0.02575447744525218
Rembesdalskaka,2082-10-01,0.09529002327785994,-0.035625842538318776,0.005630502404990359
Rembesdalskaka,2082-11-01,0.11401427353352207,0.04446810726279126,0.09659273356701233
Rembesdalskaka,2082-12-01,-0.23633080532606376,-0.0969792157833312,-0.34213155709464843
Rembesdalskaka,2083-01-01,-0.10060271399863673,-0.09840271096039199,-0.3470288202427038
Rembesdalskaka,2083-02-01,-0.05151810845054903,0.8757773563995253,-0.3800687814402584
Rembesdalskaka,2083-03-01,0.28061905403195514,0.22204899072320897,0.0025079125502518542
Rembesdalskaka,2083-04-01,0.2992653945141445,0.47252088373703965,0.420757921794178
Rembesdalskaka,2083-05-01,0.1627145915871702,0.33006330612363355,0.15119529375286164
Rembesdalskaka,2083-06-01,0.09482795902402026,-0.05702083122108159,0.11736758688698841
Rembesdalskaka,2083-07-01,-0.0005346383895882082,0.009507511148556925,0.08669291223066393
Rembesdalskaka,2083-08-01,-0.06169420233824547,0.08429679030020847,-0.04271437164535443
Rembesdalskaka,2083-09-01,-0.03920997040388513,-0.09063121197088027,-0.17018608393048495
Rembesdalskaka,2083-10-01,-0.20286229734810143,-0.12635361301991943,-0.24422268213203732
Rembesdalskaka,2083-11-01,0.24927638934822416,0.11016830762143194,0.008719233986535485
Rembesdalskaka,2083-12-01,-0.04397222827229508,-0.040550770383499,-0.06275928445452321
Rembesdalskaka,2084-01-01,-0.08856745707487645,-0.10594267923053051,-0.502935306187375
Rembesdalskaka,2084-02-01,0.05046420467103065,0.21635183388502446,-0.14503640624521738
Rembesdalskaka,2084-03-01,-0.1017484014020572,-0.061913022246085914,0.12352744849293974
Rembesdalskaka,2084-04-01,0.09183718451666124,-0.3162640824144796,0.16934607021216067
Rembesdalskaka,2084-05-01,0.07857727575851631,0.026294716578861843,0.00866572753202635
Rembesdalskaka,2084-06-01,-0.016938273655356564,-0.08963176732914642,-0.1324322664575831
Rembesdalskaka,2084-07-01,0.093379593596783,0.018610526621106568,0.0204327379871546
Rembesdalskaka,2084-08-01,-0.04040736240284025,0.16388485145477583,-0.0790505250079603
Rembesdalskaka,2084-09-01,0.06040917010413118,0.16103414771648336,-0.12160225804408294
Rembesdalskaka,2084-10-01,0.19320513196965186,-0.12044655256353015,-0.3931745735179611
Rembesdalskaka,2084-11-01,0.3277992924775832,0.07121313601135486,-0.34709076081681206
Rembesdalskaka,2084-12-01,0.6033549360338354,0.35910951184781686,-0.2792239328776802
Rembesdalskaka,2085-01-01,-0.0826126803874478,0.32235971899300814,-0.24703698421309786
Rembesdalskaka,2085-02-01,-0.011109655070528177,0.35108441549551256,-0.3822948924914879
Rembesdalskaka,2085-03-01,-0.3872009921493513,0.15438813347352415,-0.047744312340752465
Rembesdalskaka,2085-04-01,-0.2075060389559916,-0.2779945301143836,-0.36951450437224925
Rembesdalskaka,2085-05-01,0.1699909055879416,0.08298813311619974,-0.0798603211169062
Rembesdalskaka,2085-06-01,-0.11499461686755902,0.17487064666271335,-0.03236790727733264
Rembesdalskaka,2085-07-01,-0.03412964499182793,-0.006913005514256315,0.025092938360718308
Rembesdalskaka,2085-08-01,-0.020385919027100647,0.042469820569144945,0.025458485878243602
Rembesdalskaka,2085-09-01,-0.13168707361444051,0.07069591187906692,-0.054305576516820615
Rembesdalskaka,2085-10-01,0.01801815657714433,0.17689407857093595,-0.13778180918115587
Rembesdalskaka,2085-11-01,0.0711217184584948,0.22583662133025614,-0.11710531438247451
Rembesdalskaka,2085-12-01,0.13406354022589334,-0.202595095816403,0.08927448219113465
Rembesdalskaka,2086-01-01,-0.185503513412255,-0.16841743712860555,-0.100331418622452
Rembesdalskaka,2086-02-01,0.029322957715977205,-0.17648501158221483,0.4207390725335098
Rembesdalskaka,2086-03-01,0.27795108343190267,-0.0396946814181159,0.5919595932749263
Rembesdalskaka,2086-04-01,-0.11125523164488349,0.33129283764014955,0.06860646670828412
Rembesdalskaka,2086-05-01,0.15818518458307876,-0.005447058379224107,0.10649642831106769
Rembesdalskaka,2086-06-01,0.28024006570355064,-0.019852726968389068,-0.03041209053335688
Rembesdalskaka,2086-07-01,-0.08300002613383202,0.010246210953559499,0.051669136908746006
Rembesdalskaka,2086-08-01,0.035706639566873664,0.19060633353255405,0.09145809498096279
Rembesdalskaka,2086-09-01,-0.05605577412863053,0.06414611960435558,0.06044279451042608
Rembesdalskaka,2086-10-01,0.36163040168779226,0.27674640719234156,0.027293720592344348
Rembesdalskaka,2086-11-01,0.21704987384660587,0.12290268868025707,0.06407578194113146
Rembesdalskaka,2086-12-01,0.19674207973808477,-0.2458455858384121,-0.11495117815691512
Rembesdalskaka,2087-01-01,0.30148813184388684,0.3371465221434436,-0.18328522223618934
Rembesdalskaka,2087-02-01,0.019884649430675885,0.5363217530302171,-0.06771736380320452
Rembesdalskaka,2087-03-01,0.11775483154467481,0.1326723875570505,0.2139288877437305
Rembesdalskaka,2087-04-01,0.15106612218340099,0.2187787694208739,-0.19280864211531148
Rembesdalskaka,2087-05-01,-0.004515206082144537,-0.0240354739625679,-0.07978246707183527
Rembesdalskaka,2087-06-01,0.06908259675638839,0.049607435936964595,0.022334458193546708
Rembesdalskaka,2087-07-01,-0.014204508648754409,0.1563126569798788,0.042682105920989366
Rembesdalskaka,2087-08-01,-0.05301195070550128,0.15829980072015334,0.03989585086185602
Rembesdalskaka,2087-09-01,-0.014853334224491537,-0.1541737911112384,-0.034010298074017065
Rembesdalskaka,2087-10-01,0.1272976744511692,-0.2190251341673569,0.14903134065467968
Rembesdalskaka,2087-11-01,-0.0085772822978505,-0.18269736611788578,-0.09538055218736291
Rembesdalskaka,2087-12-01,-0.1266997632778222,0.008887433262816727,-0.3573073943775424
Rembesdalskaka,2088-01-01,0.42650625980884865,-0.40253818337357977,0.40632385079328087
Rembesdalskaka,2088-02-01,0.3504173791179204,-0.29984950180664577,0.22466940576940675
Rembesdalskaka,2088-03-01,0.27807174146462166,-0.1908522536438053,0.298759814963776
Rembesdalskaka,2088-04-01,0.11709634757763064,-0.19925792079379032,0.1264196127929391
Rembesdalskaka,2088-05-01,0.15740812863329898,0.1885019580449311,0.135879015888073
Rembesdalskaka,2088-06-01,-0.014739360661612319,0.1269393758170966,-0.09751387430051049
Rembesdalskaka,2088-07-01,-0.12840530410302262,-0.010176052049139328,0.04047387888266183
Rembesdalskaka,2088-08-01,-0.06305015144717797,-0.025003302604903438,0.0036013926780219265
Rembesdalskaka,2088-09-01,0.08438758634783528,0.06043944972777063,0.008425581286568616
Rembesdalskaka,2088-10-01,0.031099902721468217,0.20301870312768225,0.13536402612987697
Rembesdalskaka,2088-11-01,0.3301326644988689,0.17409878437604573,-0.19637940207094895
Rembesdalskaka,2088-12-01,-0.3915659309862458,-0.3087439213766207,-0.152050902757021
Rembesdalskaka,2089-01-01,-0.6363410449245809,-0.31908241752783223,-0.10186022100751528
Rembesdalskaka,2089-02-01,-0.7746668386067705,-0.03086227115261785,0.08891362615209676
Rembesdalskaka,2089-03-01,-0.055162141857924875,0.28306064501186207,0.6831282399736761
Rembesdalskaka,2089-04-01,-0.055322234792384024,0.16098815801244756,0.22297724206177919
Rembesdalskaka,2089-05-01,-0.23078788803996328,-0.14438776868207326,-0.10647660038460367
Rembesdalskaka,2089-06-01,-0.12881373872167298,0.08442036432639712,0.038867051047545294
Rembesdalskaka,2089-07-01,0.00674507409941118,0.0672403665768314,0.07846407835817183
Rembesdalskaka,2089-08-01,-0.217757650760797,0.009347448151327107,-0.042427026431880836
Rembesdalskaka,2089-09-01,0.06413106423157683,0.018828147022735414,0.05246257476291538
Rembesdalskaka,2089-10-01,0.15625110060672034,0.08119126989089487,-0.22642548161321607
Rembesdalskaka,2089-11-01,-0.1790905760472947,-0.017796622612365778,-0.27739760017884113
Rembesdalskaka,2089-12-01,0.3259955510358065,-0.022526560208942812,0.09778972645536992
Rembesdalskaka,2090-01-01,0.7743209819130398,0.20431931545682924,-0.3489207027441441
Rembesdalskaka,2090-02-01,0.33328700770782693,-0.6960581207001315,0.017451307511247863
Rembesdalskaka,2090-03-01,0.5773305848166544,-0.41434512757351977,-0.10663465701292124
Rembesdalskaka,2090-04-01,-0.049258106733390615,-0.02127515406031488,0.26788166853461237
Rembesdalskaka,2090-05-01,-0.09284566315341249,-0.0786302126862683,-0.0333096071201654
Rembesdalskaka,2090-06-01,-0.03646100770178005,0.06082778115216658,-0.005503174030911812
Rembesdalskaka,2090-07-01,-0.06820640806279275,0.13085716665529662,-0.0729059062651941
Rembesdalskaka,2090-08-01,0.13868738872124126,-0.08459474282375863,-0.028322354266677452
Rembesdalskaka,2090-09-01,-0.049973017384624424,-0.003202399937958636,0.019395086115576485
Rembesdalskaka,2090-10-01,0.0444690063544057,0.21701952105066905,-0.03420706236320665
Rembesdalskaka,2090-11-01,-0.23739691363756288,0.048778924664553615,-0.18507348515295186
Rembesdalskaka,2090-12-01,-0.025931654289858136,-0.22320222080440918,-0.1132161665778048
Rembesdalskaka,2091-01-01,0.23863572123301816,-0.6137072736091812,-0.17601428232354321
Rembesdalskaka,2091-02-01,-0.0369873046898414,-0.10129419235573937,-0.5804005659392092
Rembesdalskaka,2091-03-01,-0.487837936200636,0.5853686522509545,-0.293991826000058
Rembesdalskaka,2091-04-01,-0.13302480031572317,-0.09410669616020574,0.16569791782014617
Rembesdalskaka,2091-05-01,0.0431086047886429,0.10039893822879568,0.027884423985171016
Rembesdalskaka,2091-06-01,0.038915539849700594,-0.183736462322769,-0.14437767188553532
Rembesdalskaka,2091-07-01,-0.09491061478853464,0.10869526050699187,0.0026760409270222066
Rembesdalskaka,2091-08-01,0.12366096810670185,0.10151141441149551,-0.016297369512523703
Rembesdalskaka,2091-09-01,0.21679146837919647,0.057265905913596156,-0.11546175960544276
Rembesdalskaka,2091-10-01,-0.24457336520052841,0.22734929924483346,-0.0668362519848149
Rembesdalskaka,2091-11-01,0.18575614659935122,0.20877326116951322,-0.09579350862804066
Rembesdalskaka,2091-12-01,-0.1681165320872434,0.3503320698602644,0.2602565499556109
Rembesdalskaka,2092-01-01,0.4893796664484759,0.0014255942770409757,0.3644847939080201
Rembesdalskaka,2092-02-01,0.3689843473259211,-0.09245374164937202,-0.17093419762361897
Rembesdalskaka,2092-03-01,0.3244414103841438,0.40467429259483095,-0.5331861749118331
Rembesdalskaka,2092-04-01,0.2547257386232251,0.2797227519412225,-0.10623790468794041
Rembesdalskaka,2092-05-01,-0.0914826522025974,-0.035193008770881884,0.0030368587352526794
Rembesdalskaka,2092-06-01,-0.04368949391400329,-0.2174596939215987,0.08822600871044593
Rembesdalskaka,2092-07-01,-0.10930324603041748,-0.0501826615056602,0.11020804670992708
Rembesdalskaka,2092-08-01,-0.06732788714416019,0.004254296517961613,0.20391753804746204
Rembesdalskaka,2092-09-01,-0.13641589525843106,0.021798715341950645,0.09700311961463899
Rembesdalskaka,2092-10-01,0.06563234805159726,-0.2913659389271291,0.07412507701807865
Rembesdalskaka,2092-11-01,0.04965193125344658,0.004878560122426222,-0.023721390393245393
Rembesdalskaka,2092-12-01,-0.23746828983310767,0.09463298533434887,0.15358381159542148
Rembesdalskaka,2093-01-01,0.04097603369884933,0.5510596939113942,-0.3260803976297382
Rembesdalskaka,2093-02-01,-0.00976253550428396,0.1694532293884584,-0.08329964736474238
Rembesdalskaka,2093-03-01,0.12982903190696946,0.3905648909221536,-0.3199950461847787
Rembesdalskaka,2093-04-01,0.23232085717697673,-0.11282677354880584,-0.36899110922412987
Rembesdalskaka,2093-05-01,-0.21746719104774612,-0.19333726734420728,0.23753410349124118
Rembesdalskaka,2093-06-01,-0.15026249785094634,-0.045085647453560966,-0.10879721429269196
Rembesdalskaka,2093-07-01,-0.023897711909511652,0.035226760245030304,0.07568811927355541
Rembesdalskaka,2093-08-01,-0.027666629921244485,-0.04091909598853355,0.0522245580555916
Rembesdalskaka,2093-09-01,-0.10885570441191246,-0.12206164381278084,0.05521242114162672
Rembesdalskaka,2093-10-01,-0.1396650603329138,0.054288256813661284,-0.0676004477877543
Rembesdalskaka,2093-11-01,-0.17621418983114165,-0.1384430174026803,-0.16004034699126793
Rembesdalskaka,2093-12-01,0.12726020846442668,0.25021282386642413,0.518100470136983
Rembesdalskaka,2094-01-01,-0.4012459700642726,-0.31467614365596286,0.006487874630313355
Rembesdalskaka,2094-02-01,-0.2455888785626251,0.5975025755591582,-0.3090438435417413
Rembesdalskaka,2094-03-01,0.08455140685311335,-0.057097652537105054,0.21955501077868633
Rembesdalskaka,2094-04-01,0.2873043419158609,-0.24048534459674645,0.04357838374091889
Rembesdalskaka,2094-05-01,-0.07307035545434172,-0.09556080015052204,0.004539684394849454
Rembesdalskaka,2094-06-01,0.03663104738933871,0.15912444277115192,-0.13262432395337873
Rembesdalskaka,2094-07-01,0.020266633679298974,0.049272137672255883,-0.06820042804899147
Rembesdalskaka,2094-08-01,0.09713527325944626,0.112703041775103,0.09863292243873205
Rembesdalskaka,2094-09-01,0.05411163274441266,0.07521597424452599,-0.020219112091685046
Rembesdalskaka,2094-10-01,0.14119118418527257,-0.031158659544372493,0.08757423152972936
Rembesdalskaka,2094-11-01,-0.03352950220547534,-0.281850351002506,0.2199077156359067
Rembesdalskaka,2094-12-01,-0.08370707847680393,-0.04085430905065957,-0.2093848712213285
Rembesdalskaka,2095-01-01,-0.42328684309952264,0.7965869393186216,-0.22080219377085178
Rembesdalskaka,2095-02-01,-0.2900060116554692,-0.18056766070166788,0.21659010477247773
Rembesdalskaka,2095-03-01,-0.2184004057171602,0.013709589180470999,0.04245596038403166
Rembesdalskaka,2095-04-01,0.028179576841616677,-0.2344140923941941,0.14433850748573218
Rembesdalskaka,2095-05-01,0.0494936807723941,-0.0662392881758067,0.10787459228089093
Rembesdalskaka,2095-06-01,-0.013209738123461101,-0.03395278167058497,-0.03070677266666659
Rembesdalskaka,2095-07-01,0.14218219104052868,0.08817652103564715,-0.12540356007271117
Rembesdalskaka,2095-08-01,0.13653734950435248,0.1238587508715595,0.16423848730190282
Rembesdalskaka,2095-09-01,-0.049912500687663654,0.020285425258944886,-0.07260057038313104
Rembesdalskaka,2095-10-01,-0.07902416084517144,-0.21654760890452981,0.06771955864624808
Rembesdalskaka,2095-11-01,0.23099446851102468,-0.13762689811546577,0.116870725101572
Rembesdalskaka,2095-12-01,-0.014624276702880792,0.2203872360428898,-0.0006243764935349297
Rembesdalskaka,2096-01-01,-0.11674183922936136,-0.0514761557948632,-0.15345134127329865
Rembesdalskaka,2096-02-01,-0.4581743312180608,-0.45869359715146274,-0.03885834237050876
Rembesdalskaka,2096-03-01,-0.30801866645472775,0.36252729294070657,-0.11106361432155465
Rembesdalskaka,2096-04-01,0.33349742366493224,0.29120725345905857,-0.2703757502013882
Rembesdalskaka,2096-05-01,0.010214995086707477,0.0421975333623684,-0.0931817087242488
Rembesdalskaka,2096-06-01,-0.039543941212618956,-0.006260189370499015,-0.13313038949411896
Rembesdalskaka,2096-07-01,-0.034131447422553855,-0.19943387680506386,0.029736783771065593
Rembesdalskaka,2096-08-01,-0.06989464369473225,-0.004130880061016574,-0.09065616289709079
Rembesdalskaka,2096-09-01,0.02927408613011569,0.16194891390273666,-0.15967130758182485
Rembesdalskaka,2096-10-01,0.11860586121427046,-0.00558899661866549,-0.2979204177979587
Rembesdalskaka,2096-11-01,-0.15332565483323324,-0.01770513507886466,-0.3731396332957677
Rembesdalskaka,2096-12-01,-0.24724672746488865,-0.46124017011770096,-0.42428169115545106
Rembesdalskaka,2097-01-01,-0.011465567575976478,-0.06969436556951025,-0.3729875519170869
Rembesdalskaka,2097-02-01,-0.06788384101790426,-0.3795222953270299,-0.5212529161865526
Rembesdalskaka,2097-03-01,0.44510863237409914,-0.08299481735674023,0.08547047780984145
Rembesdalskaka,2097-04-01,-0.1576342483131976,-0.5189246983276969,-0.05570860130747817
Rembesdalskaka,2097-05-01,-0.29892332198034804,0.29573099070415715,-0.08410965446537122
Rembesdalskaka,2097-06-01,0.021832526276350298,-0.00552575535454116,-0.09968048599598495
Rembesdalskaka,2097-07-01,0.01510963465638616,-0.1073088524978655,0.10596898752949148
Rembesdalskaka,2097-08-01,-0.04407316944046049,-0.12524518346261138,-0.02522353919590338
Rembesdalskaka,2097-09-01,-0.008807997962853044,-0.09714406578148704,0.04913961030670185
Rembesdalskaka,2097-10-01,-0.3491930832991879,0.14704826286937603,0.056944629811224744
Rembesdalskaka,2097-11-01,0.06807537484468355,-0.20379350463244217,-0.3755790542934083
Rembesdalskaka,2097-12-01,0.07075051882535267,-0.11846029654624894,-0.09519223645807402
Rembesdalskaka,2098-01-01,0.0945065001025339,-0.3601375860405258,-0.48817009288517577
Rembesdalskaka,2098-02-01,0.06462820079168854,-0.015509502003158107,-0.3850296737389231
Rembesdalskaka,2098-03-01,0.3177456615970518,-0.5942149052070601,-0.3085729572378348
Rembesdalskaka,2098-04-01,0.24212434859819834,0.09478977348689592,-0.14650037407958366
Rembesdalskaka,2098-05-01,-0.042112265756627264,-0.12600693698109397,-0.09241239454062296
Rembesdalskaka,2098-06-01,0.09024421008503958,0.28572836880353053,0.12956966089949426
Rembesdalskaka,2098-07-01,-0.036751935148263026,0.14841365791543423,0.07273610921824082
Rembesdalskaka,2098-08-01,0.01954712225613584,-0.1400586892865562,-0.007741014854262304
Rembesdalskaka,2098-09-01,-0.05343161559590054,-0.1782447644846993,-0.17114451779949283
Rembesdalskaka,2098-10-01,0.003897253286253597,0.12024136626698363,-0.1309744352501832
Rembesdalskaka,2098-11-01,0.6553636353952776,0.0646514390654584,0.0010520366657057953
Rembesdalskaka,2098-12-01,-0.04627905218770706,0.26317480177433833,0.05673679891644337
Rembesdalskaka,2099-01-01,-0.5473524010163592,0.18441562211212426,-0.07385480460269252
Rembesdalskaka,2099-02-01,0.022362661318663615,-0.27298578344160757,-0.3023123190377333
Rembesdalskaka,2099-03-01,0.05739569527320657,-0.025076788458288018,-0.23658371798586378
Rembesdalskaka,2099-04-01,0.2082218552789954,-0.05228719817667841,0.10673744344366766
Rembesdalskaka,2099-05-01,0.09661065287398529,-0.1315076876137208,-0.08719563932536283
Rembesdalskaka,2099-06-01,0.024404493195028906,-0.12315394860445288,0.004186373200253462
Rembesdalskaka,2099-07-01,-0.053095128380142305,0.047632362726292156,-0.06855148137493818
Rembesdalskaka,2099-08-01,0.03747700628246281,0.16205229345857686,0.16606775013252306
Rembesdalskaka,2099-09-01,-0.15903716967521275,-0.0846635342872543,0.17005399330486304
Rembesdalskaka,2099-10-01,0.017989483341331658,-0.0800577503401386,-0.10727900010962076
Rembesdalskaka,2099-11-01,-0.18272558823695775,0.1817729766064182,0.3619433043377071
Rembesdalskaka,2099-12-01,-0.2978534646623194,-0.282655842898955,-0.13635333223502935
Rembesdalskaka,2100-01-01,0.0589440623874653,0.29700975154593995,0.2971403614617571
Rembesdalskaka,2100-02-01,-0.38192465453530544,-0.18906900719230366,0.1356206363260836
Rembesdalskaka,2100-03-01,-0.11579693197299312,-0.012355109964407062,-0.20969903332043935
Rembesdalskaka,2100-04-01,-0.012117648975947012,0.07587836318348558,-0.019530038649217204
Rembesdalskaka,2100-05-01,0.061209438496907125,0.02900995707429863,-0.009962581920842197
Rembesdalskaka,2100-06-01,0.08439952323029283,0.006411242579173963,0.03162667167764614
Rembesdalskaka,2100-07-01,-0.03664957635069293,-0.08326722374968511,0.09041099685493405
Rembesdalskaka,2100-08-01,-0.13222692547093542,-0.13757802319828977,0.1859043060174609
Rembesdalskaka,2100-09-01,0.013912939169484375,0.010772819695453337,0.03221800598214094
Rembesdalskaka,2100-10-01,-0.2917324307939299,-0.0734805618804139,-0.07067438066473077
Rembesdalskaka,2100-11-01,0.17764441860639046,-0.04565103687845795,-0.37842409577252756
Rembesdalskaka,2100-12-01,0.33553051613253576,-0.14403156060942715,-0.4261636743765309
Storbreen,2015-01-01,0.028103392945661054,0.06209106303702693,0.019689312583309377
Storbreen,2015-02-01,0.2681833576753438,0.10721640559688837,0.3785033858229294
Storbreen,2015-03-01,0.02722004710352846,0.11360419564732248,0.14790127037613815
Storbreen,2015-04-01,0.48200361280602766,-0.1409212794984209,-0.02881785055941577
Storbreen,2015-05-01,0.34271128291658903,0.05479751223227938,0.08914671108076022
Storbreen,2015-06-01,0.06859715609020806,0.10729822925853498,0.14153569675302244
Storbreen,2015-07-01,0.006855177052228882,0.030149602342255225,-0.05706031760052149
Storbreen,2015-08-01,0.005300712258030184,-0.2576542555565768,-0.05740801677221693
Storbreen,2015-09-01,0.059981861656393375,-0.1511587381593771,0.24003240120204575
Storbreen,2015-10-01,0.16937121218296988,0.2342599375658654,0.3091253208205974
Storbreen,2015-11-01,-0.19000432395989675,0.16595745966285014,0.17257093859621656
Storbreen,2015-12-01,0.035987006234128725,0.1855152633916565,0.3250151588409909
Storbreen,2016-01-01,0.021237694786099087,0.14587182319140213,0.15322779711931958
Storbreen,2016-02-01,0.11885715518444084,-0.3200420583103168,0.531898610421652
Storbreen,2016-03-01,0.041407052926484715,-0.006727820035156147,-0.0589669590710199
Storbreen,2016-04-01,-0.08941993274393505,0.16016425361209083,-0.30006724000449614
Storbreen,2016-05-01,0.09236623482377236,0.058608896166613356,0.22149059373651933
Storbreen,2016-06-01,0.10966510589772549,-0.1884451957049289,-0.15663109854348486
Storbreen,2016-07-01,-0.026130432915001733,-0.04822568343659459,-0.06353207969410142
Storbreen,2016-08-01,0.14852426530910365,-0.2184561812799679,0.0023172301508724083
Storbreen,2016-09-01,0.04753334408074913,-0.21491542555180085,0.023315287661799477
Storbreen,2016-10-01,-0.05457379099291665,0.054135965391730656,0.2827076475652343
Storbreen,2016-11-01,0.10257065144177642,-0.13367011958285568,0.1946602564571623
Storbreen,2016-12-01,0.3974056329564692,0.29378054982719565,0.03785669557829926
Storbreen,2017-01-01,-0.13519152385790958,0.1516963854481483,0.1333072296941303
Storbreen,2017-02-01,-0.11854635735878087,0.02713319215232371,0.17141743287425779
Storbreen,2017-03-01,0.7126453707843187,-0.2028860383157904,-0.017367140898089096
Storbreen,2017-04-01,0.10860401302900025,-0.17157071724480147,0.16661634777068185
Storbreen,2017-05-01,-0.07528670912970731,-0.0013229702191546431,-0.24231021608212014
Storbreen,2017-06-01,-0.10301568485800254,-0.06670097869519187,0.06068793716336151
Storbreen,2017-07-01,-0.004872990080408167,0.07108649588462303,-0.011640648178734338
Storbreen,2017-08-01,-0.004426447801611305,0.03695227168931036,-0.06812963683685634
Storbreen,2017-09-01,0.13200708808217007,0.22403176290151325,0.09135063962478478
Storbreen,2017-10-01,0.17354925438519306,0.39516664624805625,-0.19055379469124864
Storbreen,2017-11-01,0.2509652297673129,0.2279014650336888,-0.10393241151609751
Storbreen,2017-12-01,0.08216639377389358,-0.012377086966700793,0.10432438465103462
Storbreen,2018-01-01,0.42306192450001096,0.34967020924519976,-0.20211582149746143
Storbreen,2018-02-01,0.3162763762289705,0.23814046421579038,-0.29326503333619547
Storbreen,2018-03-01,-0.15139250093486792,0.29151982855800274,-0.09354695146688453
Storbreen,2018-04-01,-0.17449314127893753,0.10569035387082377,-0.055778680053250464
Storbreen,2018-05-01,0.12630583344201274,0.17258446388718962,0.06974599920924344
Storbreen,2018-06-01,-0.2101256647400205,0.3570815973455918,-0.22360369349042516
Storbreen,2018-07-01,0.06384126565537988,0.1386781797699578,0.004198869233390708
Storbreen,2018-08-01,0.28198252868316476,0.18226877843138892,0.2795679110183597
Storbreen,2018-09-01,0.221960902858278,0.060712648076845614,0.08542143798514239
Storbreen,2018-10-01,0.446866953243006,0.06163377118012912,0.05842283787359522
Storbreen,2018-11-01,0.288743976410453,0.2849760184036212,-0.18790884462303203
Storbreen,2018-12-01,-0.06719829614625354,-0.12135403853575089,-0.0053383163003590806
Storbreen,2019-01-01,-0.022999604325903904,0.2594488079806263,0.11208984647914216
Storbreen,2019-02-01,-0.26071685251230375,0.05130033332898757,0.168010788528299
Storbreen,2019-03-01,0.3750463139917494,-0.1700162310615092,0.19898567317252777
Storbreen,2019-04-01,0.2559989403652407,0.2623468383259329,-0.22789704539277353
Storbreen,2019-05-01,0.3390046111792319,0.32581679379548817,0.16836723930021477
Storbreen,2019-06-01,-0.052048638753316834,0.16393961093743195,0.2379519892022447
Storbreen,2019-07-01,0.21384383448081232,0.15130703151569383,0.014716937788527314
Storbreen,2019-08-01,-0.0689181722237643,0.026610639312592166,0.09473604987327733
Storbreen,2019-09-01,-0.01793333942079742,0.16720668958868093,0.2529399906815282
Storbreen,2019-10-01,0.2630484290816988,0.03409593117249347,-0.10644907521148401
Storbreen,2019-11-01,-0.13922807544584137,0.16773596998926976,0.06555786509551563
Storbreen,2019-12-01,0.2976371247742247,0.13034711916109035,0.34453698828125506
Storbreen,2020-01-01,0.37186159597443263,0.10094439995575522,-0.08073043795882401
Storbreen,2020-02-01,0.4113247093243628,-0.06528891704900462,0.311749314512702
Storbreen,2020-03-01,0.18667673288008305,0.07417268961006691,0.19180725740406598
Storbreen,2020-04-01,-0.03839382471042075,0.0926116004456687,0.48738221889482686
Storbreen,2020-05-01,-0.0030531499286864986,0.395963660222415,0.17506720272026902
Storbreen,2020-06-01,0.21392871332172256,-0.18118823259523864,-0.06908934693917292
Storbreen,2020-07-01,-0.14440330525254141,0.06023765261781541,0.15134057036188941
Storbreen,2020-08-01,0.24060573331725277,0.10061270004087895,0.26124190050372936
Storbreen,2020-09-01,0.26237876186213227,0.022074672326470174,-0.05221748159247334
Storbreen,2020-10-01,0.18142953982671575,-0.19131776720429097,-0.07782183468254929
Storbreen,2020-11-01,0.28445203782829703,0.09170274537696228,0.2002220144480302
Storbreen,2020-12-01,0.016358647581793118,0.12838473356985455,0.3763764265488287
Storbreen,2021-01-01,0.015733502025364124,-0.0007670530180800503,0.017607066907754914
Storbreen,2021-02-01,0.24194063609830022,-0.08855810500942224,-0.18806209694427226
Storbreen,2021-03-01,0.052505207619211375,0.008076937334573875,0.3863156853302545
Storbreen,2021-04-01,-0.2639453273715409,0.16489989581791453,0.16917731237110592
Storbreen,2021-05-01,0.1777745273377133,0.0647368689066926,0.46928534701833174
Storbreen,2021-06-01,0.06661029026900205,-0.16864452311030229,0.2723109518605118
Storbreen,2021-07-01,0.11870049703082962,-0.11977042038805508,-0.019084461428297023
Storbreen,2021-08-01,-0.0040476793950440055,-0.03937539526544455,0.006355455643366888
Storbreen,2021-09-01,-0.02513180053416338,0.23127298942935257,0.007415029290687676
Storbreen,2021-10-01,-0.07205162650208397,-0.20756517921323414,0.45321660272833303
Storbreen,2021-11-01,-0.05925032354446399,0.12083299997486589,0.15715830668209993
Storbreen,2021-12-01,-0.4155454908852336,0.21975619772862054,0.43179197566822464
Storbreen,2022-01-01,0.11395806102118028,-0.13060575524639068,0.17339915146031296
Storbreen,2022-02-01,0.0877523951002852,0.3167053057352221,0.13481648727399984
Storbreen,2022-03-01,0.2749872925962517,0.2724697425370252,0.33773119355495473
Storbreen,2022-04-01,0.35852318872285077,0.034384924501891075,-0.19626687986040858
Storbreen,2022-05-01,-0.058162342853661175,0.17699482192766977,0.16031726932619483
Storbreen,2022-06-01,-0.06994967101633526,-0.11796806432047917,0.1824897746236627
Storbreen,2022-07-01,0.06296681122303671,-0.03928424931729362,0.024873946357719206
Storbreen,2022-08-01,0.07606325303257223,0.20953461946381982,-0.06050147840336521
Storbreen,2022-09-01,-0.14389808114450345,-0.05240632696552281,-0.07425806725304797
Storbreen,2022-10-01,-0.32932821382740696,0.11499256391168367,0.1217242415375858
Storbreen,2022-11-01,-0.06068784013474121,0.3788493865185884,0.10823188694912915
Storbreen,2022-12-01,0.20897525502613154,0.4089471650298276,-0.19674338259031096
Storbreen,2023-01-01,-0.09613999255819561,0.04305070678725672,-0.12172739057460603
Storbreen,2023-02-01,-0.02193088607165662,-0.25701746892882327,0.3599618080078115
Storbreen,2023-03-01,-0.07458962699936574,0.36079670983256723,0.22786430370323815
Storbreen,2023-04-01,0.30090893260127644,-0.01726433193081835,-0.08961500624725
Storbreen,2023-05-01,0.305020098826046,0.32296212049403517,0.06806095330103402
Storbreen,2023-06-01,0.17455160642747156,-0.17400790783930228,0.2116217481926598
Storbreen,2023-07-01,0.09924073555219208,0.03294188871933174,0.1812964806076378
Storbreen,2023-08-01,-0.06331533758011675,-0.021163274978182208,0.1223707597587006
Storbreen,2023-09-01,-0.26155424029360524,0.34401565857344635,0.0041023412501776215
Storbreen,2023-10-01,-0.47715733685928097,-0.015286953571770208,0.19410123937621784
Storbreen,2023-11-01,0.04586911263134489,0.13093586686961597,-0.03225277366565648
Storbreen,2023-12-01,-0.12694451847921287,0.06590192620550388,0.05090911010042439
Storbreen,2024-01-01,-0.009559142620352373,-0.10596280123858214,0.41133070684847106
Storbreen,2024-02-01,-0.3234714158221625,0.15731127213368892,-0.010271251672314905
Storbreen,2024-03-01,-0.08219516872605319,0.14029977292283527,0.0861428623189658
Storbreen,2024-04-01,0.5640522850054586,0.026086325171585944,0.2515141850463283
Storbreen,2024-05-01,-0.021142975102655875,0.12960352104338202,0.0861338092216432
Storbreen,2024-06-01,0.08263107275823872,0.17354440552458136,0.14154558253411453
Storbreen,2024-07-01,0.03647730695856725,0.18229675274075538,0.1309208031004884
Storbreen,2024-08-01,-0.1394308088231355,0.18851179986189895,0.18029852601686192
Storbreen,2024-09-01,-0.08371299428796806,-0.07838188489230767,0.14157367177720503
Storbreen,2024-10-01,0.06612896903769595,0.11758751610562397,-0.11204553602234131
Storbreen,2024-11-01,0.19147020903127335,0.3452036825660483,0.09673033950931431
Storbreen,2024-12-01,0.299572528432125,0.3319061684833529,0.4295931230877172
Storbreen,2025-01-01,0.14263957174669273,0.30065600694813477,0.23667988907126106
Storbreen,2025-02-01,0.30277379991585,0.10324135551880971,-0.22374934289675008
Storbreen,2025-03-01,0.23182635129961873,-0.26288253971895686,-0.0562761203362783
Storbreen,2025-04-01,-0.1286462002275018,0.07046807119721994,-0.041370632507613636
Storbreen,2025-05-01,-0.20047709833248276,-0.017326039595528597,0.2875767143297881
Storbreen,2025-06-01,0.1994207635439329,-0.02694691994583763,0.06449873463209507
Storbreen,2025-07-01,0.40892613988364007,-0.07655526248483675,0.11235693997270542
Storbreen,2025-08-01,-0.09145466038508822,0.2607128870567344,0.12209583152637034
Storbreen,2025-09-01,0.12662042871255486,0.09565232871561354,0.38230674192822195
Storbreen,2025-10-01,-0.22585931714712615,0.1726806033710171,-0.15372757559106334
Storbreen,2025-11-01,0.03577109840846178,-0.026536979608825492,0.12526590396040463
Storbreen,2025-12-01,0.11077622500299424,-0.12850710345209035,-0.36538795119502004
Storbreen,2026-01-01,0.5384288256359661,-0.09371965534830239,0.017945664634395005
Storbreen,2026-02-01,0.3596788668558662,0.10000051844601691,0.21014149442803842
Storbreen,2026-03-01,0.17264388018176927,0.31360974864714003,0.49729593817819956
Storbreen,2026-04-01,0.1495189931727556,0.2115082933033644,0.13281040097294253
Storbreen,2026-05-01,0.2678609650794807,0.30065262586155816,0.33974216185528966
Storbreen,2026-06-01,-0.03324932733188917,0.31414371000694225,0.09698464319396706
Storbreen,2026-07-01,-0.06069916942954393,0.215491874224794,-0.012933140938145368
Storbreen,2026-08-01,0.2036528378201954,0.04437201752830588,0.1566591702094753
Storbreen,2026-09-01,0.0915311982907856,0.3435978628093375,0.08615864379825734
Storbreen,2026-10-01,0.13326960328412732,0.0666273872042696,0.10821920088266967
Storbreen,2026-11-01,0.070589248300631,-0.10797757217325117,0.1222644170506056
Storbreen,2026-12-01,-0.256015027150935,0.26112504827402583,-0.25695504571032046
Storbreen,2027-01-01,-0.3533453538971994,0.30840885720623273,0.3567364879060521
Storbreen,2027-02-01,-0.016565649078346855,0.2673474479563393,-0.16822061978435607
Storbreen,2027-03-01,0.03208709880829855,0.3573284972421515,0.2747538518406271
Storbreen,2027-04-01,-0.07092465918631487,0.1060477886578205,0.20046001006382916
Storbreen,2027-05-01,-0.12244700914267544,-0.0805681049529266,-0.06660953443108598
Storbreen,2027-06-01,-0.029233539292931852,0.09036355283191932,0.22730566457336332
Storbreen,2027-07-01,0.2189496120091012,-0.03512070575471871,-0.11473969527481376
Storbreen,2027-08-01,0.2628750355673062,0.06500922538829085,0.12909089182935687
Storbreen,2027-09-01,0.1767348518151369,-0.22405881324787233,-0.015850105794432596
Storbreen,2027-10-01,0.4480682246347385,0.4778838085399246,0.04754877996885093
Storbreen,2027-11-01,0.06943461340130459,0.14413351799389484,-0.03934204915580509
Storbreen,2027-12-01,0.13627241555830613,-0.06520516602044647,-0.12920108949751688
Storbreen,2028-01-01,-0.17747831048451465,0.15564020681074756,-0.14051423890679374
Storbreen,2028-02-01,0.3112259772602055,0.15767784797790182,-0.11678053223658297
Storbreen,2028-03-01,0.26804028075019254,0.28943326957676996,0.19978745874840062
Storbreen,2028-04-01,0.07921745632017536,-0.09323700707424637,0.3048719360824072
Storbreen,2028-05-01,-0.15661637123375263,0.071449654680929,-0.020985894480452044
Storbreen,2028-06-01,0.1755574710077944,0.19966787574915723,0.03876100257288449
Storbreen,2028-07-01,0.14301111333939787,0.11725276940998917,0.20290811048924765
Storbreen,2028-08-01,0.05945476703357972,0.02155171245910105,0.0654159645185966
Storbreen,2028-09-01,-0.012005671173802019,-0.15581688803442637,0.010456660674609078
Storbreen,2028-10-01,0.3637915282085172,0.19712186439029086,0.24664095936118535
Storbreen,2028-11-01,0.26762839213478923,0.16375324360164448,0.18356910028992193
Storbreen,2028-12-01,0.04909654152272797,0.09607990485900597,-0.263711672216108
Storbreen,2029-01-01,0.08880576272544342,0.07355325432419163,0.08180926048104968
Storbreen,2029-02-01,-0.0208348458084478,0.009256548110034337,-0.30004516897274947
Storbreen,2029-03-01,-0.19513079961943572,0.105752668096958,-0.03159820349216275
Storbreen,2029-04-01,0.1695118222402894,0.13266493495627854,0.16392087444770728
Storbreen,2029-05-01,0.2230804090251585,-0.01806424830291769,-0.002144488171326786
Storbreen,2029-06-01,-0.004374562970205197,0.029421891624215882,-0.023526493889447452
Storbreen,2029-07-01,0.07794807498949281,0.11247531583078596,0.2269432380899624
Storbreen,2029-08-01,0.139789884942891,0.07635820996723176,0.30574407318491753
Storbreen,2029-09-01,0.02057274545793859,0.060916244592013,-0.2599805501935974
Storbreen,2029-10-01,0.14689929435736168,-0.12739125982267221,-0.10775544484028861
Storbreen,2029-11-01,0.22522488274228722,0.012069513779648086,-0.012277845489793208
Storbreen,2029-12-01,0.20768115466026385,-0.11004257144421815,0.07645411641014595
Storbreen,2030-01-01,-0.10093395332347106,0.08059400254249448,0.24988224589184305
Storbreen,2030-02-01,0.4498633508377898,0.046402817521943314,-0.14335904569878957
Storbreen,2030-03-01,0.19834699199756467,0.2188718059632184,0.11214071852598771
Storbreen,2030-04-01,0.09750880581177311,0.22836628002882953,-0.07971782429813756
Storbreen,2030-05-01,0.4350605306150375,-0.12526318427212846,0.005900321857328947
Storbreen,2030-06-01,-0.05743455409641748,0.4641599556049023,0.09711352143719836
Storbreen,2030-07-01,0.1511906175638125,0.20698940897868753,0.17450402488860897
Storbreen,2030-08-01,0.1851432423342965,0.08036323292127688,0.331294591856147
Storbreen,2030-09-01,0.10914501400732757,-0.1984002616327334,0.20984324834401946
Storbreen,2030-10-01,0.2821517876274509,-0.07689604554439866,0.1760601914519124
Storbreen,2030-11-01,0.4271272956276378,-0.0016701540246525602,-0.1700115446724951
Storbreen,2030-12-01,-0.17247253517348793,-0.05991618784893979,0.3282268339816431
Storbreen,2031-01-01,0.1553411918925828,0.03152997965485182,-0.14478158435402358
Storbreen,2031-02-01,0.26798225533720305,-0.052634961271107415,0.09046931688191195
Storbreen,2031-03-01,-0.09027073729428957,0.14623070905631522,0.4638352046681651
Storbreen,2031-04-01,-0.05828111088276241,0.11158402233522015,-0.0517375296678785
Storbreen,2031-05-01,0.27341169952024524,-0.09436329034892839,-0.0584986429548833
Storbreen,2031-06-01,-0.12831287104197178,0.19084227318793998,0.2843236024291745
Storbreen,2031-07-01,0.047104471536304544,-0.09998340929093559,0.06837777650040876
Storbreen,2031-08-01,0.1417544867020926,0.14737176701004942,0.006488562465304659
Storbreen,2031-09-01,-0.18131904468006357,0.2720284846364795,-0.010591062049470995
Storbreen,2031-10-01,0.20237621723140833,0.09813419975599386,-0.08619650458655974
Storbreen,2031-11-01,0.15703832895085537,0.08061974484367247,0.2660874780314149
Storbreen,2031-12-01,0.17644056555396226,0.1527169767510366,0.16417851265380493
Storbreen,2032-01-01,0.11540275777883635,0.18249294151538079,0.13978718304590756
Storbreen,2032-02-01,-0.026357549666256457,-0.2206090855418202,-0.15594375943755576
Storbreen,2032-03-01,0.011843253498295464,0.003698083534441843,-0.004698180401291034
Storbreen,2032-04-01,-0.18827254015443215,0.14571837227879858,0.30528401294627755
Storbreen,2032-05-01,-0.2635418394547122,-0.031040925084903307,-0.10009218064531811
Storbreen,2032-06-01,-0.23614186433158682,0.2894789674581449,-0.005995756675209564
Storbreen,2032-07-01,-0.016845760673168692,0.09636635874348576,0.06840902116502785
Storbreen,2032-08-01,0.20000375748811003,0.03461080013248339,0.14937387642966646
Storbreen,2032-09-01,-0.07407565658112193,0.1622974113007272,-0.14064446071350756
Storbreen,2032-10-01,0.06410851434132527,-0.11699299823721686,-0.07955936023029693
Storbreen,2032-11-01,0.29850691816121644,0.11978026998495306,0.20758007625488376
Storbreen,2032-12-01,0.04548438661085583,-0.1557256761329292,-0.12387950006107384
Storbreen,2033-01-01,0.18255711703025224,0.15434503636991456,0.12999310869006495
Storbreen,2033-02-01,-0.3051857685016819,0.304255911621778,0.06908848642190679
Storbreen,2033-03-01,0.3616737493374036,-0.3529283996442511,0.5417478922697452
Storbreen,2033-04-01,0.18292482490014103,0.3818389151019877,0.3711457941840077
Storbreen,2033-05-01,0.1925023309974492,-0.052637105132432825,0.19953355895900618
Storbreen,2033-06-01,-0.06443804284745987,0.19200402607950082,0.1477542715066914
Storbreen,2033-07-01,0.04894715819576386,0.11484007613246655,0.13509887229685397
Storbreen,2033-08-01,0.14781492212110178,-0.06609200846948594,0.27788822643542804
Storbreen,2033-09-01,0.08566031038204698,0.44311317928904126,0.2905942736602111
Storbreen,2033-10-01,-0.3986012604885906,0.11043260093497846,0.3355711960365973
Storbreen,2033-11-01,0.04224087751214156,0.286696061321025,0.2996574965357862
Storbreen,2033-12-01,-0.24947725125817763,-0.09157047015444619,0.2679228447494748
Storbreen,2034-01-01,-0.10753526775729379,-0.06793991752988958,0.13402276200407096
Storbreen,2034-02-01,0.3168218613278448,0.004885140136415558,0.11632525852499796
Storbreen,2034-03-01,0.3104760320384969,0.11738674823022044,0.3555298456335354
Storbreen,2034-04-01,-0.018963703450531184,0.0034599327592808315,0.3714262357901627
Storbreen,2034-05-01,0.1386826073239209,0.1816410986925454,0.02621013412039552
Storbreen,2034-06-01,-0.02445201908030087,-0.017998230766173795,-0.01598339169365239
Storbreen,2034-07-01,0.02800228470593326,0.30718180668984746,-0.03153171808204548
Storbreen,2034-08-01,-0.08596749048348214,0.30840593254134013,0.11304864303091135
Storbreen,2034-09-01,0.18139148232562152,-0.13810589634027984,0.20071678089062506
Storbreen,2034-10-01,-0.019120210951166887,-0.29345813527563325,-0.2723166145172531
Storbreen,2034-11-01,0.18463464853986647,-0.06623091340253244,0.11790009909071653
Storbreen,2034-12-01,0.1837247351107066,0.07889788732197124,-0.21825405493599304
Storbreen,2035-01-01,-0.039816141218570945,0.2915108891478147,-0.031204823309691796
Storbreen,2035-02-01,0.20893351024463244,0.1512543390957306,0.11460238482978974
Storbreen,2035-03-01,0.1511589110636455,0.09123087218583537,-0.02030810073229435
Storbreen,2035-04-01,-0.018711971601453353,0.35079255003375165,0.4517873792699085
Storbreen,2035-05-01,0.25062407328329067,0.07172107774648702,0.17730899259622512
Storbreen,2035-06-01,0.11521755350997824,-0.04465474055959564,0.24247629716310423
Storbreen,2035-07-01,-0.18516162733716204,-0.14146159934467192,0.1048986401423414
Storbreen,2035-08-01,0.00825703322755735,0.02509245994263004,0.1296020474209927
Storbreen,2035-09-01,0.26711364107860086,0.06156356266614386,-0.13778439935986883
Storbreen,2035-10-01,-0.05179888735261092,0.18053412061107296,0.24542478818048083
Storbreen,2035-11-01,-0.043590969114687496,0.10675695764269504,0.04629731870449431
Storbreen,2035-12-01,-0.09513646755571543,0.4213846038771029,0.22638670969218513
Storbreen,2036-01-01,0.24805160693156014,0.10299932572203734,0.009515039729142328
Storbreen,2036-02-01,0.21409203094725257,0.3529893716432302,0.5066261857241557
Storbreen,2036-03-01,-0.3963000427193619,-0.0373515779465329,0.0015905967407329584
Storbreen,2036-04-01,-0.10009624704216492,-0.19460518038542807,0.2347887847440687
Storbreen,2036-05-01,-0.04512191428273669,0.23043180165099997,0.03121881846347106
Storbreen,2036-06-01,0.23539707465089357,0.20017687369229079,0.29620814998338074
Storbreen,2036-07-01,0.016650656290183887,0.17066064619593338,0.11966066652268181
Storbreen,2036-08-01,-0.11625742430978729,0.134774436348672,0.014336698967747294
Storbreen,2036-09-01,-0.30843591045076196,0.14169741539331424,0.013709344042819474
Storbreen,2036-10-01,-0.28205816069636763,-0.17320504161303374,0.2435604781670263
Storbreen,2036-11-01,-0.050300729941806586,0.2554464224005251,0.2322178230265445
Storbreen,2036-12-01,0.16001240971274514,0.252606041167914,-0.03134724484420482
Storbreen,2037-01-01,0.2292485075133456,0.005800399478626812,0.014535853774131968
Storbreen,2037-02-01,-0.3604022995765048,0.04565588447304426,0.1680080950853298
Storbreen,2037-03-01,-0.060060660540826115,0.16440585919541065,0.1844389768426041
Storbreen,2037-04-01,0.2945467566240671,-0.14852339657606836,0.34527889837794207
Storbreen,2037-05-01,0.27825396078011894,0.013428551252276572,0.03184013597608395
Storbreen,2037-06-01,0.03544931670442771,-0.17159672578868357,0.16608656001785074
Storbreen,2037-07-01,0.10000312014668462,0.056467718731524875,0.05522585585204811
Storbreen,2037-08-01,0.10658802824229063,0.17821929072356765,-0.06866770781302416
Storbreen,2037-09-01,-0.06781038543886093,0.01087843582040666,0.074137863311754
Storbreen,2037-10-01,-0.09665200842814914,-0.14418678603496068,0.0717502943197821
Storbreen,2037-11-01,0.4132572384198088,0.04665910505127648,0.1829088095463134
Storbreen,2037-12-01,-0.07678554857120316,-0.18008156061568462,0.12094402331810995
Storbreen,2038-01-01,0.1679575908599232,0.05355707592970161,0.17391360580789164
Storbreen,2038-02-01,-0.08901354920037281,0.34056115575911283,0.1945393464742724
Storbreen,2038-03-01,-0.1314511150537131,0.023458614589208216,0.08401169912454394
Storbreen,2038-04-01,-0.035668781969448,0.15724423266980278,0.19115924459483255
Storbreen,2038-05-01,0.18600817908171866,-0.1931989885008426,0.27823357738518006
Storbreen,2038-06-01,0.08793040072475332,0.3224366100844694,0.13275233189324118
Storbreen,2038-07-01,-0.1270448274771744,0.09236182254734071,0.2001832811509361
Storbreen,2038-08-01,-0.04789159607136267,0.38681416418664455,0.13835620574154092
Storbreen,2038-09-01,0.08943966015876353,-0.0719506505716851,0.2998829998398142
Storbreen,2038-10-01,-0.010808588942963234,0.29844250303269254,0.09739107826304588
Storbreen,2038-11-01,-0.22407971526928516,0.25372850628939614,0.06577383206109218
Storbreen,2038-12-01,0.21774040285757815,0.0405945814861988,0.11830320083385588
Storbreen,2039-01-01,-0.18537580598432446,-0.09370646997166136,-0.0018169711247035074
Storbreen,2039-02-01,0.3963303921121588,0.36464109817080176,-0.20525781810534938
Storbreen,2039-03-01,-0.016703769895534723,0.6742166583947835,0.2598252966927106
Storbreen,2039-04-01,0.0391801726446673,0.1699365541522537,0.07652834314470998
Storbreen,2039-05-01,0.043706648157937865,0.040328860200696655,-0.16749929237657457
Storbreen,2039-06-01,-0.10044347968661697,0.15090531279370004,-0.07613396252135919
Storbreen,2039-07-01,-0.061516667180801975,0.028944232785757185,0.1103381440061277
Storbreen,2039-08-01,0.13160176083632535,0.08625797347984192,0.2919276982181784
Storbreen,2039-09-01,-0.13782778386877056,0.24338415819605996,-0.15313559303106655
Storbreen,2039-10-01,0.21862252357060522,0.09251981881120865,-0.13738904046973435
Storbreen,2039-11-01,0.05486065744791502,0.1263676139149452,-0.07985142460341053
Storbreen,2039-12-01,0.18756889330405138,-0.2159176723418684,0.14148784755866353
Storbreen,2040-01-01,0.3231727928972257,0.0062186128980409846,-0.4121830737215255
Storbreen,2040-02-01,0.03022917598462162,0.2530061562551416,-0.02522911669518962
Storbreen,2040-03-01,0.1256880026604599,-0.09678352559169827,-0.10949195863689853
Storbreen,2040-04-01,-0.09263176509322639,0.4043804866715297,-0.03855860869059958
Storbreen,2040-05-01,-0.1388953621810529,0.29939122960711645,0.10675740482717555
Storbreen,2040-06-01,0.12630602950836037,0.04349439543824377,0.15199530535787487
Storbreen,2040-07-01,-0.044503049132399754,0.20366330998139257,-0.015455575872757353
Storbreen,2040-08-01,0.18272516779391243,-0.2023175041268732,0.005677878994154566
Storbreen,2040-09-01,-0.06601119975974397,-0.039541662065906,-0.015152675444973757
Storbreen,2040-10-01,0.10811373513671568,0.12236323860399272,0.01556710316762043
Storbreen,2040-11-01,-0.2107715681845106,0.11865990642140528,-0.21561412493623633
Storbreen,2040-12-01,-0.23475042779559316,0.15803638678098453,-0.00789353366708227
Storbreen,2041-01-01,0.7783660732839376,-0.10400727848811854,-0.043065898898664016
Storbreen,2041-02-01,0.6936172588486956,-0.037381229008389034,0.19856767414907317
Storbreen,2041-03-01,0.028673479644468005,0.5822114229332912,-0.18756587413904055
Storbreen,2041-04-01,-0.02919789044695915,-0.337267966953743,0.1947032759708042
Storbreen,2041-05-01,-0.06687715970751545,0.38686021180092905,0.08816573235790408
Storbreen,2041-06-01,0.05618708507751754,0.3524995308248687,-0.012275982742677787
Storbreen,2041-07-01,0.12326117261118803,0.2145320897095029,0.17849368274920274
Storbreen,2041-08-01,0.27742593095605156,0.12326656194833673,0.14796275187352315
Storbreen,2041-09-01,0.2821549668662833,0.15101462913653121,0.09252396223018015
Storbreen,2041-10-01,0.05784636219684852,0.3622375305798747,0.1001558253909207
Storbreen,2041-11-01,0.522586562334816,-0.17920752813668303,0.2494097559823687
Storbreen,2041-12-01,0.44136504604657834,0.19542477783846376,-0.1742910311071346
Storbreen,2042-01-01,0.18000411471702304,-0.07252679147855108,-0.39659816257549324
Storbreen,2042-02-01,0.07049393797846713,0.14491980185294986,0.484477222038284
Storbreen,2042-03-01,0.023365608971291797,-0.16856847675915362,0.1350923185028128
Storbreen,2042-04-01,0.09423106374127975,-0.09854783969922958,0.2931244693705091
Storbreen,2042-05-01,-0.009198082064074416,-0.17557969694374984,-0.08850057642835103
Storbreen,2042-06-01,0.17130864481235808,0.11167162953496389,0.2393755130215881
Storbreen,2042-07-01,-0.013839724001778539,0.24707522487014735,0.16864159892954242
Storbreen,2042-08-01,0.18991398849592908,0.11474055335377764,0.26038444644664127
Storbreen,2042-09-01,0.15961505154562475,0.1888502993361952,-0.0008896634598112158
Storbreen,2042-10-01,-0.0732268617915035,0.10796774816107098,-0.18485215142846237
Storbreen,2042-11-01,0.300542725454511,0.05719385192322637,0.015828563948722573
Storbreen,2042-12-01,-0.05950857487783401,0.027993931556683223,0.30555532086327214
Storbreen,2043-01-01,-0.3144391950471677,-0.08125991188253845,0.125134902233888
Storbreen,2043-02-01,-0.3026679330574404,0.5544590257012743,0.013120206387779906
Storbreen,2043-03-01,0.017828237910343266,-0.023991604913267007,-0.024203781770523642
Storbreen,2043-04-01,-0.11035549087321524,-0.002296961746304005,0.17336533054748782
Storbreen,2043-05-01,0.3858788467149467,-0.04783311914551943,-0.01981493215801589
Storbreen,2043-06-01,-0.03410608636209724,0.3199360569951617,-0.03496151523628318
Storbreen,2043-07-01,0.18157983329773444,0.3662223106811637,-0.16823275093392295
Storbreen,2043-08-01,0.4455687426925871,0.25604028146077856,-0.12863178309818746
Storbreen,2043-09-01,0.17669607243174398,0.15740044759094454,0.2830561379218061
Storbreen,2043-10-01,0.07869556506074223,-0.14158434312038395,0.08385045042000977
Storbreen,2043-11-01,-0.048552053335396035,-0.14720631064358006,0.11584246677347543
Storbreen,2043-12-01,-0.10327907938481375,0.3526021403724073,0.050049306885887455
Storbreen,2044-01-01,-0.02843601734805634,0.2561589112564098,0.0030400560342665564
Storbreen,2044-02-01,-0.08714593630541413,0.2435652964652826,-0.10155800290054103
Storbreen,2044-03-01,0.4500855848261664,0.16622641599396706,0.26221081959666154
Storbreen,2044-04-01,0.052570597624544545,-0.1505090885513056,-0.11478032380356001
Storbreen,2044-05-01,-0.11866596398915756,-0.07229138562701438,-0.07481531006030794
Storbreen,2044-06-01,0.21842872609031241,-0.07083669158911034,0.0972313263083312
Storbreen,2044-07-01,0.33111520089950003,0.10150170332153978,-0.07419395214427409
Storbreen,2044-08-01,0.2532345433278074,0.157168107420283,0.04710405484896337
Storbreen,2044-09-01,0.33030757440051806,0.2628270629710728,-0.09196477109770436
Storbreen,2044-10-01,0.24398675621393381,0.04320332051652811,0.06655186547768138
Storbreen,2044-11-01,0.08810527704912809,-0.07898742477248476,0.15273764450491908
Storbreen,2044-12-01,-0.45086167358720086,0.004856016190881963,0.40196654232202866
Storbreen,2045-01-01,0.1246879821860681,-0.048456194493535554,0.4034648532635577
Storbreen,2045-02-01,-0.12265177697729022,0.10810054264651221,-0.17494638310171629
Storbreen,2045-03-01,0.31777104791957717,0.09489747058729918,0.02196088718183915
Storbreen,2045-04-01,0.057084749110032584,0.301499569467488,0.3190972127691279
Storbreen,2045-05-01,-0.07753724689163122,0.2769580946303957,0.013174782935640913
Storbreen,2045-06-01,0.0847543444742171,0.0735365006354549,0.10778018453156764
Storbreen,2045-07-01,-0.055138442050523324,-0.15004554873102752,0.21836826535465806
Storbreen,2045-08-01,0.36064723526807746,0.15758227728495913,0.2708128844286719
Storbreen,2045-09-01,-0.12669217020889276,0.13064349380274407,-0.2225050342310577
Storbreen,2045-10-01,-0.1363217386908202,0.01947051820135017,0.39976971366720604
Storbreen,2045-11-01,-0.05702404974018401,0.23536210321354464,0.04240712184354933
Storbreen,2045-12-01,0.10499978037097861,0.1052693793971552,0.11048717141519655
Storbreen,2046-01-01,0.056676626333836376,0.22762622057343732,-0.003798534423850077
Storbreen,2046-02-01,0.43293928424529265,0.28208126083799673,-0.3173708191791949
Storbreen,2046-03-01,0.20231112106637805,0.20231028595743913,0.17850076383623512
Storbreen,2046-04-01,0.2473084843205582,0.1884156894028535,0.009188429011779686
Storbreen,2046-05-01,0.02817507282668419,-0.26005773761036627,0.3752534781206967
Storbreen,2046-06-01,-0.03881023835647878,-0.03590733630677544,0.0783910550750083
Storbreen,2046-07-01,0.14741557207842412,-0.07058982395274971,0.10493915269373007
Storbreen,2046-08-01,-0.10613591289031676,0.3500003861151973,0.01017106143006656
Storbreen,2046-09-01,-0.017350023481113218,-0.09682926176406004,-0.003665254546261524
Storbreen,2046-10-01,-0.13624217365939253,0.15074229818754828,0.019003326430374747
Storbreen,2046-11-01,0.3164958856923919,-0.04802430383614009,0.4879160074799809
Storbreen,2046-12-01,0.15494844903731134,0.10082278051827263,0.11894015704271955
Storbreen,2047-01-01,0.21818666114503657,-0.10550740048246143,-0.4071297057684892
Storbreen,2047-02-01,0.2077670333880708,-0.14800150662816022,-0.17849444562098904
Storbreen,2047-03-01,-0.03830194476447472,-0.12837880535963872,-0.14320958742692105
Storbreen,2047-04-01,0.23582281833673494,0.09735074505735793,-0.2729918578808122
Storbreen,2047-05-01,-0.08688091278007588,0.07418485480025387,0.19202976202080357
Storbreen,2047-06-01,0.06429487280891209,0.15769486590445575,-0.004049497166288771
Storbreen,2047-07-01,0.053589832050149964,0.0020360516602422746,0.03480366362410784
Storbreen,2047-08-01,-0.015281336833346917,0.2297435079031105,-0.06667672852410568
Storbreen,2047-09-01,0.2459751538504026,-0.04366038414822176,-0.13901411002863448
Storbreen,2047-10-01,0.37665784867509605,-0.14883082352214613,0.08468612032634208
Storbreen,2047-11-01,0.35527700394425193,-0.019010988991402324,0.0761893163256079
Storbreen,2047-12-01,-0.05013421382924038,-0.16636542850663336,0.39571415417148303
Storbreen,2048-01-01,0.2519417275148075,0.00568179956210621,-0.2339663559485429
Storbreen,2048-02-01,0.30813635758955754,-0.2574531010987741,-0.0632717288678471
Storbreen,2048-03-01,0.14386915552091864,-0.1377800428587753,0.049757719225806435
Storbreen,2048-04-01,0.5570443061164579,0.06414977226853628,-0.024154481269095935
Storbreen,2048-05-01,0.05494476013559468,0.14500946337017587,0.1452234917314808
Storbreen,2048-06-01,0.2897660174556121,-0.08659540253586406,0.1544669294797528
Storbreen,2048-07-01,0.21304169766777492,-0.15869506918889428,0.06731511690443005
Storbreen,2048-08-01,0.0046627812756042525,0.22036015513043283,0.21032233478770004
Storbreen,2048-09-01,0.23867253744407468,0.03407924645426009,0.3561294884328367
Storbreen,2048-10-01,-0.3843878352934049,0.14476199288060002,-0.027195529350018306
Storbreen,2048-11-01,0.16204790776097214,-0.018901872829921746,0.1172757498127931
Storbreen,2048-12-01,0.014389022519850232,0.013414250303038925,0.29676481649012165
Storbreen,2049-01-01,0.061788717000641834,-0.026909457035085765,-0.039281533550276033
Storbreen,2049-02-01,-0.279458742203952,-0.06067324323515707,0.09335253904026591
Storbreen,2049-03-01,-0.04351552819049659,-0.13428890401855711,-0.0977316253006411
Storbreen,2049-04-01,0.098542324984683,-0.2498780636293445,-0.24581008908402502
Storbreen,2049-05-01,0.0386527984452848,0.11939224416898729,0.19271915053831265
Storbreen,2049-06-01,0.1528148065980187,-0.24964928665148037,0.14647683068266887
Storbreen,2049-07-01,0.552982499839478,0.01019738399731031,-0.10722921735890052
Storbreen,2049-08-01,0.26764500248623185,-0.15779861513654136,0.1615599802229077
Storbreen,2049-09-01,0.16671497366197432,-0.008438523488731857,0.321840504778526
Storbreen,2049-10-01,-0.013802570996690557,0.2002631868635243,0.13992108081778523
Storbreen,2049-11-01,-0.16526537249495638,-0.11791839805335791,0.16861778922814977
Storbreen,2049-12-01,0.3125655561683951,-0.023427449751361417,0.02615297908027801
Storbreen,2050-01-01,0.030307346880048755,0.019835463590816293,-0.1501298703776923
Storbreen,2050-02-01,0.44930041069734966,-0.06709784475646803,0.1946737148030194
Storbreen,2050-03-01,0.11678931659978659,0.45325712068885854,-0.12676103438528877
Storbreen,2050-04-01,-0.21913057092966928,0.2466626848462886,0.05112576305876574
Storbreen,2050-05-01,0.12966582894197737,0.07851053650457097,-0.10134968078315616
Storbreen,2050-06-01,0.1269256821361552,-0.13625914094399527,0.2652024296939052
Storbreen,2050-07-01,0.04924743918556317,-0.04302196007547071,-0.020564360306926478
Storbreen,2050-08-01,-0.15937061873858882,0.020394430742915196,0.00351985001560016
Storbreen,2050-09-01,0.2470092423325965,0.2052354856528452,0.02905818688292115
Storbreen,2050-10-01,-0.2732208301732058,0.16191723379617992,0.1082455996488384
Storbreen,2050-11-01,-0.02864723459558775,-0.02474701149598744,0.22966762387728393
Storbreen,2050-12-01,-0.06717172640939056,-0.06246267269165439,-0.20382973443288596
Storbreen,2051-01-01,-0.28426477051739274,0.11101570964382673,0.2712944582881774
Storbreen,2051-02-01,0.06262471287905806,0.2908973270996377,0.3623912105161479
Storbreen,2051-03-01,-0.05746146612809333,0.04961477762273755,-0.09232233552956298
Storbreen,2051-04-01,0.602460403946603,-0.05664654773674407,0.03622281626628233
Storbreen,2051-05-01,-0.012820122667839606,-0.044261951679531286,0.2710915659553657
Storbreen,2051-06-01,0.014816443742194022,0.31424250745890975,0.042982240497451675
Storbreen,2051-07-01,0.028069804523547612,0.15266312988078654,-0.04804540083547862
Storbreen,2051-08-01,0.372797796042111,0.027241643037069982,0.11362948700436863
Storbreen,2051-09-01,-0.015548983496958943,0.3664234511595154,-0.14486444283733912
Storbreen,2051-10-01,-0.18623719564313687,-0.1659634628983293,0.19715011785991834
Storbreen,2051-11-01,0.09217986396625431,0.29482907311430184,0.15538592578800822
Storbreen,2051-12-01,0.22637687356896277,0.09036439086080165,-0.4037209302763031
Storbreen,2052-01-01,0.07700657920870661,0.10272636345045177,-0.1219789988116569
Storbreen,2052-02-01,-0.10497541838659415,0.03718716019083609,0.32484540702678477
Storbreen,2052-03-01,-0.07981309783197031,-0.020341212957788752,0.0659433785953173
Storbreen,2052-04-01,-0.3345259831706649,-0.19715418412260258,-0.10955745814593003
Storbreen,2052-05-01,0.1829756690966465,0.15117789106182758,-0.03211613848420638
Storbreen,2052-06-01,0.15824218303997617,-0.003182062792488005,-0.13019036581593998
Storbreen,2052-07-01,0.4454492609147156,0.19235214492641317,0.32485832346724
Storbreen,2052-08-01,0.10034725655771348,-0.06978213899611412,-0.014967453384817581
Storbreen,2052-09-01,0.03993883943240049,0.15892464876516119,0.24089970075736936
Storbreen,2052-10-01,0.32192607171684967,0.014604263114458555,0.0004808935148112037
Storbreen,2052-11-01,0.40770947882718717,0.27218039275782696,0.044456604029577906
Storbreen,2052-12-01,0.2017865667883706,0.11966901286596343,-0.006905334721609045
Storbreen,2053-01-01,-0.14064464071543442,-0.06998000066997918,0.1351579573040153
Storbreen,2053-02-01,0.20214263585283931,0.03130657644892145,-0.2257562700577632
Storbreen,2053-03-01,0.30704764719693417,0.2286292503825078,-0.22725746548385226
Storbreen,2053-04-01,0.20526663866960346,0.016620548638442312,0.31435227623551965
Storbreen,2053-05-01,-0.03221520002917423,0.10059778158967032,0.23271924463414595
Storbreen,2053-06-01,0.2775230275031546,0.09704398674721705,0.1187132030090509
Storbreen,2053-07-01,0.39491836342710823,0.0240092885070258,0.19375175771408962
Storbreen,2053-08-01,0.21076865639235978,0.16646640908047408,0.19309983789088123
Storbreen,2053-09-01,0.2833946529324931,0.4245321040684001,0.17287869798541325
Storbreen,2053-10-01,0.3663095348411381,0.29332903744086347,0.2625092721570927
Storbreen,2053-11-01,0.007202043525632145,-0.06002474626031048,0.02497955166645242
Storbreen,2053-12-01,0.03219771544581008,-0.23524111166766323,-0.09072625471801139
Storbreen,2054-01-01,-0.0469454966843442,0.18030142793858442,0.05250143860424702
Storbreen,2054-02-01,-0.0702597863163754,0.13319478252603761,-0.05973651430434527
Storbreen,2054-03-01,0.6193549291549739,0.47850394391496315,-0.11268431170887938
Storbreen,2054-04-01,0.055089402539218235,0.3045798673726195,0.03231994968071266
Storbreen,2054-05-01,0.16083487521928982,0.045785892712522196,0.02214173622813237
Storbreen,2054-06-01,0.012913684942837492,0.09238913792657695,-0.2556173639702737
Storbreen,2054-07-01,0.04294534982055598,0.2167419335395834,0.31176827127926776
Storbreen,2054-08-01,0.07945955364521089,0.2611950247038099,0.11583326032935819
Storbreen,2054-09-01,0.3382101998269049,-0.09090532889025837,-0.02766748233723436
Storbreen,2054-10-01,0.18507188155497858,0.1084569569614036,0.1692176740363597
Storbreen,2054-11-01,0.07539410787746222,0.3499025632024599,-0.24201671762870103
Storbreen,2054-12-01,0.05018831429620222,0.24927483055125507,-0.07813475517639344
Storbreen,2055-01-01,-0.17268784373881096,-0.18919006015752507,0.1705218096250775
Storbreen,2055-02-01,-0.31242054815103887,0.05421741759496284,-0.3915256000590532
Storbreen,2055-03-01,-0.07464705361672158,-0.10985889498809893,0.08806959843410485
Storbreen,2055-04-01,0.05014227056570116,0.3385946854975794,-0.004394293475437512
Storbreen,2055-05-01,0.1288647725213601,-0.12856927621326925,0.02670845566519853
Storbreen,2055-06-01,0.04515375939745823,0.040424111597402924,-0.02829719687157205
Storbreen,2055-07-01,-0.09652147819403711,-0.0425503497252682,0.136627626693496
Storbreen,2055-08-01,0.09088944636325404,0.08133618383072598,0.09211282391409419
Storbreen,2055-09-01,-0.19899703473618993,0.09572691655908527,0.10004924625951356
Storbreen,2055-10-01,-0.17259098098914674,0.03533084873545663,0.15308451222244368
Storbreen,2055-11-01,-0.21882179144431835,-0.026375326500803885,-0.17892917742587247
Storbreen,2055-12-01,0.4855694862920588,-0.00879669271851887,-0.005374752031547835
Storbreen,2056-01-01,-0.3278187182349897,0.09853632529864216,0.1601541863753545
Storbreen,2056-02-01,-0.0597438132246505,-0.06848276377581984,-0.2293185488777507
Storbreen,2056-03-01,-0.042754271125287624,0.05189101935793403,0.0399408860943564
Storbreen,2056-04-01,0.35714879060154164,-0.19320822152873338,-0.06282349921385473
Storbreen,2056-05-01,-0.020185026864742817,-0.19687245782132146,0.010737820518169341
Storbreen,2056-06-01,0.44050946701403787,0.21905183767748868,0.023399590431282594
Storbreen,2056-07-01,0.16741251325759984,0.39007990060333203,-0.09106209895775876
Storbreen,2056-08-01,0.11154527214816708,-0.3536566275178153,0.02133275051421783
Storbreen,2056-09-01,-0.1314419672297804,0.13733688147884707,-0.035889887921723464
Storbreen,2056-10-01,-0.2697384424428439,-0.1373798764030061,-0.397989601593876
Storbreen,2056-11-01,0.03484774908745813,0.009912448218262261,-0.1532233802941961
Storbreen,2056-12-01,0.4684480288383916,-0.12134426739648636,0.03455742371788426
Storbreen,2057-01-01,0.48110073903626,0.10731744274581105,0.35495262843750863
Storbreen,2057-02-01,0.2875707275403469,0.21122078728159757,-0.25177484867902544
Storbreen,2057-03-01,0.2439389092579133,-0.08430553478992615,-0.13808681498905284
Storbreen,2057-04-01,0.08985787016071517,0.03796441015850899,-0.08495136255937048
Storbreen,2057-05-01,-0.03550514758310038,-0.022655838372443,0.4183928041711374
Storbreen,2057-06-01,-0.08762479944308883,0.1248246863692719,0.06960801096889217
Storbreen,2057-07-01,-0.21739272541279983,-0.22984929381751618,0.21156889883870814
Storbreen,2057-08-01,0.18689706483912524,0.27515873230934434,0.2368947451031489
Storbreen,2057-09-01,-0.13828575653550634,-0.02098778235355393,0.23280209796282744
Storbreen,2057-10-01,0.020284965381972865,-0.09836575601354092,0.2602857486562596
Storbreen,2057-11-01,-0.044744447973929846,0.009206523324270917,-0.061104746677023154
Storbreen,2057-12-01,0.13849989623770587,-0.04342352255617373,0.15524090609947205
Storbreen,2058-01-01,-0.0037217664760697245,-0.21658450389112205,0.2581546514195117
Storbreen,2058-02-01,0.11730482105737805,0.27551320777600397,0.3138905001612076
Storbreen,2058-03-01,0.14044002990149726,0.057564655039647146,0.05647864010771355
Storbreen,2058-04-01,-0.09332706563675104,-0.1391566103462334,0.16360588580229862
Storbreen,2058-05-01,-0.003064954024089697,0.31368565786307717,-0.01590976364654957
Storbreen,2058-06-01,0.2685702592408458,0.016863691283106046,0.020175935965034423
Storbreen,2058-07-01,0.20553363192498778,-0.1292865865194679,-0.01928880515251306
Storbreen,2058-08-01,0.05166318105372345,0.013225629772490392,0.10444914277756961
Storbreen,2058-09-01,-0.022942427709377402,0.1362169164647906,0.006228634022388911
Storbreen,2058-10-01,0.18114190127510002,0.09773741053168918,-0.06303626597576692
Storbreen,2058-11-01,-0.07738787253247226,0.15473264388341532,-0.09921473290623208
Storbreen,2058-12-01,0.04773150633012119,-0.027146519231635354,0.26686200507550095
Storbreen,2059-01-01,0.10213893547808646,0.05645093073861618,-0.010591603386307958
Storbreen,2059-02-01,-0.2588477413402048,-0.19789705221924855,0.5083616695237914
Storbreen,2059-03-01,0.5240536404700206,-0.05783490532919958,-0.05629978231671869
Storbreen,2059-04-01,0.09921520079815822,-0.13078895497863077,0.14688913156580272
Storbreen,2059-05-01,0.042537081129965015,0.1832148051402099,0.04611002661891463
Storbreen,2059-06-01,0.11021909833623578,0.03266526716421145,0.08443806399078885
Storbreen,2059-07-01,0.01886501873525176,-0.08457495677526668,-0.009134941691403572
Storbreen,2059-08-01,0.29579006186673706,0.0876572650824408,0.1731696555764218
Storbreen,2059-09-01,0.15468034251250845,-0.024827060231008627,-0.09126287777830637
Storbreen,2059-10-01,0.06775163968678673,0.08949242522774935,0.3212710535142765
Storbreen,2059-11-01,0.015084594860150749,-0.31814282665516014,0.08164410296437075
Storbreen,2059-12-01,0.08982618505206637,-0.07292518286749204,0.023533465483235105
Storbreen,2060-01-01,-0.276065689414267,0.04425834242280092,-0.03793422441414492
Storbreen,2060-02-01,-0.32956041025603966,0.13693027264691535,0.006179672665855253
Storbreen,2060-03-01,-0.23727373250704978,-0.115419325928294,-0.1253967997219846
Storbreen,2060-04-01,0.13111572991492637,0.14908511701173807,0.448054090590065
Storbreen,2060-05-01,0.004863325581506514,0.09731752298755443,0.2313663142172889
Storbreen,2060-06-01,0.20189783868083622,0.062272185348264626,0.05592715826432918
Storbreen,2060-07-01,0.08291030767800417,0.0468922197192114,0.08935009113975219
Storbreen,2060-08-01,0.03084340114535189,0.1215270265856359,0.11887235882571012
Storbreen,2060-09-01,-0.11945717408230823,0.045025507430900745,0.11376413218494759
Storbreen,2060-10-01,0.18876266872490913,0.30197545044797064,-0.07270772167619652
Storbreen,2060-11-01,0.18663570931710013,0.15394699961805586,-0.08548151298147066
Storbreen,2060-12-01,-0.36045954268166475,-0.09538789496852558,0.14772238575678934
Storbreen,2061-01-01,-0.008024252181888925,0.017633378561376225,0.21879440828218744
Storbreen,2061-02-01,0.0780642385858084,-0.014930880951191149,0.4803396511258911
Storbreen,2061-03-01,0.1700838042925296,0.15149350400134665,0.07988840487166686
Storbreen,2061-04-01,0.0902569179975734,-0.2328048145912368,-0.052000373540973484
Storbreen,2061-05-01,-0.04791039558008423,0.047131606957036415,0.21094580430839738
Storbreen,2061-06-01,-0.06102830064264617,0.41400039357224544,0.13740552809515963
Storbreen,2061-07-01,0.4250565046657466,0.005871107749685319,0.1579707011926602
Storbreen,2061-08-01,-0.043141985103560605,0.10065743992201087,0.05672850159490923
Storbreen,2061-09-01,0.09147409805054714,0.03373951076567538,0.29179282200815204
Storbreen,2061-10-01,-0.1899576967661123,0.0008532674446337837,-0.012790151288921034
Storbreen,2061-11-01,0.18417025720442592,0.07506311878077686,0.13567477787153623
Storbreen,2061-12-01,0.30096840116248297,0.050446879371561976,0.02049915243584751
Storbreen,2062-01-01,0.39257946464718385,-0.03351120471019531,0.13341274089920852
Storbreen,2062-02-01,0.1246757151908433,-0.023522080734624157,-0.34360934925942593
Storbreen,2062-03-01,-0.02825177026738281,0.031043609908334182,0.19117114670244506
Storbreen,2062-04-01,0.08433544432541851,0.07995896551148662,0.08505139128155163
Storbreen,2062-05-01,0.1980511850702976,-0.024054276404513675,0.17939737615285356
Storbreen,2062-06-01,0.09618624705162486,0.16398155863788957,-0.03597345984827069
Storbreen,2062-07-01,0.2142515081618009,0.13201046251075613,0.1271697169490393
Storbreen,2062-08-01,-0.10131239007833315,-0.010369605704507914,0.031238737063952998
Storbreen,2062-09-01,0.2891574366100419,-0.05231050301120479,0.14196348130589984
Storbreen,2062-10-01,0.11659751986222693,-0.1401283165898575,0.15403368439854534
Storbreen,2062-11-01,0.14460229692250623,0.34144491618499195,0.2774446188504715
Storbreen,2062-12-01,-0.019137767783583982,0.08619221551956718,0.12511068783126542
Storbreen,2063-01-01,-0.1602430424989694,0.2479045637411557,0.18984611623191658
Storbreen,2063-02-01,0.32905091085314836,0.20009561425742442,-0.07259823982819676
Storbreen,2063-03-01,0.2593642592335289,-6.218118342986763e-05,0.4637321647698342
Storbreen,2063-04-01,-0.006334956342275266,0.2751275470154538,0.3083575527359022
Storbreen,2063-05-01,0.13011262448848523,0.18642484875342627,0.059216060283900925
Storbreen,2063-06-01,-0.06344977181103371,0.1385352591921221,0.005879818457380841
Storbreen,2063-07-01,0.008189144766657164,0.1273772991412084,0.024153256671591416
Storbreen,2063-08-01,-0.08133703246441816,-0.03923768398785818,-0.07264896975386662
Storbreen,2063-09-01,-0.05948248934232598,0.21244748454713477,0.05180860240623911
Storbreen,2063-10-01,-0.14004105616189663,0.37840981103658605,-0.11040740818282892
Storbreen,2063-11-01,0.0932132413654108,-0.08477504894631911,-0.22695964830379411
Storbreen,2063-12-01,-0.18201955129538147,0.27242224732880715,0.04367413433276366
Storbreen,2064-01-01,0.4208239032314676,0.29272872480874185,0.03444551058587866
Storbreen,2064-02-01,-0.26042145895918417,0.020947213699428164,0.33102656684047016
Storbreen,2064-03-01,0.007861006263464193,0.14791509986734372,0.10881322444009045
Storbreen,2064-04-01,0.04150639953816782,0.1011785623021421,-0.17463400353543887
Storbreen,2064-05-01,-0.06674036598962999,0.018114731784897597,-0.0427256369229286
Storbreen,2064-06-01,0.3490792755057169,0.12740498511543952,-0.1440027347167798
Storbreen,2064-07-01,-0.022437391420509666,-0.10440794558219031,0.05674996644634741
Storbreen,2064-08-01,0.20341315029769622,0.19447238942677716,0.09781623671476104
Storbreen,2064-09-01,0.302094842710409,-0.061630871614426354,0.1543241564114091
Storbreen,2064-10-01,0.03991205080338325,0.18553610586581712,0.33010235091031676
Storbreen,2064-11-01,-0.220292273345027,0.24281365224734816,0.3094321904560398
Storbreen,2064-12-01,-0.030471645865144267,0.3020912002771301,0.05632136081255312
Storbreen,2065-01-01,0.2655509308131104,-0.0419576710324468,0.4132816954946956
Storbreen,2065-02-01,0.17923127537935488,-0.20526624821794223,0.40378166675343485
Storbreen,2065-03-01,0.36791526547121506,0.15807271875954568,0.26015031681772416
Storbreen,2065-04-01,0.06897871447186987,0.138499627234226,0.2810799817412158
Storbreen,2065-05-01,0.4654944660734655,-0.018878185031798667,0.06606552870254598
Storbreen,2065-06-01,0.11079217369330592,0.025109114730578506,0.14967138630884774
Storbreen,2065-07-01,0.10587552151725317,-0.08216000445809413,0.04296073784130617
Storbreen,2065-08-01,-0.3327746740117864,0.11912792514081504,-0.188718729366707
Storbreen,2065-09-01,0.0020155813182551885,-0.19916770877666023,-0.08582362927364963
Storbreen,2065-10-01,0.14741556929975322,0.21638541840893769,0.23477351630706936
Storbreen,2065-11-01,0.025986087084134486,0.12073981829203351,0.22100530356330741
Storbreen,2065-12-01,-0.0007806233097997125,0.38005720500152007,0.17591192975338785
Storbreen,2066-01-01,0.025489982388704452,0.06991832395346383,-0.2185323257324626
Storbreen,2066-02-01,0.21962705615247688,0.2489337942693521,0.5673371145977177
Storbreen,2066-03-01,-0.1741177842926124,0.23954571365263844,0.19343061558596117
Storbreen,2066-04-01,-0.26642910752559223,0.32923765961678453,0.05508479402469197
Storbreen,2066-05-01,0.10211380662835458,0.208467206581205,-0.20989536961869085
Storbreen,2066-06-01,0.20305593955833767,0.0020649903921583826,0.35107441172679055
Storbreen,2066-07-01,-0.13623141864564403,0.27807558596058635,0.31816371408822136
Storbreen,2066-08-01,0.07504809502958544,-0.006474843037465414,0.2084349291847167
Storbreen,2066-09-01,0.18493444571524095,-0.20062040598168518,0.13798783332805686
Storbreen,2066-10-01,0.26826846677416244,-0.04796279351782512,-0.10636825000087563
Storbreen,2066-11-01,-0.190344382767224,0.0963638612291063,0.2790931079436292
Storbreen,2066-12-01,0.08762429346355867,-0.012234606805159634,0.012046603127258077
Storbreen,2067-01-01,-0.030236106208095526,0.008970525219016671,0.40186494888649443
Storbreen,2067-02-01,0.13357897257902032,-0.15128340307270619,-0.22487571092784112
Storbreen,2067-03-01,0.2894395421016627,-0.08237944849229104,0.10306944049969008
Storbreen,2067-04-01,-0.10028173577230474,0.1385258993164912,0.3880076494404603
Storbreen,2067-05-01,0.2636394452309541,-0.026079091962647488,0.20314928650196254
Storbreen,2067-06-01,-0.19090814615750396,0.06929113535604908,-0.06640445404075065
Storbreen,2067-07-01,0.004076741296260511,-0.1418488875969758,0.07401325160339613
Storbreen,2067-08-01,-0.045527349367264186,-0.03816929193691208,-0.17603825716401392
Storbreen,2067-09-01,-0.017735430666959207,-0.266961365538892,0.13647453146302121
Storbreen,2067-10-01,-0.08452341485003749,0.04310426433890561,0.031067527366147457
Storbreen,2067-11-01,0.15532795954611248,-0.26246105552441973,0.29903797189892767
Storbreen,2067-12-01,0.052485266205955255,0.14244618389935096,0.21846952790268193
Storbreen,2068-01-01,0.056068659006130395,-0.08792681029191247,0.003891900228931026
Storbreen,2068-02-01,-0.10824158788383753,-0.13902843002310095,0.23207000422523097
Storbreen,2068-03-01,0.17196063420161414,0.15285404178488107,-0.01949438033037226
Storbreen,2068-04-01,0.14137849748102352,0.16188948130010675,-0.006316367955081351
Storbreen,2068-05-01,0.2240484900433605,0.30716534265257295,0.35612292536561413
Storbreen,2068-06-01,-0.2540390527586572,0.07669116436141167,0.0645329985340891
Storbreen,2068-07-01,0.18130121272897193,0.08215035317446616,-0.17507754418698465
Storbreen,2068-08-01,-0.1616548810404416,-0.30118673355254977,0.19734377768171388
Storbreen,2068-09-01,0.09788290280862366,-0.01755160340590841,-0.09460731981792804
Storbreen,2068-10-01,-0.1418016515263556,0.2740590647164134,-0.024050289466238443
Storbreen,2068-11-01,-0.11552659504139129,0.07731273414171834,-0.05306898035650121
Storbreen,2068-12-01,0.3139828485604222,0.08521709003523514,0.1891256792969375
Storbreen,2069-01-01,0.16101512169084464,0.2841949920187159,0.2144394049855345
Storbreen,2069-02-01,0.18449108812958026,0.26288792020069557,0.21306967678955857
Storbreen,2069-03-01,-0.15508813980006733,-0.11998038649901306,-0.0982743429170783
Storbreen,2069-04-01,-0.07645210740200169,-0.1824740669471764,0.12100490444924432
Storbreen,2069-05-01,-0.029180683989573065,-0.043941037973635654,0.18565777009200987
Storbreen,2069-06-01,0.011154466359581295,0.034330779538391726,0.00234567422044289
Storbreen,2069-07-01,-0.07861797650303358,0.17285554761191005,0.05166712517376764
Storbreen,2069-08-01,-0.11891595301625661,0.1217380035219337,-0.156421321322185
Storbreen,2069-09-01,0.1404545391866071,-0.05566107433084916,-0.03305226452294483
Storbreen,2069-10-01,0.11902274814608087,-0.018908502254410833,0.06262087799190187
Storbreen,2069-11-01,0.2556843105400062,0.005308531452280131,0.27764244989727893
Storbreen,2069-12-01,0.05334012029205426,0.1646414334599234,0.13496167684390628
Storbreen,2070-01-01,0.029271246871434297,0.09406631809764394,-0.010586726009556452
Storbreen,2070-02-01,0.2691150393998343,0.22561418065626637,-0.08190890787702769
Storbreen,2070-03-01,0.14131161352401359,-0.332441504759217,-0.14721258158944775
Storbreen,2070-04-01,-0.10404358139153713,0.208178456188704,-0.3706194460057362
Storbreen,2070-05-01,0.0663372828433347,0.17663022031042044,-0.09982296127006722
Storbreen,2070-06-01,0.2639187722978504,0.07863333441532173,0.2883796885352939
Storbreen,2070-07-01,0.08120222724294945,-0.12402609115900982,-0.08969903733122875
Storbreen,2070-08-01,0.10271865268263851,-0.09078709931449654,0.25051055446792697
Storbreen,2070-09-01,-0.05405247570706384,0.3352145104014211,0.27810883383490853
Storbreen,2070-10-01,0.16157898321723074,0.007088618422500717,0.25523700382990594
Storbreen,2070-11-01,-0.21494469171805575,0.03348731154299942,0.08515746838900484
Storbreen,2070-12-01,-0.18851945618428237,-0.03240914164266808,-0.01774989980759497
Storbreen,2071-01-01,0.055525145921532355,0.1192024470114487,0.1849851245027562
Storbreen,2071-02-01,0.12598883858429957,0.19454964564397628,0.29413770263681216
Storbreen,2071-03-01,0.0389684688222256,-0.23972390794848675,0.18967195383250615
Storbreen,2071-04-01,0.044614553680710566,-0.10584253844451104,-0.010823586916932026
Storbreen,2071-05-01,-0.11988787607251579,-0.09435543102751238,-0.06204054942296838
Storbreen,2071-06-01,-0.0026467617802079352,-0.15376355350431367,-0.04940807836219365
Storbreen,2071-07-01,0.004313896129754825,-0.13313092895850298,0.20770863624972616
Storbreen,2071-08-01,0.17498666846436148,0.12027333315742077,0.1513430641932633
Storbreen,2071-09-01,0.41708641949188574,0.08568464185025106,0.08197821815797145
Storbreen,2071-10-01,-0.0376745674986658,0.2352018787477459,-0.009623213959142224
Storbreen,2071-11-01,0.49522331471604913,0.13451714962514894,0.015725530598445277
Storbreen,2071-12-01,-0.0429649328409318,-0.07703309607802768,0.18819527493490698
Storbreen,2072-01-01,-0.09793252048860801,0.20003198356873955,-0.2192915828754064
Storbreen,2072-02-01,-0.36954034785325535,0.04525143104775031,-0.004681283089954874
Storbreen,2072-03-01,-0.05594757693235752,0.13501048653666553,0.15777316029891333
Storbreen,2072-04-01,0.0712294554502901,0.2416700594343655,0.3306417562355974
Storbreen,2072-05-01,0.10301808121781865,0.03718870272211033,0.08150156229748405
Storbreen,2072-06-01,0.20933613735865167,0.04646023206222128,-0.006613924239281925
Storbreen,2072-07-01,0.11560062984973674,0.1743827622450247,0.015613908329563437
Storbreen,2072-08-01,0.3554913409261992,-0.07653132719171844,0.07760542994234268
Storbreen,2072-09-01,0.22704181311860402,-0.016539552726972617,-0.02528446382543065
Storbreen,2072-10-01,0.18109807506307604,-0.18673686905680908,-0.43150845957647466
Storbreen,2072-11-01,-0.09138375488198132,-0.1819435912513768,0.27159261418248154
Storbreen,2072-12-01,-0.008226268788179327,0.20368629353971793,0.14964054808252633
Storbreen,2073-01-01,0.21594564617303114,0.010430164139243017,-0.11371736949193807
Storbreen,2073-02-01,0.06259689553301818,0.3036908743464959,0.18077856405797457
Storbreen,2073-03-01,-0.08085501408299159,-0.10779960447749426,-0.003069824289806858
Storbreen,2073-04-01,0.15219690933821306,0.03128855358867399,0.16795558066404478
Storbreen,2073-05-01,-0.16957914305772973,0.13062238525443245,-0.01215908710281352
Storbreen,2073-06-01,0.16276938599966143,-0.0024396565879128787,0.16520162244033376
Storbreen,2073-07-01,-0.027843799070485686,0.43063854937121987,0.02351321363633073
Storbreen,2073-08-01,-0.15591009978322948,0.18116374225795917,-0.14157894039036098
Storbreen,2073-09-01,-0.1302513030624655,-0.33236328490167816,0.280508965382949
Storbreen,2073-10-01,0.28572425216491515,0.0010974770106497351,0.14220898832750928
Storbreen,2073-11-01,-0.06342138988343222,-0.009904797418129704,-0.07989802091118299
Storbreen,2073-12-01,0.23697828050172295,0.44473237734121085,-0.11722960052914767
Storbreen,2074-01-01,0.030389927698513577,0.15121507489465744,0.11172183649084157
Storbreen,2074-02-01,0.2128661675209892,0.007514888178349231,0.4788201577249717
Storbreen,2074-03-01,-0.10531171607854088,0.28589565391500166,0.1947060997664192
Storbreen,2074-04-01,0.5679289695638495,0.21810751114461946,-0.12707376992527356
Storbreen,2074-05-01,-0.09626745721472733,-0.054307266550291854,0.12184103605759743
Storbreen,2074-06-01,0.08517282601091375,0.0857013125886412,0.2714904500241486
Storbreen,2074-07-01,0.18599988753493601,-0.005611813997756121,-0.060146154892636444
Storbreen,2074-08-01,-0.0927404671825461,-0.04310155421910269,0.006107158281764394
Storbreen,2074-09-01,0.12789569927154146,-0.14473976627777588,0.04881920761605844
Storbreen,2074-10-01,0.17942857692153158,-0.17821693169347977,0.3956790434309929
Storbreen,2074-11-01,-0.15141284474022695,-0.10726153287761098,0.23535842038267232
Storbreen,2074-12-01,0.10318871563071726,0.13381492828653718,-0.04824300251155971
Storbreen,2075-01-01,0.26010411387393967,-0.035939419145687275,0.21767600842977397
Storbreen,2075-02-01,0.3278589480732898,0.1489843136400666,0.03227697018378017
Storbreen,2075-03-01,0.31861702577066237,0.11291332627014171,0.0276993604382752
Storbreen,2075-04-01,0.17702022580140672,0.05230505181053299,-0.36498324314935465
Storbreen,2075-05-01,0.21750468391179437,0.0970350539122643,0.17344703523623461
Storbreen,2075-06-01,-0.0225454873667007,-0.14511264849100616,0.002703924522038402
Storbreen,2075-07-01,0.046412032753430754,0.36987213325627444,0.17118644840806077
Storbreen,2075-08-01,-0.1664921326353448,0.08619110323376794,-0.02413200315644058
Storbreen,2075-09-01,0.09685098797375158,0.43999502408746466,0.027265168013416927
Storbreen,2075-10-01,0.002637952032658338,0.2393733260596359,0.12776088076459619
Storbreen,2075-11-01,-0.20007537211102897,0.028927699071476968,0.012157998464296297
Storbreen,2075-12-01,-0.07122746389124902,0.0022181502979686935,0.304162530710777
Storbreen,2076-01-01,0.18945837954799075,0.2300344178247122,0.1412361635846924
Storbreen,2076-02-01,0.019927129477250272,0.01327522966221161,0.08523151199084743
Storbreen,2076-03-01,0.11438704011735139,0.05973770867920413,-0.14928857724584435
Storbreen,2076-04-01,0.12487154120740868,0.015719254838517202,0.2279861960175725
Storbreen,2076-05-01,-0.17256554226638787,-0.06880263535381236,0.3651204310339813
Storbreen,2076-06-01,-0.10492094730142489,0.14883243119465198,0.09141531039451982
Storbreen,2076-07-01,0.07582910297619028,0.22040693745302697,-0.19690439237505872
Storbreen,2076-08-01,-0.05832437337245994,0.2462271168959641,-0.03764610991830262
Storbreen,2076-09-01,-0.11471024606949552,0.1197932954841675,-0.13175968676953298
Storbreen,2076-10-01,0.012917481281944296,0.16862535502900977,-0.14453389027077285
Storbreen,2076-11-01,0.18879592404941317,0.17832683467092705,0.009217524340196485
Storbreen,2076-12-01,0.4070344350889195,-0.017247228631906423,0.07108107940612589
Storbreen,2077-01-01,0.4206068400550091,0.1178471982845316,-0.04936625417011098
Storbreen,2077-02-01,0.1826721586732846,0.20744312402722334,-0.00720939320667395
Storbreen,2077-03-01,0.1800234269625358,0.43274291382436,0.16145895171271685
Storbreen,2077-04-01,0.24190592878959083,-0.16056129838471528,0.05130192839310651
Storbreen,2077-05-01,0.15663089064085153,0.18095740015836392,0.05492862842126032
Storbreen,2077-06-01,0.22269832893961275,0.023024983843022845,0.09526604147564344
Storbreen,2077-07-01,0.13462375258300777,0.12692408308912997,0.08597234450134354
Storbreen,2077-08-01,0.12092085905655275,0.015384983687507089,-0.11287797075896344
Storbreen,2077-09-01,-0.049530242319082034,-0.007066756659694269,-0.06162855942227885
Storbreen,2077-10-01,0.2920315914671942,0.43266474233755375,0.060954727981183045
Storbreen,2077-11-01,0.12061534845392914,0.05331100650992834,-0.45814252922638116
Storbreen,2077-12-01,-0.14196746248084244,0.33590329047187173,-0.21962498436869152
Storbreen,2078-01-01,0.12742866593979804,-0.005562705850225738,-0.049414908314743045
Storbreen,2078-02-01,0.43999881957891523,0.22341508263353985,-0.2233876119640904
Storbreen,2078-03-01,0.16525630883855894,0.5408475074014002,-0.026365943037532355
Storbreen,2078-04-01,0.02057900154097975,0.01769759561873584,-0.043986869188112954
Storbreen,2078-05-01,-0.24639162135614834,-0.014071894179278168,0.24769189122874238
Storbreen,2078-06-01,0.03338887092927296,0.06130906568425549,-0.2049549794709272
Storbreen,2078-07-01,-0.11984758732721269,-0.04203020232393619,0.025476493396894395
Storbreen,2078-08-01,-0.009865509237487654,0.21050809061054085,0.3905435550312946
Storbreen,2078-09-01,0.28530265196047944,0.24327542605237773,0.2854655800632004
Storbreen,2078-10-01,0.011493058311394687,-0.20381869895452573,0.18838629314831076
Storbreen,2078-11-01,-0.1573461841020518,0.023933168192093773,0.17354145365240856
Storbreen,2078-12-01,0.18708133565833754,-0.11861602418210741,-0.0551129795046354
Storbreen,2079-01-01,-0.07236420047210021,0.3379320676485587,-0.13442002401123682
Storbreen,2079-02-01,-0.27967346461705206,0.33002655046451956,0.012321151067262684
Storbreen,2079-03-01,0.10639079012265322,0.30492907102443945,0.0032902989564472887
Storbreen,2079-04-01,-0.09125268926478973,-0.06348182621499839,0.2018806716692958
Storbreen,2079-05-01,-0.023677980313068826,-0.22753729841264234,-0.1275060062572471
Storbreen,2079-06-01,0.036286803013171394,-0.0376267765863452,0.151584229444957
Storbreen,2079-07-01,0.06231014949833836,0.13919052975166904,-0.006965418550764854
Storbreen,2079-08-01,0.051617817937813594,0.0884263779892368,0.07135867169961871
Storbreen,2079-09-01,0.13983726951665604,-0.2258514654704177,-0.06804165899209268
Storbreen,2079-10-01,0.3967284029521882,0.4204002247436449,-0.3131713759563329
Storbreen,2079-11-01,-0.10196145816031228,0.28875242489010744,0.17649655225058977
Storbreen,2079-12-01,0.2088341079624031,0.1636201244913467,0.02557873570755755
Storbreen,2080-01-01,0.020350575518968957,0.2274703474615483,0.022775208108932975
Storbreen,2080-02-01,0.0663712551160379,0.11446327294391694,0.047093421155649795
Storbreen,2080-03-01,0.2001307940850582,-0.24642836123520476,0.10991145518289754
Storbreen,2080-04-01,0.12648612780998816,0.19745888788821497,0.06343780575817089
Storbreen,2080-05-01,-0.10585859468725334,0.06671812473839193,0.004573522171025445
Storbreen,2080-06-01,-0.14704624342138964,0.14386475916524494,0.1393921393790389
Storbreen,2080-07-01,0.19272174247650298,0.11937627855336386,-0.07510134837033795
Storbreen,2080-08-01,0.07084694225188749,0.07654817910808327,0.13306066447377257
Storbreen,2080-09-01,0.11810529318206027,0.18430486968667678,0.20191310682218824
Storbreen,2080-10-01,0.2847399685907572,0.09824395481278107,0.1994080219269415
Storbreen,2080-11-01,0.037624581982156576,0.20020624480759452,0.2257135133563616
Storbreen,2080-12-01,-0.12775869322791597,0.2058295469111834,-0.03311282063085838
Storbreen,2081-01-01,0.13190131096976318,-0.0719086682116651,0.0567527667632357
Storbreen,2081-02-01,-0.19134261785710005,-0.1394961410010189,0.09637144535924204
Storbreen,2081-03-01,-0.3065056593668292,-0.0957710507163197,-0.030022612775950235
Storbreen,2081-04-01,0.32456418198857157,-0.06581275122392828,0.11111601909612064
Storbreen,2081-05-01,0.47822897458301233,-0.06598446338231877,0.05823959109672988
Storbreen,2081-06-01,-0.09542162738315646,0.3256746024790858,0.04924155458089885
Storbreen,2081-07-01,0.12759163932768433,0.22191926635593742,-0.08972504493643725
Storbreen,2081-08-01,0.023966546675907113,0.0631822319537692,-0.11533532777805285
Storbreen,2081-09-01,0.3560221959338081,0.07945235461818467,0.32494684053821166
Storbreen,2081-10-01,-0.2831181604528689,0.2108366235290616,0.18369361010945104
Storbreen,2081-11-01,0.008568849413894311,0.04632559018463183,-0.2078652592554382
Storbreen,2081-12-01,-0.17763621639298244,-0.26736141193362456,-0.056281415754890686
Storbreen,2082-01-01,0.33842225298030026,0.06693446603316605,0.1252057819735699
Storbreen,2082-02-01,0.31664198021850126,-0.017217086755242517,0.24099171461043936
Storbreen,2082-03-01,-0.12006432054033485,-0.27746917098239304,0.22950645864367805
Storbreen,2082-04-01,0.07892468060939516,0.08295704189456193,0.033640878544855535
Storbreen,2082-05-01,-0.0955155669053284,0.08492628544053987,-0.11189334878774225
Storbreen,2082-06-01,0.2084434257957275,0.14455322532103945,0.3139239856664193
Storbreen,2082-07-01,-0.15098776787350912,-0.06246259766417205,0.4513249141215144
Storbreen,2082-08-01,0.05633177537247893,-0.03001724212227287,-0.05594431733446547
Storbreen,2082-09-01,-0.13688423440928268,0.14234004217258941,0.1499065631975988
Storbreen,2082-10-01,0.09150972760122829,-0.0876278576107181,-0.24557292621338192
Storbreen,2082-11-01,-0.10289823572953345,0.17446398857232173,-0.0966672444190892
Storbreen,2082-12-01,0.24125158489888898,0.0517184131551252,0.26300052218926845
Storbreen,2083-01-01,-0.12867907820172989,0.005698532736697519,0.4667944894454867
Storbreen,2083-02-01,-0.17735085546884888,-0.10309265557406548,0.047853905789188876
Storbreen,2083-03-01,-0.07892226868863961,0.03600543428171662,0.01917832280631
Storbreen,2083-04-01,0.045808387392143685,-0.09373666902305718,-0.3825120420405774
Storbreen,2083-05-01,0.07866562727423937,-0.06629150530589928,0.07540121270852901
Storbreen,2083-06-01,0.2634953851292587,-0.0417965009033943,0.1336097081712416
Storbreen,2083-07-01,0.0723485859677641,0.06742854095762751,0.13407907363372215
Storbreen,2083-08-01,0.10171566489722154,-0.0601418702819936,-0.18475236079689497
Storbreen,2083-09-01,0.012221806344169103,0.05033785282975727,0.16836246735222551
Storbreen,2083-10-01,0.06494508767700156,0.10413741445790509,0.19305007466469704
Storbreen,2083-11-01,-0.060274466642219686,0.006396709216480892,0.2756898972860485
Storbreen,2083-12-01,0.27919716196689565,0.10691273823837193,0.29446881975156664
Storbreen,2084-01-01,0.2801535418962779,0.23472381274119916,-0.05733396023271555
Storbreen,2084-02-01,-0.024261835135451198,-0.1530994433709673,0.04865281157764747
Storbreen,2084-03-01,-0.03210106132249459,0.2525133063569475,-0.14812767628407958
Storbreen,2084-04-01,-0.07284449896395129,0.1917293005958727,-0.06595141804713493
Storbreen,2084-05-01,0.24083051103915856,-0.017106090944952673,0.092298141193131
Storbreen,2084-06-01,0.30321214718947004,-0.14226302592966297,0.07827797176932112
Storbreen,2084-07-01,-0.03391505339949858,0.09048694663411273,0.002275362374477933
Storbreen,2084-08-01,-0.051546646240524685,0.14103958240112727,0.13336726509989075
Storbreen,2084-09-01,0.0128465551068617,0.07798816796175491,0.016631828165091855
Storbreen,2084-10-01,0.11268171322553606,0.2030762736451147,0.25867379900293197
Storbreen,2084-11-01,0.19896709934208015,0.08044921980235287,0.13061263133740167
Storbreen,2084-12-01,-0.02806916305502335,-0.1409702684116201,0.12344652455826237
Storbreen,2085-01-01,0.0473969372474708,0.0787354418392997,0.21957758548049525
Storbreen,2085-02-01,-0.080355164317217,-0.19565181944130594,-0.042426368059940524
Storbreen,2085-03-01,-0.2200166435356867,0.029104547334425874,-0.20028552172290237
Storbreen,2085-04-01,-0.1000409411088891,0.14036013954583357,0.3419802807163655
Storbreen,2085-05-01,0.1439216980696438,0.16458195311162294,0.21681199046282906
Storbreen,2085-06-01,0.08549713957344107,0.15114941161665565,0.049830814159176985
Storbreen,2085-07-01,-0.01967341840062266,-0.018835565045324094,0.19215547306326156
Storbreen,2085-08-01,0.10422298490854677,0.228157497463366,0.09115256480199126
Storbreen,2085-09-01,0.1823996187020754,-0.04516489647272509,0.03271376412276187
Storbreen,2085-10-01,0.137105845621715,-0.12484322099861234,0.06930054740027052
Storbreen,2085-11-01,0.1305646166291503,-0.325717068087021,-0.021540868362655608
Storbreen,2085-12-01,-0.1885497479144267,-0.02695975058006365,-0.14020978945152293
Storbreen,2086-01-01,-0.03224324037885451,0.24325216314011588,-0.030177366735721054
Storbreen,2086-02-01,-0.04089075371051026,-0.08615972170439505,0.0033846975517792116
Storbreen,2086-03-01,0.18953702557682198,-0.05310161593540518,0.05076136344164058
Storbreen,2086-04-01,-0.031593427310864196,0.22505756194302826,-0.1165991543337408
Storbreen,2086-05-01,-0.1775381342419626,0.06518356599128382,-0.2592716062844295
Storbreen,2086-06-01,-0.360921185794324,-0.281096856076922,-0.04901646988138544
Storbreen,2086-07-01,0.04355109421483037,0.27577004809960465,0.0980676913369235
Storbreen,2086-08-01,0.012017203277160314,0.015448488761900957,0.07046582729020152
Storbreen,2086-09-01,0.07314487179648578,0.013372683760919738,0.2154274138508491
Storbreen,2086-10-01,-0.03894972533775156,-0.3518568099743166,-0.12407646985455804
Storbreen,2086-11-01,-0.15770615608897964,0.11266833980017345,0.03434260091808507
Storbreen,2086-12-01,0.014250323297396263,0.22597032107097234,0.048572318255646674
Storbreen,2087-01-01,-0.061822550837964264,0.3912295795036713,0.18889677779593161
Storbreen,2087-02-01,0.19237268227164203,-0.06547917765464553,-0.3151078591154139
Storbreen,2087-03-01,-0.014381624909578778,-0.09661120924485911,-0.11734504990777868
Storbreen,2087-04-01,-0.21800141008617246,-0.05740627329143209,0.10145513181275723
Storbreen,2087-05-01,0.16335098085861446,-0.030047177437619574,0.12162808281653281
Storbreen,2087-06-01,-0.08115123850733062,0.14317096222419487,0.034181660898977534
Storbreen,2087-07-01,0.28012321168881194,-0.04759482514943122,0.11959063524186271
Storbreen,2087-08-01,0.2405715052840985,-0.023223248361931167,-0.08908597669433692
Storbreen,2087-09-01,0.45601897955358667,0.12936367086828482,0.0734966945750138
Storbreen,2087-10-01,0.39222539171100407,0.033687595109973024,-0.027321956149484367
Storbreen,2087-11-01,0.2643223047501275,0.07017734977054046,0.027782278673157603
Storbreen,2087-12-01,0.12601271542283143,-0.009573862772553704,0.513307029418394
Storbreen,2088-01-01,-0.005923703602615747,0.18628946674011873,0.031017094207685957
Storbreen,2088-02-01,-0.2980210373255399,0.2612469210908071,0.018081623337552786
Storbreen,2088-03-01,-0.17196613863931545,0.02307401286055875,-0.14839676591115167
Storbreen,2088-04-01,0.1458821347880527,0.12404269626277009,-0.11436302107810963
Storbreen,2088-05-01,0.015210187561363595,-0.12034825080436264,-0.10612936254008187
Storbreen,2088-06-01,-0.011586935334828066,0.303534263349076,0.029042256453578153
Storbreen,2088-07-01,0.06623829537447416,0.29235321683205057,0.3055975265583185
Storbreen,2088-08-01,0.16081378862048093,0.14009521105352424,0.024678863286876507
Storbreen,2088-09-01,0.060791634287570895,0.2735638222760272,0.06345087671773765
Storbreen,2088-10-01,0.13393181174056773,0.04650526574800834,0.021739660979868795
Storbreen,2088-11-01,-0.09349706335462171,-0.12169340019195891,0.00477163765097637
Storbreen,2088-12-01,0.2691093043031676,0.08171412722039607,-0.13843734661373208
Storbreen,2089-01-01,0.06846231403915336,-0.020989265230074786,0.08673838426105172
Storbreen,2089-02-01,0.37122758895256647,0.07630200300339048,-0.42177920279431547
Storbreen,2089-03-01,-0.15707067924302842,-0.00917182145812938,-0.12238325253129283
Storbreen,2089-04-01,-0.06937243081483263,0.40017437479672496,0.17659202259064233
Storbreen,2089-05-01,-0.03698456821322399,-0.03356469191703429,0.11919276953723801
Storbreen,2089-06-01,0.1698298917699199,0.028920654915026985,-0.03972405188891782
Storbreen,2089-07-01,-0.13106231738247942,-0.03968125520981797,-0.04346718767473509
Storbreen,2089-08-01,0.17929523233228317,0.022556863464761365,0.11505420625917533
Storbreen,2089-09-01,-0.06109641568052023,0.30413258541823757,0.010401123205301024
Storbreen,2089-10-01,-0.003221620381854371,-0.2156596490455629,0.23425597858607072
Storbreen,2089-11-01,-0.12441199673102543,0.21123540915113695,0.25307103066590697
Storbreen,2089-12-01,-0.01721662243143164,0.21767049244048042,0.2627001960516616
Storbreen,2090-01-01,0.19293648226628832,0.19183557254175118,0.2524434773303546
Storbreen,2090-02-01,-0.3332897027497284,0.08953235731916807,-0.027274286115349624
Storbreen,2090-03-01,-0.06097601065419637,0.04349735712199424,0.21237760295871774
Storbreen,2090-04-01,0.19942296914616708,0.19147896218727065,0.00873891589881412
Storbreen,2090-05-01,0.1563408155342179,0.12475389770442084,-0.08180383689528609
Storbreen,2090-06-01,0.3036596849819038,-0.10318502393816871,-0.11634215839910829
Storbreen,2090-07-01,-0.0076646199976117685,-0.12763897897026205,0.004255274009087924
Storbreen,2090-08-01,-0.07339760177491321,0.1864589196533355,0.07991091805053847
Storbreen,2090-09-01,-0.12221468605922521,0.396902946029343,-0.12202744175904169
Storbreen,2090-10-01,0.11563932136802009,-0.007382405463716174,-0.28542330039996516
Storbreen,2090-11-01,0.12515788709953388,-0.06037041206311239,0.20410000074684242
Storbreen,2090-12-01,0.41836604991156473,0.06133777921868946,0.045424891049758755
Storbreen,2091-01-01,0.13719799769779426,0.33594694442141604,0.11209480614740518
Storbreen,2091-02-01,-0.07348556118864871,-0.2768498332109411,0.3099221372726511
Storbreen,2091-03-01,0.3173371411415267,-0.13617772440279785,0.26543536327262757
Storbreen,2091-04-01,0.11875398789550784,0.03146798322668077,-0.17767979798589376
Storbreen,2091-05-01,0.11088824183817614,0.3182287701198555,-0.15878308020113108
Storbreen,2091-06-01,-0.007887874267397586,0.2699947389111623,0.031163917773270183
Storbreen,2091-07-01,-0.0277998833731328,-0.15524583821544372,0.16025142586601585
Storbreen,2091-08-01,-0.06768647916595617,0.026072241651785566,-0.04008927795036419
Storbreen,2091-09-01,0.25920322101857357,-0.11907848420299881,0.08881460937134468
Storbreen,2091-10-01,0.294236881776551,-0.001812454410464968,0.08026623595700992
Storbreen,2091-11-01,-0.046835833195899505,-0.10291008518792139,-0.006090069357892807
Storbreen,2091-12-01,0.1264317330742261,-0.03952487863726916,-0.24193877670654063
Storbreen,2092-01-01,-0.023118432376383044,-0.2070545266108541,0.052538423140527236
Storbreen,2092-02-01,-0.16265049841246318,0.2305081183743224,0.17050085691141637
Storbreen,2092-03-01,-0.02487789274988111,-0.06706448524966936,0.12701545614729903
Storbreen,2092-04-01,0.12452199852459818,0.12755090284769824,0.054376740834054506
Storbreen,2092-05-01,-0.1494229141196237,0.11735728738773787,-0.11366844905732636
Storbreen,2092-06-01,0.31205494897315855,0.15343147651536324,0.19621933396134436
Storbreen,2092-07-01,0.13561016388768363,0.03747134375016697,0.11374084645720957
Storbreen,2092-08-01,-0.024628714562195748,0.018311667569733545,-0.06909501786721624
Storbreen,2092-09-01,-0.04931990397630781,-0.2775596945549017,0.027941964284108833
Storbreen,2092-10-01,0.05756149652782009,0.23376237937734268,0.24720372551451386
Storbreen,2092-11-01,0.33857509737175695,-0.08668353440768002,-0.08869919660354315
Storbreen,2092-12-01,-0.17174086802701025,-0.04259769168983137,-0.16478862343889641
Storbreen,2093-01-01,-0.2963883212438277,-0.10676965745621414,-0.04309908393050571
Storbreen,2093-02-01,0.01449560555248131,0.0353718432700675,-0.009594051766506453
Storbreen,2093-03-01,-0.19485031390170446,0.2211462772776974,0.0637869387094162
Storbreen,2093-04-01,0.007138913257582665,0.05431837348404419,0.2645731931439756
Storbreen,2093-05-01,0.22822417589292385,0.03557875391302239,0.02829855223635275
Storbreen,2093-06-01,0.04610923140159309,0.05897997545580539,0.12727509038141227
Storbreen,2093-07-01,0.07267470402045369,0.037641413586959896,0.12946867856395225
Storbreen,2093-08-01,0.28315612274945584,0.015402743176094654,0.05293510769266976
Storbreen,2093-09-01,-0.027064868350066492,-0.07498364432998511,-0.017675574361865343
Storbreen,2093-10-01,-0.30524918833278286,0.17666987320758212,0.330636852246869
Storbreen,2093-11-01,-0.198447426102209,0.16865350479765073,0.21051889058407539
Storbreen,2093-12-01,0.23502679427387688,-0.02834537780017764,-0.0381402739111028
Storbreen,2094-01-01,-0.03659465075019128,0.1483781103643125,-0.010488426705900977
Storbreen,2094-02-01,0.22305605750144256,-0.24971299699883667,0.4110177455793324
Storbreen,2094-03-01,-0.1318810295062853,0.05670646979661633,0.011675712652610887
Storbreen,2094-04-01,-0.006043848065844649,0.028504368776876978,-0.011929428528496313
Storbreen,2094-05-01,0.17109740719629138,0.033029675618195815,-0.23055076718555892
Storbreen,2094-06-01,0.33897879975986767,0.06456008005290159,0.03430609205655851
Storbreen,2094-07-01,0.06943111343425706,0.02110700911576122,-0.16406227509028007
Storbreen,2094-08-01,0.15719525585464403,0.06179876829338667,0.20618221155146146
Storbreen,2094-09-01,-0.1714441738455688,0.3156107290135457,0.2533012109796832
Storbreen,2094-10-01,0.28495731384091383,0.01310375742879854,-0.1028272434330235
Storbreen,2094-11-01,0.4833086708298386,0.15269027571466265,-0.32774326233894063
Storbreen,2094-12-01,-0.18962144429775274,0.0839579720788833,0.12722080247709688
Storbreen,2095-01-01,0.19069173711231582,-0.09217183373009073,0.0835272882955418
Storbreen,2095-02-01,0.16671044439029944,0.000493772823585481,-0.11406097566630524
Storbreen,2095-03-01,0.00886118106102772,-0.11654006673231214,-0.09805164394271992
Storbreen,2095-04-01,-0.018633225868127993,0.08625744783291207,-0.06276533103943242
Storbreen,2095-05-01,0.039632529082306654,0.3322023322577538,0.17810759747037544
Storbreen,2095-06-01,-0.03438224576275744,0.11179076864836081,0.0915316993525035
Storbreen,2095-07-01,-0.05876988939045411,0.13604612990242207,0.08420088191599862
Storbreen,2095-08-01,0.04277874088967434,0.01409381963140279,-0.21257833388436212
Storbreen,2095-09-01,0.04210847949835239,0.19083506208389803,0.05737657621220699
Storbreen,2095-10-01,-0.14264195199178667,0.07771618628585641,0.17611919659616104
Storbreen,2095-11-01,-0.07341749479499358,0.15458483016637609,0.010840786086643739
Storbreen,2095-12-01,0.2684265929632902,-0.011346164423314223,-0.09055241033508975
Storbreen,2096-01-01,0.04462526939944836,-0.06541769179710404,0.2568655557397457
Storbreen,2096-02-01,0.4256151163919048,0.04520456301217901,0.2591348943224519
Storbreen,2096-03-01,0.5245488286923057,0.02064600584155284,-0.33994739576799254
Storbreen,2096-04-01,-0.0021939574266785825,-0.09180376129473744,-0.03799159003689241
Storbreen,2096-05-01,0.08775053832389505,0.09602163380410551,-0.230987458892807
Storbreen,2096-06-01,-0.1959009340048439,-0.01574233035430229,-0.22810287456700826
Storbreen,2096-07-01,-0.15356127173699188,0.09635944041115259,-0.14837660795316152
Storbreen,2096-08-01,-0.0925988937099469,-0.10121695100258925,-0.015875811612236113
Storbreen,2096-09-01,-0.31119190498774696,-0.04471107134285163,0.02644776550429727
Storbreen,2096-10-01,0.3433463864226094,0.025648647739560503,0.4354125022614775
Storbreen,2096-11-01,0.07973636000902097,0.06323605798245328,0.017616246649832603
Storbreen,2096-12-01,0.3611365024273597,0.24500034021887096,0.21039454395407783
Storbreen,2097-01-01,-0.11697115729610845,-0.17080871362866534,0.20467996819796863
Storbreen,2097-02-01,0.24978372009453798,0.10027093226682922,0.36887869464415496
Storbreen,2097-03-01,0.028875260481079513,0.22975842596438478,-0.050671266551511884
Storbreen,2097-04-01,0.30436708365519766,0.26453058115552636,-0.03985965390915967
Storbreen,2097-05-01,0.35007077453180896,0.1148460261653903,-0.14175998010609195
Storbreen,2097-06-01,0.28708132192234176,-0.01616131899881719,0.057013384776938604
Storbreen,2097-07-01,0.22041892281500908,-0.2270915347513048,-0.03554252925973189
Storbreen,2097-08-01,-0.02377640935664151,0.1698891883013172,0.13565476967936355
Storbreen,2097-09-01,0.15636512072607212,0.06583259462006723,0.052564516447697184
Storbreen,2097-10-01,0.27692071197644563,0.12232166985026789,-0.2351810694474883
Storbreen,2097-11-01,0.12922649026269395,0.021338508454085744,0.06074085172578155
Storbreen,2097-12-01,-0.05520441889504274,0.13940215509269574,0.1310699654528731
Storbreen,2098-01-01,0.09246137877177564,0.11106817823821317,0.22215161510208925
Storbreen,2098-02-01,-0.40966449148972894,0.22505052399859826,-0.028587552877454635
Storbreen,2098-03-01,-0.16145588326575722,-0.09173450297742564,0.2226285475764405
Storbreen,2098-04-01,-0.00784710611569348,-0.18668978746514386,0.09189319347743628
Storbreen,2098-05-01,0.11233295058366555,0.20601695588292981,0.14527913613634436
Storbreen,2098-06-01,-0.12473110700153522,-0.17163585977271612,0.11458190105503256
Storbreen,2098-07-01,0.1780885921852857,0.03704887081162149,0.021485549036151647
Storbreen,2098-08-01,0.2981090426823391,0.13370808203735365,-0.028033600196480296
Storbreen,2098-09-01,0.38266427250347984,0.2057200401113576,-0.0761441548217626
Storbreen,2098-10-01,0.22869808622235285,0.06699948554818265,-0.0032974079196804126
Storbreen,2098-11-01,-0.21233274796815946,-0.06994922307302766,-0.04938803877540351
Storbreen,2098-12-01,0.15141278686550633,-0.05748288429760379,0.0632777924899011
Storbreen,2099-01-01,0.08240848984119964,-0.12731569371336304,0.11056915250262705
Storbreen,2099-02-01,-0.03071763285996182,0.13355711346386498,-0.04070515801938277
Storbreen,2099-03-01,-0.15934385923433383,0.20769412581229876,0.16542504519887155
Storbreen,2099-04-01,0.008008345451001537,0.04703903035233207,0.017131721107981168
Storbreen,2099-05-01,-0.0380659025658187,0.16374075286777304,0.42298129127598516
Storbreen,2099-06-01,0.2928731460196584,-0.21307896031577403,-0.15766555329008847
Storbreen,2099-07-01,0.0028858302140332484,0.25896853295567407,0.32274962915692135
Storbreen,2099-08-01,-0.1241161900088739,0.07469721810578495,-0.07516610446472252
Storbreen,2099-09-01,0.3172789661521157,0.24635634212705546,0.12463746612245363
Storbreen,2099-10-01,0.3634809061802527,0.21707186806040776,0.3795700396457207
Storbreen,2099-11-01,0.471907861128642,0.1220367702592377,-0.18515954408261626
Storbreen,2099-12-01,0.4592693814170709,-0.003011856487959525,-0.11126588854675719
Storbreen,2100-01-01,-0.04732271871038813,-0.13545388999649602,0.12164957556558975
Storbreen,2100-02-01,0.12424158283955107,-0.12151585232584848,0.28641443647139136
Storbreen,2100-03-01,-0.20105839895426458,0.04177761842470756,0.224256724441629
Storbreen,2100-04-01,-0.2259760379461301,0.1584768062342293,0.1636505627232104
Storbreen,2100-05-01,-0.14623464372701298,0.1342914390136564,-0.18226990935593287
Storbreen,2100-06-01,0.11539686402668674,0.22916866516320344,0.04318661983869617
Storbreen,2100-07-01,-0.10147722149466713,0.3391079681475182,0.16425281084978047
Storbreen,2100-08-01,-0.07547536484198805,-0.05863013998830268,0.07813831924446545
Storbreen,2100-09-01,-0.047474419413879,0.09113374856856032,0.029100747646034316
Storbreen,2100-10-01,0.14163981870803385,0.2744455613772841,-0.0558643481746611
Storbreen,2100-11-01,0.15254949909589421,0.2012674864544591,0.2847394772454839
Storbreen,2100-12-01,-0.19257519748837984,0.07301030202756996,0.22262919956642083
