Glacier,Date,Predicted_SSP1_2.6,Predicted_SSP2_4.5,Predicted_SSP5_8.5
Alfotbreen,2015-01-01,0.08484614637134429,0.2264839642628004,0.28667024861624785
Alfotbreen,2015-02-01,-0.4472098714920188,0.1446115960004435,0.007794882121324522
Alfotbreen,2015-03-01,-0.15170757589971548,0.11729414608357376,-0.3115589584949249
Alfotbreen,2015-04-01,0.024648457317524828,-0.14900025234833514,-0.018114792638996503
Alfotbreen,2015-05-01,-0.11935437487611344,-0.0044826485871569685,-0.2165076147889102
Alfotbreen,2015-06-01,0.11888195359424053,0.032824683785465304,0.0736280252627221
Alfotbreen,2015-07-01,0.0851002831408405,0.12281841568627543,0.007265345789823938
Alfotbreen,2015-08-01,-0.030990505554879314,0.21010239668596706,-0.3262663346258757
Alfotbreen,2015-09-01,-0.08498313803479506,0.28035409739728584,-0.0084445401566182
Alfotbreen,2015-10-01,-0.5283292005995239,0.1101668435373575,-0.4371551348316201
Alfotbreen,2015-11-01,0.5085962017611552,0.11757743867440852,-0.06251772680293648
Alfotbreen,2015-12-01,-0.2012621831846688,0.1713974713441794,0.48545070325141787
Alfotbreen,2016-01-01,0.1317541898472474,0.2441743869360398,0.005147491237944513
Alfotbreen,2016-02-01,0.12030285636960264,0.055307135425363974,0.16351871790514128
Alfotbreen,2016-03-01,0.08617639969431111,0.1828679645294414,-0.3406919359214653
Alfotbreen,2016-04-01,0.24281456060929116,0.038618423424697755,-0.052757131211705
Alfotbreen,2016-05-01,0.04598319462129085,0.4098478482152938,-0.021365889510919722
Alfotbreen,2016-06-01,-0.046766218903078104,-0.1543482948477454,0.04843632263243109
Alfotbreen,2016-07-01,-0.206664618422459,-0.03874469750044723,0.028453169603824126
Alfotbreen,2016-08-01,-0.13055908655779916,0.21413570017629768,-0.24251366997342982
Alfotbreen,2016-09-01,-0.2108345201865871,-0.15959634652699828,-0.39398406752605514
Alfotbreen,2016-10-01,0.15970380573663565,-0.06981610536907412,0.36906896270254536
Alfotbreen,2016-11-01,0.11775231072732632,-0.07700298599198402,-0.39799360651894133
Alfotbreen,2016-12-01,0.10251268659986494,-0.09760065836656735,-0.2350701560876268
Alfotbreen,2017-01-01,0.22129334248734933,0.14752807263892467,-0.2983653752607462
Alfotbreen,2017-02-01,0.1245761922938265,0.22276850933248707,0.2932270669977222
Alfotbreen,2017-03-01,-0.28375151828079,0.33901360016641774,-0.06333970273411589
Alfotbreen,2017-04-01,-0.08071030967148358,0.12888794082801017,0.06167278433052606
Alfotbreen,2017-05-01,0.04201279725393333,0.15402585989485765,-0.056171464624494384
Alfotbreen,2017-06-01,-0.05280135165393027,0.02929867906868012,0.30095560619486067
Alfotbreen,2017-07-01,-0.10153168652497226,-0.03302084802443938,-0.06112686519108318
Alfotbreen,2017-08-01,0.13654233324933543,-0.05892067286873006,-0.07945213447531778
Alfotbreen,2017-09-01,0.21563146505034295,0.26674185610814644,0.056285229536942205
Alfotbreen,2017-10-01,0.1077687672335594,-0.30022790197192345,-0.20756399291496241
Alfotbreen,2017-11-01,-0.2333666877675593,0.14404487246565925,-0.12860677260787098
Alfotbreen,2017-12-01,-0.3243457169981998,-0.6393144358503549,0.014423847451596717
Alfotbreen,2018-01-01,-0.3741496202229353,0.049891523474513894,0.30592443819130194
Alfotbreen,2018-02-01,0.059348021862272914,-0.08024864831511457,-0.0008810143421611738
Alfotbreen,2018-03-01,-0.2519960143252078,0.09890850208230027,0.20006225127745378
Alfotbreen,2018-04-01,-0.11601044809046564,0.029959760128700136,-0.09728025431971232
Alfotbreen,2018-05-01,-0.14787244256575524,0.0054607077035806785,-0.11891541343206058
Alfotbreen,2018-06-01,0.191119646309775,0.06245622417039017,-0.08229182367804076
Alfotbreen,2018-07-01,0.05180821160362348,0.09960644484716001,-0.2845224913047689
Alfotbreen,2018-08-01,-0.0069443617308673836,0.2167960192133708,-0.33759621046413296
Alfotbreen,2018-09-01,-0.348734141546116,-0.37901396571688006,-0.3926326634442477
Alfotbreen,2018-10-01,-0.2521567120882926,0.2394266853362069,-0.1467794588273308
Alfotbreen,2018-11-01,-0.011967677306062468,-0.004815402778229276,0.06868647564512591
Alfotbreen,2018-12-01,0.276712613449138,-0.44052320146037505,0.28415083546494885
Alfotbreen,2019-01-01,-0.09121649195213961,-0.17216460150651894,-0.4321339690043755
Alfotbreen,2019-02-01,-0.00639167352191843,-0.157636474407423,0.1393595820967206
Alfotbreen,2019-03-01,0.08313331180201915,-0.150224514292469,-0.3301266867093687
Alfotbreen,2019-04-01,-0.1719247217112764,0.027435029267002437,0.15187673734818663
Alfotbreen,2019-05-01,-0.09492698711978875,-0.2352531325848096,0.36716609014006457
Alfotbreen,2019-06-01,-0.09553372541295667,0.1337097996892063,0.3320181578247152
Alfotbreen,2019-07-01,-0.12529177485636514,0.01593107002473972,-0.18845383782868322
Alfotbreen,2019-08-01,-0.18095729892935664,-0.037791022329796704,-0.15893044933624711
Alfotbreen,2019-09-01,0.17065535473817817,-0.11411857830100251,-0.20920895048686297
Alfotbreen,2019-10-01,-0.09146646014647401,0.12075561703983446,-0.005369708135367393
Alfotbreen,2019-11-01,-0.06805350506089165,0.39521491340209797,-0.1588174117150611
Alfotbreen,2019-12-01,-0.038323032710070974,-0.3786718505410935,-0.07001270284130569
Alfotbreen,2020-01-01,0.4799988266652735,0.03773902721049266,-0.3612474730760426
Alfotbreen,2020-02-01,0.15061890248098142,0.4065936828884847,-0.06097795578453893
Alfotbreen,2020-03-01,-0.4016627624545778,0.105115576487906,0.10748581389587865
Alfotbreen,2020-04-01,-0.19770582313339333,0.12800614723955603,0.08400011110954275
Alfotbreen,2020-05-01,0.12518820657994864,0.12509275281695567,-0.1648485106920531
Alfotbreen,2020-06-01,-0.09975010474637651,0.036311926961590225,0.08026844944927529
Alfotbreen,2020-07-01,0.1414864950599417,-0.07425622994308938,-0.1859860147195854
Alfotbreen,2020-08-01,-0.046383058959767076,0.047585944657565514,-0.09122515642179352
Alfotbreen,2020-09-01,0.20736153063060758,-0.08365425592354996,0.2952586900025008
Alfotbreen,2020-10-01,-0.5442161423329276,0.1880226539631521,0.02754570660190982
Alfotbreen,2020-11-01,-0.08703573628775944,0.058665488138812893,-0.28896885310766096
Alfotbreen,2020-12-01,-0.05952783028030758,0.09234313715854768,-0.07750588823637415
Alfotbreen,2021-01-01,0.14083174353471484,-0.012640519579599795,0.39268112743419126
Alfotbreen,2021-02-01,-0.18317981315458962,0.4329351816132774,0.3101071772008556
Alfotbreen,2021-03-01,0.5971430204528044,0.4659313562630621,0.05604901416480346
Alfotbreen,2021-04-01,-0.2718570962237415,-0.04742741149154598,0.29610771445332557
Alfotbreen,2021-05-01,0.08412172399454626,0.10905342257520645,0.01937554502358385
Alfotbreen,2021-06-01,-0.08882628979154332,0.08709431009198836,-0.07251140804893348
Alfotbreen,2021-07-01,-0.03822916693712824,-0.14298187029911613,0.05904676031100642
Alfotbreen,2021-08-01,0.054407007675112806,-0.15253163007968573,-0.04865465481292627
Alfotbreen,2021-09-01,0.20485292598724467,-0.094419939863525,-0.15040045938675473
Alfotbreen,2021-10-01,0.3371809575159211,-0.11858661955887566,-0.2294861366198587
Alfotbreen,2021-11-01,-0.20890761069920913,0.09018282197213552,0.14871843054948156
Alfotbreen,2021-12-01,0.19319074936703043,-0.12297018900436511,0.3053581584586131
Alfotbreen,2022-01-01,-0.22974514105446406,-0.18440007928213795,-0.11111442799672673
Alfotbreen,2022-02-01,0.1335248870036965,-0.22256994603106994,-0.01531242342461254
Alfotbreen,2022-03-01,-0.44828431510454775,-0.1857283535357178,-0.47830041314872235
Alfotbreen,2022-04-01,-0.1333316151090074,-0.24726175087768157,0.38651312752675165
Alfotbreen,2022-05-01,0.03291751587962665,-0.06744388242128925,-0.25118874483405734
Alfotbreen,2022-06-01,0.09856800853229608,-0.029021926897542415,-0.14048886227516003
Alfotbreen,2022-07-01,0.21867649081035104,-0.0013551177733083404,-0.03344994809634819
Alfotbreen,2022-08-01,0.031137368485236638,0.06970002123579257,-0.45300832239737304
Alfotbreen,2022-09-01,-0.05055291850637328,-0.1602767264616724,0.006926487819802579
Alfotbreen,2022-10-01,0.45922406194662796,-0.20206009680354708,0.235786165787643
Alfotbreen,2022-11-01,-0.15817421805721962,-0.3738271943122675,0.18640942041288136
Alfotbreen,2022-12-01,0.15499613527969727,0.24935711323207274,0.2095251723802288
Alfotbreen,2023-01-01,0.45908849026388016,0.050654269011220644,0.10059022694133855
Alfotbreen,2023-02-01,0.13664694998220842,-0.036636362431286124,-0.03907672198436991
Alfotbreen,2023-03-01,0.1584907029086213,-0.49082157210933275,0.10676467577625919
Alfotbreen,2023-04-01,-0.2765982196791325,-0.017696174701753626,0.0329052994879272
Alfotbreen,2023-05-01,0.17735700723060718,-0.020272115868728412,-0.1427261130800427
Alfotbreen,2023-06-01,-0.018762283199533106,-0.007835705498980038,-0.22734837248606085
Alfotbreen,2023-07-01,-0.18709801238182452,-0.021226500760572652,0.06426672441631937
Alfotbreen,2023-08-01,0.18390689727090437,-0.024974564450523828,-0.32763678986160216
Alfotbreen,2023-09-01,0.5263295933206917,0.2223818455905151,0.11017232782738617
Alfotbreen,2023-10-01,0.498894193791938,0.474986716084351,-0.32764583860242763
Alfotbreen,2023-11-01,0.11619738975394352,-0.3277071508951113,-0.04338284696206526
Alfotbreen,2023-12-01,0.12541683822229632,-0.10921596251399152,0.10829862436854903
Alfotbreen,2024-01-01,0.05416263007914581,0.6104531282544325,-0.41847122303919354
Alfotbreen,2024-02-01,0.4850463072541545,-0.05556203950101546,-0.03605727599659759
Alfotbreen,2024-03-01,0.2193944823213734,0.06940938976839947,-0.10849890341499735
Alfotbreen,2024-04-01,-0.14084194704539954,0.18795258830120845,-0.08354910117627525
Alfotbreen,2024-05-01,0.2680916827077997,0.3468449963770404,-0.16973898593402725
Alfotbreen,2024-06-01,0.003041033152603175,0.04481998386158426,-0.2326265982188803
Alfotbreen,2024-07-01,0.0533024504320053,0.09062851646933329,0.007967553548495156
Alfotbreen,2024-08-01,-0.03395579799574499,0.10508423340452144,-0.13790329555214934
Alfotbreen,2024-09-01,0.439315691584728,0.253437307864746,-0.06035382159861489
Alfotbreen,2024-10-01,-0.21507651794656177,0.14718535586618692,-0.10801507143384718
Alfotbreen,2024-11-01,0.18583112809126034,0.15483229556220646,-0.19005631117907126
Alfotbreen,2024-12-01,-0.1422355117049642,0.1539772650426502,-0.267230591061444
Alfotbreen,2025-01-01,-0.026979650912241516,-0.08323509731251708,-0.18823076655986185
Alfotbreen,2025-02-01,0.27189968086345145,-0.03267681751219207,-0.12481250170678208
Alfotbreen,2025-03-01,0.30738923099235393,-0.24992405767084894,0.08708520159477313
Alfotbreen,2025-04-01,-0.2159243267464327,-0.339064709944725,0.33392887536182014
Alfotbreen,2025-05-01,-0.13380031133595283,-0.08494420397932734,0.030477032147514016
Alfotbreen,2025-06-01,0.18966022480231662,0.0723681051380509,0.1936781394807582
Alfotbreen,2025-07-01,-0.15090821742449492,-0.11438454224312418,0.004425291987522926
Alfotbreen,2025-08-01,0.07163871062888749,-0.17911667072985482,0.19601270117552164
Alfotbreen,2025-09-01,0.3316212648137007,-0.14157301729259167,0.2422038011023621
Alfotbreen,2025-10-01,-0.14371415662942344,0.10692109930789047,0.0078101537913878956
Alfotbreen,2025-11-01,-0.08139008124691532,-0.052551274781419986,-0.024095810597439305
Alfotbreen,2025-12-01,-0.5197074571043129,-0.004836902652460437,0.2691275963812165
Alfotbreen,2026-01-01,-0.408162606449008,-0.2452604934401191,0.3161142625724228
Alfotbreen,2026-02-01,-0.27143439569145567,-0.010635458904457966,-0.5112806708085725
Alfotbreen,2026-03-01,-0.4968315599415048,-0.03818356737253339,-0.18523386035583933
Alfotbreen,2026-04-01,-0.23179599011654126,0.126023977290996,-0.17130427714877264
Alfotbreen,2026-05-01,0.11033398802665499,-0.027137994142906133,-0.12346470590443616
Alfotbreen,2026-06-01,0.0059356499821574165,-0.045141316185920065,-0.20215149471339547
Alfotbreen,2026-07-01,0.1195916569194242,-0.13659146382386803,0.006414673498300503
Alfotbreen,2026-08-01,-0.351066010653244,0.09791683495859888,0.08987858685938259
Alfotbreen,2026-09-01,0.12329014615449957,0.14002685505093657,0.05939831215255139
Alfotbreen,2026-10-01,-0.16884392659453829,-0.20946850854971685,-0.12208509803908342
Alfotbreen,2026-11-01,-0.15319742781172999,0.2055322956234756,-0.12832627419042655
Alfotbreen,2026-12-01,0.461460873065288,-0.6041148704863621,0.2801407294428155
Alfotbreen,2027-01-01,0.5035942890464101,-0.4762626276228774,-0.2267238584727352
Alfotbreen,2027-02-01,0.0005383669791357154,0.12382236352196356,0.012246442562021528
Alfotbreen,2027-03-01,0.16584088905461766,0.12738210744363807,-0.12985889755790914
Alfotbreen,2027-04-01,-0.1501807614161095,-0.19732154143509525,0.2596127510234511
Alfotbreen,2027-05-01,0.10683333333577477,0.2116161567763288,-0.0113903837044376
Alfotbreen,2027-06-01,-0.06800858036582635,-0.0962695257922065,-0.025660301932097646
Alfotbreen,2027-07-01,0.031190741033679737,-0.05464005417180571,-0.07411269088080275
Alfotbreen,2027-08-01,-0.11030548745026063,0.05370916555035881,0.05474168451433242
Alfotbreen,2027-09-01,0.22459654210321234,-0.18958531058823544,-0.1421668027122225
Alfotbreen,2027-10-01,-0.30914066158036985,0.017720557941718316,-0.1119540427139445
Alfotbreen,2027-11-01,0.3224343393530061,-0.13975797578969137,-0.08268055204611478
Alfotbreen,2027-12-01,-0.08783381764952365,0.1083645647678216,0.24043242854126837
Alfotbreen,2028-01-01,0.6921754917849771,-0.04648182430769423,0.541877975150005
Alfotbreen,2028-02-01,0.15939821273840013,0.4208226272650313,0.10745676478777932
Alfotbreen,2028-03-01,-0.04191857944282995,-0.05102884238608915,0.24337165281434317
Alfotbreen,2028-04-01,0.35693433061967256,-0.014591704026085265,-0.1384890313622342
Alfotbreen,2028-05-01,0.0929096991030177,-0.07736437396824243,0.0772933136053284
Alfotbreen,2028-06-01,0.10022036017879406,0.1236957702237137,-0.00961470105079242
Alfotbreen,2028-07-01,0.15360695072979094,-0.008930266098543903,-0.2445216653322051
Alfotbreen,2028-08-01,0.06811200759037404,-0.22334757650799553,0.06527162935996327
Alfotbreen,2028-09-01,0.08804285336980493,-0.008292960455085171,0.03315831061681795
Alfotbreen,2028-10-01,0.015547607930420473,0.13152003243375773,0.33617480178550063
Alfotbreen,2028-11-01,0.022332143559749492,0.05646521062737214,0.2799458001061538
Alfotbreen,2028-12-01,-0.018893864460744234,0.3218306751370881,0.45361338741445717
Alfotbreen,2029-01-01,-0.11481608750730532,-0.15376485946610408,-0.5299816643876077
Alfotbreen,2029-02-01,-0.038190341492294826,-0.290052162171551,0.5798849473086648
Alfotbreen,2029-03-01,0.44789303951205833,-0.07226795405329117,0.40136742016956717
Alfotbreen,2029-04-01,-0.035278934306982916,0.0011065254409244468,0.1892774675552802
Alfotbreen,2029-05-01,0.20583248879562124,-0.017862210441619054,0.14268394059938694
Alfotbreen,2029-06-01,-0.021169628833838414,0.06764958750377058,0.00965084393636518
Alfotbreen,2029-07-01,-0.02769853914468744,0.086329665970915,-0.028331588710966703
Alfotbreen,2029-08-01,-0.05264011675531433,0.07200879346025378,0.08255480657666747
Alfotbreen,2029-09-01,0.20198936456248395,-0.061607902977991104,0.08308618682640073
Alfotbreen,2029-10-01,-0.19614640789749327,-0.4698026924635901,-0.1512984237475311
Alfotbreen,2029-11-01,-0.663237409239219,0.11610695739476111,0.12781401999320677
Alfotbreen,2029-12-01,-0.19076118066419726,-0.10157467504978394,0.16042137138237314
Alfotbreen,2030-01-01,0.3137018399653773,0.36964779957996335,-0.050354284668954474
Alfotbreen,2030-02-01,-0.16503802392424458,-0.3280426062827377,-0.08538424512459465
Alfotbreen,2030-03-01,-0.0609346044667527,-0.33716305692019355,0.20494389475485444
Alfotbreen,2030-04-01,-0.4980795305871948,-0.4520637376019045,-0.008727235862543
Alfotbreen,2030-05-01,0.16894042838831036,0.15984296653138078,0.23728300082926554
Alfotbreen,2030-06-01,-0.04226791999630523,-0.1114414840542583,-0.01959197111806928
Alfotbreen,2030-07-01,-0.14044800942637395,0.03871247051798712,-0.134584268604126
Alfotbreen,2030-08-01,-0.02579496823067789,-0.04848222024244634,0.1180894051841767
Alfotbreen,2030-09-01,-0.033657649250188736,-0.2736356904194064,0.038303230174502635
Alfotbreen,2030-10-01,-0.27030976408149,-0.36523974860406955,-0.08584649336761173
Alfotbreen,2030-11-01,-0.1319434042511009,-0.11536686578217496,0.35406748457066056
Alfotbreen,2030-12-01,0.4905597667328803,0.2399647950957453,-0.02998291741789938
Alfotbreen,2031-01-01,-0.5854513324799527,-0.2331146171567382,0.033752759376007045
Alfotbreen,2031-02-01,0.044442965650646656,0.10269800206160089,-0.49353143104610186
Alfotbreen,2031-03-01,0.2966293007542104,0.32324522406803036,-0.28332234153719704
Alfotbreen,2031-04-01,-0.1469163966242247,0.17644886624874564,0.1753406095140971
Alfotbreen,2031-05-01,0.09749362403294308,0.12464874785983891,-0.1680751566979316
Alfotbreen,2031-06-01,0.06658888471910636,0.14817229038072463,-0.19943291708075173
Alfotbreen,2031-07-01,0.1181478711195431,0.18056507552804754,-0.09002345475991723
Alfotbreen,2031-08-01,0.0009140242329015967,-0.11169164675643535,-0.011704642681281614
Alfotbreen,2031-09-01,0.08114005825384939,0.209757888731256,-0.27078150211191615
Alfotbreen,2031-10-01,-0.2598859687931625,0.045268970013135144,-0.1372017137645101
Alfotbreen,2031-11-01,-0.4285587886662043,0.048114171263344795,0.0014101582025425722
Alfotbreen,2031-12-01,-0.33249005003608983,-0.2786187990997791,-0.40234667823742054
Alfotbreen,2032-01-01,-0.17721655440370718,0.08365909766576803,0.24143846825424528
Alfotbreen,2032-02-01,0.19830895914756363,-0.0031484112871842614,0.5272453836864082
Alfotbreen,2032-03-01,0.29749797593919985,0.1286906579036102,-0.27849505482173065
Alfotbreen,2032-04-01,-0.030728317376207143,-0.06578611276594379,-0.24804659934080156
Alfotbreen,2032-05-01,0.14266224432960128,0.02161981265225942,0.05742883808957026
Alfotbreen,2032-06-01,0.18956079363379505,0.0863845332710178,-0.005035618376657662
Alfotbreen,2032-07-01,-0.036247358605415926,-0.04976999948539523,-0.014634244997388168
Alfotbreen,2032-08-01,0.013131885144628333,0.13457655551387504,-0.03113542561731125
Alfotbreen,2032-09-01,0.23061319741620503,-0.1308792522317511,-0.06013471546601648
Alfotbreen,2032-10-01,-0.031130634585329983,-0.4173721249152489,-0.054807324235076456
Alfotbreen,2032-11-01,-0.26216193345851097,0.05034827713096584,-0.13835785514998744
Alfotbreen,2032-12-01,-0.02092190159594946,0.0973555506227826,0.314207988763473
Alfotbreen,2033-01-01,-0.276246936961337,-0.04711332121903029,0.20402421624137415
Alfotbreen,2033-02-01,0.12419617508503733,-0.11962930985553284,-0.44612435752242335
Alfotbreen,2033-03-01,-0.49737756182381193,0.3262357148220696,-0.26107570115727824
Alfotbreen,2033-04-01,0.10903705634304388,-0.027463700495609342,-0.15838037032371313
Alfotbreen,2033-05-01,0.055842717007572096,-0.17229162948004306,-0.1669196626706055
Alfotbreen,2033-06-01,0.21535027695910788,-0.2484076839947781,0.06033017042774613
Alfotbreen,2033-07-01,-0.046580299986504786,0.18601031734355736,-0.015230936945114619
Alfotbreen,2033-08-01,-0.09718131791014983,-0.10495628478356626,0.027623797400953488
Alfotbreen,2033-09-01,0.11884820154999631,0.1647326000319864,-0.19789207199492853
Alfotbreen,2033-10-01,0.11236134633742012,-0.03784503033956626,0.07907069050699032
Alfotbreen,2033-11-01,-0.09717432460919129,0.11752760319935283,-0.2661005118748308
Alfotbreen,2033-12-01,0.42536701638097857,-0.03111573180523819,0.17989703105024124
Alfotbreen,2034-01-01,-0.03135721032122783,-0.26950282782663254,-0.046540305075297835
Alfotbreen,2034-02-01,-0.5032148431652164,-0.47041685957956253,0.23551195461345617
Alfotbreen,2034-03-01,0.2646394840812836,-0.15122130496049102,-0.6094356178853214
Alfotbreen,2034-04-01,-0.05142445158746243,0.15399916850808307,0.1239736096019843
Alfotbreen,2034-05-01,-0.1841793665930045,-0.03755896394383573,0.1592928291045961
Alfotbreen,2034-06-01,0.23221445831618795,-0.023025853542795693,0.28981553279439215
Alfotbreen,2034-07-01,-0.21856132307936949,0.25625813783582735,0.04317615486076406
Alfotbreen,2034-08-01,-0.19440555132760298,-0.017707099421139863,0.03847318318001931
Alfotbreen,2034-09-01,0.07374299667387171,-0.35043513701508616,0.08542426537703374
Alfotbreen,2034-10-01,-0.09622357134837363,-0.20855420665748112,0.07266173945360714
Alfotbreen,2034-11-01,0.08344569570190995,0.07638043095984627,-0.41728764631582865
Alfotbreen,2034-12-01,-0.1809454897738666,0.1418378909446696,-0.11897941191401169
Alfotbreen,2035-01-01,0.4629139449037932,0.10930819069566138,0.5385537539858364
Alfotbreen,2035-02-01,-0.07199780678111922,-0.14893721835665016,0.024608194085699087
Alfotbreen,2035-03-01,-0.11094669943496786,-0.00692583124528507,0.33985763595163604
Alfotbreen,2035-04-01,0.19013541850031865,-0.10479916412309583,-0.06468410168884407
Alfotbreen,2035-05-01,-0.23168335061684,-0.10818088043742213,-0.0934593500814161
Alfotbreen,2035-06-01,-0.01564710320034148,0.027171877874508102,0.2608131825133642
Alfotbreen,2035-07-01,-0.1964460358765224,-0.02728784192710564,-0.06691489875107422
Alfotbreen,2035-08-01,0.16714009893569362,0.07740041959599764,0.1602329609603511
Alfotbreen,2035-09-01,-0.10707979144752655,-0.047481866295324825,0.11938936592431382
Alfotbreen,2035-10-01,0.04973947127399087,0.1344784562439205,0.1385084324411715
Alfotbreen,2035-11-01,0.18868979656774867,0.14422138533642004,0.28994565104688713
Alfotbreen,2035-12-01,0.04445178238619615,-0.04822995717246271,-0.24415917795557296
Alfotbreen,2036-01-01,-0.0289645145495986,0.0812571925095198,-0.05935565071609838
Alfotbreen,2036-02-01,-0.2198282777846959,0.0504520471499603,-0.3073663792561999
Alfotbreen,2036-03-01,0.33677349897286285,-0.09964162927208653,0.2872470636970148
Alfotbreen,2036-04-01,0.4214899732788156,0.14817369318768717,-0.30160792540498654
Alfotbreen,2036-05-01,-0.035830594603664875,-0.055268280395458856,0.013299685454747627
Alfotbreen,2036-06-01,0.030222864526878414,0.052279379830805495,-0.1423244668255902
Alfotbreen,2036-07-01,0.09962491880978054,0.20155461588698484,0.07571707466588411
Alfotbreen,2036-08-01,-0.0344044050618574,-0.011215185123605934,-0.09997275506030089
Alfotbreen,2036-09-01,-0.09462529627019106,0.2808988079357315,-0.26306899959986574
Alfotbreen,2036-10-01,0.0336934224264036,0.14378506492579043,-0.025593923012420996
Alfotbreen,2036-11-01,-0.2631313679708442,0.07972043276528147,-0.15183106090021625
Alfotbreen,2036-12-01,-0.366264932526905,0.2992200465362347,0.05295229903602285
Alfotbreen,2037-01-01,-0.13568045698313144,0.19384811336845034,0.3099700903590641
Alfotbreen,2037-02-01,0.6170709448703685,0.22367376344479514,-0.06488107927725094
Alfotbreen,2037-03-01,0.8788591262939907,0.05925847288453238,0.19976798051995848
Alfotbreen,2037-04-01,0.09242400843613209,0.38063328148512693,-0.27672175182567704
Alfotbreen,2037-05-01,0.03058535480315906,-0.04229276818562631,0.1587078103942274
Alfotbreen,2037-06-01,0.20373832001560976,-0.028725937381450618,-0.0633902660738766
Alfotbreen,2037-07-01,0.2415625189229397,-0.03725282733927126,-0.06513374592038003
Alfotbreen,2037-08-01,-0.17628108312811186,0.045650126678031505,-0.1342140742419685
Alfotbreen,2037-09-01,-0.29413691677080167,0.10313169256387728,0.06885625925300624
Alfotbreen,2037-10-01,0.27157254402877645,0.502718656946005,0.10431821356455206
Alfotbreen,2037-11-01,0.18507444059918635,0.009352355414842913,-0.4745239937575079
Alfotbreen,2037-12-01,-0.18566718777135482,0.10001456651359066,0.13843207231324162
Alfotbreen,2038-01-01,-0.08639462364250416,0.23644367340045727,-0.053356442972596896
Alfotbreen,2038-02-01,0.3318386302517715,-0.06306936212915258,0.18804740390066285
Alfotbreen,2038-03-01,0.4937209792538197,0.09335515022841706,0.1470614381406935
Alfotbreen,2038-04-01,-0.08935971630158446,-0.27863681078033453,0.6046709505777033
Alfotbreen,2038-05-01,-0.02810679596587573,-0.028212500106089305,-0.18074162888722087
Alfotbreen,2038-06-01,0.10481576176794168,0.045079092543188405,-0.0016182007107074445
Alfotbreen,2038-07-01,-0.051132908007655374,-0.010318177909208226,-0.02361053171708934
Alfotbreen,2038-08-01,0.19258930275439864,0.26814765887722136,-0.18177325080740467
Alfotbreen,2038-09-01,0.3663232354299452,-0.06990978830675738,0.1699055998352239
Alfotbreen,2038-10-01,0.0712775256531289,-0.03930863505851454,0.24913981953893352
Alfotbreen,2038-11-01,0.6404766954785058,0.25225146196061854,-0.002314111924400832
Alfotbreen,2038-12-01,-0.45530393095937843,0.2630764405350252,0.5482146131804965
Alfotbreen,2039-01-01,-0.013296706964131988,0.1681670007561761,0.3239266300074089
Alfotbreen,2039-02-01,0.15391853047851314,-0.17410958673153834,-0.28016839936182597
Alfotbreen,2039-03-01,-0.07934880472128478,-0.09194924719270085,-0.48529558243513643
Alfotbreen,2039-04-01,0.3203002842070531,-0.14310563222597775,-0.4741210811411826
Alfotbreen,2039-05-01,0.14321840990643264,-0.11611549877297517,-0.14239844689011236
Alfotbreen,2039-06-01,0.011283065875948217,0.08464116030844204,-0.19147820104450733
Alfotbreen,2039-07-01,0.00428097403212418,-0.026081527137796056,0.04426343415017986
Alfotbreen,2039-08-01,-0.10642945327767765,0.01459466340965907,-0.16080996299226744
Alfotbreen,2039-09-01,-0.30096699961253087,0.09738997335307202,-0.0709145746697835
Alfotbreen,2039-10-01,-0.18427566380269508,0.23323449847339975,0.0720860945340016
Alfotbreen,2039-11-01,0.08408447544824577,0.08580999996136929,0.1388006805081671
Alfotbreen,2039-12-01,0.16566972483040013,0.07083144817882821,-0.07493841227906468
Alfotbreen,2040-01-01,-0.24860016339627464,0.07994898206482458,0.8209375379843437
Alfotbreen,2040-02-01,-0.3037023656358475,0.046617973396447944,0.525391877100306
Alfotbreen,2040-03-01,0.05685848251730241,0.07302864367778046,0.3053677761718281
Alfotbreen,2040-04-01,0.32687598945922747,0.04902751521367451,0.033655944287271
Alfotbreen,2040-05-01,-0.11541028140021303,-0.04730149435495842,-0.016811292846682483
Alfotbreen,2040-06-01,-0.05518024717836423,0.059804795999754544,0.020223827576161472
Alfotbreen,2040-07-01,0.01137012476445264,-0.1731532816558027,0.12231423160615858
Alfotbreen,2040-08-01,0.34423468120154394,0.02365268208910459,-0.0651456665611566
Alfotbreen,2040-09-01,-0.06384823205953698,0.10414025941461535,-0.0837646013336953
Alfotbreen,2040-10-01,-0.04939254614299027,0.19484208542837514,-0.0008290213781394889
Alfotbreen,2040-11-01,0.34641583091046907,0.32413305372868945,-0.0660846280324567
Alfotbreen,2040-12-01,0.6005312834340747,-0.2074421784374203,0.3329647258592496
Alfotbreen,2041-01-01,0.17813899739099573,0.20920656832377768,-0.2034320361988914
Alfotbreen,2041-02-01,0.19640270552063618,0.04529081173227919,-0.16912267287609875
Alfotbreen,2041-03-01,0.046519304806235014,-0.01054438487879867,0.12648241590880005
Alfotbreen,2041-04-01,0.06331695306785559,0.11681722525116088,-0.23938744271402287
Alfotbreen,2041-05-01,-0.035802291338504065,-0.08454724669661484,-0.04763406076919915
Alfotbreen,2041-06-01,-0.2533807952500244,0.09234363531950603,-0.16595684579264827
Alfotbreen,2041-07-01,0.0904442171628405,0.046449971010325775,0.030738616235777182
Alfotbreen,2041-08-01,-0.08484524597320726,-0.06712721350333824,-0.2616302430477095
Alfotbreen,2041-09-01,-0.5806753462698642,0.06856381305844796,0.05851370699106456
Alfotbreen,2041-10-01,-0.14445838800072067,0.0003945407917863968,0.14275182848786852
Alfotbreen,2041-11-01,0.16347141978419777,0.2868848720632787,-0.019978467617355986
Alfotbreen,2041-12-01,0.13057010416717335,-0.3560474212136174,0.03309777755298689
Alfotbreen,2042-01-01,0.10711469242500231,0.2067632267459393,0.1321931882912237
Alfotbreen,2042-02-01,-0.03014918222257829,0.3702158317936431,-0.4607008140826628
Alfotbreen,2042-03-01,0.061635297360968254,0.01994293855439002,-0.16210227140804215
Alfotbreen,2042-04-01,0.09411220565122819,-0.051704582144809864,-0.2341691173224858
Alfotbreen,2042-05-01,-0.17761539269421245,0.047124480620454906,-0.10116200696228185
Alfotbreen,2042-06-01,-0.09928714984276883,-0.040325333102670405,0.054653581370914285
Alfotbreen,2042-07-01,0.3327217275315814,0.05233312736248852,-0.03898872206554296
Alfotbreen,2042-08-01,-0.18496263712747174,-0.12002346132018188,0.015598094613407118
Alfotbreen,2042-09-01,-0.2630018196018687,0.20390699182830777,-0.2699035111489939
Alfotbreen,2042-10-01,0.47995795953240616,0.28036387101431215,0.1780333775058365
Alfotbreen,2042-11-01,-0.21511832731963687,-0.4635711561800198,-0.20175824565721345
Alfotbreen,2042-12-01,0.7518574534436405,0.11555041989602054,-0.1800698130192193
Alfotbreen,2043-01-01,0.028674724447883864,0.1462881376530293,-0.3271554876023171
Alfotbreen,2043-02-01,0.6418857212186485,-0.14661683583484106,0.24742246386054836
Alfotbreen,2043-03-01,-0.0693981870053052,0.18816956063775256,0.36739999555313846
Alfotbreen,2043-04-01,0.06234525625403934,0.029453250069907077,-0.16954037177816259
Alfotbreen,2043-05-01,-0.18355935004553967,0.24219597484375852,-0.01655324851949087
Alfotbreen,2043-06-01,-0.2032485161302137,0.0523828119044667,-0.13216533764395894
Alfotbreen,2043-07-01,0.16593834200212804,-0.0010976102991869657,-0.10115096494033582
Alfotbreen,2043-08-01,0.042053178357190864,-0.07221609899175972,-0.007144374388063306
Alfotbreen,2043-09-01,-0.023822953221052115,-0.0006125013136524029,-0.06489859994193205
Alfotbreen,2043-10-01,0.1641860835200408,0.3286292453334257,0.5367834190619252
Alfotbreen,2043-11-01,0.1277054444576445,0.22828912331732812,0.2027918420152729
Alfotbreen,2043-12-01,0.5182551325735331,0.114416977114149,0.48625250312552665
Alfotbreen,2044-01-01,0.11203434782776744,-0.5497608309055736,0.5266249634396135
Alfotbreen,2044-02-01,0.21053709324177114,-0.0005276260806321847,0.40470531999112597
Alfotbreen,2044-03-01,-0.09506260768320478,0.1468949924717366,-0.3586487449508519
Alfotbreen,2044-04-01,0.2073356085009935,-0.02275095416008537,-0.1406887970304814
Alfotbreen,2044-05-01,-0.0009087411266612717,-0.12763821847036375,-0.17785772692348645
Alfotbreen,2044-06-01,-0.04022185329599825,-0.09834714097998465,-0.20167189051158238
Alfotbreen,2044-07-01,0.13930083155436204,0.01978876878017025,0.12225791391408503
Alfotbreen,2044-08-01,0.11439377437190262,-0.012525556844097908,-0.07526878326790962
Alfotbreen,2044-09-01,-0.3186920462178414,0.2057859086176268,-0.05981796992234071
Alfotbreen,2044-10-01,-0.12081043013389418,-0.10126594736227075,-0.07482048185790069
Alfotbreen,2044-11-01,0.3304042360579597,-0.04726199885730273,-0.19795885018476098
Alfotbreen,2044-12-01,0.536724180296586,-0.1372936165244258,0.12891342628597438
Alfotbreen,2045-01-01,0.17697888474289228,-0.012961676332245875,-0.18728972727559343
Alfotbreen,2045-02-01,0.773951717004507,-0.5533788805086237,0.22242502536008887
Alfotbreen,2045-03-01,0.2519470941527372,-0.026921993479798245,0.17681835162454032
Alfotbreen,2045-04-01,0.19417648042027472,0.07754028678856607,-0.033362639628838515
Alfotbreen,2045-05-01,0.17233058609348884,0.005348760358577419,-0.1549143883612186
Alfotbreen,2045-06-01,0.051550262743018584,0.06880649009098588,0.08183071737574656
Alfotbreen,2045-07-01,-0.1612166343009512,0.2527706095754925,0.1657171916837267
Alfotbreen,2045-08-01,0.12914875121145938,0.17670635785281721,0.20707630858351248
Alfotbreen,2045-09-01,0.17877977018469085,0.254759894790052,-0.17284922190286803
Alfotbreen,2045-10-01,-0.019817202214726187,0.5154194744951034,0.23212460201137522
Alfotbreen,2045-11-01,-0.03626633157850139,-0.19102134821552727,0.3090917692559884
Alfotbreen,2045-12-01,-0.5168776731888246,0.4129841499808551,-0.2980574475795676
Alfotbreen,2046-01-01,0.17078050197615868,-0.09637027829479321,-0.13230230193337142
Alfotbreen,2046-02-01,-0.23375013037783465,-0.2439723929613313,0.512369036766178
Alfotbreen,2046-03-01,-0.430551269997493,0.13087763459651386,-0.2709981269286743
Alfotbreen,2046-04-01,0.12469836866325697,0.46886170494680074,-0.019291174216293283
Alfotbreen,2046-05-01,0.1758521796995264,0.253887937258416,0.049317020160611735
Alfotbreen,2046-06-01,0.05673364996032356,-0.004681270307766245,0.11389613827715998
Alfotbreen,2046-07-01,0.07067412091673804,0.052301391470363945,-0.2181682251879897
Alfotbreen,2046-08-01,0.15030469808483002,0.21488884644710374,0.3217140866385218
Alfotbreen,2046-09-01,-0.22263379574611006,-0.00786000987558833,-0.07651677774272758
Alfotbreen,2046-10-01,0.28200755051976695,0.11655460200996755,-0.20872919185281347
Alfotbreen,2046-11-01,-0.22969026676915993,0.28707996307899514,0.21358070744733607
Alfotbreen,2046-12-01,-0.1136449698854173,0.06557559817556614,0.22828737390286927
Alfotbreen,2047-01-01,-0.14541077710329725,-0.018514663882276048,0.4511269217110132
Alfotbreen,2047-02-01,-0.5651714427657154,0.05275484150611553,0.5031427038912346
Alfotbreen,2047-03-01,0.38011667068123106,-0.1542191739259833,0.255283081453568
Alfotbreen,2047-04-01,-0.16527733167023909,0.11686259951575761,0.14357229840105626
Alfotbreen,2047-05-01,0.05393332833354614,-0.13082564664238597,-0.10866351594829865
Alfotbreen,2047-06-01,0.033143540252691894,0.06075264788367707,-0.14580574324429066
Alfotbreen,2047-07-01,0.2922458112945401,0.023120619930900425,0.052568452393156884
Alfotbreen,2047-08-01,-0.103820333392247,-0.03655570244467052,-0.12858262244439397
Alfotbreen,2047-09-01,0.18506405781869753,-0.23923300740442932,0.3640999221644097
Alfotbreen,2047-10-01,0.1011055428517132,0.04072068822150076,0.16749939493473323
Alfotbreen,2047-11-01,-0.09095174033969004,0.3157070289734119,-0.27392323806998337
Alfotbreen,2047-12-01,0.13729225995843106,0.07620347118440869,-0.03691957485301777
Alfotbreen,2048-01-01,0.08342314421250491,-0.1016364939486828,0.34936482124556845
Alfotbreen,2048-02-01,-0.026594647417681017,0.03058718793428124,0.23346713826481116
Alfotbreen,2048-03-01,0.011498212854832162,0.13097127846830584,0.0016121287852571664
Alfotbreen,2048-04-01,-0.07628999013229491,0.2737151752962809,-0.03909137103876189
Alfotbreen,2048-05-01,-0.16223696444741384,-0.04061678774333199,-0.1014985595567008
Alfotbreen,2048-06-01,-0.04869627870796687,-0.07293476797187098,-0.14152222541099255
Alfotbreen,2048-07-01,-0.06939140444997803,0.055076209797347786,-0.10965745097420838
Alfotbreen,2048-08-01,0.12194966859453304,0.08428548375237545,-0.12349709850486101
Alfotbreen,2048-09-01,-0.10865115652752698,0.17659566474511182,-0.08352959699503365
Alfotbreen,2048-10-01,0.36966133276948526,-0.2686214833691347,-0.05206649490560322
Alfotbreen,2048-11-01,-0.03680557897183826,0.18289606805906275,0.039066677071666264
Alfotbreen,2048-12-01,0.06311902332744813,0.16251270539073856,-0.24963277708353915
Alfotbreen,2049-01-01,0.12756474239960272,0.07795058676276252,-0.17284218196279574
Alfotbreen,2049-02-01,0.4561048508171019,-0.2827190941596045,-0.12222686083006466
Alfotbreen,2049-03-01,0.20267734800879136,0.15721881883587505,-0.12422438675368613
Alfotbreen,2049-04-01,0.20531300915842995,0.09763484893582841,-0.00028005982394869604
Alfotbreen,2049-05-01,-0.07970118827609544,-0.07333785514708031,-0.08030475256776942
Alfotbreen,2049-06-01,0.43046922933629483,-0.04455485481747673,-0.03876715868762078
Alfotbreen,2049-07-01,-0.13709523142619676,0.08711959835339093,0.14015578903893894
Alfotbreen,2049-08-01,0.1122769246088517,-0.08260746869561911,0.26283252026104553
Alfotbreen,2049-09-01,0.1761716468242446,-0.32913747468589577,-0.17104937041425836
Alfotbreen,2049-10-01,0.21192924529291787,0.12234209659254369,-0.1501134523850017
Alfotbreen,2049-11-01,0.224825312884304,-0.06089278058764399,-0.3015846814638619
Alfotbreen,2049-12-01,-0.04286192023344798,0.14678643910240227,-0.1093043617564489
Alfotbreen,2050-01-01,-0.060805341415403176,0.2554971301772935,0.4231007110532346
Alfotbreen,2050-02-01,-0.025554042257970044,-0.28813041669041617,0.2033884576308462
Alfotbreen,2050-03-01,-0.32903074699254203,0.17701146448264748,-0.0750078635381798
Alfotbreen,2050-04-01,-0.2719905688527644,-0.014140775476423584,0.1524387397871832
Alfotbreen,2050-05-01,0.1600189271124726,-0.07749914637425584,0.2740265636331675
Alfotbreen,2050-06-01,0.04667117763817314,-0.01401059916910249,-0.2612615825213867
Alfotbreen,2050-07-01,0.06947538046624269,0.03405897614986997,-0.09391774782335567
Alfotbreen,2050-08-01,-0.10574439307478355,-0.025433821266999782,0.024198527404232544
Alfotbreen,2050-09-01,0.10709609809556599,0.05471342217884622,-0.19981358426620063
Alfotbreen,2050-10-01,0.2881598884291808,-0.2708937055006168,-0.12424710577028371
Alfotbreen,2050-11-01,-0.11464632304173379,-0.029074310287597698,-0.00010478092079240174
Alfotbreen,2050-12-01,0.5987891975626366,0.37249194183394163,-0.007757668782704647
Alfotbreen,2051-01-01,0.9906195330695565,-0.16002340460933437,-0.14967645254565523
Alfotbreen,2051-02-01,-0.18052353920924036,-0.13556411887793787,-0.1392278204435917
Alfotbreen,2051-03-01,0.18563196747883412,0.20582737751736876,0.24008182963714017
Alfotbreen,2051-04-01,-0.10233975496383085,0.1398002590493156,-0.12631621108847432
Alfotbreen,2051-05-01,0.3186116280874533,0.1473579936935839,-0.3998512984103568
Alfotbreen,2051-06-01,0.041318614292813784,-0.1123411939299902,0.09791154784487721
Alfotbreen,2051-07-01,-0.02267097288064185,-0.010090543841268595,-0.1383742019786065
Alfotbreen,2051-08-01,0.10710648418688555,-0.026894093646390255,0.032777460843446675
Alfotbreen,2051-09-01,0.277799016262412,0.0594790139293138,-0.26331610653547877
Alfotbreen,2051-10-01,0.18976742230233248,0.02990731389650132,-0.20578988689307617
Alfotbreen,2051-11-01,-0.025906791008841135,-0.29482218400218413,0.2553087749376666
Alfotbreen,2051-12-01,-0.17174947905116975,-0.2406508205589645,0.16279509124185207
Alfotbreen,2052-01-01,-0.23685950874515327,0.6109508018682215,-0.3887115485430752
Alfotbreen,2052-02-01,-0.07615433103094836,0.3424190019629245,-0.23167128003905438
Alfotbreen,2052-03-01,0.25478451864176055,-0.03367295684056399,-0.17686640635271264
Alfotbreen,2052-04-01,0.38472568274658475,0.282388240342853,-0.036579116922739956
Alfotbreen,2052-05-01,-0.09123670422673757,-0.16816423913068798,0.14081080053802994
Alfotbreen,2052-06-01,0.07347064550634426,0.03783081624671257,-0.05275134294931887
Alfotbreen,2052-07-01,0.17251846478645172,-0.06859696789910381,0.04878000022944961
Alfotbreen,2052-08-01,0.26372930716057114,-0.056160588968810266,-0.058550794056277354
Alfotbreen,2052-09-01,0.04060331189577308,-0.03746809107990525,-0.006802557699948912
Alfotbreen,2052-10-01,0.021618612685630135,-0.05990491232233384,0.3588360987361671
Alfotbreen,2052-11-01,-0.18925169510483206,0.07796814895698821,0.3578150146710181
Alfotbreen,2052-12-01,0.14394645803823006,0.16541482029881632,-0.011972282886115043
Alfotbreen,2053-01-01,0.0006384452949978146,-0.0786225293519669,0.08199857359219269
Alfotbreen,2053-02-01,-0.15809869224726972,-0.46120924195304625,0.8137682222245317
Alfotbreen,2053-03-01,-0.24822710693866643,-0.17500659538795296,0.26355830798055907
Alfotbreen,2053-04-01,0.08350786095484991,-0.013168472737612588,-0.10846814482870026
Alfotbreen,2053-05-01,0.06097132291856407,0.03500642641673501,0.03920322529795797
Alfotbreen,2053-06-01,0.1839007816786352,-0.11316491320828004,-0.1900930634136794
Alfotbreen,2053-07-01,0.0032453816370809443,0.13685643431426195,-0.01938750756450588
Alfotbreen,2053-08-01,0.31263206524433085,0.16806941977531376,-0.17680319545020273
Alfotbreen,2053-09-01,0.021754491652574856,-0.17002475201124598,-0.025540631466426506
Alfotbreen,2053-10-01,0.0034422254017826546,-0.07697313545156814,0.1911412857158609
Alfotbreen,2053-11-01,-0.05591358750472882,0.20372789695720397,-0.47094905248031954
Alfotbreen,2053-12-01,-0.0746840150316294,0.25438009927044253,-0.33351562082288516
Alfotbreen,2054-01-01,0.15885780516384604,0.1967879720422211,-0.12693632369693358
Alfotbreen,2054-02-01,-0.0384047878593939,0.03630283480603913,-0.17134055707519935
Alfotbreen,2054-03-01,-0.07861112844675451,-0.03620179978694701,-0.0281313104580995
Alfotbreen,2054-04-01,0.26558496608583476,0.24845393812281724,-0.20105614893596227
Alfotbreen,2054-05-01,-0.002192001484869713,0.08760748658421981,0.05148834767002086
Alfotbreen,2054-06-01,0.16774797995726942,-0.16201969108296008,-0.021480652368262226
Alfotbreen,2054-07-01,-0.05537235071398214,-0.03246595411201084,-0.11027529847324787
Alfotbreen,2054-08-01,0.07018559010062447,0.043274860096449035,0.057172303103709715
Alfotbreen,2054-09-01,-0.009089552365764616,0.1197932981165335,0.45046030854604724
Alfotbreen,2054-10-01,0.1713633060439259,-0.1587529636404876,0.20249555100035135
Alfotbreen,2054-11-01,0.3438846364014574,-0.011767466302351716,-0.0749200955228296
Alfotbreen,2054-12-01,-0.05995396034933285,0.19475937658254663,-0.42952405856027887
Alfotbreen,2055-01-01,0.4361933484881489,0.4552034363563194,0.2347324805207982
Alfotbreen,2055-02-01,0.3940702450560504,0.1891914760382416,0.3339449999221838
Alfotbreen,2055-03-01,0.20228901871145824,0.1451152237445665,0.0786779561288701
Alfotbreen,2055-04-01,0.02024284350501225,0.19686032200768197,-0.03783853957502167
Alfotbreen,2055-05-01,0.001521900730243932,0.04435246405643911,0.08209317862454457
Alfotbreen,2055-06-01,0.008350646279552783,0.083130194559478,0.10479164070888052
Alfotbreen,2055-07-01,0.13073160702243528,-0.1290442834261002,-0.012674272813682828
Alfotbreen,2055-08-01,0.07284762391134632,-0.01947941138927835,0.007234290644781558
Alfotbreen,2055-09-01,0.18945909839801892,0.4164499615961586,0.3989646484600902
Alfotbreen,2055-10-01,-0.10008682110457344,-0.19709405023282653,-0.03615519900415914
Alfotbreen,2055-11-01,0.2959567804864473,-0.0040293656019948,0.0360237485239076
Alfotbreen,2055-12-01,0.06608972226226202,0.16872152037178165,0.2971735933317245
Alfotbreen,2056-01-01,0.0374402277728119,-0.20111050805961547,0.033282046820505506
Alfotbreen,2056-02-01,-0.04075983369090097,-0.176041987120674,0.1571085657856323
Alfotbreen,2056-03-01,-0.22076431520789294,-0.10058371760101455,-0.1851321713321481
Alfotbreen,2056-04-01,-0.3899933024435231,0.1313035754465702,0.0387492633151143
Alfotbreen,2056-05-01,-0.12065601989396572,0.23118419027760462,0.017692293676087444
Alfotbreen,2056-06-01,0.044417154449570756,0.05333729836609541,0.09486949269475696
Alfotbreen,2056-07-01,0.3165776728186034,0.09456047012111342,-0.042969061899281236
Alfotbreen,2056-08-01,0.026893162705198124,-0.02326197382850585,-0.042582472471441445
Alfotbreen,2056-09-01,0.09969385516848472,0.21452947001184053,0.10507562708094874
Alfotbreen,2056-10-01,0.18364678501449336,0.10492643617231108,0.36389406802553753
Alfotbreen,2056-11-01,0.1481885765253011,0.2219309900418971,0.15320250395972657
Alfotbreen,2056-12-01,-0.4376625603945796,0.3111173833396485,-0.056083816073261905
Alfotbreen,2057-01-01,-0.22502324466773738,0.06924809756002494,-0.04986834916472338
Alfotbreen,2057-02-01,-0.6232480686180177,0.046408497954087746,0.04401004613503016
Alfotbreen,2057-03-01,-0.45051827779377285,-0.14761275832461404,-0.05523740142948103
Alfotbreen,2057-04-01,-0.144499046317559,0.022166775668507586,-0.03906233818850906
Alfotbreen,2057-05-01,0.041790059077795226,-0.03772741507115831,-0.2428674627690325
Alfotbreen,2057-06-01,-0.0641737227906553,0.11249906225353591,0.0795899438101235
Alfotbreen,2057-07-01,-0.19010784204422215,-0.03257137223893615,0.0017743245675393242
Alfotbreen,2057-08-01,0.14291787886644056,0.02519272161771628,-0.2343291269590808
Alfotbreen,2057-09-01,0.002715855180936037,0.2673114904482787,0.0788613447521581
Alfotbreen,2057-10-01,0.04760011095615932,0.18766777422536376,0.30328636068182274
Alfotbreen,2057-11-01,-0.04696198691964921,0.1259853208323751,0.4409491046863429
Alfotbreen,2057-12-01,-0.45052299119156897,0.3750874061234855,0.1215643593365174
Alfotbreen,2058-01-01,-0.36157617790807395,0.11929329404188106,-0.3652669804066277
Alfotbreen,2058-02-01,-0.3666387074738126,-0.08957913413355757,-0.43726330013306763
Alfotbreen,2058-03-01,-0.3236207012774793,0.044024115305208146,-0.2440967856207691
Alfotbreen,2058-04-01,0.13051718209262828,0.06080851516299381,0.09476589926137774
Alfotbreen,2058-05-01,0.04337019119522526,0.02817178113655654,-0.004345446181365758
Alfotbreen,2058-06-01,-0.04982272996751702,-0.037273402612378034,-0.01994142859887549
Alfotbreen,2058-07-01,0.0987901704216901,-0.16049157362522684,0.028319954813532156
Alfotbreen,2058-08-01,0.26943843010213414,0.047485765475316966,0.023828293964079584
Alfotbreen,2058-09-01,0.08824423013403844,0.18529552661232596,-0.1676685614838761
Alfotbreen,2058-10-01,0.06278721913486833,0.21907747864098845,0.5106746424353905
Alfotbreen,2058-11-01,-0.00790790962413481,-0.19877423569851416,0.28269343919076995
Alfotbreen,2058-12-01,0.34025025896977557,0.008853651494928118,0.07230375761199483
Alfotbreen,2059-01-01,0.05454822487828959,-0.0231113501032698,0.17134738710070915
Alfotbreen,2059-02-01,0.27522501257391646,-0.06555583243225696,-0.05230507147627609
Alfotbreen,2059-03-01,-0.6067167614270519,0.04877770981146454,0.04883081996736782
Alfotbreen,2059-04-01,0.13631125371748065,0.21541726515371606,-0.2542083166764049
Alfotbreen,2059-05-01,0.3803297132726971,0.12402995723290182,0.14611394596211724
Alfotbreen,2059-06-01,-0.06921772297084568,0.24730013732212688,0.01745278958912367
Alfotbreen,2059-07-01,-0.11397068196142544,0.09255491248916108,-0.0038818378920788695
Alfotbreen,2059-08-01,-0.02287584471338469,0.017358147790555334,0.05016377865609637
Alfotbreen,2059-09-01,0.1800724360796282,-0.15946784568344577,0.24685830008178364
Alfotbreen,2059-10-01,0.2747867895681375,-0.09045995870301186,0.15792832615347788
Alfotbreen,2059-11-01,0.0920897427457719,-0.1026446019952046,-0.02680151275926858
Alfotbreen,2059-12-01,0.12201994507562465,0.21921009900562674,-0.27758512783670436
Alfotbreen,2060-01-01,0.7503850404873234,0.11966006335043632,0.5933648366072989
Alfotbreen,2060-02-01,0.6632675089831399,0.17768069657204902,0.2271798970178156
Alfotbreen,2060-03-01,0.2075820657129471,-0.33018312991104176,-0.00045710385810546786
Alfotbreen,2060-04-01,-0.010981078317922261,-0.22205826996925257,-0.1803932131092021
Alfotbreen,2060-05-01,-0.06899420011452909,0.02719263963842582,0.26278030092316457
Alfotbreen,2060-06-01,0.13960769196492315,-0.0426491202070989,-0.0161443015204051
Alfotbreen,2060-07-01,0.14878274636041267,0.07204320408425571,-0.07637341104708624
Alfotbreen,2060-08-01,0.1768112335887498,0.029688062105200825,0.13905150427778162
Alfotbreen,2060-09-01,0.23209710651566384,0.14898435710905475,0.1219548338667447
Alfotbreen,2060-10-01,-0.126151849597131,0.008849386265739806,-0.16538897597758304
Alfotbreen,2060-11-01,0.0044480982693721255,0.14395896171516284,0.035752062957044355
Alfotbreen,2060-12-01,0.6674232890883646,-0.06749974853335412,0.030655439164106985
Alfotbreen,2061-01-01,0.29300744559131897,-0.02563677311181912,-0.14218290362058641
Alfotbreen,2061-02-01,-0.15039503171151622,0.12747661337961094,-0.006980300507419893
Alfotbreen,2061-03-01,-0.23417394068999195,-0.012511050245344166,0.21732447648192313
Alfotbreen,2061-04-01,-0.13741918150183094,-0.06853900268644107,-0.007843278629399117
Alfotbreen,2061-05-01,0.12968807183227934,0.04939659570101106,-0.03139297195986703
Alfotbreen,2061-06-01,0.17143487610325622,0.21993120784701461,-0.03811423189799611
Alfotbreen,2061-07-01,-0.03835898981611563,0.07735874626128685,0.10365582162622757
Alfotbreen,2061-08-01,0.09772568823434968,-0.08698557124054292,0.22200289004415072
Alfotbreen,2061-09-01,0.173370665361821,-0.09600513054917818,-0.08456533569659486
Alfotbreen,2061-10-01,0.4438659616933725,0.17283622355783146,-0.38643864192073246
Alfotbreen,2061-11-01,0.05456552556900519,0.005140072690688471,-0.06244871457425471
Alfotbreen,2061-12-01,-0.22322548732347572,-0.2208253162361488,-0.32753696404383875
Alfotbreen,2062-01-01,0.06915666194552618,-0.3149046051800697,-0.03726309590245562
Alfotbreen,2062-02-01,-0.4565857204211053,0.1352265807602041,0.6672872827475981
Alfotbreen,2062-03-01,0.060393004704371284,0.10029783116935208,-0.07546836638808722
Alfotbreen,2062-04-01,0.10422367236874212,0.16678706579165584,0.1179072025428785
Alfotbreen,2062-05-01,0.15149479651136152,-0.11314184005060901,0.08604530754259404
Alfotbreen,2062-06-01,0.0334832404072081,-0.08528468170926362,-0.08310817512828468
Alfotbreen,2062-07-01,0.25878242705994253,0.004198318619064419,0.03988561862147921
Alfotbreen,2062-08-01,-0.0481024220011552,-0.19926495239260492,0.013032020663834123
Alfotbreen,2062-09-01,0.08040786902152623,0.11376794073061951,0.05075684934136368
Alfotbreen,2062-10-01,-0.1349368081668442,0.0554746603060532,-0.38985402210435866
Alfotbreen,2062-11-01,-0.5800652626023767,0.18149365010796778,0.12433079959600751
Alfotbreen,2062-12-01,-0.23589118821540836,0.3024632578905136,-0.07856847035574478
Alfotbreen,2063-01-01,0.6024627293612473,-0.1689005821989432,0.06032573075909257
Alfotbreen,2063-02-01,-0.4496821462315748,0.12006833396176148,-0.3872946756674535
Alfotbreen,2063-03-01,-0.3066637171892085,-0.06719723038033541,0.22193494796707794
Alfotbreen,2063-04-01,0.2040830941955977,0.13024175009318323,-0.04433062818291258
Alfotbreen,2063-05-01,-0.13204727045205475,-0.03949222806078954,0.12402646579661676
Alfotbreen,2063-06-01,0.013688605010677667,0.06334137821359599,0.1932571639954153
Alfotbreen,2063-07-01,-0.1385875065093613,-0.13067166040493358,0.06487258252617335
Alfotbreen,2063-08-01,0.34702789877665646,0.03395555799950603,-0.08877447250412057
Alfotbreen,2063-09-01,-0.010252593372129396,-0.022921211195078214,0.104456198438643
Alfotbreen,2063-10-01,0.058957463112186935,-0.5689666051901275,-0.08551789567148016
Alfotbreen,2063-11-01,0.06698678997088396,-0.05187569118354853,0.09432948129232542
Alfotbreen,2063-12-01,0.24758621140984224,-0.07387398058563265,-0.3233034090997234
Alfotbreen,2064-01-01,-0.14310618917807938,0.10821788512486387,-0.27761828611603306
Alfotbreen,2064-02-01,0.17598286047718348,-0.019084276187925592,-0.3636326286202312
Alfotbreen,2064-03-01,0.38050751218060136,0.19987117182512615,0.5588744173928084
Alfotbreen,2064-04-01,0.2098606611309881,-0.14575382779740328,0.7021593499898238
Alfotbreen,2064-05-01,-0.018608625756612387,-0.05718297935109331,0.049674616922664956
Alfotbreen,2064-06-01,-0.08739636207603287,-0.048696834224114714,0.1805439745514036
Alfotbreen,2064-07-01,-0.06615478583637359,-0.139365912672774,0.13226308034075926
Alfotbreen,2064-08-01,0.1283371235706564,0.10744941204484389,-0.05306275514069173
Alfotbreen,2064-09-01,-0.31329697263093065,0.01708654406748847,-0.2123050953067355
Alfotbreen,2064-10-01,-0.26340314418263766,0.3405152324553906,0.20155648923678196
Alfotbreen,2064-11-01,-0.07146209605213315,0.38221970645479303,-0.20411803540656973
Alfotbreen,2064-12-01,-0.07333390533573372,0.08764964060647899,-0.32510804394407516
Alfotbreen,2065-01-01,-0.266810836546435,0.03217793222273917,-0.5986287623699692
Alfotbreen,2065-02-01,0.16515762232633802,0.17445576611784483,-0.40733647626525477
Alfotbreen,2065-03-01,-0.25279501970885637,-0.4707387819988993,0.4464481390423652
Alfotbreen,2065-04-01,0.019572655750863203,0.04778177429650193,0.011712309882194632
Alfotbreen,2065-05-01,0.008870884359935707,-0.1159290939857426,0.1975698820222329
Alfotbreen,2065-06-01,-0.1600528526272272,-0.039671063036484405,-0.03765492454853043
Alfotbreen,2065-07-01,-0.0023441732465238328,-0.057226447772523815,-0.030733187988420795
Alfotbreen,2065-08-01,0.05246001284787751,0.10329527963619212,-0.11847931194912897
Alfotbreen,2065-09-01,0.09764629186035041,-0.25193996611568165,0.00537598110380427
Alfotbreen,2065-10-01,-0.020904347049839404,0.07728581965339036,-0.018669819967113463
Alfotbreen,2065-11-01,-0.2927139089509492,-0.2479066135110831,0.02875199293538103
Alfotbreen,2065-12-01,0.07012567303849955,0.17095012861048817,-0.48207467396130904
Alfotbreen,2066-01-01,-0.3116217977731482,-0.13989194330891697,0.4533984838144875
Alfotbreen,2066-02-01,-0.3700849076579746,-0.29165338187159423,0.10595856152192183
Alfotbreen,2066-03-01,-0.04856647536206987,0.3620626638141986,-0.35078941086815907
Alfotbreen,2066-04-01,0.03228019369358719,-0.06754523121148191,-0.15184074207857398
Alfotbreen,2066-05-01,0.07683508169524654,0.0801644393018709,0.34270607368333605
Alfotbreen,2066-06-01,0.13675069417854543,0.12244975022268771,0.12611331517951896
Alfotbreen,2066-07-01,0.0693151757666282,0.012089262176980151,0.15432729184970037
Alfotbreen,2066-08-01,0.03287244941513514,-0.10951819371189964,0.13134692176607046
Alfotbreen,2066-09-01,-0.2418101475452752,0.2866615139190675,0.009323890007572852
Alfotbreen,2066-10-01,0.18139415797817374,0.044690428636627,-0.21053765716870307
Alfotbreen,2066-11-01,0.339359205060195,0.20609937531371633,-0.028424875161525493
Alfotbreen,2066-12-01,0.08099043542781546,-0.1599111785607075,-0.13185062908575285
Alfotbreen,2067-01-01,0.21807007937732825,0.16440405838908345,-0.3772874257343453
Alfotbreen,2067-02-01,0.3214623515554767,0.18902712472246133,-0.07204689824432754
Alfotbreen,2067-03-01,0.0554046142347644,0.14258294517124306,-0.06706709445091175
Alfotbreen,2067-04-01,-0.05415706227561067,0.10117517764082477,-0.27236283472862916
Alfotbreen,2067-05-01,-0.04390462700300072,-0.1681229329301505,-0.08969279328317821
Alfotbreen,2067-06-01,-0.10769306616308665,0.34685416980275846,-0.14467946085030226
Alfotbreen,2067-07-01,0.05785775446570801,-0.018883361317897095,-0.02875978201401398
Alfotbreen,2067-08-01,-0.03495581024009561,0.15328086023664447,-0.12331784706694522
Alfotbreen,2067-09-01,-0.12416584898896281,0.11575394319305687,0.08136639352585497
Alfotbreen,2067-10-01,-0.03756663320185736,0.4738130103902913,0.5326813802230715
Alfotbreen,2067-11-01,-0.36068073103968973,0.04891572579992117,-0.30580047207266453
Alfotbreen,2067-12-01,-0.15809615121887402,0.07098908303508045,0.4017273774469288
Alfotbreen,2068-01-01,-0.2528561918666354,0.37312322337921167,0.29029089592618984
Alfotbreen,2068-02-01,0.13917556565300762,0.13208867582392161,-0.28215063923424916
Alfotbreen,2068-03-01,0.0590016153617254,-0.005163126042260693,-0.025660905572013396
Alfotbreen,2068-04-01,0.06592604500116282,-0.05776059327527603,0.24361589529161243
Alfotbreen,2068-05-01,0.05893357513975119,-0.08189184426135351,0.23385638857250848
Alfotbreen,2068-06-01,0.17250783652809124,-0.02957433471687455,0.018835917262405036
Alfotbreen,2068-07-01,0.05212637901689319,0.03041838615369186,-0.15873826347615697
Alfotbreen,2068-08-01,0.14538652088398685,0.041511018489162395,0.09952709645837128
Alfotbreen,2068-09-01,0.08442117341313977,-0.06346360292716975,0.073755432439699
Alfotbreen,2068-10-01,0.5502198080000584,0.08497020349742625,-0.08880270447527461
Alfotbreen,2068-11-01,0.2440589623915553,-0.06873620595493095,-0.09571279288215935
Alfotbreen,2068-12-01,-0.23695358120906287,-0.03026269775109031,-0.12681043489611457
Alfotbreen,2069-01-01,0.3638676992449376,-0.16426330354911708,0.010202930037035445
Alfotbreen,2069-02-01,0.3627582797318385,-0.063460527814285,0.09254366897915704
Alfotbreen,2069-03-01,-0.0773777874718644,-0.03767796399306426,0.6286640268462039
Alfotbreen,2069-04-01,-0.07098574310577122,0.0025462985047931927,-0.2888456703918138
Alfotbreen,2069-05-01,0.020404035720131726,-0.030148240784519387,0.1970314232501965
Alfotbreen,2069-06-01,0.3251427966473486,-0.17595311694854457,-0.2073075370297982
Alfotbreen,2069-07-01,0.1097049780895506,0.06417004036401082,0.07432527663264843
Alfotbreen,2069-08-01,-0.056192834084533995,0.06684174460211631,0.16382498571893075
Alfotbreen,2069-09-01,0.045166916690121295,-0.07483528395686774,-0.18867243989431792
Alfotbreen,2069-10-01,0.19526858382909973,-0.22506477811358527,-0.2252515598519532
Alfotbreen,2069-11-01,0.08269556421446521,-0.1472203076459278,-0.07822078248802557
Alfotbreen,2069-12-01,0.06799985511898497,-0.33284381836380467,-0.2369294636648461
Alfotbreen,2070-01-01,0.0019030562035485543,-0.016705011625623153,-0.05379987507057598
Alfotbreen,2070-02-01,0.2927409314398877,-0.23318270962347287,0.5059474718524849
Alfotbreen,2070-03-01,0.017115485488460012,0.26516480011391247,0.6427319201371012
Alfotbreen,2070-04-01,0.22236164988424048,-0.41691542035144974,0.12621000302037952
Alfotbreen,2070-05-01,-0.10350283592912357,-0.14567212091565454,-0.03257820339545184
Alfotbreen,2070-06-01,0.10391833764018987,-0.07054268697808175,-0.13870708540897383
Alfotbreen,2070-07-01,0.167306647552014,-0.010360395589046105,-0.015973093057697077
Alfotbreen,2070-08-01,0.19803372991028445,0.09583679947484736,-0.07705011652708095
Alfotbreen,2070-09-01,0.2310738254071457,0.054659719527646866,-0.11240529812269429
Alfotbreen,2070-10-01,0.1352680728341781,0.026518851667062745,0.4320601937945853
Alfotbreen,2070-11-01,0.5297018162145739,-0.09478409152444356,0.3620158100578845
Alfotbreen,2070-12-01,0.22154997137017815,0.09862135299155617,-0.024994995640686173
Alfotbreen,2071-01-01,-0.35535955976920164,-0.007782767546222424,0.3904591543708527
Alfotbreen,2071-02-01,-0.19690347362333904,0.15079933787261443,0.025847272700268344
Alfotbreen,2071-03-01,-0.3285272368711109,0.20126271199610865,-0.109509417542427
Alfotbreen,2071-04-01,0.2886220804243686,-0.17861767306771126,0.19719411442909615
Alfotbreen,2071-05-01,-0.18480247317040943,-0.012158482792056544,0.1344506330270688
Alfotbreen,2071-06-01,-0.1075086355956794,0.09532441224721144,0.022694260010113043
Alfotbreen,2071-07-01,-0.05853728252619179,0.012187720489814658,0.0742588141978311
Alfotbreen,2071-08-01,-0.051627644459868755,-0.20310670026524602,0.13726162322404153
Alfotbreen,2071-09-01,-0.1084442454971537,-0.023104566027280934,0.2559736567505256
Alfotbreen,2071-10-01,-0.10439725899022928,-0.3841140551995023,-0.1800917806507241
Alfotbreen,2071-11-01,-0.558494145417587,-0.005719304808619704,0.05647285399225141
Alfotbreen,2071-12-01,-0.007655222751065654,0.2559191677794146,-0.22134603920068585
Alfotbreen,2072-01-01,0.15776545878438222,0.12315554232051056,0.24679484318187125
Alfotbreen,2072-02-01,0.6662727056173258,0.33550270196706505,-0.5570665363208563
Alfotbreen,2072-03-01,0.35653415596005195,0.1681141358098833,-0.1996432574384289
Alfotbreen,2072-04-01,-0.10740137012409745,-0.1703693241384486,0.23855013209161546
Alfotbreen,2072-05-01,-0.015773345026559058,0.16681668440237907,0.18735182144828036
Alfotbreen,2072-06-01,-0.18778921313467797,-0.10263693599784406,0.38531427105444366
Alfotbreen,2072-07-01,0.30175657812413853,-0.07209641976985676,0.2540939825573851
Alfotbreen,2072-08-01,-0.13857137173348658,0.027236051749221085,0.17838830125726016
Alfotbreen,2072-09-01,-0.07056614010230929,0.06949670233081524,0.4645598726087918
Alfotbreen,2072-10-01,-0.414726252710851,-0.1495947878933059,0.25684333103416773
Alfotbreen,2072-11-01,-0.03033907230755646,0.16462803218107577,-0.08808493634877161
Alfotbreen,2072-12-01,0.05033482738726988,0.18682243153103315,0.5649331429389369
Alfotbreen,2073-01-01,-0.44946266393534806,-0.3649891347363418,0.33907608927969973
Alfotbreen,2073-02-01,0.02253334281722512,-0.027360669015309817,-0.49322856549365807
Alfotbreen,2073-03-01,-0.27413763584275497,-0.017782371507928562,-0.17193619613999564
Alfotbreen,2073-04-01,0.5384160257532563,-0.05670341046128147,-0.0381373822205315
Alfotbreen,2073-05-01,0.11685253477890863,0.017464113517359773,0.03370832655565221
Alfotbreen,2073-06-01,-0.07200101231749435,0.04911222719456639,0.11336117643025179
Alfotbreen,2073-07-01,0.11964734929516352,0.02762189393528403,0.07654452796790072
Alfotbreen,2073-08-01,0.06553036193527592,0.13189929102635242,-0.02454318700114776
Alfotbreen,2073-09-01,0.006552316278451227,-0.047065795617761134,0.27641199263964383
Alfotbreen,2073-10-01,0.016696076823201858,0.12573842651073985,0.02783591517264032
Alfotbreen,2073-11-01,0.34885538705238367,0.1372881624387732,-0.14925150749189414
Alfotbreen,2073-12-01,-0.08732549178937347,0.010294607546759876,-0.3720980710779746
Alfotbreen,2074-01-01,-0.22247239266776245,0.20955192335803308,0.18095253363592145
Alfotbreen,2074-02-01,-0.0974139714879911,-0.026538090052709355,-0.08398511129342238
Alfotbreen,2074-03-01,-0.239152222842182,-0.24937288488072765,0.03571293022778405
Alfotbreen,2074-04-01,-0.4529103514906195,0.14547441202262973,0.07636798620509526
Alfotbreen,2074-05-01,-0.1580122055178201,-0.2010387332514513,-0.2556032083173259
Alfotbreen,2074-06-01,-0.19371439744191932,-0.08969409394972923,0.12615470336070256
Alfotbreen,2074-07-01,0.04323389125880945,0.06557011339197588,0.11255746436553393
Alfotbreen,2074-08-01,0.17370725341682447,-0.0058307415778355185,0.07065221616146622
Alfotbreen,2074-09-01,0.1349514954682516,0.08521507416260521,-0.1815085027555213
Alfotbreen,2074-10-01,-0.01753361828408041,-0.14721868632822954,0.51946884234995
Alfotbreen,2074-11-01,0.2633607050419729,0.11811712608215284,0.5857652300452364
Alfotbreen,2074-12-01,0.11947078814988142,-0.08314830526803589,0.22932743797730046
Alfotbreen,2075-01-01,-0.11234337234013851,0.3036297626462718,0.13874369161370334
Alfotbreen,2075-02-01,-0.1355809266268975,-0.04396413947631638,-0.20926964350532865
Alfotbreen,2075-03-01,-0.10690800680313996,-0.11952827576746039,-0.07369186567614712
Alfotbreen,2075-04-01,0.018046868701954644,0.01785341003967306,0.33557185608961415
Alfotbreen,2075-05-01,-0.1470223323812219,-0.07791958988505364,0.14173692818835626
Alfotbreen,2075-06-01,0.2902751607846748,0.21988303565418296,-0.0740219703062855
Alfotbreen,2075-07-01,0.24003581963515042,0.0364090950592577,-0.028223722494059328
Alfotbreen,2075-08-01,-0.010170142131598219,0.01959317840793669,0.2703976805813851
Alfotbreen,2075-09-01,0.3531936526261174,0.06863228771661302,-0.010174479029387897
Alfotbreen,2075-10-01,-0.05332190973568135,-0.2979225024510493,-0.5398801624357926
Alfotbreen,2075-11-01,-0.2780287727651671,-0.08393094897299251,-0.6809346079000012
Alfotbreen,2075-12-01,0.06267416361068104,0.12359954661817074,-0.3405705436674012
Alfotbreen,2076-01-01,-0.5360116073215643,0.2560001623033543,-0.554803712061294
Alfotbreen,2076-02-01,0.18537069907359363,0.2644245266363257,-0.26858849233276394
Alfotbreen,2076-03-01,-0.05469984156370761,-0.13863364659669783,0.04749634945727851
Alfotbreen,2076-04-01,0.25814317457076813,-0.2490704339247665,-0.12957141003202013
Alfotbreen,2076-05-01,0.009898365746554005,0.05668709669962415,0.025177897561089606
Alfotbreen,2076-06-01,-0.0037707392530853625,0.023733150364617043,0.1260374934876086
Alfotbreen,2076-07-01,0.13197199608298546,0.08599692003501579,-0.005063501463669893
Alfotbreen,2076-08-01,-0.23486081170878684,0.19046543762843515,0.05834754551700292
Alfotbreen,2076-09-01,-0.31378310196681797,0.14883095007060046,-0.09717904946301388
Alfotbreen,2076-10-01,0.04850050863825619,0.01078163526747701,-0.01230787149339852
Alfotbreen,2076-11-01,0.37727906483411794,0.290323782723034,-0.07090259403300794
Alfotbreen,2076-12-01,0.20796893658522422,-0.05833693035740448,0.026167196074946917
Alfotbreen,2077-01-01,-0.68896293363636,0.005335344006806342,0.23320204773249
Alfotbreen,2077-02-01,-0.7342632979696351,0.15659004356304093,0.29407895829006725
Alfotbreen,2077-03-01,-0.41180383324329944,-0.18735551914744022,0.3141194332662713
Alfotbreen,2077-04-01,-0.07297541596478241,-0.026924124565281937,0.005129792988826125
Alfotbreen,2077-05-01,-0.02863562450408626,0.1453655178120127,-0.15178332077000553
Alfotbreen,2077-06-01,0.0016319836172112821,-0.18671279081185777,0.0641796809064364
Alfotbreen,2077-07-01,-0.04614085235397134,0.10445217916348581,0.1709184365723073
Alfotbreen,2077-08-01,0.08577411299454518,0.15208437065665578,-0.007248458275745159
Alfotbreen,2077-09-01,-0.20593431452859887,-0.1769476609406905,0.1598787246435361
Alfotbreen,2077-10-01,-0.26020627625552456,-0.10120144135984115,0.42341362655428655
Alfotbreen,2077-11-01,-0.15641269212001443,-0.00990411378790403,0.7950402804664063
Alfotbreen,2077-12-01,0.26168177540225396,-0.2035063102248039,-0.16756397238037055
Alfotbreen,2078-01-01,0.1993855731439758,-0.16445989761705015,0.04793111475692683
Alfotbreen,2078-02-01,-0.16853207253794888,-0.3766080148943765,0.260295890733937
Alfotbreen,2078-03-01,-0.15331696375625678,-0.061857939043318495,0.2621617089887857
Alfotbreen,2078-04-01,-0.20282798987279774,-0.021456471538780764,-0.062619341853756
Alfotbreen,2078-05-01,0.10079498660123236,0.02292093336415298,-0.2094732703113522
Alfotbreen,2078-06-01,-0.07947070113392368,0.0065375040627602965,0.11409728612337029
Alfotbreen,2078-07-01,-0.11785420465617004,-0.0014741847813649126,0.21678122764964972
Alfotbreen,2078-08-01,0.033664848907704,0.022664632855082422,0.022966643296061424
Alfotbreen,2078-09-01,-0.06624559292623382,0.1495952975205445,0.1155399257539611
Alfotbreen,2078-10-01,0.1882042454763473,0.1971383890986402,-0.07406413263532752
Alfotbreen,2078-11-01,0.47662551133479286,0.033689663070185887,0.44102668179537324
Alfotbreen,2078-12-01,-0.04091493057746348,-0.07753211154686467,0.015178359987972997
Alfotbreen,2079-01-01,0.027997033813242728,-0.03269768863603199,0.24904381986128798
Alfotbreen,2079-02-01,0.2251939569441106,-0.08787704292286362,-0.07938736774371986
Alfotbreen,2079-03-01,0.2910448550058977,-0.27052499125680535,0.22028519137608601
Alfotbreen,2079-04-01,-0.11985158015503349,0.017881453743001333,0.08720459523621454
Alfotbreen,2079-05-01,0.2426951232818623,-0.0341438469019042,0.05831900705368428
Alfotbreen,2079-06-01,-0.1263117445212724,-0.07850716659031841,0.07665265580751103
Alfotbreen,2079-07-01,0.06976829350572429,-0.05119053957274241,0.1525927776136673
Alfotbreen,2079-08-01,-0.05803522331214147,-0.026851761429315068,0.10109359193651368
Alfotbreen,2079-09-01,0.0356531275614769,0.18428363906883308,0.2849408546124899
Alfotbreen,2079-10-01,-0.360948627383659,0.030388114427777824,-0.0909690286583102
Alfotbreen,2079-11-01,0.14634454775404235,0.16437889063964536,-0.3326963683193984
Alfotbreen,2079-12-01,-0.26205750554544155,0.053000164436742915,0.19626999388874342
Alfotbreen,2080-01-01,-0.3197454476812167,-0.2312090807325374,-0.0829599492089526
Alfotbreen,2080-02-01,0.0945910872646865,-0.12063492194714355,0.5540278459087274
Alfotbreen,2080-03-01,-0.009880392933088471,0.25208664394081143,-0.1485431268962046
Alfotbreen,2080-04-01,-0.27515258532516024,-0.005301570340348174,-0.23312965859901216
Alfotbreen,2080-05-01,0.040337422459456686,0.1151500851448674,0.11300739491819696
Alfotbreen,2080-06-01,-0.1412214185685106,0.11360300503195597,0.10703883135652159
Alfotbreen,2080-07-01,0.1032853158487342,0.004017750825472003,-0.09167527075723496
Alfotbreen,2080-08-01,-0.006952240673972799,-0.08998779253730212,0.2712129986033014
Alfotbreen,2080-09-01,0.3618347760531065,-0.07384133467180538,0.2021586076387356
Alfotbreen,2080-10-01,-0.3241228343993778,-0.10667991494442641,0.25628967866601965
Alfotbreen,2080-11-01,0.4922366633508742,-0.35970276468775014,-0.13558563737202792
Alfotbreen,2080-12-01,0.06883751827400159,0.025004155555753926,-0.18420061468607538
Alfotbreen,2081-01-01,-0.027905843443118333,0.025610561911159124,-0.24658470613264047
Alfotbreen,2081-02-01,0.1302879998944371,-0.22313721131876393,-0.11606239507297382
Alfotbreen,2081-03-01,0.8095598936470898,-0.24406874954900135,-0.04894784218268225
Alfotbreen,2081-04-01,-0.09068319144953807,0.18424599595672417,-0.2333954366589576
Alfotbreen,2081-05-01,0.22507724559337658,0.05692200207469337,-0.0282558985834663
Alfotbreen,2081-06-01,0.23669778784250484,0.16373754048530742,0.26232129967947787
Alfotbreen,2081-07-01,0.17947490550872888,0.23216191731431368,0.0074679070575305205
Alfotbreen,2081-08-01,0.24102743200914398,-0.04762424013101213,0.1783680462704803
Alfotbreen,2081-09-01,-0.13602583674485283,-0.12436573013301361,0.06334468087784208
Alfotbreen,2081-10-01,0.3662167763093427,0.12454502364688229,0.26073065563575587
Alfotbreen,2081-11-01,0.46830479860531443,-0.35026753784062636,0.446037667234199
Alfotbreen,2081-12-01,-0.07630094729555627,0.030678458751990018,0.24726021516825936
Alfotbreen,2082-01-01,-0.41976559318245305,0.09847317488139745,-0.15293820379902062
Alfotbreen,2082-02-01,0.001540753845088402,0.25133580542829237,-0.5179180598419749
Alfotbreen,2082-03-01,0.26815753929693137,-0.07888431836277547,0.4492688404041429
Alfotbreen,2082-04-01,0.14344563088888873,0.10619215577724156,0.0017215323128653784
Alfotbreen,2082-05-01,0.0056600453124888385,-0.2652069053757535,0.0024564342057579757
Alfotbreen,2082-06-01,-0.08745105643809542,0.14383231261413376,0.07342555196792282
Alfotbreen,2082-07-01,-0.03506993304377392,0.0969347405413107,0.05139009086622196
Alfotbreen,2082-08-01,0.10337348383112797,0.12379457124954081,0.03616833205340744
Alfotbreen,2082-09-01,0.37434199465964263,0.12280582782258835,-0.2731407741354643
Alfotbreen,2082-10-01,0.11694029815280231,0.23238167053990177,0.06119867725950596
Alfotbreen,2082-11-01,0.43552275435550863,-0.06881341446917084,0.5429185787527709
Alfotbreen,2082-12-01,0.3073852075593328,-0.19600689845425048,-0.06515636174723968
Alfotbreen,2083-01-01,0.5092403715722268,-0.0025237150381592715,-0.16623306362045207
Alfotbreen,2083-02-01,0.11958196073067873,0.7337153510349611,0.3607898515214421
Alfotbreen,2083-03-01,0.489464489606684,0.04562377134987392,-0.3287039910096714
Alfotbreen,2083-04-01,0.17581143138047328,0.22449754993262575,0.3343023056967427
Alfotbreen,2083-05-01,0.01533553890605497,0.24700460794966747,-0.06221551880877052
Alfotbreen,2083-06-01,0.03145475688994811,0.03646890524186217,0.12975566249047923
Alfotbreen,2083-07-01,-0.030302004568642044,0.018541201821657017,0.12201060677491093
Alfotbreen,2083-08-01,0.08747382340513787,-0.0023473684172904546,0.05662489029490364
Alfotbreen,2083-09-01,0.05504959315902777,-0.13592830294158653,0.19298009651083578
Alfotbreen,2083-10-01,-0.11255300884259718,-0.12876175125558365,0.2526377421612463
Alfotbreen,2083-11-01,-0.20294682898795693,0.12663865748987768,-0.14126982314143496
Alfotbreen,2083-12-01,-0.288110756147974,-0.24019947778654258,-0.0319612196706183
Alfotbreen,2084-01-01,-0.23430797736735162,0.6005246546787629,0.15239317460164228
Alfotbreen,2084-02-01,-0.2177898252818475,0.3221767354322685,-0.056054095817557936
Alfotbreen,2084-03-01,-0.01661973397075033,0.3503213053538025,-0.060610065596417344
Alfotbreen,2084-04-01,-0.0611392716147662,-0.2704546352081716,0.3877856489738358
Alfotbreen,2084-05-01,0.194207866734425,0.003466766299425767,-0.08165647183109599
Alfotbreen,2084-06-01,0.14090809595415607,-0.09675234938817674,0.07854767052829072
Alfotbreen,2084-07-01,0.0027099008951142864,0.04581624174414947,-0.16910800662404143
Alfotbreen,2084-08-01,0.24710846827884478,0.06696485756661087,-0.0011144591625490724
Alfotbreen,2084-09-01,-0.14017310573296116,-0.02118711044651661,-0.014602442850110428
Alfotbreen,2084-10-01,0.01935647884905142,0.0019675963215102232,-0.0458023585119472
Alfotbreen,2084-11-01,-0.29084709668049774,-0.1694416257160357,0.4982221403309335
Alfotbreen,2084-12-01,0.278846718161154,0.04113064267866752,0.4664907234039208
Alfotbreen,2085-01-01,-0.07435405249828964,-0.1503812545302603,-0.14564559932971888
Alfotbreen,2085-02-01,-0.2622212593172157,-0.017810907973090158,0.12033890432530796
Alfotbreen,2085-03-01,0.33000511266453364,-0.22841312822835605,0.12258235528047597
Alfotbreen,2085-04-01,0.17514359850661085,-0.069158509058162,0.0586803783817968
Alfotbreen,2085-05-01,0.030954717644975482,0.10053459299303524,0.13100770859674732
Alfotbreen,2085-06-01,-0.11043557442540734,0.17197295044349048,-0.03824452390468663
Alfotbreen,2085-07-01,-0.17618799819065512,0.04518692453267389,0.00103534258399685
Alfotbreen,2085-08-01,-0.2409979368044659,-0.11306131941571358,0.13781174080426387
Alfotbreen,2085-09-01,0.15224603825742147,0.01604744828058511,0.11206151773337703
Alfotbreen,2085-10-01,0.040275119188830165,0.10658282586762184,0.23813286370993123
Alfotbreen,2085-11-01,0.10476411772835474,0.28367003935438656,0.3620231259567758
Alfotbreen,2085-12-01,0.32823289512893844,0.10217575738640851,0.10997931098032217
Alfotbreen,2086-01-01,0.13138996286938895,-0.23373501650220022,-0.10089344966194207
Alfotbreen,2086-02-01,-0.2677891543631794,0.1274424944181766,0.10102480143843058
Alfotbreen,2086-03-01,-0.06793786849856716,0.022690266428102384,0.23497105016381611
Alfotbreen,2086-04-01,-0.186296735492559,-0.003524475798609437,0.42288184570351034
Alfotbreen,2086-05-01,0.09219656118807941,0.14320546941358098,0.1768502079947335
Alfotbreen,2086-06-01,0.13040499880743409,-0.11966534435705822,0.14125533269921542
Alfotbreen,2086-07-01,-0.13316856351244402,0.020550524530138507,0.08321597301750595
Alfotbreen,2086-08-01,-0.15625085023886662,0.06006614171458605,0.04961336828928611
Alfotbreen,2086-09-01,-0.29047076827134183,0.1881143912083256,0.09540398724545822
Alfotbreen,2086-10-01,0.31730368465138875,-0.10626162120269415,0.006825369492757828
Alfotbreen,2086-11-01,0.3135441877904654,-0.057655208049747726,-0.10906873518817321
Alfotbreen,2086-12-01,-0.18741377070459508,-0.15116407893607717,0.3820446883024721
Alfotbreen,2087-01-01,-0.2130257015168856,-0.10252932735846011,-0.38813997294138164
Alfotbreen,2087-02-01,-0.24663625237756004,0.0022586932555968033,0.43996586606821236
Alfotbreen,2087-03-01,-0.18513094958436047,0.1285991254352162,-0.04394417386347523
Alfotbreen,2087-04-01,-0.1542089339483568,0.4260739775142908,0.12015479924148875
Alfotbreen,2087-05-01,-0.10112830569512453,0.10746793889456108,-0.0010491220834911036
Alfotbreen,2087-06-01,0.15145393775729507,0.14015388887672284,0.04174153792033689
Alfotbreen,2087-07-01,-0.030955409905196074,0.022704405275932482,0.178135723051659
Alfotbreen,2087-08-01,-0.04200290876082874,0.06303428314923606,0.24030339769062556
Alfotbreen,2087-09-01,-0.16370778610247064,-0.10380635764814432,0.07786941658860945
Alfotbreen,2087-10-01,-0.03377705011329976,0.12691420230263498,-0.492732796699368
Alfotbreen,2087-11-01,-0.21010763055229972,-0.3773425937231735,-0.20245997764495574
Alfotbreen,2087-12-01,0.4372470639387149,-0.17624177961726192,0.00016506433185400093
Alfotbreen,2088-01-01,0.10818124154605817,0.12175741581597561,-0.18175095300711255
Alfotbreen,2088-02-01,0.39726674738717493,-0.09317978007104126,-0.38882267280570254
Alfotbreen,2088-03-01,0.12209175391864158,-0.20104524783653757,0.2975066439663889
Alfotbreen,2088-04-01,0.2354915015332882,-0.06853312382609282,0.35756056891028587
Alfotbreen,2088-05-01,0.11426372513767662,0.25330316908037526,0.3321475265275791
Alfotbreen,2088-06-01,0.06515630478291606,-0.07602318962231402,-0.06024930518414351
Alfotbreen,2088-07-01,-0.11506897074624338,0.09572110870451833,0.10336759227823071
Alfotbreen,2088-08-01,-0.07487353704928383,0.1038324979027218,0.028597083403793078
Alfotbreen,2088-09-01,-0.1761215596657987,0.22399746328091696,-0.028877691727017447
Alfotbreen,2088-10-01,-0.0986195225301645,0.27430279309029665,-0.3044761933111568
Alfotbreen,2088-11-01,0.009902410681103624,-0.31305005232310523,0.5553147469417525
Alfotbreen,2088-12-01,-0.04771255377485415,-0.11823513579017851,0.1685635014854018
Alfotbreen,2089-01-01,0.3002530553515495,-0.101239449221937,0.3015595004224137
Alfotbreen,2089-02-01,0.2359738744989188,-0.05327181148135457,0.14276847384953117
Alfotbreen,2089-03-01,0.20516426367807683,-0.01656891198747222,0.19604267714911716
Alfotbreen,2089-04-01,0.026958217561071387,-0.2387132881543191,-0.21157880331317833
Alfotbreen,2089-05-01,-0.2002576125650485,-0.22833454841498313,0.055481192330269
Alfotbreen,2089-06-01,0.015638233371338555,0.00936142385489969,-0.01866063237194158
Alfotbreen,2089-07-01,-0.05930739001484564,0.12935611624061502,0.06553525597365188
Alfotbreen,2089-08-01,-0.28180219564546444,-0.09623068199441871,0.12129231448255214
Alfotbreen,2089-09-01,0.022010163926703494,0.1787268550105876,0.21011545466138612
Alfotbreen,2089-10-01,0.3815593744676478,0.13650695266697924,0.18640964106213775
Alfotbreen,2089-11-01,-0.31009257131949347,-0.30828776814175796,0.27527029022484184
Alfotbreen,2089-12-01,0.13499665432073046,0.02800789852404088,-0.09482659890220864
Alfotbreen,2090-01-01,-0.35831949742757035,-0.035913610810119144,0.20073967549551108
Alfotbreen,2090-02-01,0.5607597986167174,0.02909027300713789,-0.0914610034174053
Alfotbreen,2090-03-01,-0.07048192505302298,0.04277019048860259,-0.048771464187467896
Alfotbreen,2090-04-01,-0.27474240491742247,0.489961487209951,0.08368096454330361
Alfotbreen,2090-05-01,-0.12130421659647099,0.07679701040440791,0.27669944011517983
Alfotbreen,2090-06-01,-0.21001060858704013,-0.04532408205948546,0.12356583565479819
Alfotbreen,2090-07-01,-0.10641071263401232,0.0275319691031941,0.030090837641759086
Alfotbreen,2090-08-01,-0.036089668086770665,0.16506023031541756,0.22263343436103586
Alfotbreen,2090-09-01,0.003648571506067381,0.02899939226318581,0.09590016877720701
Alfotbreen,2090-10-01,-0.00815055049588162,-0.2867821448540527,0.5867586797580007
Alfotbreen,2090-11-01,0.19640447301706473,0.2684312368415565,0.08995976990209248
Alfotbreen,2090-12-01,-0.30426858275086727,-9.457627489453957e-05,-0.41253750020582663
Alfotbreen,2091-01-01,0.0051704134898198474,0.4300126779859636,-0.21494277988662705
Alfotbreen,2091-02-01,0.058561551095746366,0.4258899197345832,0.04249136450428447
Alfotbreen,2091-03-01,-0.17599583216210346,0.2635757825563983,-0.5028670725579433
Alfotbreen,2091-04-01,0.38180503113176023,-0.1325610094390606,0.1417091555898952
Alfotbreen,2091-05-01,0.20118037191504398,-0.061984620795198564,0.11375400428538261
Alfotbreen,2091-06-01,-0.2157678964618527,-0.11772076641450017,0.007802716815815101
Alfotbreen,2091-07-01,0.1630285230109698,-0.05697339947373608,0.12107064194392969
Alfotbreen,2091-08-01,0.25545881325429504,0.11829734049816669,0.1508644356335986
Alfotbreen,2091-09-01,-0.06521546361145682,-0.06547791332462137,0.2909330078826791
Alfotbreen,2091-10-01,0.17057470395675,-0.09824102107562994,0.12690848223894816
Alfotbreen,2091-11-01,0.4153653965385142,0.013153449767081568,-0.41609378693800814
Alfotbreen,2091-12-01,0.04907310799049272,-0.13211382226268864,0.2916305973294173
Alfotbreen,2092-01-01,-0.2753713692115069,-0.2944710532094918,-0.2715508731222851
Alfotbreen,2092-02-01,0.17874913611472873,-0.15027837372486486,-0.315804528333882
Alfotbreen,2092-03-01,-0.03313110230763081,0.27851784324006895,0.014650132043851877
Alfotbreen,2092-04-01,-0.004934990521228712,0.157480586941669,0.09219925786568643
Alfotbreen,2092-05-01,-0.2483613453106331,0.14717100927197466,0.03720707229018302
Alfotbreen,2092-06-01,-0.04240712936830404,-0.052684087381475085,0.1814344198960122
Alfotbreen,2092-07-01,0.0032042247712030184,-0.12739715371562815,0.10351589154467246
Alfotbreen,2092-08-01,0.05119303028319239,0.017312070030611627,0.06670599960350058
Alfotbreen,2092-09-01,0.2783839584604753,-0.3311428824364265,0.0007855012292725082
Alfotbreen,2092-10-01,-0.15257435063373959,0.04872229836234563,0.035872027994610964
Alfotbreen,2092-11-01,-0.2591654795302106,0.09926298894368557,0.10284616109124352
Alfotbreen,2092-12-01,-0.03723047491080312,-0.08839112970962693,-0.11133803819855859
Alfotbreen,2093-01-01,0.3987998591654908,0.2032961499750959,0.23589404466381936
Alfotbreen,2093-02-01,-0.19434372223894503,0.4435875168250725,-0.10500011144891364
Alfotbreen,2093-03-01,0.4379297557346935,0.1307390077871147,-0.23827446558170584
Alfotbreen,2093-04-01,-0.04211377929976981,0.043661611229756904,0.29630618827420613
Alfotbreen,2093-05-01,-0.04286082177895028,0.1620744161259752,0.44754024833621536
Alfotbreen,2093-06-01,-0.0525868758001982,0.07502371910008747,0.28594773382297517
Alfotbreen,2093-07-01,0.0017118184542839986,-0.10956944170497278,0.2782815812981485
Alfotbreen,2093-08-01,-0.0011441988955709543,-0.12584272031683189,0.14072804162435099
Alfotbreen,2093-09-01,-0.02484186944898992,-0.130690394465729,0.15796119591789629
Alfotbreen,2093-10-01,0.40534750337053677,0.17146938052797436,-0.17665048817375717
Alfotbreen,2093-11-01,0.07978007366538026,-0.03854964702908902,-0.14332182271127128
Alfotbreen,2093-12-01,-0.007375891510240373,0.2589994863799237,-0.2380590672449482
Alfotbreen,2094-01-01,0.05872053685296641,-0.0695967883627309,-0.24774459571793558
Alfotbreen,2094-02-01,0.31626202295558486,0.4622554363066956,-0.3287005816374699
Alfotbreen,2094-03-01,-0.1486113126487973,0.11247152803758671,0.3118070687830335
Alfotbreen,2094-04-01,0.26699621856271283,0.05797088267023795,0.035024413085044254
Alfotbreen,2094-05-01,0.19690170349748204,0.06107406247209596,-0.033010486087658907
Alfotbreen,2094-06-01,0.01900379962183083,0.17392411489055284,-0.02557775420511868
Alfotbreen,2094-07-01,0.046858720911542445,0.01760661943856022,-0.07283558418910599
Alfotbreen,2094-08-01,0.17413298181189493,0.09793179341445546,0.26924298027652555
Alfotbreen,2094-09-01,0.11243735637918385,-0.010736666476761735,0.32604804634096607
Alfotbreen,2094-10-01,0.29632861479518774,0.10131909689400698,-0.25078615044847263
Alfotbreen,2094-11-01,-0.18493903602107717,-0.1145653470869414,0.0071382552031002
Alfotbreen,2094-12-01,0.10139010215159616,0.16269256212904673,0.2237106710159499
Alfotbreen,2095-01-01,0.11557973820266439,0.06223646928354729,-0.15483528647420788
Alfotbreen,2095-02-01,-0.9234295388713823,-0.03098457432105149,0.20119656912776174
Alfotbreen,2095-03-01,-0.18695306004128595,0.05298122134056682,-0.10097806530902664
Alfotbreen,2095-04-01,-0.30507910120257836,0.003802127012607983,-0.011238437761621317
Alfotbreen,2095-05-01,-0.09144705674398058,0.043218083422546016,-0.09388574118125369
Alfotbreen,2095-06-01,0.1913970674415452,0.15671351933829938,0.003968608780256187
Alfotbreen,2095-07-01,0.004926197992142011,0.13802014093596615,0.09831062841824671
Alfotbreen,2095-08-01,-0.07723490267353213,-0.048330703312887684,0.0604724517516849
Alfotbreen,2095-09-01,0.05227693583025867,0.22491693301699578,-0.21461097688538686
Alfotbreen,2095-10-01,-0.054613978448738526,-0.03252815987993423,-0.22207352406108086
Alfotbreen,2095-11-01,-0.22401999636132044,0.26035736613582805,-0.027315712748970895
Alfotbreen,2095-12-01,-0.2532766487637595,0.3396447852131636,-0.045144268076586204
Alfotbreen,2096-01-01,-0.11794782866167948,-0.03789088960806584,-0.19510779716466428
Alfotbreen,2096-02-01,-0.2736642922216768,0.22958419539291128,-0.3655869468607215
Alfotbreen,2096-03-01,-0.25727098187563063,-0.06012672838196678,0.10664920132652454
Alfotbreen,2096-04-01,0.30684762177523955,-0.03612146734650477,-0.2989207326399734
Alfotbreen,2096-05-01,-0.09072507275189669,-0.15000123817196653,0.08767351038488187
Alfotbreen,2096-06-01,-0.020715075691823927,0.04467948261073714,0.02708509519033006
Alfotbreen,2096-07-01,-0.009948344121758218,0.015294715266177992,0.14363617560842346
Alfotbreen,2096-08-01,0.08956494500158263,-0.014841080240661095,-0.030320596052586246
Alfotbreen,2096-09-01,0.11573040621824708,-0.0959740681036186,-0.2911283933033015
Alfotbreen,2096-10-01,-0.2913799145369497,0.1417233764066961,-0.30198380620531906
Alfotbreen,2096-11-01,-0.06721547038676164,-0.05224262708977534,0.3216713156881016
Alfotbreen,2096-12-01,-0.5629384492134369,0.0043235484816080885,0.06898058030260672
Alfotbreen,2097-01-01,0.493254528011615,-0.15867989211846326,-0.16240178862132984
Alfotbreen,2097-02-01,-0.26739849906937624,0.07406582865583124,-0.26972492375123586
Alfotbreen,2097-03-01,0.1454271694629702,0.05480107026115311,-0.20477259270922446
Alfotbreen,2097-04-01,0.2558068897633139,-0.16484248499470375,-0.2602941415847593
Alfotbreen,2097-05-01,-0.16539206563310196,0.15237024491046958,0.010719220700843827
Alfotbreen,2097-06-01,-0.10617166661382615,-0.026812540864637507,0.1148860103543045
Alfotbreen,2097-07-01,-0.07805903989795678,-0.013468098212654836,0.2155376259411764
Alfotbreen,2097-08-01,-0.3430255286552582,0.11156182190634008,0.1918662707835543
Alfotbreen,2097-09-01,-0.5757697105810867,0.183104774462711,0.06929961469097723
Alfotbreen,2097-10-01,-0.09584126563331856,0.2243178950002831,0.16894516181964395
Alfotbreen,2097-11-01,-0.1483640434821972,-0.4245744341923275,-0.08727085128469082
Alfotbreen,2097-12-01,0.044573113405539794,-0.1329407912482202,0.3284769887425471
Alfotbreen,2098-01-01,-0.2020779159041223,0.047057966728464067,0.43543571752672805
Alfotbreen,2098-02-01,0.550395003547528,0.2803430476657155,0.4690059834315213
Alfotbreen,2098-03-01,-0.2479154232478212,0.13158588052519515,-0.06079179858959231
Alfotbreen,2098-04-01,0.24015818964277225,0.049707912614359605,0.1048939667819232
Alfotbreen,2098-05-01,0.1849565322976158,-0.06955787542157371,0.15539412140335876
Alfotbreen,2098-06-01,0.060897973631371595,0.16275573263195067,0.1324530749751717
Alfotbreen,2098-07-01,-0.04539641323796728,0.10735504615076152,0.08959273462189642
Alfotbreen,2098-08-01,-0.013416925959997683,-0.22074049219899036,0.17975145485624452
Alfotbreen,2098-09-01,-0.17466287125617122,0.016116648634522977,0.05795425778921052
Alfotbreen,2098-10-01,-0.26065040735365563,-0.10612500712624355,-0.06753814235642049
Alfotbreen,2098-11-01,0.26366680694374545,-0.10605056834647818,-0.129072655185936
Alfotbreen,2098-12-01,-0.12019571592357685,0.19959529949358637,-0.1696147808385342
Alfotbreen,2099-01-01,0.19002171070188525,-0.4038462599211073,0.017139152030348815
Alfotbreen,2099-02-01,0.16294947596243134,0.00534756185167335,0.6196110416853402
Alfotbreen,2099-03-01,0.2803532368684665,-0.0050743086831326785,0.49249159897774986
Alfotbreen,2099-04-01,-0.12025710018250417,-0.03779181470898526,0.29363714427777665
Alfotbreen,2099-05-01,-0.03484722598877565,0.3201337577720853,0.1531256878595085
Alfotbreen,2099-06-01,-0.03735980060619682,-0.0386951301973514,-0.05098820282478917
Alfotbreen,2099-07-01,-0.15105022878527638,0.1579495658231127,0.2476879693477703
Alfotbreen,2099-08-01,-0.1387857615988554,0.14093413536939883,0.1629784082149209
Alfotbreen,2099-09-01,-0.19492503140473735,-0.0018751188509134851,0.248334782573581
Alfotbreen,2099-10-01,-0.03976670953970402,-0.04539898758598409,-0.31685632332965946
Alfotbreen,2099-11-01,-0.2681870028943811,0.10269824673488752,0.33844528813068014
Alfotbreen,2099-12-01,-0.45665450448038225,-0.21834035922588593,-0.07739860964927182
Alfotbreen,2100-01-01,-0.04988740391417257,-0.22003051717544206,-0.05730956056142655
Alfotbreen,2100-02-01,-0.38649356139818175,-0.48588619850470877,-0.2923689414826296
Alfotbreen,2100-03-01,0.4743426078863908,-0.08582526545390438,0.05253560822449335
Alfotbreen,2100-04-01,0.21864722387154809,0.17933458934499594,-0.1253193854042305
Alfotbreen,2100-05-01,0.0984279569322704,-0.023611809420120523,0.03205117540004804
Alfotbreen,2100-06-01,-0.035400274258476035,0.1382316865582547,0.05952778188315622
Alfotbreen,2100-07-01,-0.0600007885910841,-0.10731734417018297,0.1693169476968487
Alfotbreen,2100-08-01,-0.14827126487703282,-0.056994020028497655,0.2240296823160206
Alfotbreen,2100-09-01,0.0704215538638394,-0.20401821035784784,0.010336119689058818
Alfotbreen,2100-10-01,-0.19729000581267483,0.08265904558043126,-0.2496541875141265
Alfotbreen,2100-11-01,-0.13748380330185928,0.1704595687985114,-0.1593474295023524
Alfotbreen,2100-12-01,0.11350682710190185,0.24583897454227924,0.1523517997177635
Austdalsbreen,2015-01-01,0.21581646675842725,0.0812334689226666,0.19031100013021174
Austdalsbreen,2015-02-01,-0.40070654732218863,-0.032098361667907305,0.5256087860610749
Austdalsbreen,2015-03-01,-0.6383584674645144,-0.12732824595440737,-0.2934929414538549
Austdalsbreen,2015-04-01,-0.10611678818852573,-0.4937883258635622,-0.4034877775383394
Austdalsbreen,2015-05-01,0.257230038703961,-0.5316727616485367,-0.6233767231814835
Austdalsbreen,2015-06-01,-0.19737426136381334,-0.4140485538303065,-0.6899241948319877
Austdalsbreen,2015-07-01,-0.252703552453234,-0.31767778627364884,-0.7776199859494044
Austdalsbreen,2015-08-01,-0.1636099290759622,-0.42751248307643047,-0.2292087313192673
Austdalsbreen,2015-09-01,0.031094122751709613,-0.7361454392973875,-0.633388941840091
Austdalsbreen,2015-10-01,-0.5134149886200162,-0.0304076658143753,-0.7697162259912286
Austdalsbreen,2015-11-01,0.2794535419949904,-0.21165575369513676,-0.13962790526720617
Austdalsbreen,2015-12-01,0.038195953580190116,-0.11216131509964584,1.1826135492689844
Austdalsbreen,2016-01-01,-0.32773637503172787,0.2706548216085498,-0.01934256176067761
Austdalsbreen,2016-02-01,-1.4803214659982402,-1.2384267302174072,0.5931279326068868
Austdalsbreen,2016-03-01,-0.7096070510932179,0.022756739927884056,-1.3868364252860177
Austdalsbreen,2016-04-01,0.0055486808209429484,-0.37636526438652246,-0.8897282082087364
Austdalsbreen,2016-05-01,-0.09383637158636536,-0.6387258675855713,-0.649181003039719
Austdalsbreen,2016-06-01,0.15330603070886137,-0.4637133329554454,-0.3871512289006873
Austdalsbreen,2016-07-01,-0.10624086495846678,-0.6964512254126815,-0.6117867133468207
Austdalsbreen,2016-08-01,-0.02415247330498622,-0.4479127057336925,-0.24568815842654756
Austdalsbreen,2016-09-01,-0.2957889380180184,-0.8631746204654123,-0.36621219334703187
Austdalsbreen,2016-10-01,-0.2481136517635696,-0.29265978584045976,0.14877919396780212
Austdalsbreen,2016-11-01,0.019900971914823474,-1.1784721771265816,-0.67570210894143
Austdalsbreen,2016-12-01,0.4593536601251911,-0.46337654434910736,-0.4041472614856764
Austdalsbreen,2017-01-01,-0.14360213973111122,-1.2144305132432018,-1.1174864906899937
Austdalsbreen,2017-02-01,0.07387867386214171,-0.3333957969014049,0.1745647567019684
Austdalsbreen,2017-03-01,0.4450996101211748,-0.823144685059173,-0.3541492011898361
Austdalsbreen,2017-04-01,0.0009735264902776449,-0.15489100212485002,-0.14476977389764537
Austdalsbreen,2017-05-01,-0.474782672749638,-0.36335100896954814,-0.4360236446882689
Austdalsbreen,2017-06-01,0.1548623997038692,-0.5844824585123153,-0.5756274352929375
Austdalsbreen,2017-07-01,0.15885153789529313,-0.22681134261400918,-0.5894185769689635
Austdalsbreen,2017-08-01,-0.20094190076928742,-0.31287491874394663,-0.6152605613798782
Austdalsbreen,2017-09-01,-0.1751382393151976,-0.12930787837327473,-0.28444180916481115
Austdalsbreen,2017-10-01,-0.3038924696191612,-0.1487245552613147,-1.558235909151156
Austdalsbreen,2017-11-01,0.03448266528488409,0.14408125448051015,-0.964594586033067
Austdalsbreen,2017-12-01,-0.5522364710210105,-2.2738053865705328,-0.17410204980447777
Austdalsbreen,2018-01-01,-0.35674979288869296,0.26855643690966563,-0.7796628111293465
Austdalsbreen,2018-02-01,0.43336851790815034,-0.49081105884826104,-1.4389778212772775
Austdalsbreen,2018-03-01,-0.9447364506023556,0.04135087585349548,-0.4688444105789538
Austdalsbreen,2018-04-01,-0.7024372636216126,-0.252753879276991,-0.6056575107249035
Austdalsbreen,2018-05-01,-0.262089624745862,0.052653888128743755,-0.7687350134133025
Austdalsbreen,2018-06-01,-0.6507348937470635,-0.03380002312830972,-0.5142978924507436
Austdalsbreen,2018-07-01,-0.5409339687719313,-0.5231114108347245,-0.5171514759364482
Austdalsbreen,2018-08-01,0.008282910775759872,-0.24917572106422245,-0.4464389156429513
Austdalsbreen,2018-09-01,-0.3610315225267469,-0.6468888154403964,-0.55251029837079
Austdalsbreen,2018-10-01,0.12121036543713588,0.1596845318939288,-0.7236930992375976
Austdalsbreen,2018-11-01,-0.018065357024251796,0.055873496867507366,-0.40715942044067716
Austdalsbreen,2018-12-01,-0.07453413629147844,-1.217413291034096,0.1936550906988677
Austdalsbreen,2019-01-01,-0.5213436229457599,-0.45029851361414813,-0.9623948477042777
Austdalsbreen,2019-02-01,-0.9956732514342054,-0.7427120342401511,-0.333717185885026
Austdalsbreen,2019-03-01,0.002158546429315631,-0.8348800782130921,-0.9132811337346874
Austdalsbreen,2019-04-01,-0.6748503966706506,-0.7563747619906747,-0.6524026916339295
Austdalsbreen,2019-05-01,-0.5179196005772906,-0.24781200692794694,-0.3621691462370313
Austdalsbreen,2019-06-01,-0.5895814736797999,-0.218354064991687,-0.48920769111125234
Austdalsbreen,2019-07-01,0.059405369054333794,-0.5379624267950451,-0.8355314638414232
Austdalsbreen,2019-08-01,-0.10392537659194157,-0.4841212104943422,-0.7901895037756317
Austdalsbreen,2019-09-01,-0.25250839376828443,-0.5908924345466906,-0.5772437917465839
Austdalsbreen,2019-10-01,-0.20387857620582883,-0.5840256476684802,-1.015234501772635
Austdalsbreen,2019-11-01,-0.8583335176379269,0.30914329449474814,-0.49773257574426905
Austdalsbreen,2019-12-01,0.1877338795083099,-0.8976661207530666,-0.2229949218554912
Austdalsbreen,2020-01-01,0.9672338715253668,-1.1998547931965817,-1.293134936952087
Austdalsbreen,2020-02-01,0.20064567796660912,-1.1798785624413757,-0.1713355436516167
Austdalsbreen,2020-03-01,-0.27475729059626247,-0.22577039229260376,-0.16936590170949253
Austdalsbreen,2020-04-01,-0.5487792881355027,-0.15393343978740895,0.03196410220906514
Austdalsbreen,2020-05-01,-0.0982460697906824,-0.22064104671435203,-0.2635053521828333
Austdalsbreen,2020-06-01,0.03547277234208138,-0.4672501504772133,-0.4074215938698586
Austdalsbreen,2020-07-01,-0.23497346783187864,-0.47830527290406594,-0.30944899194440734
Austdalsbreen,2020-08-01,-0.12916992514336295,-0.2686853556943259,-0.5811765357505041
Austdalsbreen,2020-09-01,-0.012786872204355768,-0.3823877609785849,-0.37690338044239285
Austdalsbreen,2020-10-01,-0.24378891696391194,-0.6788212254323059,-0.44622639662963975
Austdalsbreen,2020-11-01,-0.1323804883795718,-0.12904311558752246,-1.2441830159896912
Austdalsbreen,2020-12-01,-0.4455220588233715,-0.5523088502395904,-0.0382616502701622
Austdalsbreen,2021-01-01,0.12418069554963806,-0.5315049042016677,0.08922138090114447
Austdalsbreen,2021-02-01,0.014661552265596497,-0.4522732536112737,-0.18190789411027689
Austdalsbreen,2021-03-01,0.2668492369459383,-0.009815843808902944,-0.2907944619782436
Austdalsbreen,2021-04-01,-0.7922415501541069,-0.051354373446675115,-0.38244982680775036
Austdalsbreen,2021-05-01,-0.6189109805765441,-0.3224508560405692,-0.6870898590661323
Austdalsbreen,2021-06-01,-0.3407731073518394,-0.6531481127263963,-0.3195851733299942
Austdalsbreen,2021-07-01,-0.43614278181304034,-0.28838769430784805,-0.6442918048609921
Austdalsbreen,2021-08-01,-0.16456545431798741,-0.3338191419725096,-0.7464478511768572
Austdalsbreen,2021-09-01,-0.10165738402345514,-0.15776840184087523,-0.7427302922235083
Austdalsbreen,2021-10-01,-0.5584340187085447,-1.0218236563794267,-0.11233748765824032
Austdalsbreen,2021-11-01,-1.3646526493476971,-0.003794468521626173,-0.0748977453401712
Austdalsbreen,2021-12-01,-1.3417478035079486,-0.09445454089750799,0.6866269067197823
Austdalsbreen,2022-01-01,-0.6244765295149973,-0.5722991481690874,0.09004108961378798
Austdalsbreen,2022-02-01,-0.05039918828812223,0.46714610204796064,-0.2664923770578606
Austdalsbreen,2022-03-01,-1.3976823669050287,-0.08751153958246023,-0.40583912199077626
Austdalsbreen,2022-04-01,-0.11345537359467862,-0.8522980232265033,-0.08569877169247948
Austdalsbreen,2022-05-01,-0.2804057078833174,-0.24443611088222816,-0.4417314572804527
Austdalsbreen,2022-06-01,-0.5110296648337543,0.22254032893691975,-0.011464033111147576
Austdalsbreen,2022-07-01,-0.23368898615280895,0.09585008353781549,-0.37010828624471576
Austdalsbreen,2022-08-01,-0.33227482773243683,0.011017829163885542,-0.6703499656106828
Austdalsbreen,2022-09-01,-0.4530489490372775,-0.310923737300698,-0.35785201035977826
Austdalsbreen,2022-10-01,-0.6128773677266125,-0.5347437142442807,-0.1766204282002987
Austdalsbreen,2022-11-01,-0.9306400898070312,-0.1332329927584461,0.05028507633459245
Austdalsbreen,2022-12-01,-0.1367178093365898,0.6347723045182151,-0.7079352242318753
Austdalsbreen,2023-01-01,0.4231347351287482,-0.7882525103964223,-1.2182461870898056
Austdalsbreen,2023-02-01,-0.19950885170470248,-0.75482577977928,-0.6539069449664717
Austdalsbreen,2023-03-01,-0.6434990048113209,-0.7440212440533216,0.11548113099072414
Austdalsbreen,2023-04-01,-0.15752448917347905,-0.866802412877203,-0.6854770660083629
Austdalsbreen,2023-05-01,0.1584163566822249,-0.5037504288966077,-0.3962662431607576
Austdalsbreen,2023-06-01,0.22525253852373814,-0.34230961654271136,-0.043432434873816685
Austdalsbreen,2023-07-01,0.23272439158451652,0.011901156107477426,-0.38273636758489554
Austdalsbreen,2023-08-01,0.03495779758703315,-0.27584063868594005,-0.7230331535676124
Austdalsbreen,2023-09-01,-0.10761375684470294,0.10496070175517153,-0.36748506804309344
Austdalsbreen,2023-10-01,-0.4826636156638273,0.16711292574819533,-0.8483778722060942
Austdalsbreen,2023-11-01,-0.039492115119222536,-0.8055686510967565,-0.481262542243122
Austdalsbreen,2023-12-01,-0.46555319093736375,-0.5413323410486076,-0.44030819804183424
Austdalsbreen,2024-01-01,-0.45553909830318756,-0.3779600036807249,-0.5074633964711965
Austdalsbreen,2024-02-01,0.2075999737671821,0.0289702825808848,-0.3422198387820428
Austdalsbreen,2024-03-01,0.4130200358671994,0.0123379619457852,-0.3547578734175141
Austdalsbreen,2024-04-01,0.010571060742918331,-0.47632685660801694,-0.18966648008865797
Austdalsbreen,2024-05-01,-0.408093769682762,-0.27204813448709686,-0.04090012933291135
Austdalsbreen,2024-06-01,-0.33558650039609184,-0.5633975980243305,-0.12771531721915244
Austdalsbreen,2024-07-01,-0.3268632910937469,-0.46918552234351846,-0.4940845100688076
Austdalsbreen,2024-08-01,-0.4856406910524253,-0.34109364850742513,-0.5260895489039105
Austdalsbreen,2024-09-01,-0.2194691732019514,-0.4126001458826917,-0.41012589069988786
Austdalsbreen,2024-10-01,-0.35312933590872686,-0.16630069850544127,-0.6329609883619259
Austdalsbreen,2024-11-01,0.011568987403595942,0.5935891538963938,-0.6369205895923136
Austdalsbreen,2024-12-01,0.12151073340053271,0.6401436405107382,-0.36697047276972344
Austdalsbreen,2025-01-01,-0.16020761575505924,-0.023191491028554858,-0.5737277621749265
Austdalsbreen,2025-02-01,0.5727508169400344,-0.11896019888378036,-1.9943094508314683
Austdalsbreen,2025-03-01,0.3587921782402912,-1.560463700356627,-0.2868046284530931
Austdalsbreen,2025-04-01,-0.5553546753303458,-0.9475956353757171,-0.39548765405031316
Austdalsbreen,2025-05-01,-0.579796744309901,-0.02267633814332755,-0.14574044201925915
Austdalsbreen,2025-06-01,-0.29150399638358054,-0.24020064390397713,-0.06913001712288319
Austdalsbreen,2025-07-01,0.1979271074237394,-0.40334316852570257,-0.16756417264976195
Austdalsbreen,2025-08-01,-0.09537995137956708,-0.3136484680105603,-0.3810751600477528
Austdalsbreen,2025-09-01,0.18691086901765921,-0.3367937964630572,-0.1755357694801222
Austdalsbreen,2025-10-01,-0.5947511077527418,0.05309779940537717,-0.4584872715088845
Austdalsbreen,2025-11-01,-0.2107376951957507,-0.823098552049781,0.07432118186337637
Austdalsbreen,2025-12-01,-0.723876316418104,-0.9067014305690462,-0.6513025190329426
Austdalsbreen,2026-01-01,0.6227660066172555,-1.2939958099335815,-1.0297431376534367
Austdalsbreen,2026-02-01,0.284089332547878,-0.18941646923554015,-0.5018629051592937
Austdalsbreen,2026-03-01,-0.046152022635356345,-0.02536356634722318,-0.17816971958681813
Austdalsbreen,2026-04-01,-0.05003151535987291,-0.2825536600635922,-0.2699172814546314
Austdalsbreen,2026-05-01,-0.19523204545948614,-0.4779604003690217,-0.3352385813767141
Austdalsbreen,2026-06-01,-0.2595565833907915,-0.15960002499738024,-0.043701286015535606
Austdalsbreen,2026-07-01,-0.2559103868190083,-0.22717212102735632,-0.32023387406462844
Austdalsbreen,2026-08-01,-0.01669052733325264,-0.17912791654968094,-0.14487233039829692
Austdalsbreen,2026-09-01,0.2781300114292688,0.22224450097078888,-0.5415917543427371
Austdalsbreen,2026-10-01,-0.057249138782074445,-0.577902631945011,-0.3601641042756529
Austdalsbreen,2026-11-01,-0.2628648430931792,-0.6541824241225543,-0.4490731143818303
Austdalsbreen,2026-12-01,0.27551803334779396,-1.3939353394254148,-1.049313014151181
Austdalsbreen,2027-01-01,0.36029158666747413,-0.633907906023788,-0.7142186157925862
Austdalsbreen,2027-02-01,-0.7948612647715372,0.09063533246234755,-0.9129844382754103
Austdalsbreen,2027-03-01,0.319874105952582,-0.3316425954878814,-0.4448075903609618
Austdalsbreen,2027-04-01,-0.2778486311190605,-0.32127814226847473,0.04127902478203386
Austdalsbreen,2027-05-01,-0.32096364733671795,-0.24971937043655545,-0.41608555887309223
Austdalsbreen,2027-06-01,-0.10570005295652714,0.08764120154223982,0.008748271478357786
Austdalsbreen,2027-07-01,-0.021326021839804116,-0.13772245015284437,-0.41626072817308507
Austdalsbreen,2027-08-01,-0.2119689350373405,-0.0376023193721088,-0.18321082839374433
Austdalsbreen,2027-09-01,-0.10808823065041617,-0.6569779528732601,-0.6162267482273552
Austdalsbreen,2027-10-01,0.02665687175724989,0.11079301572868476,-0.40136714410302693
Austdalsbreen,2027-11-01,0.3579508174607735,0.0720413004117198,-1.5798886792997848
Austdalsbreen,2027-12-01,-0.06311486297441612,-0.12857633488201023,-1.088428570361516
Austdalsbreen,2028-01-01,0.7409348623965663,-0.9379983439423523,-0.9838265436525303
Austdalsbreen,2028-02-01,0.3125236751077856,0.48258882214738463,-1.3057660843065875
Austdalsbreen,2028-03-01,0.20178364218837738,0.07457106987254676,-0.554750227229107
Austdalsbreen,2028-04-01,0.5564866232531933,0.15355063006412262,-0.31995748366106297
Austdalsbreen,2028-05-01,0.14417534231256113,0.10296017768301206,-0.4466579208081602
Austdalsbreen,2028-06-01,-0.14462093404714468,0.371784449912449,-0.5911866299952765
Austdalsbreen,2028-07-01,-0.35920195172659036,-0.10768123481177257,-0.3856737615676666
Austdalsbreen,2028-08-01,-0.13774007585751538,-0.09047486470616652,-0.3502033632456791
Austdalsbreen,2028-09-01,-0.39740779854470776,-0.6063102862608788,-0.2539614465804026
Austdalsbreen,2028-10-01,0.041637155491620156,-0.04378192445436311,0.33954556278710196
Austdalsbreen,2028-11-01,0.5463093046482433,0.20977592060489872,0.33301189764311073
Austdalsbreen,2028-12-01,-0.07663291858218381,0.5333038108790925,-0.28769771273358163
Austdalsbreen,2029-01-01,-0.14201137995644467,-0.4197564744487677,-1.008894524245653
Austdalsbreen,2029-02-01,-0.10543930176106474,-1.4211124199041176,0.594738072389688
Austdalsbreen,2029-03-01,0.3080537998286461,-0.9201912446676282,-0.43417526744030194
Austdalsbreen,2029-04-01,-0.1112513953164652,-0.13921087425590148,-0.20794603895699104
Austdalsbreen,2029-05-01,0.058596248161438914,-0.2600474815049388,-0.2785588820563309
Austdalsbreen,2029-06-01,0.09380793780572816,-0.40761995018281927,-0.33678051094075495
Austdalsbreen,2029-07-01,0.02734340710738523,-0.3326197882349707,-0.27780142063590235
Austdalsbreen,2029-08-01,-0.3799362269978331,-0.11134819662738864,-0.16284841500248695
Austdalsbreen,2029-09-01,-0.15957498621431998,-0.45800862205086945,-0.23529986876413647
Austdalsbreen,2029-10-01,0.06355387809536178,-1.2300501623530042,-0.6933326199712543
Austdalsbreen,2029-11-01,-0.3627159068235251,-0.4326696374464046,-0.30417024827192496
Austdalsbreen,2029-12-01,0.010139679738515817,-0.7192168887016309,-0.9288553240822767
Austdalsbreen,2030-01-01,-0.12200499782142042,0.33853379270110845,0.363356025815335
Austdalsbreen,2030-02-01,0.1329893741992025,-0.9918838614476502,-1.0413664075383053
Austdalsbreen,2030-03-01,0.21465946126191104,-0.7225088355322757,-0.8823619443841277
Austdalsbreen,2030-04-01,-0.6456169843445482,-0.4338061220107036,-0.8162576096074594
Austdalsbreen,2030-05-01,-0.08636361774785756,-0.33325911560994714,-0.04407809267087573
Austdalsbreen,2030-06-01,-0.4709302859619056,-0.10359677563127563,-0.3505050187966508
Austdalsbreen,2030-07-01,0.2127389079327988,-0.38760180253642185,-0.30738131878222424
Austdalsbreen,2030-08-01,0.003432718696310691,-0.25504853099740815,-0.1672288995007912
Austdalsbreen,2030-09-01,0.07043173826694563,-0.7747209409214865,-0.3074417778692722
Austdalsbreen,2030-10-01,-0.03980971360159457,-0.9649278205671094,-0.41494754388395577
Austdalsbreen,2030-11-01,0.2878896033204315,-0.748489790453076,-0.6625713646901376
Austdalsbreen,2030-12-01,-0.06758094728046284,-0.13970957896387343,0.2009750299497988
Austdalsbreen,2031-01-01,-0.8376856688866742,-0.751523311088813,-0.861285327691193
Austdalsbreen,2031-02-01,0.057526173814899946,-0.31446246476193124,-2.089162586442661
Austdalsbreen,2031-03-01,-0.3620530180402967,0.12148491803990256,-0.8828046386282066
Austdalsbreen,2031-04-01,-0.635270960282743,0.4412744534301167,-0.4308970810702144
Austdalsbreen,2031-05-01,-0.3521383210725934,-0.257672375367287,-0.7335557255852562
Austdalsbreen,2031-06-01,-0.2622077001880379,-0.2030346997215721,-0.6021584076721258
Austdalsbreen,2031-07-01,-0.34301977236785114,-0.143678191152051,-0.06236175440551517
Austdalsbreen,2031-08-01,-0.17973104691559064,-0.08542617724043726,-0.3780977441020518
Austdalsbreen,2031-09-01,-0.46402031060298593,0.12800608988204623,-0.5312034340886557
Austdalsbreen,2031-10-01,-0.5568755835532455,-0.3311029956339577,-0.5805692924892211
Austdalsbreen,2031-11-01,-0.5470915647144677,-0.15872186936424848,-0.1615871544464944
Austdalsbreen,2031-12-01,-1.3086915437365294,-0.5133955112001888,-0.6776682622753235
Austdalsbreen,2032-01-01,-0.6111606083191085,-0.1739382218867839,0.18169257635262204
Austdalsbreen,2032-02-01,-0.912412000042513,-1.1091660751078798,-0.38808555877361844
Austdalsbreen,2032-03-01,-1.0894770866951682,-0.4232041383717194,-1.2222011343086765
Austdalsbreen,2032-04-01,-0.9862643887872052,-0.25047274960526833,-0.5156530537687475
Austdalsbreen,2032-05-01,-0.4766099616162623,-0.27841999129121975,-0.3334796764794145
Austdalsbreen,2032-06-01,-0.6454661469528384,-0.48383106280330307,-0.5019760386486152
Austdalsbreen,2032-07-01,-0.08952861101979297,-0.13747362131177054,-0.2654880499490648
Austdalsbreen,2032-08-01,-0.05010629802045483,-0.21290441126941428,-0.32092225064419044
Austdalsbreen,2032-09-01,-0.41927729597231495,-0.27308810307407455,-0.6186819208731427
Austdalsbreen,2032-10-01,-0.13958584156860843,-0.8949888061776083,-0.6484290578952326
Austdalsbreen,2032-11-01,-0.374548393855809,-0.520648954213576,-0.3965285906398746
Austdalsbreen,2032-12-01,-0.03393623223843759,-0.2831975529943781,0.039802112092908556
Austdalsbreen,2033-01-01,-0.08445449751557699,-0.3144787074474395,0.45006144529209396
Austdalsbreen,2033-02-01,0.19781704792776342,-0.07697754777792057,-0.7776617491369651
Austdalsbreen,2033-03-01,-0.641775957155554,-0.7820196649410595,-0.1789372014462232
Austdalsbreen,2033-04-01,0.014042631324082186,-0.36336814505186177,-0.22864611621963846
Austdalsbreen,2033-05-01,-0.030311719387673033,-0.44361119649796726,-0.23896103283005435
Austdalsbreen,2033-06-01,-0.1525099954755722,-0.08634286220265323,-0.023895360393279035
Austdalsbreen,2033-07-01,-0.23454407381042588,-0.3683204234397672,-0.42344383782554
Austdalsbreen,2033-08-01,-0.07794191339738772,-0.22460541051236263,-0.04709062414403161
Austdalsbreen,2033-09-01,0.018053158814584105,0.356680111684353,-0.40560133846416146
Austdalsbreen,2033-10-01,-0.5854767210695403,0.16851878675057552,0.1310915547028754
Austdalsbreen,2033-11-01,-0.3197130407786867,0.3821730561335623,-0.10291252789876933
Austdalsbreen,2033-12-01,-0.7759403376195945,-0.24885203701869796,0.5733310410764386
Austdalsbreen,2034-01-01,-1.5913168483028504,-0.802905243341591,-0.2420828901089185
Austdalsbreen,2034-02-01,-1.2785322223869942,-1.3344416849645429,0.1751231352821239
Austdalsbreen,2034-03-01,0.27331048474713787,-0.19139902332596245,-0.14062410335939646
Austdalsbreen,2034-04-01,-0.5324702137281173,-0.3773950003527617,-0.011461145583837836
Austdalsbreen,2034-05-01,-0.031434123036479404,-0.34282367096220545,-0.29851104031197023
Austdalsbreen,2034-06-01,-0.32198532820873665,-0.566162529295719,-0.4907852897585263
Austdalsbreen,2034-07-01,-0.09952139771119368,-0.4995961526881391,-0.4549028922048715
Austdalsbreen,2034-08-01,0.23428653638909588,-0.08053980784697884,-0.08752449203576114
Austdalsbreen,2034-09-01,0.05323397016347204,-0.6170100476059709,-0.3502282550317661
Austdalsbreen,2034-10-01,-0.21108221438001432,-1.0291939278378932,-0.4441355202428435
Austdalsbreen,2034-11-01,-0.22618226780008122,-0.13421178171720952,-0.6954843745712528
Austdalsbreen,2034-12-01,-0.16038883529303674,0.294757787665835,-1.721772755342261
Austdalsbreen,2035-01-01,0.4104632779811042,0.7750905895595382,0.9037521552032267
Austdalsbreen,2035-02-01,0.1357814761240935,-0.24681650177140232,-0.330622589118092
Austdalsbreen,2035-03-01,-0.15043521033152718,-0.7309190351682022,-0.37010645140070014
Austdalsbreen,2035-04-01,-0.16221056625320562,-0.2474684812587379,-0.42578824564249773
Austdalsbreen,2035-05-01,0.09313938096894116,-0.03129131708246699,-0.2410935390640482
Austdalsbreen,2035-06-01,-0.11054507684917408,-0.4364432215763629,-0.28406039609108596
Austdalsbreen,2035-07-01,-0.4072182698154186,-0.02072727174085151,-0.30191708314641874
Austdalsbreen,2035-08-01,-0.06677271008968791,-0.12065263849098852,-0.4012150998260589
Austdalsbreen,2035-09-01,0.025042578154257342,0.1944236292971575,-0.47852551867143456
Austdalsbreen,2035-10-01,0.2278775892810534,0.13745864110317776,0.19065980184069806
Austdalsbreen,2035-11-01,-0.09351797437525465,-0.029904317855727336,-0.2876533560320245
Austdalsbreen,2035-12-01,-0.3568935135062203,0.6318782045936344,-0.2147621342494261
Austdalsbreen,2036-01-01,0.4413489862533906,0.20016757814143663,-0.9251568675627068
Austdalsbreen,2036-02-01,0.30488608033451275,0.3395250054650007,0.014421791631868889
Austdalsbreen,2036-03-01,0.19722945683569437,-0.23699868649971897,0.14275447993742632
Austdalsbreen,2036-04-01,-0.09629591551237793,-0.13189807689839708,-0.14459661151599257
Austdalsbreen,2036-05-01,0.5022358059886646,-0.4395382171127113,-0.02163957430953675
Austdalsbreen,2036-06-01,0.0430398709314565,-0.2648529468039014,-0.11752446032048776
Austdalsbreen,2036-07-01,-0.044085936912511725,-0.38069034521599915,-0.1294738957462905
Austdalsbreen,2036-08-01,-0.1466791070930338,-0.14443403404457508,-0.35758732389896103
Austdalsbreen,2036-09-01,-0.7734331510217825,0.10276803193013301,-0.37105984553007193
Austdalsbreen,2036-10-01,-0.8586226054757908,-0.7616927010409555,0.11037339129051431
Austdalsbreen,2036-11-01,-0.5409237810820898,-0.10229576586444937,-0.43148028685103473
Austdalsbreen,2036-12-01,-0.605714443911986,0.5702501637067224,-0.4214873687740533
Austdalsbreen,2037-01-01,-0.3711735347981524,-0.19580332733263262,-0.626688240334596
Austdalsbreen,2037-02-01,0.5100067806835483,0.3522407130929572,-0.34190982602575354
Austdalsbreen,2037-03-01,0.5848014991481688,0.13073820244514722,-0.14714246832464106
Austdalsbreen,2037-04-01,0.018516818599351673,-0.06148527298425327,-0.4884579366344224
Austdalsbreen,2037-05-01,-0.3420245719723196,-0.03516687499090899,-0.20607583013485678
Austdalsbreen,2037-06-01,-0.6831616254297015,-0.20335055955512846,-0.020043017563207952
Austdalsbreen,2037-07-01,-0.2690863711358152,-0.40220632118046523,-0.31594819610645153
Austdalsbreen,2037-08-01,-0.143197896679385,-0.048139952221578,-0.40028191236720945
Austdalsbreen,2037-09-01,-0.2750360154261946,0.16209502651726512,-0.18316488080934268
Austdalsbreen,2037-10-01,-0.27597708916583047,-0.1231833839342021,-0.11779507102328612
Austdalsbreen,2037-11-01,0.4494853526946714,-0.1162094912435712,-0.481491795808137
Austdalsbreen,2037-12-01,-0.7997952680665721,-0.5566499308725025,0.39216301650345825
Austdalsbreen,2038-01-01,0.07877241137104878,-0.1979987489414422,-0.007666345599779902
Austdalsbreen,2038-02-01,0.33769510724276813,-0.0553948451267264,0.5130254714520813
Austdalsbreen,2038-03-01,0.25747625904447885,0.13046427298823834,-0.01307080325111846
Austdalsbreen,2038-04-01,-0.04754812317058155,0.14170691753418915,0.20317863372037073
Austdalsbreen,2038-05-01,-0.42821608024191105,-0.20756229459863418,0.07750247196048908
Austdalsbreen,2038-06-01,-0.3054283090280796,-0.4462250040667757,0.10444109966174708
Austdalsbreen,2038-07-01,-0.5215186870100799,-0.6427957768918545,-0.289623225231113
Austdalsbreen,2038-08-01,-0.2107467868872516,-0.2769480099582732,-0.33318778306721486
Austdalsbreen,2038-09-01,0.21692251640779592,-0.3149433765610923,-0.16384197340471998
Austdalsbreen,2038-10-01,-0.2831112792233043,-0.26105383534588994,0.07054882255671695
Austdalsbreen,2038-11-01,0.48062634985042996,1.012380862551703,-1.3877156753785063
Austdalsbreen,2038-12-01,-0.39411063742433416,0.786231043238638,1.00880013188377
Austdalsbreen,2039-01-01,-0.6412024730443846,-0.06400720705208475,0.5781718196213455
Austdalsbreen,2039-02-01,0.593814932327322,0.33162546944176857,-1.5571901419907679
Austdalsbreen,2039-03-01,-0.30824484391172013,0.36710603445563117,-0.4882561591710434
Austdalsbreen,2039-04-01,0.47636361090649143,-0.13260848122092436,-0.8131175406520067
Austdalsbreen,2039-05-01,-0.36745004487935345,-0.1388194398169882,-0.7868207892340457
Austdalsbreen,2039-06-01,-0.22492959686722255,-0.45404061746853924,-0.3992986244965002
Austdalsbreen,2039-07-01,-0.23728383565465946,-0.30489580055450727,-0.3573328105057609
Austdalsbreen,2039-08-01,-0.2724259317873664,-0.27586840601295876,-0.2789284599632332
Austdalsbreen,2039-09-01,-0.5385574184361291,-0.1397582343023199,-0.421564752978478
Austdalsbreen,2039-10-01,-0.07968904544323059,0.023984323800135043,-0.43704634208046605
Austdalsbreen,2039-11-01,0.10960985333323044,0.3194061883288053,-0.8794430640666956
Austdalsbreen,2039-12-01,0.6008182928549634,-0.20779461914656686,-0.03631345607963144
Austdalsbreen,2040-01-01,0.12043981288414995,-0.11641531361108137,0.1747092201571696
Austdalsbreen,2040-02-01,-0.09383577547731033,0.3762446255334637,-0.5001412143912906
Austdalsbreen,2040-03-01,0.3709921653471148,-0.33138087842459985,-0.4445477693792905
Austdalsbreen,2040-04-01,0.36113254284033697,0.11875078853205423,0.032615255040057155
Austdalsbreen,2040-05-01,-0.36458752489071317,-0.31527051420506025,-0.4180930387085993
Austdalsbreen,2040-06-01,-0.28362190884428656,-0.259440532336338,0.05325301844170314
Austdalsbreen,2040-07-01,-0.24764728761163912,-0.33440718787237983,0.01324202179986691
Austdalsbreen,2040-08-01,0.03172658534997277,-0.06518494253441319,-0.6029381121190226
Austdalsbreen,2040-09-01,-0.34826674863400786,-0.14024046150069866,-0.8079432489066258
Austdalsbreen,2040-10-01,-0.2874661938761289,-0.07099449866063949,-0.6648879052641715
Austdalsbreen,2040-11-01,0.1614984715437981,0.3315596872421833,-0.9540339514117703
Austdalsbreen,2040-12-01,0.5445253270736538,-0.23511489306905906,0.0639525148746024
Austdalsbreen,2041-01-01,1.0804509938575306,0.08034791885996723,-1.2885584114321966
Austdalsbreen,2041-02-01,1.2014177375731583,-0.2129062486875486,-0.23090541356249972
Austdalsbreen,2041-03-01,0.18028111133786637,0.4031233316266447,-0.8452506831203898
Austdalsbreen,2041-04-01,-0.30007960973833203,-0.3914822332454322,-0.45269109754732817
Austdalsbreen,2041-05-01,-0.2730367638945226,-0.011836274216598728,-0.5007638894196967
Austdalsbreen,2041-06-01,0.06999046410015747,0.027559763942036783,-0.3442293073559896
Austdalsbreen,2041-07-01,-0.0045840810202309274,0.05425751096713118,-0.47676050019793476
Austdalsbreen,2041-08-01,-0.238453085818119,-0.44326835077719345,-0.5335751033191196
Austdalsbreen,2041-09-01,-0.06119616571535553,-0.19559472296090327,-0.11273991867579915
Austdalsbreen,2041-10-01,-0.42447305131788027,-0.21286573507783527,-0.24236820949901802
Austdalsbreen,2041-11-01,0.522648501971943,-0.4636781266131056,0.10822005256810807
Austdalsbreen,2041-12-01,0.6044221152983303,-0.9892299094821405,-0.6000948251232655
Austdalsbreen,2042-01-01,0.27813742876486436,-0.4318716058418492,-1.6297849057076943
Austdalsbreen,2042-02-01,0.04503429011167883,-0.06416858757855372,-0.0963297518896662
Austdalsbreen,2042-03-01,0.5224173831545892,-0.7530553446852496,-0.7316212563779176
Austdalsbreen,2042-04-01,0.22056260062625568,-0.7477358342929076,-0.19967825028337202
Austdalsbreen,2042-05-01,0.030592982857451278,-0.3882450595310205,0.047270658639331144
Austdalsbreen,2042-06-01,-0.06900056392491201,-0.2368050093746724,-0.039900037469054135
Austdalsbreen,2042-07-01,-0.14043341888127317,-0.30023773657841585,-0.276063163904063
Austdalsbreen,2042-08-01,-0.2668829452167755,-0.432864415432271,-0.24229324934571314
Austdalsbreen,2042-09-01,-0.04066998288539158,-0.4491025734639626,-0.6030249713696172
Austdalsbreen,2042-10-01,0.3330369419174158,0.035723523785051295,-0.07191378374446672
Austdalsbreen,2042-11-01,0.15818476804823925,-1.1046288485452938,-0.5457082023385001
Austdalsbreen,2042-12-01,0.6633635989320655,0.00661611922247458,-0.35440068596267554
Austdalsbreen,2043-01-01,-1.1684344590979239,-0.330952444680354,-0.7046301159405891
Austdalsbreen,2043-02-01,0.2052953384180579,0.08975317520040509,-0.13077063414997678
Austdalsbreen,2043-03-01,-0.5216259763027843,0.06783242196572649,-0.04544286402819749
Austdalsbreen,2043-04-01,-0.1322154251461968,-0.0738632125030118,-0.03965880465277582
Austdalsbreen,2043-05-01,0.17612659341947653,-0.20633504859679527,-0.43225619232191176
Austdalsbreen,2043-06-01,0.03298777302852616,-0.0013196026219748035,-0.402743588486383
Austdalsbreen,2043-07-01,-0.3073710232571169,-0.2596231363293317,-0.3990887001004622
Austdalsbreen,2043-08-01,-0.05496120810196938,0.005697810890236743,-0.5008980024006877
Austdalsbreen,2043-09-01,-0.3476330595727685,-0.20891079689622835,-0.06550591593970168
Austdalsbreen,2043-10-01,-0.06743848374957928,0.121400062899741,-0.038607860077775336
Austdalsbreen,2043-11-01,-0.1482887304531905,0.13538311993603355,0.1787368663758243
Austdalsbreen,2043-12-01,0.26172042541251167,0.6442027433422248,0.3791993385570205
Austdalsbreen,2044-01-01,-0.5946466100931918,-0.8266360650886947,0.3561640154905712
Austdalsbreen,2044-02-01,-1.3538836119830229,-1.1539960733610404,0.33599517838528686
Austdalsbreen,2044-03-01,0.020478487251673297,-0.04069222740699286,0.10861468938976589
Austdalsbreen,2044-04-01,-0.27387507122744786,-0.649651628714126,-0.08504914699118661
Austdalsbreen,2044-05-01,0.05652154017669931,-0.16026925041292509,-0.3148112340535209
Austdalsbreen,2044-06-01,-0.4901664166950854,-0.1325421134970252,-0.28144112667093
Austdalsbreen,2044-07-01,-0.3496069785493861,-0.10936195867172666,-0.30023389147845375
Austdalsbreen,2044-08-01,0.008198704561705489,-0.09439428270987364,-0.5575769501012854
Austdalsbreen,2044-09-01,-0.1375637757161594,0.12724411021797902,-0.513471209672774
Austdalsbreen,2044-10-01,0.020405556399298076,-0.34246612871463666,-0.21299673386045573
Austdalsbreen,2044-11-01,0.5882302440855379,-0.24507589884881129,-0.03520217402013251
Austdalsbreen,2044-12-01,-0.06831708688353606,-0.11254127277094737,0.43385731060700633
Austdalsbreen,2045-01-01,-0.2266799205682908,-0.01719659993846805,-0.06920936239223134
Austdalsbreen,2045-02-01,0.6351325185146934,-0.5531191015541775,0.3064561622081641
Austdalsbreen,2045-03-01,0.13495049476586338,-0.010923122811223185,0.4629301681279146
Austdalsbreen,2045-04-01,0.18583957397168768,-0.3972424520764984,0.016437597092348825
Austdalsbreen,2045-05-01,-0.24900946733423424,0.139285590401016,-0.4148592036190717
Austdalsbreen,2045-06-01,-0.09771372655499727,0.24331080773980762,-0.4809039280237755
Austdalsbreen,2045-07-01,-0.1907907961704196,-0.2469587844258264,-0.20187055617560293
Austdalsbreen,2045-08-01,-0.00040501413379917067,-0.3254884197675857,-0.1625652791656683
Austdalsbreen,2045-09-01,-0.39288631249680867,0.31430629009542327,-0.8316381757591298
Austdalsbreen,2045-10-01,-0.5929375017104674,0.6387711031396173,0.3237688017401407
Austdalsbreen,2045-11-01,-0.4062917992341415,0.042234699212537176,0.374464367937108
Austdalsbreen,2045-12-01,-1.2834344401606133,0.9294105089228911,-1.2899524156791613
Austdalsbreen,2046-01-01,-0.03167346422139959,0.20784908196040533,-1.025549102952112
Austdalsbreen,2046-02-01,0.24866085602571297,0.05700760984018944,-0.1625783954604354
Austdalsbreen,2046-03-01,-0.2702082647047713,0.3650535007605728,-0.626014222727172
Austdalsbreen,2046-04-01,0.3485151761800069,0.4249138335999551,-0.47972540184450585
Austdalsbreen,2046-05-01,-0.16368560644924213,-0.3483945362122513,-0.14964840503775403
Austdalsbreen,2046-06-01,-0.16468003378565435,-0.30250259448649924,-0.09405634028633396
Austdalsbreen,2046-07-01,-0.21511604822633015,-0.3345653858926349,0.13790126899116817
Austdalsbreen,2046-08-01,-0.10412923947943269,-0.1329073463500751,-0.09306039320319419
Austdalsbreen,2046-09-01,-0.5168906464271427,-0.21001971402482536,-0.10825072072202102
Austdalsbreen,2046-10-01,-0.238338801103111,0.0758373659406736,-0.5655247368423996
Austdalsbreen,2046-11-01,-0.1090819037091884,-0.37511783358652856,0.3519482010803559
Austdalsbreen,2046-12-01,-0.8940936122683003,0.1343586685460819,0.44213159230092586
Austdalsbreen,2047-01-01,-0.32494638722193275,-0.33032505045677724,-0.6139088766330556
Austdalsbreen,2047-02-01,-0.6010351194387431,-0.40042922510070694,-0.1359082443677089
Austdalsbreen,2047-03-01,0.23073103513454896,-0.7002048431057398,-0.010355484879440427
Austdalsbreen,2047-04-01,-0.1284959034222661,0.24904402939654777,-0.5641855766923275
Austdalsbreen,2047-05-01,-0.05205881843227119,-0.11752589706496198,-0.30746124337080666
Austdalsbreen,2047-06-01,-0.06637514143609081,-0.32204075618314804,-0.1543238232810564
Austdalsbreen,2047-07-01,-0.17428519176509424,-0.0005257910333092466,-0.03784132132682047
Austdalsbreen,2047-08-01,-0.47690958689443547,0.09096243981165382,-0.18311725044463492
Austdalsbreen,2047-09-01,0.19445657292933508,-0.08839356846677526,-0.21525306059939261
Austdalsbreen,2047-10-01,0.32363674114649665,-0.040051307304419505,-0.09117159523298328
Austdalsbreen,2047-11-01,0.36427962244664047,0.3763384806126781,-0.7408714793222374
Austdalsbreen,2047-12-01,-0.12984798302819234,-0.4409700951167131,0.4506142460912659
Austdalsbreen,2048-01-01,0.45465067847819557,-0.9212462199621152,-0.8075918501155339
Austdalsbreen,2048-02-01,0.33153583245129187,-1.5468262353614868,-1.8894529328233316
Austdalsbreen,2048-03-01,-0.5398080874187117,-0.8202231313704704,-0.3650839024593881
Austdalsbreen,2048-04-01,0.12031383009578206,-0.37524992588169814,-0.501866862895751
Austdalsbreen,2048-05-01,0.19293238628103246,-0.035542479818360784,-0.19234891259103315
Austdalsbreen,2048-06-01,-0.324580390666553,0.18700164322165866,-0.30706849067327474
Austdalsbreen,2048-07-01,-0.3252659717127518,0.381788901630926,-0.3975176956931193
Austdalsbreen,2048-08-01,-0.29264610685065223,0.09771004021322797,-0.24626207538129777
Austdalsbreen,2048-09-01,-0.15460723243829763,0.00783900001822819,-0.20839247296633046
Austdalsbreen,2048-10-01,-0.5459485192812193,-0.07157919675802436,-0.7195346752859945
Austdalsbreen,2048-11-01,-0.20200156472683625,0.280625697431451,0.06214825963702306
Austdalsbreen,2048-12-01,-0.9674037939830181,-0.6421659894243962,-0.5479471210506545
Austdalsbreen,2049-01-01,-0.13262851828471478,-0.37216274837230645,-0.330974522671922
Austdalsbreen,2049-02-01,-0.11400716616036312,-0.7668121666028354,-0.5447665097852917
Austdalsbreen,2049-03-01,-0.867743327940463,-0.39023853120919333,-1.1580969539250976
Austdalsbreen,2049-04-01,-0.14910855151308522,-0.3836793127949063,-0.8491455654506529
Austdalsbreen,2049-05-01,0.0966360974154749,-0.4066811997321172,-0.3202866308778418
Austdalsbreen,2049-06-01,-0.09424939708873681,-0.35354878317752786,0.39703799583660077
Austdalsbreen,2049-07-01,0.004889206855292927,0.10961244536396486,-0.20110672745267874
Austdalsbreen,2049-08-01,-0.0015982673494956228,-0.16414752248289907,-0.2248908793241853
Austdalsbreen,2049-09-01,-0.17113861564979582,-0.17309070075559027,-0.12217549204429042
Austdalsbreen,2049-10-01,-0.029270149840892084,-0.15098689736177398,-0.21514255478580346
Austdalsbreen,2049-11-01,-0.19774156378581187,-0.6543339956831687,-0.7502474887653997
Austdalsbreen,2049-12-01,0.2864892633799196,0.2327654731672744,-0.20774518362550545
Austdalsbreen,2050-01-01,-0.19962449367485724,0.45049180429891544,0.056287134545508793
Austdalsbreen,2050-02-01,0.679760477782677,-1.750295009059457,0.39003595198545726
Austdalsbreen,2050-03-01,-0.20601795562944428,0.5443686445859822,-0.5604867538583798
Austdalsbreen,2050-04-01,-0.6008274854510304,0.17674830319560317,-0.44926139870492116
Austdalsbreen,2050-05-01,-0.5748427418137034,-0.02062063104522728,-0.4852711766533187
Austdalsbreen,2050-06-01,-0.4555898236039441,-0.38310649162411364,-0.5008482825513334
Austdalsbreen,2050-07-01,-0.38607108611388585,-0.33808438756225945,-0.39846488912505856
Austdalsbreen,2050-08-01,-0.6130024872779679,-0.15268246350574843,-0.45486547540292
Austdalsbreen,2050-09-01,-0.3111719379899553,-0.005920131225683754,-0.16186254375776352
Austdalsbreen,2050-10-01,-0.5706678245079214,-0.24854586810559273,-0.12186651563717284
Austdalsbreen,2050-11-01,-0.09906810236473136,-0.3936235018789507,-0.3843650030966444
Austdalsbreen,2050-12-01,0.8219040310413034,0.30705520288973825,-1.057883408570992
Austdalsbreen,2051-01-01,1.1642263862854592,0.07829585644142079,-0.12046930964817877
Austdalsbreen,2051-02-01,0.27114205455708285,0.49595574182311125,0.4368441553752262
Austdalsbreen,2051-03-01,-0.056664939011265535,0.5963788712520924,-0.008063801038935031
Austdalsbreen,2051-04-01,0.2207470868283796,0.28272720597481343,-0.3802737662786093
Austdalsbreen,2051-05-01,-0.07445870367396502,0.08386293158731196,0.11931113274568954
Austdalsbreen,2051-06-01,-0.5044941552996772,0.0486889052583927,-0.3968252664591457
Austdalsbreen,2051-07-01,-0.2049221662108024,-0.32818045052691047,-0.3773139341487532
Austdalsbreen,2051-08-01,-0.09320997268168553,-0.3899039996730433,-0.11898342862693889
Austdalsbreen,2051-09-01,-0.05653379206595047,0.2005782380859283,-0.9207687935134503
Austdalsbreen,2051-10-01,-0.7747688069549451,-0.38247122785734217,-0.4232222694245304
Austdalsbreen,2051-11-01,-0.1444142549781626,0.02674273201969239,0.2325275915729693
Austdalsbreen,2051-12-01,-0.20745039254474218,-0.3504143345027855,-0.7181020428017592
Austdalsbreen,2052-01-01,-0.44692674484166867,0.43603324266987437,-1.5494548306442102
Austdalsbreen,2052-02-01,-0.42396032012828405,0.4704368791488414,-0.07186895970126501
Austdalsbreen,2052-03-01,-0.258414518095245,-0.07287955459311099,-0.3853435367564682
Austdalsbreen,2052-04-01,-0.14899982180377072,0.33776446587713455,-0.5716733104666544
Austdalsbreen,2052-05-01,0.19759830798155287,-0.06652508906578258,-0.05099964558764173
Austdalsbreen,2052-06-01,0.15897181593483817,0.31186859408883266,-0.1582067646597243
Austdalsbreen,2052-07-01,-0.17008513496862673,0.08058707389249443,-0.29780776984703644
Austdalsbreen,2052-08-01,-0.18369988517226377,0.2612929932115897,-0.009806842027532162
Austdalsbreen,2052-09-01,-0.09581645155281898,0.18623240469507932,-0.015566354903023822
Austdalsbreen,2052-10-01,0.30589568985228094,0.03778603489207106,0.12867578286265716
Austdalsbreen,2052-11-01,0.48820645315195915,0.4567709193812733,-0.1207718527282763
Austdalsbreen,2052-12-01,0.3487730863816383,0.7821426979616964,-0.009747102008520048
Austdalsbreen,2053-01-01,-1.3872716232275621,0.41155112693699586,-0.44052042105249467
Austdalsbreen,2053-02-01,-0.7520559739333602,-0.42219629127447506,1.2437414727570275
Austdalsbreen,2053-03-01,0.14986481958235556,-0.13275208267387195,-0.09487489100447959
Austdalsbreen,2053-04-01,0.315550689720783,-0.14948766455102205,-0.21430445284053604
Austdalsbreen,2053-05-01,-0.3206749022666622,0.04703064629548844,0.10818708974483389
Austdalsbreen,2053-06-01,-0.2438314131806385,-0.0791275153429817,-0.0033531608937256013
Austdalsbreen,2053-07-01,0.14983851983620153,-0.20385726919715585,-0.2919701571263422
Austdalsbreen,2053-08-01,-0.06172454657071191,-0.21903388249239722,-0.11558483034871221
Austdalsbreen,2053-09-01,0.0123833842758781,-0.07124497384024543,0.039571464414473685
Austdalsbreen,2053-10-01,0.45995107315054334,0.05203214833061998,0.375221130600204
Austdalsbreen,2053-11-01,-0.19547052251471944,-0.3288082592500326,-0.8044542745793203
Austdalsbreen,2053-12-01,0.10742104765334337,-0.4318830230597075,-1.6536695934885615
Austdalsbreen,2054-01-01,0.04889514365791403,0.48800175996771894,-0.3540424081393669
Austdalsbreen,2054-02-01,-0.37928038534135355,0.4310083876271,-0.4870098649061514
Austdalsbreen,2054-03-01,0.36771916441615526,0.63652770960146,-0.6508666961956168
Austdalsbreen,2054-04-01,0.004006937538395057,0.007121647403740032,-0.5925176457323239
Austdalsbreen,2054-05-01,0.15632358258411103,-0.5229645473397694,-0.5208323325115657
Austdalsbreen,2054-06-01,-0.463744885336089,-0.014912260738204392,-0.44038764912085976
Austdalsbreen,2054-07-01,-0.22644747127595302,-0.15639488286326234,-0.12777287625892197
Austdalsbreen,2054-08-01,-0.09042282246118888,-0.14034480280518458,-0.39153879905032035
Austdalsbreen,2054-09-01,0.09836660405459252,-0.23969478208025516,-0.055090656541514266
Austdalsbreen,2054-10-01,0.3662204535827029,-0.11719247911740238,-0.0019168053391211092
Austdalsbreen,2054-11-01,0.4498714805615546,0.36715284115574587,-1.1582451940700635
Austdalsbreen,2054-12-01,-0.6149303080768154,0.7040278920467218,-1.41485286030676
Austdalsbreen,2055-01-01,0.3021406767433193,0.8153604622637104,0.40724582137156345
Austdalsbreen,2055-02-01,-0.42929858447670605,-0.34320189570084764,-0.34355523216233635
Austdalsbreen,2055-03-01,-0.4454543342428992,-0.11163763423133617,-0.3182817397470064
Austdalsbreen,2055-04-01,-0.24080203688731927,-0.10751549552860333,-0.6422045833647109
Austdalsbreen,2055-05-01,-0.37058021437634636,0.13411431168855817,-0.47035090181874245
Austdalsbreen,2055-06-01,0.022924855126039336,-0.14321968987325898,-0.4022020459445364
Austdalsbreen,2055-07-01,0.0528465682934503,-0.1850890895737949,0.12194191593715564
Austdalsbreen,2055-08-01,-0.3691126410294991,-0.03527288590202423,0.03421732314199744
Austdalsbreen,2055-09-01,-0.3878366054490466,0.02557782704808184,0.04704594351435929
Austdalsbreen,2055-10-01,-1.1211423963049354,-0.11522578995180993,-0.016111879899473918
Austdalsbreen,2055-11-01,-0.48369824044274007,-0.06594512733468795,-0.5279756236600694
Austdalsbreen,2055-12-01,0.6214152973803131,-0.41513686085368445,-0.1164046645918823
Austdalsbreen,2056-01-01,-0.6317558207737164,-0.19107430259035976,-0.23374173812472973
Austdalsbreen,2056-02-01,-0.8528617403713529,-0.3171957778113112,-0.8770654704432174
Austdalsbreen,2056-03-01,-0.8673487608787204,-0.4419789725714347,-0.3680204987729558
Austdalsbreen,2056-04-01,-0.27742946732449797,-0.286763549256765,-0.1716390822603583
Austdalsbreen,2056-05-01,-0.277224909766677,-0.26090431007579323,-0.03959249470233859
Austdalsbreen,2056-06-01,-0.15516026619153048,0.02077359578425566,-0.18212995700577794
Austdalsbreen,2056-07-01,-0.39333463200673763,-0.09793185597277791,0.35317511303900534
Austdalsbreen,2056-08-01,-0.4771543864651823,-0.5654425049804102,0.21808298187249028
Austdalsbreen,2056-09-01,-0.5008919324566239,0.10028295295975835,-0.49697313353573486
Austdalsbreen,2056-10-01,-0.4680789316943623,-0.12226156680632229,-0.6319851254371575
Austdalsbreen,2056-11-01,0.1484207139080355,-0.16434640208255527,-0.9949025762294914
Austdalsbreen,2056-12-01,0.10690005391058803,-0.30500285696684776,-0.9105884104811031
Austdalsbreen,2057-01-01,0.14744916219478846,-0.872972268834606,0.23893640899581214
Austdalsbreen,2057-02-01,0.2469125079328385,0.3610356099023912,-0.5822253571718665
Austdalsbreen,2057-03-01,-0.20428654566056445,-0.3410398177338654,-0.5378839209473255
Austdalsbreen,2057-04-01,-0.08507506108563727,-0.026822584146317992,-0.29876820935652265
Austdalsbreen,2057-05-01,-0.0732674976781803,-0.18959796817777574,-0.22710374939695321
Austdalsbreen,2057-06-01,0.19270906000772317,-0.19289343236255097,-0.5534281614228171
Austdalsbreen,2057-07-01,-0.20514150137599355,-0.20509349107044073,0.13936850375639362
Austdalsbreen,2057-08-01,-0.02838125953504816,-0.2357423647553075,-0.3066105841609111
Austdalsbreen,2057-09-01,0.04233673359365454,-0.14144074467525594,-0.10890758174131844
Austdalsbreen,2057-10-01,0.31941537412434196,-0.26463146389365905,0.15135216683773042
Austdalsbreen,2057-11-01,0.0024085330274067986,0.0331843221149013,0.0353604911116532
Austdalsbreen,2057-12-01,-0.7756315140747801,0.15388808609633928,-0.18117073979570894
Austdalsbreen,2058-01-01,-0.6534990667071767,-0.1454858376514747,-0.03292636002602258
Austdalsbreen,2058-02-01,-1.4507164265196473,0.31067712950305415,-0.19166680263903457
Austdalsbreen,2058-03-01,-0.3805989702723258,-0.25074138817511943,-0.16318129645101712
Austdalsbreen,2058-04-01,-0.5766744774331732,-0.8135841869171468,-0.37337633245448515
Austdalsbreen,2058-05-01,-0.09955669883825284,-0.1638337977340354,-0.14710786341733018
Austdalsbreen,2058-06-01,-0.23308245854509788,0.4280531758176847,0.021681141125576186
Austdalsbreen,2058-07-01,-0.31579249030287426,0.3451871470068027,-0.22753454094027095
Austdalsbreen,2058-08-01,-0.400414770223253,0.012261465906540934,-0.16190689556615295
Austdalsbreen,2058-09-01,-0.5872446892021125,0.2514344493090917,-0.6060883809063788
Austdalsbreen,2058-10-01,-0.337689399141448,0.15731416615322144,-0.03949542153697826
Austdalsbreen,2058-11-01,-0.7928363740220042,-0.2146665223829449,0.03414698725144356
Austdalsbreen,2058-12-01,-0.20973399183080743,-0.7199957446582684,0.16895945675485757
Austdalsbreen,2059-01-01,-0.6001992339143948,0.2324509467956468,0.023245562567931477
Austdalsbreen,2059-02-01,-0.4794427785354693,-0.41129133675775753,0.22724005549846482
Austdalsbreen,2059-03-01,-0.2211010991703002,-0.08926335449693808,-0.8162731539162026
Austdalsbreen,2059-04-01,-0.4392126251668982,0.1861063612451126,-0.348626274063232
Austdalsbreen,2059-05-01,-0.06849458134931811,0.13030249994149062,-0.19295525609971045
Austdalsbreen,2059-06-01,0.05234787941534216,-0.20522901586080367,-0.13685232693916063
Austdalsbreen,2059-07-01,-0.08557812252525458,0.08646651122384781,-0.07785950624370883
Austdalsbreen,2059-08-01,-0.0038778650919118196,-0.28826534166767037,-0.01538999141513108
Austdalsbreen,2059-09-01,-0.25905968541622,-0.2428214851145423,-0.20810950774855108
Austdalsbreen,2059-10-01,0.15011314951022328,-0.18678030197619036,0.06661227790234214
Austdalsbreen,2059-11-01,-0.3603795704869521,-1.0095613863552997,-0.32782170647291176
Austdalsbreen,2059-12-01,-0.44315759772605195,-0.4016447883660755,-1.4743093344369538
Austdalsbreen,2060-01-01,0.49792242774209505,0.03561345705701454,-0.12248877010881722
Austdalsbreen,2060-02-01,0.3672006572867552,0.09128589595139558,-0.5469324513522048
Austdalsbreen,2060-03-01,0.12909369086574443,-1.1813756886408697,-0.9060745881287134
Austdalsbreen,2060-04-01,-0.1310932372154404,-0.6697347965927887,-0.16977925528342372
Austdalsbreen,2060-05-01,-0.33346881613239504,-0.04149398844512367,-0.39697302451686295
Austdalsbreen,2060-06-01,-0.3961509788141051,-0.43622125485654273,-0.5054735678301244
Austdalsbreen,2060-07-01,-0.4579186454198821,-0.25834829110568375,-0.5301092542715425
Austdalsbreen,2060-08-01,0.13431942032665292,-0.07629601868060812,-0.36702626363349183
Austdalsbreen,2060-09-01,-0.08740788995231467,-0.05446887116971957,-0.2678301796924063
Austdalsbreen,2060-10-01,0.08863539728420829,0.09927487190668327,-0.5004408533960479
Austdalsbreen,2060-11-01,0.1031935228941923,0.20206223372576368,-0.33205347354261
Austdalsbreen,2060-12-01,0.5146802344700528,-0.7570166440006116,0.04166723525689269
Austdalsbreen,2061-01-01,0.3416331562008658,0.2391616251514829,-0.2293326521278826
Austdalsbreen,2061-02-01,0.26444939883561513,0.46455395064033905,0.4279244893805898
Austdalsbreen,2061-03-01,-0.06406353776980016,-0.07489006117118029,-0.20719767789708796
Austdalsbreen,2061-04-01,-0.1621872149111315,-0.2612764998752965,-0.30386247684025286
Austdalsbreen,2061-05-01,-0.22657134083497033,-0.12233296973617251,0.22536478850619435
Austdalsbreen,2061-06-01,-0.04732301117394866,-0.21830113326894915,-0.0003486566674858055
Austdalsbreen,2061-07-01,-0.10005436962111264,-0.27284525528642406,0.30325493818046784
Austdalsbreen,2061-08-01,-0.39624748089116174,-0.17273090605375518,0.11798577520103255
Austdalsbreen,2061-09-01,0.04022388735325332,-0.13539602234202766,-0.10548142621307882
Austdalsbreen,2061-10-01,-0.3036445816558031,0.19570592832158593,-0.971018193070403
Austdalsbreen,2061-11-01,0.5090890080689409,-0.19273533545036026,0.1153850927777562
Austdalsbreen,2061-12-01,0.34306930831570553,-1.0535169608020973,-1.1869499205934577
Austdalsbreen,2062-01-01,0.4125786828996896,-0.7883222883057552,-0.8486551675026887
Austdalsbreen,2062-02-01,-0.26851839622838497,0.5677385543769756,0.31507986643912694
Austdalsbreen,2062-03-01,0.22252249212535355,-0.4582835766332802,-0.41988361059732887
Austdalsbreen,2062-04-01,-0.011470400329168108,0.11566086842065566,-0.28816968436164897
Austdalsbreen,2062-05-01,-0.4500340600534642,0.019123519866489802,-0.3559499550261589
Austdalsbreen,2062-06-01,-0.23859206393762986,0.5285109159307207,-0.2037527861716445
Austdalsbreen,2062-07-01,-0.17913398384363644,0.11045880248747848,-0.09170527901692631
Austdalsbreen,2062-08-01,-0.3623426882384571,0.20121864230736364,-0.1469684203665402
Austdalsbreen,2062-09-01,-0.0074594508974709746,-0.2739736461894414,-0.0578924621258027
Austdalsbreen,2062-10-01,-0.2953758687361439,-0.27378422373885375,-0.8751374210692594
Austdalsbreen,2062-11-01,-0.927894763514565,0.47149064741824515,0.48414502497501916
Austdalsbreen,2062-12-01,-0.5893836102996164,0.6286397290380853,-0.24364055174297924
Austdalsbreen,2063-01-01,-1.0253589271919117,0.28612575705944404,0.13982636173117438
Austdalsbreen,2063-02-01,0.01928765707458814,0.19021334601078163,-1.300162093985992
Austdalsbreen,2063-03-01,-0.31422246238503765,-0.5255740399350858,0.4766195409466884
Austdalsbreen,2063-04-01,-0.5948321842832966,0.04644623495631272,0.361603672615253
Austdalsbreen,2063-05-01,0.1207825723701884,0.04829170160327206,-0.27121874622593284
Austdalsbreen,2063-06-01,0.1582886488538975,-0.16813905769961682,-0.27876473898263
Austdalsbreen,2063-07-01,0.1604112960829669,0.08670246182722274,-0.24333628246898664
Austdalsbreen,2063-08-01,0.19277935209292596,-0.28729273639331865,-0.25912124243512435
Austdalsbreen,2063-09-01,-0.35835775342933074,0.0831080870158695,-0.23887807238234612
Austdalsbreen,2063-10-01,-0.5113932416189475,-0.2831257987184977,-0.9533247946476808
Austdalsbreen,2063-11-01,0.2870159341087239,-1.0915213450343886,-0.503029565614112
Austdalsbreen,2063-12-01,-0.4377784117969588,0.21360318328929281,-0.7807840297132976
Austdalsbreen,2064-01-01,-0.3656080566140041,0.5836881292955653,-0.24367392422439357
Austdalsbreen,2064-02-01,-0.18685855153730233,-0.004198341053596714,0.058719832579760066
Austdalsbreen,2064-03-01,-0.46876972022326285,0.638255245214106,0.6593227682045116
Austdalsbreen,2064-04-01,-0.3029706769887082,0.030988209677703788,0.10101102945262126
Austdalsbreen,2064-05-01,-0.4341963062326078,-0.06084361748982242,-0.25892976535517437
Austdalsbreen,2064-06-01,-0.4022201331917436,0.4430151740892542,-0.4078700640834534
Austdalsbreen,2064-07-01,-0.369106627300722,0.21456089453132665,-0.28889277342378344
Austdalsbreen,2064-08-01,-0.204224400175154,0.09842644435829051,-0.09557948936279759
Austdalsbreen,2064-09-01,0.35099609326006886,-0.38680575239311826,-0.10265285894726155
Austdalsbreen,2064-10-01,-0.44032798832851344,0.1914575824275023,-0.10374649259821445
Austdalsbreen,2064-11-01,-0.42652596961686867,0.5372861911312601,-0.09736486818380075
Austdalsbreen,2064-12-01,-0.46814523438426336,0.6317266777945522,-0.7491317510904961
Austdalsbreen,2065-01-01,0.11071217964963222,-0.031062436352270757,-0.07753053373337948
Austdalsbreen,2065-02-01,0.024926065614188458,-0.4795322242179023,-0.3232423600800103
Austdalsbreen,2065-03-01,0.20297151555704515,-0.36274877451007487,0.5549185296979463
Austdalsbreen,2065-04-01,0.012771239533088952,-0.42423944267369773,-0.007067653898861219
Austdalsbreen,2065-05-01,0.30812784924424713,0.04933513248708273,-0.07949761779709887
Austdalsbreen,2065-06-01,0.18920053134579806,0.43096425166180213,-0.10823010283646195
Austdalsbreen,2065-07-01,-0.12676653793890202,0.26118522553222123,0.44422214668918575
Austdalsbreen,2065-08-01,-0.24586542310491385,0.017532081625141412,0.09913559301649151
Austdalsbreen,2065-09-01,-0.14199689028044807,-0.48717701079428327,-0.22921626241825666
Austdalsbreen,2065-10-01,-0.17073374504143782,0.2653757942432122,-0.1604615460840995
Austdalsbreen,2065-11-01,-0.9166527549198861,-0.3491873588330181,0.18305353133767208
Austdalsbreen,2065-12-01,-0.3493470486316397,0.6637830341959571,-0.7100976477551203
Austdalsbreen,2066-01-01,-0.7919628216131667,-0.0759315920875119,-0.13309261577617706
Austdalsbreen,2066-02-01,-0.8151385877568611,-0.1219016423610857,0.991395502267259
Austdalsbreen,2066-03-01,-1.2495293078099123,0.6660386928636479,-0.16414946058387384
Austdalsbreen,2066-04-01,-0.4818542560219288,-0.2685056525461607,-0.25668830237260254
Austdalsbreen,2066-05-01,-0.43393031928504033,0.13370714386592056,-0.45013560570829125
Austdalsbreen,2066-06-01,-0.11356063979614954,0.08800797102170287,-0.15357041189180098
Austdalsbreen,2066-07-01,-0.4131081864788559,0.4415566366896512,-0.24002262207212346
Austdalsbreen,2066-08-01,-0.20478412571629975,-0.24756195517992022,-0.27131736211738516
Austdalsbreen,2066-09-01,-0.05609345665713955,-0.11985689696871586,-0.28928436508290317
Austdalsbreen,2066-10-01,0.3762903146463583,-0.4342726781523833,-0.5232907183201819
Austdalsbreen,2066-11-01,-0.5718430867645167,0.5720033889483481,0.534069825680028
Austdalsbreen,2066-12-01,0.23625793204130652,-0.4517758319273489,-0.2663349097855596
Austdalsbreen,2067-01-01,0.6055193676295972,0.1620328708667635,0.18260621631263096
Austdalsbreen,2067-02-01,-0.11782009777651421,0.20458143447302693,-0.6398045577432453
Austdalsbreen,2067-03-01,0.27238363908746793,-0.2739408867142608,-0.6117721198186584
Austdalsbreen,2067-04-01,-0.07422355785387276,0.16162339468908046,0.14657665442371678
Austdalsbreen,2067-05-01,-0.08753732122302721,-0.2601010015995104,0.1373798427428078
Austdalsbreen,2067-06-01,-0.269150291020283,-0.40450078473387263,-0.017252281803101992
Austdalsbreen,2067-07-01,-0.09933524396839266,-0.0615465620927055,0.12874151675613676
Austdalsbreen,2067-08-01,0.28081450735157015,-0.0812220066123802,0.20879240260829915
Austdalsbreen,2067-09-01,-0.2670441803345041,-0.2186409175616227,0.35429727900954067
Austdalsbreen,2067-10-01,-0.4449743232874995,0.3368952689589974,0.3517191645037718
Austdalsbreen,2067-11-01,-0.48353223654860217,-0.6627352572298074,-0.14278768278708961
Austdalsbreen,2067-12-01,-0.906448375960824,-0.08828592710871298,0.8982673760104817
Austdalsbreen,2068-01-01,-0.6810650550553943,0.11279082593450795,0.2521601504882278
Austdalsbreen,2068-02-01,-0.18325512437681735,-0.8096779397882173,-0.31513920627691755
Austdalsbreen,2068-03-01,0.2535119896952414,0.26158768682534445,0.24207747000111066
Austdalsbreen,2068-04-01,-0.14174339716869347,0.18134244544205128,0.08894901683085847
Austdalsbreen,2068-05-01,-0.019590645008659247,-0.042522884806395385,0.03806975268659863
Austdalsbreen,2068-06-01,-0.028898750436413236,-0.14445597378189237,0.22698306659147938
Austdalsbreen,2068-07-01,0.4705481068668958,-0.012676510817564504,-0.014156896427735802
Austdalsbreen,2068-08-01,-0.01711529229814025,-0.2945893238751633,-0.24853938060485992
Austdalsbreen,2068-09-01,0.03732608347065052,-0.2603530854503707,-0.32187539125976183
Austdalsbreen,2068-10-01,0.27493380909471726,0.2574345109317154,-0.04658392629139127
Austdalsbreen,2068-11-01,-0.12749326561256621,-0.1607213811968653,-0.41116737987059687
Austdalsbreen,2068-12-01,-0.15256886223076982,-0.23563460696553049,-0.07461782190753376
Austdalsbreen,2069-01-01,0.9158106062381939,0.09778699716530297,0.7586425664121398
Austdalsbreen,2069-02-01,-0.03874103619306069,0.4017801349855847,0.4624997284512831
Austdalsbreen,2069-03-01,-0.5794360797385895,-0.5943982092597878,0.6725665458213101
Austdalsbreen,2069-04-01,-0.3188974985258121,-0.07315670725312975,-0.22813417074082754
Austdalsbreen,2069-05-01,-0.11489202279934396,-0.14414366883031401,0.02736664194347987
Austdalsbreen,2069-06-01,-0.06012197765863827,0.32208189024736916,-0.012433506516149306
Austdalsbreen,2069-07-01,-0.16444940476014447,-0.06505259749806282,0.11932722881177271
Austdalsbreen,2069-08-01,-0.015309172380353874,-0.23148268691984822,0.06732338518023341
Austdalsbreen,2069-09-01,-0.10744745982010762,-0.44855234507865643,0.07969118077310046
Austdalsbreen,2069-10-01,0.17357699296443943,-0.44281558016157846,-0.061586317728578845
Austdalsbreen,2069-11-01,0.24615016509398843,-0.8969162912822664,0.467263902504675
Austdalsbreen,2069-12-01,-0.6680347347689727,-0.05126913400183841,-0.017831777662170645
Austdalsbreen,2070-01-01,-0.07380924139051465,0.09582312541764722,-0.4879612208447706
Austdalsbreen,2070-02-01,0.4378356473948486,-0.4905937273538825,0.5415497632312678
Austdalsbreen,2070-03-01,0.04662106458387357,0.05482893397085403,0.5199552123076819
Austdalsbreen,2070-04-01,-0.47021469860298976,-0.6978501042046213,-0.17236003707609338
Austdalsbreen,2070-05-01,-0.030154824622265774,0.1932208176941498,0.010611451672873426
Austdalsbreen,2070-06-01,0.02129168774188156,-0.6111882772548252,0.3865139112967681
Austdalsbreen,2070-07-01,-0.33282001277111756,-0.26058274494618533,0.049843714116341226
Austdalsbreen,2070-08-01,-0.37018858778609925,-0.06661251987625716,0.20743719583558548
Austdalsbreen,2070-09-01,-0.32512124858928204,0.30146942467200216,0.4049253823091013
Austdalsbreen,2070-10-01,0.03674232998190929,-0.07647722294107191,0.6908348014204927
Austdalsbreen,2070-11-01,-0.13836690335508225,0.17462450578316716,0.5049363257811269
Austdalsbreen,2070-12-01,-0.1263743748958903,-0.5488180545239236,-0.39072683825839594
Austdalsbreen,2071-01-01,-1.0379340805590653,-0.32903862853340143,0.9028013264594411
Austdalsbreen,2071-02-01,0.018854941178622287,0.06557193331991122,0.5027195372135981
Austdalsbreen,2071-03-01,-0.1776005624995558,-0.07131419408079182,0.0715157962914436
Austdalsbreen,2071-04-01,-0.04819029932457953,-0.2627158859080328,0.11523393233269626
Austdalsbreen,2071-05-01,-0.48467494459879507,-0.19183074905557262,0.2048367625125627
Austdalsbreen,2071-06-01,0.30034997889297776,-0.46826359468126605,-0.03580096166118548
Austdalsbreen,2071-07-01,0.10296679265402438,-0.16012349949467214,0.03720811423125313
Austdalsbreen,2071-08-01,-0.05956864809063648,-0.17290099950193505,0.11806501137758973
Austdalsbreen,2071-09-01,0.3778592796963775,-0.11138509328260988,0.32970642490766155
Austdalsbreen,2071-10-01,-0.40542679767631545,-0.2663094589050315,-0.3077872830558975
Austdalsbreen,2071-11-01,0.015155466490316924,-0.2577518422887859,0.2655675078985576
Austdalsbreen,2071-12-01,-0.39455313602100167,-0.7855458302598878,-0.1283587771105442
Austdalsbreen,2072-01-01,-0.49239412318838943,0.2780741962767321,0.52680203924419
Austdalsbreen,2072-02-01,0.20586289132457383,0.7224598442528505,-0.9412102657061556
Austdalsbreen,2072-03-01,0.152831365328688,0.4110135125681487,-0.15751749695127118
Austdalsbreen,2072-04-01,-0.12128606535279128,0.008744722154976042,0.1058878823732702
Austdalsbreen,2072-05-01,-0.06988340851405692,-0.35801798208577956,0.5574372901779096
Austdalsbreen,2072-06-01,0.7208725134355117,-0.231805537116764,-0.07168018368940103
Austdalsbreen,2072-07-01,0.3784436804857793,0.3261371064640049,-0.1367676216231254
Austdalsbreen,2072-08-01,0.20927848114023198,0.10295144580741655,0.10501614812950792
Austdalsbreen,2072-09-01,-0.043463172207135685,0.09617194084571368,0.5960838289989675
Austdalsbreen,2072-10-01,-0.22848509425732563,-0.27735424034036277,-0.9364059942423539
Austdalsbreen,2072-11-01,-0.3488046374647593,-0.39856837981343746,0.23313044590654997
Austdalsbreen,2072-12-01,0.10200983302841597,0.6112132305657088,1.0742324401490846
Austdalsbreen,2073-01-01,-0.9078946632006293,-0.4818384614122008,0.6669135378528491
Austdalsbreen,2073-02-01,0.10614435168736802,0.30136859124122367,-0.25470648707986787
Austdalsbreen,2073-03-01,-0.8603083142239263,-0.23068077814525578,-0.07578696159413147
Austdalsbreen,2073-04-01,0.2219682751295633,0.37673410292933923,-0.39519678322618595
Austdalsbreen,2073-05-01,-0.4919508550488781,0.1162672314764665,-0.31500956168435784
Austdalsbreen,2073-06-01,0.26985855740638603,-0.2645467969392082,-0.4069151846322308
Austdalsbreen,2073-07-01,-0.29192556988327395,-0.09442819772894077,0.12944889481168
Austdalsbreen,2073-08-01,-0.2364576034877425,-0.13305883705978527,-0.3685771952543868
Austdalsbreen,2073-09-01,-0.15281931987486388,-0.6067971350500788,0.09081707907295762
Austdalsbreen,2073-10-01,0.1328653103510998,-0.3092483741642782,0.37013828830979517
Austdalsbreen,2073-11-01,0.38220532918647404,-0.17290213951279346,-0.5334464165308945
Austdalsbreen,2073-12-01,-0.15179076408455192,0.6673531898829345,-1.1322920119991895
Austdalsbreen,2074-01-01,-0.032965663276384276,0.2996444792251982,-0.004525847960338077
Austdalsbreen,2074-02-01,-0.34137347951112273,0.2624968326474322,0.349424987878099
Austdalsbreen,2074-03-01,-0.7608195577950182,0.07583217922747555,0.20856734828963855
Austdalsbreen,2074-04-01,-0.0034591552521547656,0.18512841905975622,0.26436829469744755
Austdalsbreen,2074-05-01,0.031020611492876122,-0.05153943895049392,-0.13398470162331486
Austdalsbreen,2074-06-01,0.026383551073265,0.2514528292586314,-0.22106625660818313
Austdalsbreen,2074-07-01,-0.15017148744407283,-0.014649087156980031,-0.1576873117585587
Austdalsbreen,2074-08-01,-0.1893864486028287,-0.30272104028674035,-0.17372743921024716
Austdalsbreen,2074-09-01,0.034290563380461284,-0.2655819123486434,0.17236665740027082
Austdalsbreen,2074-10-01,0.1183044593328308,-0.5843450076775679,0.7705567915282087
Austdalsbreen,2074-11-01,-0.037191575443506736,-0.3972180524532323,1.0568310145716626
Austdalsbreen,2074-12-01,0.4303236698821098,-0.12882544173681684,0.2993819291519267
Austdalsbreen,2075-01-01,-0.2866731720643531,0.5245261764824684,0.7845385502729499
Austdalsbreen,2075-02-01,-0.24597286412058553,-0.2847933335581865,0.1891922472244317
Austdalsbreen,2075-03-01,-0.08355282690173294,-0.061927828475049636,0.2948024344962659
Austdalsbreen,2075-04-01,-0.2136175982591452,-0.014270461316586954,-0.12943316940365654
Austdalsbreen,2075-05-01,-0.20542390396698407,-0.5378853786073285,0.48091195106524615
Austdalsbreen,2075-06-01,-0.27850641234442725,-0.5393070576367646,0.21871752341386472
Austdalsbreen,2075-07-01,-0.4644785414297295,-0.15919236057553857,0.11212504648134625
Austdalsbreen,2075-08-01,-0.4775194195518771,-0.14558586656487546,0.13800916570476496
Austdalsbreen,2075-09-01,0.10257297737103137,0.06413506308606144,-0.003070151980218284
Austdalsbreen,2075-10-01,-0.32503948695280016,-0.014490020527385489,-0.22775252042468175
Austdalsbreen,2075-11-01,-0.3235564610947364,-0.22498627333365886,-1.255160319530881
Austdalsbreen,2075-12-01,-0.23906135280087046,-0.2763611425953558,0.15310324072483988
Austdalsbreen,2076-01-01,-0.45641213017571297,0.9599656219322967,0.09905084051930646
Austdalsbreen,2076-02-01,0.2863946923626635,0.7282388839907633,-0.38581766110161736
Austdalsbreen,2076-03-01,-0.05085688289511872,0.08596063778091778,-0.2216184400739661
Austdalsbreen,2076-04-01,0.12650520101017215,-0.18971326132049024,-0.027340543724479593
Austdalsbreen,2076-05-01,-0.4595517913165665,-0.2059638893809851,0.1223163857215918
Austdalsbreen,2076-06-01,-0.09863818854337096,-0.2546233268729971,-0.3201742723007942
Austdalsbreen,2076-07-01,-0.1128085649488315,-0.3154808091895703,0.09478575192148823
Austdalsbreen,2076-08-01,-0.14259783539773516,-0.18265424956681706,0.11132838158908072
Austdalsbreen,2076-09-01,-0.6481019839046209,-0.11433657761685607,0.11540412073048394
Austdalsbreen,2076-10-01,-0.3904839771320299,0.09434578278433735,-0.24904555037050366
Austdalsbreen,2076-11-01,0.8139848196053091,0.36988612896656897,-0.4438556756697973
Austdalsbreen,2076-12-01,0.9028950398642758,0.12190961526277742,0.1600563343136902
Austdalsbreen,2077-01-01,-0.9632581609339678,0.029537103094385148,-0.21292295937061886
Austdalsbreen,2077-02-01,-1.134417668788504,0.3918165671723835,-0.01492152007087417
Austdalsbreen,2077-03-01,-0.10537153173605791,0.20426018093677986,0.7934995161395877
Austdalsbreen,2077-04-01,0.08633555261907948,-0.0448073250605043,0.4836222052039036
Austdalsbreen,2077-05-01,0.013336462008621056,0.3353397657832722,0.1474566202057214
Austdalsbreen,2077-06-01,-0.1566701072424824,0.28754679960016744,0.1587756820746246
Austdalsbreen,2077-07-01,-0.3055327710184755,0.11245284420472064,-0.004616414523935362
Austdalsbreen,2077-08-01,-0.08805470534140337,0.0350979703845847,0.13844760575411985
Austdalsbreen,2077-09-01,-0.41401759917397235,-0.2713388431447639,-0.07365862145637535
Austdalsbreen,2077-10-01,-0.1034237587582764,0.49758903575868985,0.5075568820619195
Austdalsbreen,2077-11-01,-0.43061854940081906,0.1731395277330301,0.658116631904442
Austdalsbreen,2077-12-01,-0.23911459845684876,0.09112758036268304,-0.8942582547437863
Austdalsbreen,2078-01-01,0.17970256279835106,-0.881261356154901,0.0419449548397316
Austdalsbreen,2078-02-01,0.31812830101225836,-0.3547847358486412,-0.04895644319941461
Austdalsbreen,2078-03-01,0.16490435039934412,0.3641388794289208,-0.087534105475582
Austdalsbreen,2078-04-01,-0.3206547417472603,-0.17372109516786158,0.2937955832697799
Austdalsbreen,2078-05-01,-0.4276194456664189,0.07052860348906224,-0.07689213475601452
Austdalsbreen,2078-06-01,-0.03348387500698077,0.06579631187328536,-0.20091481727908544
Austdalsbreen,2078-07-01,-0.014348249602237175,-0.01480040693849563,-0.045484636015646195
Austdalsbreen,2078-08-01,0.03658217194735001,-0.05472372481572363,-0.02223927058777124
Austdalsbreen,2078-09-01,0.07693024615993845,0.013094184150461152,0.32416059656242363
Austdalsbreen,2078-10-01,-0.1815731747046628,0.27022774668996813,0.6390255513152193
Austdalsbreen,2078-11-01,0.2727748487561869,0.40203627419123356,0.885365196803316
Austdalsbreen,2078-12-01,0.4302983890369995,0.40224131685786796,-0.18418951287449373
Austdalsbreen,2079-01-01,0.19240840822327807,0.5723632624912944,-0.10013201708290924
Austdalsbreen,2079-02-01,-0.5411772210556763,0.26205908394737065,-0.2890255904047095
Austdalsbreen,2079-03-01,-0.15147409997002373,0.14594079084758008,0.3484669166005674
Austdalsbreen,2079-04-01,0.19157209928665972,0.21409646398756688,-0.1452967137736652
Austdalsbreen,2079-05-01,0.0523182143777993,0.04216502730069455,0.14154425564526513
Austdalsbreen,2079-06-01,0.21896608399706666,-0.25852244454551443,-0.058200662943610794
Austdalsbreen,2079-07-01,0.3023724448864707,-0.13560976857570103,-0.19121188888050092
Austdalsbreen,2079-08-01,-0.10913383240315509,-0.00917183401010912,-0.07637969059065987
Austdalsbreen,2079-09-01,-0.1704298305847887,-0.13663468323548977,0.20155431181266872
Austdalsbreen,2079-10-01,-0.050936906279387996,0.41625920369422104,-0.5950702660167386
Austdalsbreen,2079-11-01,-0.3323012598759047,0.8619116051995238,-0.3184208785562345
Austdalsbreen,2079-12-01,0.24765091624147428,0.31146126337010444,0.3601294790992375
Austdalsbreen,2080-01-01,-0.2833322110989578,-0.15421618015399216,-0.45935666316503165
Austdalsbreen,2080-02-01,0.47910108304245425,0.19351156601023245,0.2938543001068611
Austdalsbreen,2080-03-01,0.14733173246344866,0.1508644813474159,0.13769438515495785
Austdalsbreen,2080-04-01,-0.07133871749096,0.10481059209372164,0.2155649997813336
Austdalsbreen,2080-05-01,-0.2572968072007927,0.11824352745654831,-0.23943362968841667
Austdalsbreen,2080-06-01,0.02694723254017665,-0.2404975143458594,-0.106021102927309
Austdalsbreen,2080-07-01,-0.0195904003994463,-0.31084504857433,0.10085787838854514
Austdalsbreen,2080-08-01,-0.15517861928525944,-0.2657887766488031,0.25354840399924666
Austdalsbreen,2080-09-01,0.36952433672505564,-0.24967277668354473,0.27280605872915825
Austdalsbreen,2080-10-01,-0.06555743021982426,-0.20631688484754448,0.4614214986108651
Austdalsbreen,2080-11-01,0.05416364826981631,-0.17052725461708104,-0.09393449431300083
Austdalsbreen,2080-12-01,-0.710243364883047,0.4686911379912302,-0.19660533413832212
Austdalsbreen,2081-01-01,0.05994085227993964,0.22620116130577994,-0.16835614804654941
Austdalsbreen,2081-02-01,-0.7348287506085529,-1.569428128120819,-0.14610081618035642
Austdalsbreen,2081-03-01,0.29323843036116115,-0.6816618484642868,0.44082181722839114
Austdalsbreen,2081-04-01,-0.11603971138298101,-0.1373394451159885,0.009090320826402145
Austdalsbreen,2081-05-01,0.018414312210015233,-0.5350619823882041,0.05017738320171473
Austdalsbreen,2081-06-01,-0.2127050404843965,-0.3812662765903589,0.03216380305777918
Austdalsbreen,2081-07-01,-0.37688763214961146,-0.1494887877589294,0.11064336064656093
Austdalsbreen,2081-08-01,-0.2936603182370228,-0.1147410131010278,0.309510597407757
Austdalsbreen,2081-09-01,0.17433209012799153,-0.1431205634203736,0.08247301324253702
Austdalsbreen,2081-10-01,-0.005994022346409847,-0.03929519780065791,0.07683148464962596
Austdalsbreen,2081-11-01,0.09800796430995001,-0.9692898057664534,0.6976810530708922
Austdalsbreen,2081-12-01,-1.3795943219187,-0.8820214781279686,0.05867069805958144
Austdalsbreen,2082-01-01,0.13687650671202528,0.23223961879673918,-0.0029942146383866164
Austdalsbreen,2082-02-01,0.004037158908478666,0.22332094385798218,-0.0925522579978995
Austdalsbreen,2082-03-01,0.23575883552347995,-0.6322864693927549,0.9607970876830375
Austdalsbreen,2082-04-01,0.05585751384568155,-0.06478110989058106,0.31600146133310103
Austdalsbreen,2082-05-01,-0.32355316751346547,0.00035396309485163463,0.0025224288128457653
Austdalsbreen,2082-06-01,0.34747509042413816,-0.20066671529272187,-0.22127073452879145
Austdalsbreen,2082-07-01,0.17694230203610506,0.006257291623506296,-0.29637142823743706
Austdalsbreen,2082-08-01,-0.013305483949507771,-0.009882572991868366,-0.19000290096770567
Austdalsbreen,2082-09-01,-0.3826329378273788,-0.06715903281247278,-0.04006037222817275
Austdalsbreen,2082-10-01,-0.023974792253524457,0.0752410316797786,-0.07217125285785425
Austdalsbreen,2082-11-01,0.18013322906623988,0.043171678764169386,0.773461030522819
Austdalsbreen,2082-12-01,0.9446426170243868,-0.5604178534799367,0.2980619538580876
Austdalsbreen,2083-01-01,0.4026244774702323,-0.19916318004781466,0.6544902345956953
Austdalsbreen,2083-02-01,-0.30659197390432386,0.0917658851944201,0.530942903672898
Austdalsbreen,2083-03-01,0.5670093628047294,-0.14461252317852896,-0.1610601940320232
Austdalsbreen,2083-04-01,0.3184366934345766,-0.17062330122575797,0.013912922553546063
Austdalsbreen,2083-05-01,-0.15234306696064123,0.046536416591115376,0.3284290152766339
Austdalsbreen,2083-06-01,-0.05308062550465042,-0.08468732750076403,0.3970436858268503
Austdalsbreen,2083-07-01,0.15863264490057913,0.05172741883981175,-0.21722498908178559
Austdalsbreen,2083-08-01,0.12883902405440142,-0.24246608462674568,0.4017361554414401
Austdalsbreen,2083-09-01,0.18967872336141559,-0.41391947247657473,0.2851921980279099
Austdalsbreen,2083-10-01,-0.3534342121341422,-0.16283154652189102,0.16481845314542581
Austdalsbreen,2083-11-01,-0.44879472975172785,0.010580729022276603,0.17358174425257059
Austdalsbreen,2083-12-01,0.04699218392504793,-0.13587815025232203,0.7952162040399741
Austdalsbreen,2084-01-01,-0.2289370739565834,1.087426950782955,0.33675765642473937
Austdalsbreen,2084-02-01,-0.6206189522721104,0.14504759879769238,0.6251134613739489
Austdalsbreen,2084-03-01,-0.07371221137034129,0.6433138139319433,-0.027357484396893516
Austdalsbreen,2084-04-01,0.13229118730465458,0.02992812665700692,0.4910978252349653
Austdalsbreen,2084-05-01,0.3130842528526539,0.1357278742085791,0.375467468321194
Austdalsbreen,2084-06-01,-0.17978732414671347,0.17343903030315003,0.13258894022997103
Austdalsbreen,2084-07-01,-0.2723843585209898,0.10679486266106224,0.34383656655528116
Austdalsbreen,2084-08-01,-0.14272276828760197,0.7689310497133178,-0.00987171431894617
Austdalsbreen,2084-09-01,-0.21155139044097115,0.5117153751175101,0.23808838033683774
Austdalsbreen,2084-10-01,-0.14923803560392693,0.24537776068539693,0.7059539305059491
Austdalsbreen,2084-11-01,-0.8539871578472024,-0.40766996721451704,0.9362540419456483
Austdalsbreen,2084-12-01,-0.41617041528481796,-1.2913619988781162,0.8792828164143599
Austdalsbreen,2085-01-01,0.23433541615664333,-0.7143420344410144,0.3012388745980396
Austdalsbreen,2085-02-01,-0.7896901888987412,-1.108942027862005,0.5116152769846317
Austdalsbreen,2085-03-01,-0.13305434425774756,-0.9721095323759341,0.08356874903812524
Austdalsbreen,2085-04-01,-0.18093529560649124,-0.10777571506312367,0.19032166587299545
Austdalsbreen,2085-05-01,-0.12611569448417617,-0.010930256197212912,0.23663390628986555
Austdalsbreen,2085-06-01,-0.21174271782411444,0.26954080858748447,0.1281374276415321
Austdalsbreen,2085-07-01,0.0017552308426490488,-0.5058293340614904,0.022641829658655913
Austdalsbreen,2085-08-01,-0.1715736311361485,-0.2804604255615287,0.12179802432405035
Austdalsbreen,2085-09-01,0.23219489135397708,-0.22749745129653384,0.04970015472948389
Austdalsbreen,2085-10-01,0.1111081154460466,-0.60820689244,0.3769767709925748
Austdalsbreen,2085-11-01,-0.3552761084872727,-0.22708920554816633,0.7896485398281339
Austdalsbreen,2085-12-01,-0.1688255407006621,0.00909381536857129,0.21609276881911085
Austdalsbreen,2086-01-01,0.20487519372005347,-0.6556605412567341,-0.18017569940776879
Austdalsbreen,2086-02-01,-0.5522702918212185,0.07744450257145674,0.03503340920748289
Austdalsbreen,2086-03-01,0.08864246522232473,-0.28349634857458467,-0.06405439505835979
Austdalsbreen,2086-04-01,0.08066528201352448,0.06550096610916728,0.18561658820608282
Austdalsbreen,2086-05-01,-0.27856378978710056,-0.24479535901001667,-0.06643399481007319
Austdalsbreen,2086-06-01,-0.30859794375494026,-0.2951287527376165,0.18574274277432248
Austdalsbreen,2086-07-01,-0.2424260292489083,0.37149213932730274,-0.07031106537497504
Austdalsbreen,2086-08-01,-0.337579355055556,0.0996311776864522,-0.07439314218099101
Austdalsbreen,2086-09-01,-0.22530082393877682,-0.07336158803005312,0.01521217272853361
Austdalsbreen,2086-10-01,-0.17064976569530618,-0.793990385667208,-0.31585513959600203
Austdalsbreen,2086-11-01,-0.6222889044631105,-0.3991093781077006,-0.0017334143707058713
Austdalsbreen,2086-12-01,-0.5867193699579757,-0.06160762964100106,1.1032779987188166
Austdalsbreen,2087-01-01,-0.7064975491179221,-0.003244342011330193,0.18258696667837918
Austdalsbreen,2087-02-01,-0.2117120249688064,-0.7633062551503084,0.6939726810547411
Austdalsbreen,2087-03-01,-0.2860914603281028,-0.22011730915778882,0.10347095437092386
Austdalsbreen,2087-04-01,-0.8664619086819281,-0.14184713311097116,-0.022250412694330878
Austdalsbreen,2087-05-01,-0.36853802675970293,-0.15611787809632902,-0.006549544523338603
Austdalsbreen,2087-06-01,-0.3501538249099383,0.04803962013547267,-0.3349494266160756
Austdalsbreen,2087-07-01,-0.08160127652519192,-0.17346949353181498,-0.19927521260181477
Austdalsbreen,2087-08-01,0.04353721498593422,-0.06808281980039473,-0.11517980830247249
Austdalsbreen,2087-09-01,-0.08933697277843755,0.1323414413866218,0.41185022097822516
Austdalsbreen,2087-10-01,0.3407907645295487,-0.08290320624062282,-0.5587962356677093
Austdalsbreen,2087-11-01,-0.04826294301848699,-1.149598839018102,-0.457401256876016
Austdalsbreen,2087-12-01,1.062685627819011,-0.5659019021029889,0.8644242973640752
Austdalsbreen,2088-01-01,-0.356449430433704,0.6089541123703922,-0.42662156100041465
Austdalsbreen,2088-02-01,-0.04003268651664333,0.019482365021683257,-0.5927015107407143
Austdalsbreen,2088-03-01,-0.875022609607449,-0.26402459486618707,-0.18868686279928956
Austdalsbreen,2088-04-01,0.2570104457583986,0.19221723005559488,0.057505865401546015
Austdalsbreen,2088-05-01,0.06388725240986652,-0.0006964566017557036,-0.19711541769451948
Austdalsbreen,2088-06-01,-0.17145446034582346,0.2665648043149393,-0.27165755534490593
Austdalsbreen,2088-07-01,-0.2119623058785054,-0.39529121210798895,-0.2410879355741037
Austdalsbreen,2088-08-01,-0.21138338333800863,-0.1761247828534359,-0.010321753373004935
Austdalsbreen,2088-09-01,-0.25107057161459695,-0.06347945342593204,-0.02826925997831598
Austdalsbreen,2088-10-01,-0.12520951427197172,0.13044079499056585,-0.23862861098335145
Austdalsbreen,2088-11-01,-0.861780480604858,-0.6654303946228928,0.9327792366803038
Austdalsbreen,2088-12-01,0.12379007193148367,-0.21087562235025456,0.5994837526508291
Austdalsbreen,2089-01-01,0.42085355846579137,-0.2246436794484696,0.7944618568406113
Austdalsbreen,2089-02-01,1.009009607762817,-0.07299728019127684,0.12193919253825851
Austdalsbreen,2089-03-01,0.5228074427179734,-0.2591675360118905,-0.43532938045956476
Austdalsbreen,2089-04-01,-0.3362051152397863,-0.26723600313111584,-0.21942126293169595
Austdalsbreen,2089-05-01,-0.3611576109012842,-0.03769162242560168,-0.08999242259584432
Austdalsbreen,2089-06-01,-0.3457315503703893,0.2497580156249727,0.26801268074021817
Austdalsbreen,2089-07-01,-0.42203870532926313,-0.13163437088095437,0.23550588401816688
Austdalsbreen,2089-08-01,-0.14868792391870148,0.11716205063180614,0.28745654042332863
Austdalsbreen,2089-09-01,0.13335419285839734,0.031197237487322917,0.39946380210874327
Austdalsbreen,2089-10-01,0.3105223850978008,-0.386875371240396,0.2458928741374554
Austdalsbreen,2089-11-01,-0.7328367932438766,-0.444568523989952,0.6748750219024063
Austdalsbreen,2089-12-01,-0.7015800886837328,0.3684533472770494,0.2208450387362205
Austdalsbreen,2090-01-01,-1.0943785401064108,-0.055679405817888404,0.7883316653500033
Austdalsbreen,2090-02-01,0.026988582942603378,0.5696054429439983,-0.4225588919182015
Austdalsbreen,2090-03-01,-0.9055382382815097,0.28482943475558975,0.3843083208075817
Austdalsbreen,2090-04-01,0.03827793283557826,0.3382919000392284,0.5969997813655373
Austdalsbreen,2090-05-01,0.13284514519839044,-0.053676215906897716,-0.13996516992757468
Austdalsbreen,2090-06-01,-0.026889580895312775,-0.04146057623027442,-0.24109596329356933
Austdalsbreen,2090-07-01,-0.257544329986293,-0.2126557450451179,0.12111105007234496
Austdalsbreen,2090-08-01,0.01431823470542859,0.07166340406846196,0.18435262285856865
Austdalsbreen,2090-09-01,-0.37567140238217495,-0.20042988092534664,0.05065099458119405
Austdalsbreen,2090-10-01,0.02165299224207581,-0.5232404153332438,0.6044908683075599
Austdalsbreen,2090-11-01,0.14661483006507478,0.18885703342985868,0.4000317597077186
Austdalsbreen,2090-12-01,0.4713739848993061,-0.09230111671677539,-0.6105159418695223
Austdalsbreen,2091-01-01,-0.032682683220648885,1.2154963733550501,-0.4230202403336106
Austdalsbreen,2091-02-01,0.05331879259474581,0.7833898007498831,0.7838519464153587
Austdalsbreen,2091-03-01,0.06526775919956779,0.16901885407544393,0.15593329099763634
Austdalsbreen,2091-04-01,0.17555981625143238,0.005555446040845254,-0.14721513761828095
Austdalsbreen,2091-05-01,0.04530338800708017,0.044289506555717804,-0.21359369750492352
Austdalsbreen,2091-06-01,-0.23056432564746152,0.3823207468647476,0.4677825763170647
Austdalsbreen,2091-07-01,0.016846077047275792,0.08027095759837125,0.15448019517294703
Austdalsbreen,2091-08-01,-0.26030809107305897,-0.010435551781076543,-0.046434148286199
Austdalsbreen,2091-09-01,-0.10763605229342303,-0.14406347212346818,0.2295834129259043
Austdalsbreen,2091-10-01,0.3556786685081961,-0.19716586494721636,0.5286258391981264
Austdalsbreen,2091-11-01,0.5047831614559338,-0.6601245484115581,-0.9332655493024348
Austdalsbreen,2091-12-01,0.8213242619762103,-0.9585534534717276,-0.18975874795329992
Austdalsbreen,2092-01-01,-0.8479326147823114,-0.9279069931842051,-0.7344302049244084
Austdalsbreen,2092-02-01,-1.2518655002130024,0.11034414042814322,-0.5345293056269264
Austdalsbreen,2092-03-01,-0.5767548104616381,-0.21842528463167166,0.3573506487197302
Austdalsbreen,2092-04-01,-0.35013229827239084,-0.19167132203304962,0.17501939952602685
Austdalsbreen,2092-05-01,-0.3406968221824102,0.1652433869886663,0.18465868711696176
Austdalsbreen,2092-06-01,-0.5028731170871316,-0.13675265189053662,-0.13693811696664002
Austdalsbreen,2092-07-01,-0.3127287256946546,-0.14800518455020054,-0.04147863569954701
Austdalsbreen,2092-08-01,-0.35569641511438066,-0.2056973942486092,-0.18703097970394258
Austdalsbreen,2092-09-01,-0.09095001992385504,-0.7471566989765478,-0.13722792249048804
Austdalsbreen,2092-10-01,-0.5114399126612622,0.008056010701489527,0.12935569202377054
Austdalsbreen,2092-11-01,0.13391589515830823,0.10954726380803825,-0.02115234376247173
Austdalsbreen,2092-12-01,-0.2594497062963466,-0.7761153561495978,-0.39364438698336207
Austdalsbreen,2093-01-01,-0.38457037241334513,-0.6872118411854937,0.66590314125994
Austdalsbreen,2093-02-01,-0.5829535311243431,0.5584590747946813,-0.8239413047447751
Austdalsbreen,2093-03-01,-0.25317506543106655,-0.2350536787358898,-0.43492681279855666
Austdalsbreen,2093-04-01,0.046694297232860615,-0.2787393880991023,0.13006071103058667
Austdalsbreen,2093-05-01,0.27725305496008795,-0.13576681406222238,-0.0883037890125638
Austdalsbreen,2093-06-01,-0.12082541344236308,-0.29920062081823506,-0.07092280856438532
Austdalsbreen,2093-07-01,0.016946324777044386,0.08774630828987529,-0.06756432025051741
Austdalsbreen,2093-08-01,-0.11132522355567366,0.09230299352225428,0.052932693677936675
Austdalsbreen,2093-09-01,-0.015732477758335712,0.29816019408697286,-0.035547903686563694
Austdalsbreen,2093-10-01,0.09139979855637141,0.2500252872151709,0.5386037763640961
Austdalsbreen,2093-11-01,-0.6078837658656786,0.04260534435830651,0.07405347242050965
Austdalsbreen,2093-12-01,0.4332055421588132,-0.028869120740889192,-0.8700381636222637
Austdalsbreen,2094-01-01,0.07528262333512847,0.21661936170399324,-0.2148793885579748
Austdalsbreen,2094-02-01,0.7129722902769081,-0.3957711795082572,0.36038798925949017
Austdalsbreen,2094-03-01,-0.3097535808564468,0.05888625588254581,0.775872391029361
Austdalsbreen,2094-04-01,-0.02051727105109025,0.3839969850031895,0.6200404840951222
Austdalsbreen,2094-05-01,-0.0797227451046015,-0.16359560210054036,0.04649068498963584
Austdalsbreen,2094-06-01,-0.1917093706954709,-0.2935632804669642,0.5268677346093096
Austdalsbreen,2094-07-01,-0.18281896225860575,0.014201058348542786,0.16841747988609326
Austdalsbreen,2094-08-01,-0.21183061371525702,-0.19875728773228454,0.11295111042893612
Austdalsbreen,2094-09-01,-0.3230764750336242,-0.16691425794543432,0.08003275787524458
Austdalsbreen,2094-10-01,0.30233395899515564,-0.030724148227454433,-0.5040799502719281
Austdalsbreen,2094-11-01,0.043555745505503035,0.07570950136057966,-0.6062044574666493
Austdalsbreen,2094-12-01,-0.45641817663207096,0.4333811345400879,0.8718747201760214
Austdalsbreen,2095-01-01,0.009848444731297262,-0.843323877280571,0.23000911860842455
Austdalsbreen,2095-02-01,-1.4872422638020748,0.13434706984766356,0.2377059106971907
Austdalsbreen,2095-03-01,-0.4427251422539042,0.18134590479667093,-0.11095735693378901
Austdalsbreen,2095-04-01,-0.6399339284193447,-0.29183697491744226,0.22760718963412704
Austdalsbreen,2095-05-01,-0.3814201980295337,-0.4497584084622739,0.3843974540547506
Austdalsbreen,2095-06-01,-0.11413902304244439,-0.32858181977440826,-0.27449971506385035
Austdalsbreen,2095-07-01,-0.08898187471360529,-0.18375094328767627,0.10101599537035973
Austdalsbreen,2095-08-01,-0.11853080900787154,-0.005068028769549949,-0.007624112672073714
Austdalsbreen,2095-09-01,-0.23593757286011585,0.05726186460451488,-0.18167807548856793
Austdalsbreen,2095-10-01,-0.32303287637154415,-0.1825289009560848,0.24822552401363354
Austdalsbreen,2095-11-01,-1.0682490366800963,0.25265376408129286,-0.1627040133459187
Austdalsbreen,2095-12-01,0.0010424866918219515,0.09214254621572897,-0.12707329591246724
Austdalsbreen,2096-01-01,0.031497865224749046,-0.30733353536343905,-0.0353504630581752
Austdalsbreen,2096-02-01,0.16275508481387732,0.7332893869919251,0.15645419198854418
Austdalsbreen,2096-03-01,0.23482457394739545,-0.18525836801107828,-0.04942625681327532
Austdalsbreen,2096-04-01,0.19740209712457793,-0.026638155763892127,-0.1578176539818005
Austdalsbreen,2096-05-01,-0.17500531326967497,0.045944444135856834,0.28601417495564735
Austdalsbreen,2096-06-01,0.3232065932362713,-0.2412456103279356,0.21987709059258034
Austdalsbreen,2096-07-01,-0.12320217616762204,-0.010759246093255334,0.47961598528975574
Austdalsbreen,2096-08-01,-0.24811525221916275,-0.3587287859582897,0.0832521914608461
Austdalsbreen,2096-09-01,-0.6407213717547088,-0.13334678995665328,0.46693528885429475
Austdalsbreen,2096-10-01,-0.17996619100448427,0.2779719344689009,0.6402247875849579
Austdalsbreen,2096-11-01,-0.08126520645767404,-0.2855464076969667,0.7023238564464048
Austdalsbreen,2096-12-01,-0.2197235217725099,0.11200149858698642,0.6392551952848161
Austdalsbreen,2097-01-01,0.2950860084632703,-0.38196326781642087,0.5014457270781235
Austdalsbreen,2097-02-01,-0.4359189238152356,0.6367788942475618,0.334412437874753
Austdalsbreen,2097-03-01,-0.1119686961474476,0.3868524533638362,0.056943914444278265
Austdalsbreen,2097-04-01,0.2043680709936653,0.21977527315023038,-0.23318814167164947
Austdalsbreen,2097-05-01,0.15974050966660588,0.10920786473381168,-0.13785147597970512
Austdalsbreen,2097-06-01,-0.19880524138167344,-0.31044400377861875,0.10329919686228678
Austdalsbreen,2097-07-01,0.22731773094731578,-0.16112520218872284,0.21858072136139528
Austdalsbreen,2097-08-01,0.3276882713751132,-0.1845236808412307,0.7482184008634638
Austdalsbreen,2097-09-01,-0.2208680026552785,-0.09295810755109124,0.09633557578248995
Austdalsbreen,2097-10-01,0.4473444830521827,0.025137417622364763,-0.011232580716972232
Austdalsbreen,2097-11-01,-0.7019529832830281,-0.60771659872544,0.0001686431674751502
Austdalsbreen,2097-12-01,-0.3828392651735597,-0.11334367404963365,0.4967637423376931
Austdalsbreen,2098-01-01,-1.0225686807423224,0.2661018163848665,1.2396272357910991
Austdalsbreen,2098-02-01,0.19669706147254162,0.7859966592070666,0.9755578841057092
Austdalsbreen,2098-03-01,-1.4179130172034677,0.40599309278190265,0.527645019382596
Austdalsbreen,2098-04-01,-0.3794976307360474,-0.35337739416007735,0.4438586702247864
Austdalsbreen,2098-05-01,0.038537903604774326,-0.43475043885386944,0.30178624623004163
Austdalsbreen,2098-06-01,-0.33509382113426905,-0.27022194698437746,0.1714799356196607
Austdalsbreen,2098-07-01,-0.18352515378218046,-0.3767849573398652,-0.07539602168873094
Austdalsbreen,2098-08-01,-0.28046244493050404,-0.3053664745808469,0.24638043321423372
Austdalsbreen,2098-09-01,-0.1622041031378074,0.23698742563259936,0.25521146424647306
Austdalsbreen,2098-10-01,0.05831845087147438,-0.3915360561924363,0.21916050426406253
Austdalsbreen,2098-11-01,-0.6990498962147411,-0.3628877634327357,-0.18148794210202
Austdalsbreen,2098-12-01,-0.7770311127451229,-0.043566193385563244,-0.16980262260239973
Austdalsbreen,2099-01-01,0.34517795958343317,-1.192102704827381,0.8515890525921984
Austdalsbreen,2099-02-01,-0.40257339345450877,0.14120428396031073,1.1743767066397053
Austdalsbreen,2099-03-01,0.25410566565995274,0.17304211469088268,0.8668245171308534
Austdalsbreen,2099-04-01,-0.4010287374380203,-0.07433051349659522,0.671721022228434
Austdalsbreen,2099-05-01,-0.04468816954624085,-0.07891100946166145,0.48929665750764667
Austdalsbreen,2099-06-01,-0.18512734858087065,-0.4825543586214529,0.08331589800962323
Austdalsbreen,2099-07-01,-0.02786213742286237,-0.1439294100844823,0.39053324442978327
Austdalsbreen,2099-08-01,-0.21176924366487682,-0.2800626490986719,0.19774119355326372
Austdalsbreen,2099-09-01,-0.047607393208702546,0.418647236400618,0.27835787932407335
Austdalsbreen,2099-10-01,0.051906651428031296,0.5364587053701987,0.4723552216058262
Austdalsbreen,2099-11-01,0.361898334299907,0.049249101694195746,0.5190717220458366
Austdalsbreen,2099-12-01,0.3822030660456222,-0.07565206313180811,-0.11901444350315733
Austdalsbreen,2100-01-01,-0.3056775154350038,-1.1434283840276025,-0.1403336276677556
Austdalsbreen,2100-02-01,-0.8044324628041876,-1.3748758526971325,0.02808946752591504
Austdalsbreen,2100-03-01,0.31009380857272156,0.006168108284354694,0.4779832960398922
Austdalsbreen,2100-04-01,-0.011041474188505812,0.2194127509093958,0.28112349612627824
Austdalsbreen,2100-05-01,0.07640034522411814,-0.2806001494682702,0.45330946340817596
Austdalsbreen,2100-06-01,-0.03925727915283924,-0.04093740276200994,0.3298261373964189
Austdalsbreen,2100-07-01,-0.08125610392848809,0.11313767053838335,0.3043723027575787
Austdalsbreen,2100-08-01,-0.26081431734350685,0.05038783152226628,0.2833716560217319
Austdalsbreen,2100-09-01,-0.016040825337194826,0.1462934116887533,0.31639662493052584
Austdalsbreen,2100-10-01,0.055649595469211006,0.143190699074918,0.01613187960985824
Austdalsbreen,2100-11-01,-0.35943208616013106,0.3582484027731792,0.5715780216039138
Austdalsbreen,2100-12-01,-1.1097623217237729,0.34224862296726366,0.8447624394517482
Engabreen,2015-01-01,-0.25253267539215113,-0.05921159662435418,-0.18391048366188653
Engabreen,2015-02-01,-0.1126836910022147,0.05437442090515057,-0.10793072540594535
Engabreen,2015-03-01,-0.22509015900269183,0.02994712282626777,-0.12626681925613184
Engabreen,2015-04-01,-0.03888445399872677,-0.27797952127287234,-0.16109729181750335
Engabreen,2015-05-01,0.03773252945514014,-0.16976020817334284,-0.1379291506364331
Engabreen,2015-06-01,-0.056172807448855396,-0.09716834846507046,-0.04602611929916619
Engabreen,2015-07-01,-0.03586998933567819,-0.06994612764627207,-0.14741750091444614
Engabreen,2015-08-01,-0.12035787439315769,-0.16644482854784934,-0.11332037562182673
Engabreen,2015-09-01,-0.10708747682965554,-0.0862633651390264,-0.12590420528002888
Engabreen,2015-10-01,-0.0857349514685185,-0.16544886640355264,-0.11531710406532136
Engabreen,2015-11-01,-0.004612090927867074,-0.0664867018029383,-0.06420615065362817
Engabreen,2015-12-01,-0.14782204929534212,-0.1384638424167397,0.14905910136736564
Engabreen,2016-01-01,-0.1269838968400946,-0.031042070629980777,0.006514005302529213
Engabreen,2016-02-01,-0.090124290615006,-0.0746320336588452,-0.05678090703033073
Engabreen,2016-03-01,-0.11691542422750445,-0.06606860829992141,-0.19147909337623767
Engabreen,2016-04-01,-0.09335843101134307,-0.14701917081168137,-0.18138545277584425
Engabreen,2016-05-01,-0.04249232315828374,-0.05566045401843175,-0.06539798946420876
Engabreen,2016-06-01,-0.07098617224528313,-0.13083065781885628,-0.10018833153532135
Engabreen,2016-07-01,-0.1225928896161062,-0.16894542667916856,-0.12791009488592434
Engabreen,2016-08-01,-0.07392674774692441,-0.10387107443831829,-0.16167545276089748
Engabreen,2016-09-01,-0.1709446391872711,-0.30299415365691107,-0.20601797581194034
Engabreen,2016-10-01,-0.2259421060922789,-0.1672524015878664,-0.08227271972767418
Engabreen,2016-11-01,-0.2911647831081317,-0.11310676427454497,-0.21357129272217265
Engabreen,2016-12-01,-0.09691676809670337,-0.021389456884088304,-0.22908039384934276
Engabreen,2017-01-01,0.014221894392064302,0.07154945591253654,-0.3367378973210429
Engabreen,2017-02-01,-0.11349353134668323,0.01763509241490944,-0.1626986828112885
Engabreen,2017-03-01,-0.02398377330865159,0.08509527831416476,-0.14630029694220706
Engabreen,2017-04-01,-0.16814816800262586,0.06129223666030414,-0.026376201897468466
Engabreen,2017-05-01,-0.0665671796696797,-0.05744810962395186,-0.03914936406640647
Engabreen,2017-06-01,-0.07663845744597941,-0.12603793072740818,-0.06991479560675953
Engabreen,2017-07-01,-0.047091983102762254,-0.13046491162933424,-0.07311452414131774
Engabreen,2017-08-01,-0.2051464039601223,-0.15696465399240003,-0.16647489657966255
Engabreen,2017-09-01,-0.02468141288904525,-0.006982340722989366,-0.05723641065549334
Engabreen,2017-10-01,-0.009075928263523436,-0.07956060530450025,-0.22267273505516708
Engabreen,2017-11-01,-0.024388794662191765,-0.11026828522792527,-0.14352305043706298
Engabreen,2017-12-01,-0.2617267312920857,-0.15048920759795323,-0.13723475762901863
Engabreen,2018-01-01,-0.10487394207481955,-0.028704946119298035,-0.146764537479345
Engabreen,2018-02-01,0.011313563851190414,-0.2000229931200007,0.02442982519101596
Engabreen,2018-03-01,-0.1501083499543806,0.012570917535356552,-0.013389995089611325
Engabreen,2018-04-01,-0.17967521593098176,-0.10476860948984042,-0.18330887759375689
Engabreen,2018-05-01,-0.09383593720727701,-0.10615195615538703,-0.09871502169439456
Engabreen,2018-06-01,-0.009778453121309158,0.0019162671998222507,-0.08263719321134828
Engabreen,2018-07-01,-0.11987660545160915,-0.11421988392196658,-0.17467932810497003
Engabreen,2018-08-01,0.02807187999327146,0.02972839658328748,-0.11819711182470945
Engabreen,2018-09-01,-0.1756074070992634,-0.2515876405064812,-0.21543006962050495
Engabreen,2018-10-01,-0.12451785851416101,0.0010163429830420307,-0.3040122977870094
Engabreen,2018-11-01,-0.15995522400752715,-0.2600884094417593,-0.2971067556005385
Engabreen,2018-12-01,-0.1386586907363717,-0.3127290928997368,-0.193316807586971
Engabreen,2019-01-01,0.023516831200301052,-0.1666883869251027,-0.2027892151532634
Engabreen,2019-02-01,-0.18262596796126385,-0.17536339122014818,0.07170195525491001
Engabreen,2019-03-01,-0.03755057081112874,-0.016323228516421606,-0.2696745257562125
Engabreen,2019-04-01,-0.00017305970165803117,-0.22457378069025524,-0.08089261125618631
Engabreen,2019-05-01,-0.10237031851370615,-0.20390316303479006,-0.04156021364563423
Engabreen,2019-06-01,-0.11255971093072203,-0.010952693499749996,-0.03994851773983625
Engabreen,2019-07-01,-0.020924513440654834,-0.07062062293065262,-0.19656120515411887
Engabreen,2019-08-01,-0.18073492523302304,-0.1941915078181693,-0.1163483410633122
Engabreen,2019-09-01,-0.12724186350200647,-0.15361143524957097,-0.12524188668980593
Engabreen,2019-10-01,-0.05368012323821936,-0.22368757807145678,-0.11315048051634585
Engabreen,2019-11-01,-0.2798873791026551,0.10818506818980399,-0.12391888058056344
Engabreen,2019-12-01,0.030981303117654107,-0.068965083759515,-0.11872485789077013
Engabreen,2020-01-01,0.19370914725096697,0.13509325849109094,-0.24151496169085204
Engabreen,2020-02-01,-0.06858387151612853,0.011177806099034645,-0.2376646741855909
Engabreen,2020-03-01,-0.2863179340481617,0.03683794891980091,-0.1692588263251644
Engabreen,2020-04-01,-0.1935339539293298,-0.04354867574274154,-0.08395708282037988
Engabreen,2020-05-01,-0.07838916622263951,-0.07989733765381689,-0.07594061509897031
Engabreen,2020-06-01,-0.03623756159005553,-0.03638482388038325,-0.09531296941271943
Engabreen,2020-07-01,-0.1342830163419323,-0.0933352765152629,-0.11403024404761626
Engabreen,2020-08-01,-0.031173586543635407,-0.09805203262754758,-0.1691871327844097
Engabreen,2020-09-01,0.002265892027352815,-0.23792165421041797,-0.1266834349069572
Engabreen,2020-10-01,-0.1454209105709474,-0.22629247939632546,-0.13831074389663625
Engabreen,2020-11-01,-0.16269730168916255,-0.13085722228673613,-0.23093072509595114
Engabreen,2020-12-01,-0.3007675905160007,-0.00662164128553458,-0.08638431004429313
Engabreen,2021-01-01,-0.12105089868724056,-0.06511671535070518,-0.05268512536812562
Engabreen,2021-02-01,0.05927760199294655,-0.16147148320075727,-0.0453438793649088
Engabreen,2021-03-01,0.13124201842933728,-0.23748989868711193,-0.14116751556091836
Engabreen,2021-04-01,-0.09999599335219134,-0.0754551003697803,-0.08296729974992466
Engabreen,2021-05-01,-0.2382366368109722,-0.10619370525633022,-0.08528540689349089
Engabreen,2021-06-01,-0.1337663503185875,-0.11758632104442863,-0.008433249149201774
Engabreen,2021-07-01,-0.13938193018382608,-0.15444831640164505,-0.10940900275486165
Engabreen,2021-08-01,-0.08296170811652694,-0.1639744553094451,-0.20975389626201538
Engabreen,2021-09-01,-0.008729313354722379,-0.14757237221584907,-0.3206749319246834
Engabreen,2021-10-01,-0.1744416352524033,-0.23477459706573678,-0.04245594926712675
Engabreen,2021-11-01,-0.21277735170499948,-0.13827465042945425,-0.07575872543089658
Engabreen,2021-12-01,-0.05128027598641838,-0.12284439070950441,-0.11309771863963047
Engabreen,2022-01-01,-0.1499635477652835,-0.14605318359641026,-0.0359659213224299
Engabreen,2022-02-01,-0.07674322655075473,0.02097944545222809,-0.15877090811163377
Engabreen,2022-03-01,-0.3128997462170743,-0.07982778517111583,-0.1599259477549343
Engabreen,2022-04-01,-0.2220659517736109,-0.37285293055271457,0.06546116808250232
Engabreen,2022-05-01,-0.03779202610003366,-0.11981468324862765,-0.09997968524202294
Engabreen,2022-06-01,-0.09152787812006209,-0.03053101684057563,-0.00413386318706796
Engabreen,2022-07-01,0.014934214120407463,-0.08414633158036955,-0.16065698662562974
Engabreen,2022-08-01,-0.08444567716273992,-0.08196392068174813,-0.24230676692418276
Engabreen,2022-09-01,-0.2207748948719793,-0.22349592184518366,-0.0464626967348775
Engabreen,2022-10-01,-0.11510195834406167,-0.2950418976891915,-0.018385092372351152
Engabreen,2022-11-01,-0.14049894872950364,-0.1359709857923611,-0.12824094050165594
Engabreen,2022-12-01,-0.08299606529039401,-0.21610300156861326,-0.1906551802956119
Engabreen,2023-01-01,-0.22880195738139297,-0.05568062973412682,-0.18013110488506331
Engabreen,2023-02-01,-0.15249355721489707,-0.09677639122764199,-0.0897772405050995
Engabreen,2023-03-01,-0.12244405238678346,-0.30890163496720424,-0.18832771051640326
Engabreen,2023-04-01,-0.05614185915082032,-0.11727866910343569,-0.16964799297948222
Engabreen,2023-05-01,0.04941769374300753,-0.028450687417905473,-0.06139858141305879
Engabreen,2023-06-01,-0.015768439753510083,-0.1988132673328921,-0.08937445017636146
Engabreen,2023-07-01,-0.061435032403995476,-0.06113750365337963,-0.05115742037800077
Engabreen,2023-08-01,-0.06119256427927681,-0.17538308829884106,-0.1480074463659986
Engabreen,2023-09-01,-0.14659366871028037,0.041984407599846514,-0.1194378644434303
Engabreen,2023-10-01,0.06870590595302616,-0.03265556862930577,-0.27157089417774666
Engabreen,2023-11-01,0.11185268773748586,-0.09179642977074261,-0.2457944236122236
Engabreen,2023-12-01,0.059582462859644414,0.022812798665719097,-0.13076370261842293
Engabreen,2024-01-01,0.09549526613768926,0.11929799116524502,-0.08246723689899998
Engabreen,2024-02-01,0.024004188966342432,0.10137849712106045,-0.10381450092597
Engabreen,2024-03-01,0.06656928841212971,-0.26802355209112866,0.0009665199063554156
Engabreen,2024-04-01,-0.11802285016859036,-0.09840107138291776,-0.12060793865694297
Engabreen,2024-05-01,-0.011022213331450184,0.045504722137220795,-0.06804961375558925
Engabreen,2024-06-01,-0.0493182671339645,-0.1077567126487039,-0.1435970819404931
Engabreen,2024-07-01,-0.11014359944713381,-0.09541567342620072,-0.1337176783217668
Engabreen,2024-08-01,-0.16121151601384234,-0.04041734573776904,-0.1825431384536832
Engabreen,2024-09-01,-0.07819471835825739,-0.14429884332466347,-0.09160676418010683
Engabreen,2024-10-01,0.08267024988194062,-0.011178559785397132,-0.0501838872390584
Engabreen,2024-11-01,-0.06978942804779162,0.010114592328028879,-0.09797980836549236
Engabreen,2024-12-01,-0.189830393650792,-0.09135548807623033,-0.16318247001862174
Engabreen,2025-01-01,0.03932809181896255,-0.229746214801788,-0.12564949654765747
Engabreen,2025-02-01,-0.03020762045040834,-0.009820721577024174,-0.03872562732296297
Engabreen,2025-03-01,-0.18093558185781067,-0.22971422689289955,0.029420757620329325
Engabreen,2025-04-01,-0.14853501547459327,-0.15942074092882189,-0.0008443277467348279
Engabreen,2025-05-01,-0.21073723565604122,-0.11184459940072677,-0.06136413063084234
Engabreen,2025-06-01,-0.08428183932630216,-0.09302071219143553,-0.024292509851063643
Engabreen,2025-07-01,0.03351381409318732,-0.13896067105385893,-0.10146711769929419
Engabreen,2025-08-01,-0.10802751009031251,-0.22390323174505047,-0.01672151334150171
Engabreen,2025-09-01,0.07360025420212825,-0.19544814317524714,0.03640443888926964
Engabreen,2025-10-01,-0.24591301819431213,-0.047990098728296925,-0.09863035342146476
Engabreen,2025-11-01,0.06301658973127444,0.00850618863352745,-0.18308290480615666
Engabreen,2025-12-01,0.07478328938912689,0.008497304584755413,0.022726709829211045
Engabreen,2026-01-01,-0.13815804804828843,-0.2205653005883281,0.007367942961315997
Engabreen,2026-02-01,-0.09069979132229482,-0.166668387506986,-0.038029208032273186
Engabreen,2026-03-01,-0.09952622056728218,-0.03078809666403093,-0.13558816400219023
Engabreen,2026-04-01,-0.22143974832239857,-0.14509456629275974,-0.0868471767422549
Engabreen,2026-05-01,-0.08895759533200907,-0.01270934426142653,-0.16282684488031807
Engabreen,2026-06-01,0.00849189865575086,-0.050219279652880124,-0.05712445071093881
Engabreen,2026-07-01,-0.1440231132702618,-0.08793837913591417,-0.08968909344114999
Engabreen,2026-08-01,-0.09813531408116094,0.03443844008248511,-0.03583151273614543
Engabreen,2026-09-01,0.03420567615435152,-0.030282312811888673,-0.22202973707586518
Engabreen,2026-10-01,-0.04549705450944886,-0.06014873731397823,-0.17986337788455087
Engabreen,2026-11-01,-0.06429033281047843,0.060896230497875216,-0.123492329270302
Engabreen,2026-12-01,-0.14530003438752986,-0.12021483904753295,0.0024308786668423474
Engabreen,2027-01-01,0.03140748828343029,-0.39958094673563127,-0.0014076194603693526
Engabreen,2027-02-01,0.03721170093735429,-0.06787911071223217,-0.15438519938675213
Engabreen,2027-03-01,-0.13811919493852626,0.02749235881727355,-0.0558261142824846
Engabreen,2027-04-01,-0.173694320787783,-0.10977223354579142,0.016359513061680448
Engabreen,2027-05-01,0.0008430829845810414,-0.07598733311567028,-0.12232856135564346
Engabreen,2027-06-01,-0.14980506429359378,-0.09854813174164545,0.00041184520602287794
Engabreen,2027-07-01,-0.06954310458317113,-0.07213624821946692,-0.08991046932909268
Engabreen,2027-08-01,-0.11025454168049557,-0.1445599878713262,-0.025448088428958987
Engabreen,2027-09-01,-0.06455638356379341,-0.21989349712126235,-0.08468435008333754
Engabreen,2027-10-01,-0.07492073339241108,-0.0016052980471333393,-0.20761344683333657
Engabreen,2027-11-01,-0.004973977709743421,0.11133197590742243,-0.19790341183475268
Engabreen,2027-12-01,-0.07813984971706352,0.061369451068315706,-0.04348344797315775
Engabreen,2028-01-01,-0.18861307110972456,0.013901644851830763,-0.04347219576078284
Engabreen,2028-02-01,-0.10354445476077033,0.026749814024188284,-0.06509770690997814
Engabreen,2028-03-01,-0.15134939156622368,-0.16101721194354265,-0.08115754073617591
Engabreen,2028-04-01,0.03259751927231095,-0.03343148231632728,-0.08977094751214838
Engabreen,2028-05-01,-0.10643237530927607,-0.06309851552493362,-0.015525784830348175
Engabreen,2028-06-01,-0.10827887770113782,0.020817641972304412,-0.12946576249095162
Engabreen,2028-07-01,-0.04065550584389583,-0.05186864197703931,-0.149997383539114
Engabreen,2028-08-01,-0.16442864355574824,-0.21883870064983232,-0.07455974002250375
Engabreen,2028-09-01,-0.14239911501660465,-0.12819198005977261,-0.12743570805061713
Engabreen,2028-10-01,-0.041170614120683804,-0.18587277726610862,-0.02566250769545324
Engabreen,2028-11-01,0.02776606801724235,-0.05809337543378979,-0.04290103231184095
Engabreen,2028-12-01,-0.022347287347534217,-0.10320342758422552,0.06181644685708674
Engabreen,2029-01-01,-0.14432386317080417,-0.3749775729178608,-0.199931015045419
Engabreen,2029-02-01,-0.17499698290905283,-0.18426667794400262,0.05600829424345208
Engabreen,2029-03-01,0.04315112856266929,-0.09896935819669905,-0.08251294846836689
Engabreen,2029-04-01,-0.03229131048912007,-0.06789534588569122,-0.021458811115970772
Engabreen,2029-05-01,0.0022569851121787368,-0.1952807207046613,0.004848246397867702
Engabreen,2029-06-01,0.00928631529567972,-0.08106253324376132,-0.08619780478338539
Engabreen,2029-07-01,-0.07591730091560574,-0.09917102279503719,-0.08002768289002042
Engabreen,2029-08-01,-0.13151481626643696,-0.07221403116190545,-0.04759249911567937
Engabreen,2029-09-01,-0.09929961956511779,-0.08402134866571591,-0.11127057409998259
Engabreen,2029-10-01,-0.17276426013611793,-0.22498061704574931,-0.1223759795421937
Engabreen,2029-11-01,-0.18160495210593183,0.0008439876717177089,-0.14626945815442513
Engabreen,2029-12-01,-0.07584447536397561,-0.09743288620639151,-0.104987236775321
Engabreen,2030-01-01,-0.0625812347064564,0.04086911657869636,-0.33600812794224155
Engabreen,2030-02-01,-0.17630441363159444,-0.21637276695334848,-0.181217472751225
Engabreen,2030-03-01,-0.032180602534897795,-0.28487490311605884,-0.10755547113642039
Engabreen,2030-04-01,-0.2475584695991545,-0.04863613090917799,-0.0974321479592372
Engabreen,2030-05-01,0.0020654759898911987,-0.06549689696335913,-0.019220318356638167
Engabreen,2030-06-01,-0.15840401360291334,-0.06520116218050924,-0.05504321712716063
Engabreen,2030-07-01,-0.12154273940598902,-0.08081074950823451,-0.17582523693341442
Engabreen,2030-08-01,-0.05431735243713357,-0.09517982399160956,-0.07184928712113277
Engabreen,2030-09-01,-0.021724187639579267,-0.2112820191666519,-0.1734044713162274
Engabreen,2030-10-01,-0.07677996525518006,-0.14083217327265943,-0.19416233031595434
Engabreen,2030-11-01,-0.10718157211822192,-0.17303883258445396,0.11895492056847738
Engabreen,2030-12-01,-0.05983062431351047,-0.07981071495806746,0.016884662753673563
Engabreen,2031-01-01,-0.08223692600135651,-0.0284144944255257,-0.0018199267652310631
Engabreen,2031-02-01,-0.28663531456840513,0.06799145988039995,-0.23087440080035637
Engabreen,2031-03-01,-0.14040271878959873,-0.11705717225154773,-0.14478213015492758
Engabreen,2031-04-01,-0.14322339201116652,-0.09813590118024497,-0.03599396803728216
Engabreen,2031-05-01,-0.13063391419665213,-0.06291590540088078,-0.17558425787853038
Engabreen,2031-06-01,-0.21123412387366938,-0.07183777838942634,-0.19006169537498863
Engabreen,2031-07-01,-0.03295464168490204,-0.0016623234248858236,-0.02801878966954056
Engabreen,2031-08-01,0.012540948755077367,-0.15915772067288772,-0.039198191048150845
Engabreen,2031-09-01,-0.08609846070760878,-0.05217262815121081,-0.126447032738604
Engabreen,2031-10-01,-0.1874151495614759,-0.25282131877160385,-0.21610521154816442
Engabreen,2031-11-01,0.015384043534330464,-0.18759178511516716,-0.11446609386871852
Engabreen,2031-12-01,-0.2596993063702054,-0.2941626118966101,-0.10107082000472634
Engabreen,2032-01-01,-0.01394114778855853,0.009356341496912113,-0.13010838531829344
Engabreen,2032-02-01,0.0741797289759736,0.029907555882986547,0.0003710942959216368
Engabreen,2032-03-01,-0.08851471275150208,-0.1371032125503393,-0.2721996715408537
Engabreen,2032-04-01,-0.1732490215825424,-0.09726163403443372,-0.21865838557940998
Engabreen,2032-05-01,-0.1067802975998411,-0.18813026512579,-0.09119502259832919
Engabreen,2032-06-01,-0.08616642192121071,-0.07181242248197722,-0.09075915260733936
Engabreen,2032-07-01,-0.08691196487052266,-0.028467498481209635,-0.11146156442783924
Engabreen,2032-08-01,-0.12507254140130677,-0.07190251338814876,-0.1917252139524915
Engabreen,2032-09-01,-0.21028591737770266,-0.11616129839067796,-0.10500350481056155
Engabreen,2032-10-01,0.009545945453382795,-0.3364599275798497,0.13922586686368565
Engabreen,2032-11-01,-0.04203319946308834,-0.15584123820328402,-0.17077888896345073
Engabreen,2032-12-01,-0.24026800408709661,-0.057404955938194245,-0.07618433626794001
Engabreen,2033-01-01,-0.0674588585283717,-0.31428013778791497,-0.023812164221612576
Engabreen,2033-02-01,-0.09393859223950181,-0.04807531575415743,-0.07149522973105495
Engabreen,2033-03-01,-0.10935448912600187,-0.06573694027116458,-0.17045491979177937
Engabreen,2033-04-01,-0.12086875704083587,-0.1070174767189462,-0.14264543099940474
Engabreen,2033-05-01,-0.15587958085860001,-0.10332842157722061,-0.1147264489289901
Engabreen,2033-06-01,-0.06447194436493882,-0.07180114814512856,-0.13632219076234023
Engabreen,2033-07-01,-0.18314067725901084,-0.10657437857293682,-0.11981286224231548
Engabreen,2033-08-01,-0.15102892341077837,-0.05297830606062288,-0.02428249548837358
Engabreen,2033-09-01,-0.10050540077457097,0.05852624471798423,-0.06617607887822029
Engabreen,2033-10-01,-0.06698710968308444,-0.00012307932598172125,-0.10133556556081003
Engabreen,2033-11-01,-0.1679707526150266,-0.031219263389177337,-0.07798074987136223
Engabreen,2033-12-01,0.17050827843297053,-0.1017592638841729,-0.04240981198643038
Engabreen,2034-01-01,-0.021453731741308407,-0.12091974180205034,-0.0752707185601193
Engabreen,2034-02-01,-0.20577846886765191,-0.1946869306077014,-0.00946322575930488
Engabreen,2034-03-01,0.03837843607078207,-0.06105209491920218,-0.06305257207883888
Engabreen,2034-04-01,-0.07328575411156098,0.05015389267250512,0.04647478275618275
Engabreen,2034-05-01,-0.13942894212274473,-0.22303249247763604,-0.059657084960097195
Engabreen,2034-06-01,-0.1325155903452576,-0.09217701963538731,-0.0636524330428337
Engabreen,2034-07-01,-0.13817628969898585,-0.041259518087948636,-0.05866089130422308
Engabreen,2034-08-01,0.0009983264572464845,-0.03462161643996272,-0.08797447666372327
Engabreen,2034-09-01,-0.14561251141174827,-0.14014076648140197,0.008861218315024927
Engabreen,2034-10-01,-0.018616229680826657,-0.2483667772052811,-0.06690980724864712
Engabreen,2034-11-01,-0.08133599079002461,-0.22573315358576765,-0.29056258743318375
Engabreen,2034-12-01,-0.10318824825743815,0.07826137874898026,-0.16637115562322294
Engabreen,2035-01-01,-0.11740736434402081,0.007122394741810534,0.08072221206866435
Engabreen,2035-02-01,-0.014490878608281937,-0.08144113901577853,-0.16396372411772797
Engabreen,2035-03-01,-0.17704754446605483,-0.19160929319620687,-0.04390414595051439
Engabreen,2035-04-01,-0.06719754920435783,-0.19493637416039897,-0.23938306276604937
Engabreen,2035-05-01,-0.12417092279625146,-0.1420632145601238,-0.07171889310870758
Engabreen,2035-06-01,-0.10068355843130387,-0.09584849895281845,-0.004865923135487181
Engabreen,2035-07-01,-0.17244842866415233,-0.012555833310634942,-0.0741334835551704
Engabreen,2035-08-01,-0.15173256636993918,-0.05512958898091332,-0.10273121054502381
Engabreen,2035-09-01,0.021346703092234243,0.10931270037072477,-0.10074393386558629
Engabreen,2035-10-01,-0.040027844326494935,-0.14363233615532928,0.04157396031131575
Engabreen,2035-11-01,0.06636308073729684,-0.12160932503661526,-0.09793683398480628
Engabreen,2035-12-01,-0.3215827320619377,-0.0861947570665118,-0.32710656161146945
Engabreen,2036-01-01,-0.16882930222153394,-0.06300701032982615,-0.1869718827359912
Engabreen,2036-02-01,-0.39331256479345944,-0.22173218443765266,-0.19776443804160126
Engabreen,2036-03-01,-0.018684331863584498,-0.1354519613897066,-0.18030831758125643
Engabreen,2036-04-01,-0.08380778670535288,-0.00048616959092671425,-0.20656107164617454
Engabreen,2036-05-01,0.104144177289548,-0.13034982650476049,-0.07571408823458635
Engabreen,2036-06-01,-0.02655368845513505,-0.09103299258409132,-0.14145810689543376
Engabreen,2036-07-01,-0.027842005890703857,-0.030091998773013145,-0.1802255500904383
Engabreen,2036-08-01,-0.10868634101103376,-0.055245110903239546,-0.0678194706668626
Engabreen,2036-09-01,-0.212989963253534,0.04170654513952347,-0.1970786356903513
Engabreen,2036-10-01,-0.27651445192833807,-0.08260836370282007,0.06669630518626399
Engabreen,2036-11-01,-0.058572692981891626,0.03136376344513373,0.00044432522001142116
Engabreen,2036-12-01,-0.08178702742595019,0.09059756364234078,-0.35727023161941834
Engabreen,2037-01-01,-0.019847957837111862,0.0654021070994948,-0.13585803505209335
Engabreen,2037-02-01,-0.2200753665326803,0.11382354277908328,-0.0019845104001213107
Engabreen,2037-03-01,0.029355899745150554,0.018227132258319068,-0.0681780291241371
Engabreen,2037-04-01,-0.08952064066885836,-0.08301730037762017,-0.17905624710521192
Engabreen,2037-05-01,-0.09902316402898727,-0.09929770563589037,-0.06596612904036987
Engabreen,2037-06-01,-0.15348155978995667,-0.15046187428272262,-0.11615324357552746
Engabreen,2037-07-01,0.020273079539523564,-0.09712297258838472,-0.12481488612508791
Engabreen,2037-08-01,0.03122081089989163,0.050502853877748555,-0.18266762095750458
Engabreen,2037-09-01,-0.2880571062744577,0.06259955845830283,-0.1230793421125538
Engabreen,2037-10-01,-0.2504262206941333,-0.07201765311090146,-0.13302936059779943
Engabreen,2037-11-01,-0.17672703660778274,-0.13382691037408884,-0.22707722688725385
Engabreen,2037-12-01,-0.12575659423677632,-0.06347690363100997,-0.07926340035204212
Engabreen,2038-01-01,-0.15080243062452692,-0.056974990891662615,-0.03993963786872444
Engabreen,2038-02-01,-0.07275935890734213,-0.20399028869820293,0.1691419484496776
Engabreen,2038-03-01,0.04283471280660065,0.05146484149542474,-0.08723520583296045
Engabreen,2038-04-01,-0.046628572526859445,0.008379534883978282,0.06617601730095432
Engabreen,2038-05-01,0.07117784394344678,-0.048954261241076304,-0.12414128965675304
Engabreen,2038-06-01,-0.06555370255960939,-0.08087692313988148,0.0014979818116758286
Engabreen,2038-07-01,-0.11977530387151536,-0.13048298258714874,-0.1096151318315736
Engabreen,2038-08-01,-0.05223097746195113,0.03703414324740806,-0.18068724658149216
Engabreen,2038-09-01,0.062000620633833735,-0.01704969176067352,-0.0842154527615403
Engabreen,2038-10-01,-0.17349332088371097,-0.14565508507141145,-0.006222298393893193
Engabreen,2038-11-01,0.05753016723606946,0.12573760077774218,-0.07634953741844971
Engabreen,2038-12-01,-0.21226826836289145,0.16195942982769768,0.08938730956187364
Engabreen,2039-01-01,-0.15892333375567128,-0.1680769804372921,0.014239509803875847
Engabreen,2039-02-01,-0.12408217486008322,-0.07277559643745941,-0.07408740366768984
Engabreen,2039-03-01,0.08100525331204211,-0.141570368571005,-0.2376376278189126
Engabreen,2039-04-01,0.02484368144780193,-0.08121584294375006,-0.11128489768925133
Engabreen,2039-05-01,0.01534340982968982,-0.08608468978283179,-0.17703564747435796
Engabreen,2039-06-01,-0.19538012150894635,-0.09312457530614009,-0.1291513189542465
Engabreen,2039-07-01,-0.20605315958016987,-0.17629820322443043,-0.11668921912615775
Engabreen,2039-08-01,-0.15332696606179005,-0.22930485729575278,-0.09217255506855766
Engabreen,2039-09-01,-0.1451960242190027,-0.12302749955561121,-0.09634207013499647
Engabreen,2039-10-01,-0.10133476480992894,-0.07666028771195808,-0.017828011068059285
Engabreen,2039-11-01,-0.059418075889949275,-0.21185001072083767,0.06045613104335843
Engabreen,2039-12-01,0.02524912939323659,-0.007106285499686153,-0.272809136208535
Engabreen,2040-01-01,-0.0180720654775335,-0.10577006386427569,0.06118477831353638
Engabreen,2040-02-01,-0.046926857890852734,-0.06231314728432758,0.18303651472920024
Engabreen,2040-03-01,-0.05472067657454901,-0.1142477868478259,-0.041577034990787916
Engabreen,2040-04-01,0.18289396905804414,0.036111344087936925,0.1146920267907317
Engabreen,2040-05-01,-0.07511240642468991,-0.1330533245708198,-0.18581776914292533
Engabreen,2040-06-01,-0.18452960321227907,-0.04521623108884287,-0.006623128884291701
Engabreen,2040-07-01,-0.16137137120835846,-0.1280502175530673,0.011748311887735155
Engabreen,2040-08-01,-0.02624494071980868,-0.12497528740218468,-0.1568107782968225
Engabreen,2040-09-01,-0.09771884712368357,0.015497167111874747,-0.1477367347476808
Engabreen,2040-10-01,-0.04670168194940163,0.04640097546215022,-0.05960816685223433
Engabreen,2040-11-01,-0.16183534419089016,-0.030539377000124796,-0.07121675400312055
Engabreen,2040-12-01,0.04663482432547875,-0.10922135403325473,-0.039094669967377864
Engabreen,2041-01-01,0.21487393864821025,-0.10209369256054478,-0.26936379925035214
Engabreen,2041-02-01,0.28839882248598836,-0.03652150179178749,-0.19766035473935206
Engabreen,2041-03-01,0.17184008578973667,0.05992515294757874,-0.1634065487162745
Engabreen,2041-04-01,-0.1497361857770263,-0.14409325937082634,-0.2191917856986424
Engabreen,2041-05-01,-0.1559794071561072,-0.031981582360850434,-0.19471869205435685
Engabreen,2041-06-01,0.0223754553009613,-0.07389398152844613,-0.1701725231602881
Engabreen,2041-07-01,-0.05226023372415145,-0.08991562220282905,-0.16017692948612114
Engabreen,2041-08-01,-0.07316395219881823,-0.15609412731398878,-0.15228821111747584
Engabreen,2041-09-01,-0.1133232002873929,-0.12505817727894386,-0.0406179167326294
Engabreen,2041-10-01,-0.07766732238825762,-0.17074886522749233,-0.07562137186945629
Engabreen,2041-11-01,0.04238988719021943,-0.25274472981190116,-0.06147487104306465
Engabreen,2041-12-01,0.0662770228709653,0.02016357142897096,-0.18129006511247792
Engabreen,2042-01-01,-0.050649667913192566,0.06849755226955347,0.03789005884585147
Engabreen,2042-02-01,-0.09810587561006874,0.037919542273767114,-0.1677493837091482
Engabreen,2042-03-01,-0.09219371424430327,-0.1783093244674098,-0.13220508792761854
Engabreen,2042-04-01,-0.03570583616336153,-0.09928785447290583,-0.060910440583203856
Engabreen,2042-05-01,-0.1442042654429836,-0.0872011455579127,-0.10487926177520313
Engabreen,2042-06-01,-0.08437489327701335,-0.08867527034792261,-0.05232074141164306
Engabreen,2042-07-01,-0.07364793174910293,-0.12663053673577837,-0.07553610866032669
Engabreen,2042-08-01,-0.09360938793211758,-0.11782447851570255,-0.12668724414287488
Engabreen,2042-09-01,-0.16798435694061228,0.022933191722826613,-0.19452070855912273
Engabreen,2042-10-01,-0.11061383999862158,0.02591459962483324,-0.02108276058227207
Engabreen,2042-11-01,0.1072019312248128,-0.1053337512439075,-0.16055295865950595
Engabreen,2042-12-01,-0.04948675922748347,-0.17073802938150084,-0.17320047919623613
Engabreen,2043-01-01,0.13721537030126454,-0.004027316590260584,-0.20317016987563533
Engabreen,2043-02-01,-0.034705976478644394,0.019620991525455767,-0.13028357835895674
Engabreen,2043-03-01,-0.10903841904774329,0.12957480724667206,-0.08732288097692237
Engabreen,2043-04-01,-0.12748118518415247,-0.03491332084867127,-0.024699977887229285
Engabreen,2043-05-01,-0.10112277814087578,-0.0694026480078443,-0.10073330623343311
Engabreen,2043-06-01,-0.09600630409672223,0.0424261177344861,-0.07336263181866264
Engabreen,2043-07-01,-0.05173882269638216,-0.15098642909257562,-0.0948349431115351
Engabreen,2043-08-01,-0.0584099481734916,-0.05517497474278765,-0.16390411219449305
Engabreen,2043-09-01,-0.0899890727743714,-0.11530578469080137,-0.09914277675287608
Engabreen,2043-10-01,-0.04110537929512529,-0.05411845566051731,-0.019228080699311895
Engabreen,2043-11-01,-0.2054986925961179,-0.06134031627214903,-0.17460144286704884
Engabreen,2043-12-01,0.08833499745702122,0.016415047523137955,-0.09484253667570003
Engabreen,2044-01-01,-0.10838367413136686,-0.10036261543402293,-0.12807878464012848
Engabreen,2044-02-01,-0.11425466860400013,-0.13673482863145944,0.024851394664369624
Engabreen,2044-03-01,-0.11232431657003124,-0.09807593608033686,-0.05776696001869802
Engabreen,2044-04-01,-0.15489507469725775,-0.30011320225978055,-0.08341326368618422
Engabreen,2044-05-01,0.030336990475489673,-0.12981902673756351,-0.15150756654315614
Engabreen,2044-06-01,-0.09279065762507134,-0.05244782806382723,-0.1009245419396787
Engabreen,2044-07-01,-0.027605867599667943,-0.08911696831425854,-0.11468594826355584
Engabreen,2044-08-01,0.07721585415920958,-0.07258811697809742,-0.17158109351544584
Engabreen,2044-09-01,-0.10311860846076165,-0.07843319392365479,-0.09254534042626776
Engabreen,2044-10-01,-0.18065904869704644,-0.18287418532604835,-0.23903817227792748
Engabreen,2044-11-01,0.07231847785154925,-0.168366617579665,-0.05923501394394933
Engabreen,2044-12-01,-0.1886535265347582,-0.25932797155688225,-0.005953002338582036
Engabreen,2045-01-01,-0.032121275866523906,-0.23637843372524547,-0.25584213721881516
Engabreen,2045-02-01,0.02950285267437076,-0.24810843322634354,-0.1233187834236103
Engabreen,2045-03-01,-0.013470674982392822,-0.013812807506717087,0.07785710558979929
Engabreen,2045-04-01,-0.07117856401088916,-0.19217188734677434,-0.14305917325910888
Engabreen,2045-05-01,-0.06125132896529759,0.030728174929722334,-0.26937424006495553
Engabreen,2045-06-01,-0.015533870117813736,-0.07221345511447609,-0.1385445793952185
Engabreen,2045-07-01,-0.14553172566250908,-0.009542934944333522,0.015523296641600246
Engabreen,2045-08-01,0.023818203986348336,-0.08313261394091938,-0.05797608471700669
Engabreen,2045-09-01,-0.13726419384398594,0.06608110434665113,-0.24552499678185283
Engabreen,2045-10-01,-0.1601927827097272,0.12947504431655968,0.13440599504113374
Engabreen,2045-11-01,-0.04107599897974731,-0.09379853629907708,0.03909356973389047
Engabreen,2045-12-01,0.06770437124477147,-0.050970425214879295,-0.044910080833037304
Engabreen,2046-01-01,-0.098591089085641,-0.06859574994734845,-0.05578930170789579
Engabreen,2046-02-01,-0.251886256912343,-0.16304727365131425,-0.0876576417538968
Engabreen,2046-03-01,-0.0776179461716645,-0.1809869339076019,-0.09281645247228677
Engabreen,2046-04-01,0.08736761468310668,0.04299834087978462,-0.1972316214440383
Engabreen,2046-05-01,-0.18019031032722574,-0.002573840432687241,-0.05688681420183145
Engabreen,2046-06-01,-0.1550306980922174,-0.146569087996304,-0.04772173096941498
Engabreen,2046-07-01,-0.017728982979444845,-0.10008287676454912,-0.15434921079154953
Engabreen,2046-08-01,0.048925685360561987,0.010975469991894563,0.06470120654923582
Engabreen,2046-09-01,-0.23640421164955194,0.036542383797300515,-0.1119520051749628
Engabreen,2046-10-01,-0.16067329528938104,-0.020073752679890516,-0.09690673338102063
Engabreen,2046-11-01,0.07090930490342866,-0.10786351965996306,-0.01637082776206039
Engabreen,2046-12-01,-0.18083769832868835,-0.1310486470528631,0.04742197547464857
Engabreen,2047-01-01,0.012539158532462338,-0.023434176655731397,0.04399324298025772
Engabreen,2047-02-01,-0.14272339614308446,0.06640479971035941,0.10883686850889675
Engabreen,2047-03-01,-0.0772834402666267,-0.005323833538731458,0.07268747573269317
Engabreen,2047-04-01,-0.14651243048722085,-0.027330818718960287,-0.08974906470867822
Engabreen,2047-05-01,-0.08562434650331013,-0.20027850063991912,-0.0907386000204246
Engabreen,2047-06-01,-0.06368194386132987,-0.18790232685169905,-0.14262282114901154
Engabreen,2047-07-01,-0.0669529979864837,-0.005911105019308249,-0.10524275019904421
Engabreen,2047-08-01,-0.146351292363422,-0.0999050315434986,-0.12933693748208722
Engabreen,2047-09-01,0.02539853967463057,0.029308420877825665,-0.06711680640631738
Engabreen,2047-10-01,-0.02941549713147572,-0.20874761753939455,-0.10399369546192323
Engabreen,2047-11-01,0.05710945640740855,0.1284946717434575,-0.1641884539380505
Engabreen,2047-12-01,-0.07055474791587858,0.006403790645815292,0.05650420914265006
Engabreen,2048-01-01,-0.16858381219028548,-0.039128786700345745,-0.016688639224899493
Engabreen,2048-02-01,-0.1299587477807953,-0.03357006094795443,-0.027413111426117142
Engabreen,2048-03-01,-0.14420802438940605,-0.10489402268451971,-0.09735468098424223
Engabreen,2048-04-01,0.04499761248000141,0.0937002167719957,-0.04759534116516675
Engabreen,2048-05-01,-0.11408964412917934,-0.09918920705574284,-0.0796602556348784
Engabreen,2048-06-01,-0.06685834251093696,-0.054579683022045106,-0.045149922747810295
Engabreen,2048-07-01,-0.13143993154184735,-0.005989154463837308,-0.14639151549503232
Engabreen,2048-08-01,-0.18601102982042217,-0.01632546807949803,-0.0271130356312138
Engabreen,2048-09-01,-0.05642429240880984,-0.016712573714798857,-0.0931901790838048
Engabreen,2048-10-01,0.010813453808227106,-0.10843903850843763,-0.19383752236162147
Engabreen,2048-11-01,-0.1214617501198229,-0.11647891176076415,0.02000547875337989
Engabreen,2048-12-01,-0.03506862858214535,-0.04031847114273779,-0.001661733993979823
Engabreen,2049-01-01,-0.018964631755875178,-0.09814700529575537,-0.184343695441915
Engabreen,2049-02-01,0.023310847248159332,-0.16912120931738991,-0.1806553596191719
Engabreen,2049-03-01,-0.009883064868361999,-0.19175144247734813,-0.1702417612310656
Engabreen,2049-04-01,-0.03824045739879641,-0.16681671085381414,-0.14029764507499023
Engabreen,2049-05-01,0.027010111637056262,-0.24408097928752692,-0.10603714415532095
Engabreen,2049-06-01,0.03853764384231042,-0.06868236062553015,-0.07194677879950487
Engabreen,2049-07-01,-0.023600265561445205,-0.02239406392763753,-0.08264596826276539
Engabreen,2049-08-01,0.021596980500652275,-0.11781965597039422,-0.07734406740800677
Engabreen,2049-09-01,0.031948242627499436,-0.08304411288833655,-0.06234903777351877
Engabreen,2049-10-01,-0.10469901542795013,0.007624718124843083,-0.0418252116230557
Engabreen,2049-11-01,-0.22204136708259523,-0.24614166217710598,-0.06099050157451561
Engabreen,2049-12-01,-0.12394531405425524,-0.24313054715924579,-0.08582943278846379
Engabreen,2050-01-01,-0.18554544235842885,0.03142298168955233,-0.16951452241212336
Engabreen,2050-02-01,-0.007449852056194676,-0.07434894826529835,-0.045863198797474136
Engabreen,2050-03-01,0.013632657884526611,-0.05439667186410335,-0.1818470326316098
Engabreen,2050-04-01,-0.30070359139678066,0.05113622634127605,-0.18652087832487893
Engabreen,2050-05-01,-0.10327578282711107,-0.13210913796917997,-0.11328612801360122
Engabreen,2050-06-01,-0.07032665482846108,-0.08050154649782904,-0.13445613691827915
Engabreen,2050-07-01,-0.04730606602403555,-0.09187412168938887,-0.09449647908758123
Engabreen,2050-08-01,-0.15915907224047468,-0.0750127621205716,-0.10790955824327131
Engabreen,2050-09-01,-0.20476145139598478,-0.14366521580872785,0.0013503721202680803
Engabreen,2050-10-01,-0.1519675977590886,-0.09934734181758231,-0.14782322346938506
Engabreen,2050-11-01,-0.17708325975921735,-0.11498667356437996,-0.016999469143963285
Engabreen,2050-12-01,0.09165737735309237,0.27082577631002797,-0.03364709790086551
Engabreen,2051-01-01,-0.08124645634399734,-0.1856458938726205,0.05301155441499137
Engabreen,2051-02-01,-0.2741390246998235,-0.23524111378088156,-0.1770215386180415
Engabreen,2051-03-01,-0.12708760773332925,0.06241541848508633,-0.24505458918829348
Engabreen,2051-04-01,-0.08162980529161354,0.0356556253229823,-0.04244901880971535
Engabreen,2051-05-01,-0.01435248188244708,0.08018809651707744,-0.13051628327961606
Engabreen,2051-06-01,-0.134684956039711,-0.1821742059933289,-0.1503158751003046
Engabreen,2051-07-01,-0.1047441497219323,-0.06494951484409203,-0.1569832945622717
Engabreen,2051-08-01,-0.03543718053257786,-0.05939549780008443,-0.06220747644535973
Engabreen,2051-09-01,0.04114531407733943,-0.006590096004754113,-0.24893112468631942
Engabreen,2051-10-01,-0.21957514724806093,-0.1897877820919723,-0.05743072593128037
Engabreen,2051-11-01,0.07634306992456032,-0.10137041814042891,0.18361018035410007
Engabreen,2051-12-01,-0.06898479212534149,-0.1921224196130823,-0.16159982099376466
Engabreen,2052-01-01,-0.20149891057067879,0.10727889731422065,-0.16481494487922796
Engabreen,2052-02-01,-0.3928489227763721,0.28778236927689355,-0.11869042592777716
Engabreen,2052-03-01,-0.010678998220892558,0.05778266348201606,-0.23212574955274193
Engabreen,2052-04-01,0.17354328118916282,-0.037353252237610955,-0.2184983903501494
Engabreen,2052-05-01,-0.12488065655003742,-0.19808505629401738,0.053685936676759194
Engabreen,2052-06-01,-0.06390605993050785,0.05516940744272355,-0.09627911914439106
Engabreen,2052-07-01,0.03345985778133772,-0.15292550968129962,-0.0968656374706744
Engabreen,2052-08-01,0.019032118621384375,0.023568530443037073,-0.0441015811590113
Engabreen,2052-09-01,-0.03314798193070708,0.015293035474833442,-0.025602776179332532
Engabreen,2052-10-01,-0.09439037815933939,-0.11029488661927082,-0.012228457341797347
Engabreen,2052-11-01,-0.02601910898777085,-0.10436459805611221,-0.11381936391131083
Engabreen,2052-12-01,0.0492180957041638,0.018159440498685137,-0.25215438092734543
Engabreen,2053-01-01,-0.0586047569067541,-0.1395255199053975,-0.2650409347091949
Engabreen,2053-02-01,-0.15140891710949447,-0.21686933833983837,0.24372444550408226
Engabreen,2053-03-01,0.049405537907527115,-0.15800288260672973,0.013892472007464693
Engabreen,2053-04-01,0.1127709375172007,-0.08712875334893992,-0.1873236025126903
Engabreen,2053-05-01,-0.0827901206060268,0.0012668744408874482,0.035700858806058666
Engabreen,2053-06-01,-0.05748533574105563,-0.13479231072690667,-0.16461440808753167
Engabreen,2053-07-01,0.023261543157111247,-0.08514241172026944,-0.10476756184630039
Engabreen,2053-08-01,-0.0215608199984675,-0.1252859782989969,-0.055921082315788795
Engabreen,2053-09-01,-0.09926334972879008,-0.01856602762029545,0.010019894477309166
Engabreen,2053-10-01,0.044746552597153634,0.003342671314666442,-0.058175432134842366
Engabreen,2053-11-01,-0.16723542666520008,0.04010952248260372,-0.14915983993647888
Engabreen,2053-12-01,-0.15050049450784753,0.0397668123339949,-0.11701671022208104
Engabreen,2054-01-01,-0.14926528849831325,-0.05305060524741301,-0.12303506046453554
Engabreen,2054-02-01,0.00609734618799973,-0.4060626862210766,-0.2509990873370446
Engabreen,2054-03-01,-0.033739322955315315,-0.05383691035690045,0.004695741978896634
Engabreen,2054-04-01,-0.16663431900356748,-0.11146478518030249,-0.1751929997279993
Engabreen,2054-05-01,-0.18294649146440856,-0.10153480477624421,-0.11933815447588968
Engabreen,2054-06-01,-0.13785693635950166,-0.1747652474735483,-0.11683986954219046
Engabreen,2054-07-01,-0.10262595853798277,-0.049070147099079586,-0.1274455538708088
Engabreen,2054-08-01,-0.06617429682486994,-0.08101680199019945,-0.03597113115272132
Engabreen,2054-09-01,-0.03260683763918848,-0.07337423638517557,-0.045366933464241956
Engabreen,2054-10-01,0.07255887846371988,-0.0458628066593581,-0.09659687967144508
Engabreen,2054-11-01,-0.08863840393249735,0.04319848572069007,-0.18691346250977717
Engabreen,2054-12-01,0.04211088764392251,-0.06649367098366453,-0.2539854195318136
Engabreen,2055-01-01,0.09997657534573719,0.055179342819398326,0.0705723579362204
Engabreen,2055-02-01,0.14430503050161073,0.10059582845311192,0.014857096264116076
Engabreen,2055-03-01,-0.19314761796095148,-0.0026100592597115835,-0.13579564801183217
Engabreen,2055-04-01,-0.05029492861698958,-0.17662903264416255,-0.26918862194538606
Engabreen,2055-05-01,-0.13166846154616782,-0.17287628702437288,-0.1590173358840826
Engabreen,2055-06-01,0.04481732796168449,-0.07109552553027654,-0.1421243245183982
Engabreen,2055-07-01,-0.019544636169088064,-0.0751547659026962,-0.12728555059307886
Engabreen,2055-08-01,-0.19667656023982483,-0.041003564658977955,-0.06231050658716742
Engabreen,2055-09-01,-0.15631215851052774,0.058902070588301325,-0.028108031843794356
Engabreen,2055-10-01,-0.18747911956725508,-0.038479703545219325,-0.28521283561841987
Engabreen,2055-11-01,-0.02934805746038439,0.09569715668063523,0.032397148023632694
Engabreen,2055-12-01,-0.06479042555992746,-0.03518684681798401,-0.1999422756864723
Engabreen,2056-01-01,-0.16107960249357586,-0.22358053184360413,0.1504711424990786
Engabreen,2056-02-01,0.023457704749617763,-0.21433883396862996,-0.327299074028558
Engabreen,2056-03-01,-0.20617871097439025,-0.21511512946313394,-0.10864365716409968
Engabreen,2056-04-01,-0.20466765006247997,-0.1121990568531332,-0.09784059362221835
Engabreen,2056-05-01,-0.1351228191728035,0.024385556435977767,-0.11859227000191024
Engabreen,2056-06-01,-0.03214788348840537,-0.07929530779608414,-0.07417857329496046
Engabreen,2056-07-01,-0.044790054156512125,0.01787269344384194,-0.041496328077518144
Engabreen,2056-08-01,-0.03519258086540935,-0.22118310265103905,-0.060828970988857846
Engabreen,2056-09-01,-0.10958602727703588,-0.058205538632068586,-0.09879888787742531
Engabreen,2056-10-01,-0.019607562500184222,0.04513425339721031,-0.08467826128232721
Engabreen,2056-11-01,-0.07514159005805024,0.02228715275886592,-0.1244855718382452
Engabreen,2056-12-01,-0.13997887330595185,0.014239687959222277,-0.11560824296671335
Engabreen,2057-01-01,-0.1533957929599615,-0.010417510274752184,-0.13783280073394433
Engabreen,2057-02-01,-0.13224283543800375,-0.04104590127612918,0.0592246027096795
Engabreen,2057-03-01,-0.22614530469531258,-0.2284035181977977,-0.1060898760035552
Engabreen,2057-04-01,-0.10453205328354111,-0.035439015804441885,-0.18295721401199436
Engabreen,2057-05-01,-0.13618273715888676,-0.10844519945707838,-0.09223355230015466
Engabreen,2057-06-01,-0.056046256408723266,-0.027944215427569436,-0.13731456657412863
Engabreen,2057-07-01,-0.1766322550447316,-0.08946078114949531,-0.04776292748686486
Engabreen,2057-08-01,-0.13120068850932237,-0.102630772102616,-0.12011200830633818
Engabreen,2057-09-01,-0.008296954234892897,-0.03210464974964452,-0.15854865347960476
Engabreen,2057-10-01,-0.013590373326989267,-0.046331647295405474,-0.07598767084991691
Engabreen,2057-11-01,-0.12756722817439262,-0.07933259936767185,0.18065613064220928
Engabreen,2057-12-01,-0.19012841221478238,-0.09755353133671636,-0.043164821360186956
Engabreen,2058-01-01,0.03216747939477205,-0.11654114669041309,-0.3105597603688527
Engabreen,2058-02-01,-0.37080153856876263,-0.18500335028489623,-0.34657676035094526
Engabreen,2058-03-01,-0.23282373801285752,-0.09050217219173518,-0.08945691512089772
Engabreen,2058-04-01,-0.11910302707692834,-0.15754177940327652,-0.192000889574882
Engabreen,2058-05-01,0.0003441459995395524,-0.05596854505920882,-0.12938347942881798
Engabreen,2058-06-01,-0.09378291470541668,0.05947862996423383,-0.11366119258504959
Engabreen,2058-07-01,-0.038834255048854974,-0.15339424131893356,-0.14970703991521409
Engabreen,2058-08-01,-0.04236290705080756,-0.02033206746694118,-0.04877488743727276
Engabreen,2058-09-01,-0.21528444645387887,-0.07461816223460103,-0.15037184800577993
Engabreen,2058-10-01,-0.06383241024924406,0.09989881813250708,-0.026895538273330983
Engabreen,2058-11-01,-0.19160979701727054,-0.10300025754354003,0.04994888537062021
Engabreen,2058-12-01,-0.17048877531558673,-0.07536075742500194,-0.14216415055666742
Engabreen,2059-01-01,-0.14325304996678032,-0.04857587208930229,0.08965381976755403
Engabreen,2059-02-01,-0.2059089334602431,-0.1199719772692136,-0.07651344674037211
Engabreen,2059-03-01,-0.1857154903389929,-0.15138363556383236,-0.13873687801270598
Engabreen,2059-04-01,-0.03397038926958507,-0.01556164982426402,-0.1288860010766915
Engabreen,2059-05-01,-0.040357997096946326,0.05899529298082479,-0.0531896658154121
Engabreen,2059-06-01,-0.04712089275028419,-0.12158092854156895,-0.12657253826797824
Engabreen,2059-07-01,-0.09308911550360764,-0.06460271145992284,-0.09418324202741758
Engabreen,2059-08-01,-0.038272435816308764,-0.1437271822989621,-0.1533482833073506
Engabreen,2059-09-01,-0.017536097255890337,-0.21995360535707142,-0.08511885073170054
Engabreen,2059-10-01,-0.16382078991223772,-0.08580416436260781,0.04668551315207503
Engabreen,2059-11-01,-0.13280671045608078,-0.16702624836323268,-0.16759036475540676
Engabreen,2059-12-01,-0.08506167381339151,-0.368963320738022,-0.058663735106466885
Engabreen,2060-01-01,0.07631337563582292,-0.18990777863758448,-0.20563375901469047
Engabreen,2060-02-01,0.04009789688337895,-0.0071934291906142105,-0.10970481379538699
Engabreen,2060-03-01,-0.11096027670904342,-0.2388894230358174,-0.15367500585142063
Engabreen,2060-04-01,-0.20400543353720102,-0.13684878620462204,-0.07274981388310355
Engabreen,2060-05-01,-0.17159734359288703,-0.004235823614199746,-0.10179449650328322
Engabreen,2060-06-01,-0.08752069355670639,-0.08879688231314346,-0.078899410991275
Engabreen,2060-07-01,-0.12566280920137907,-0.1310388800153249,-0.05121835708998432
Engabreen,2060-08-01,0.017916121672482948,-0.030320154422677565,-0.10004133497211687
Engabreen,2060-09-01,-0.14983401314914632,-0.048116172033750106,-0.07046526704656549
Engabreen,2060-10-01,0.05378005373472184,-0.011854903052255894,0.023522819352930147
Engabreen,2060-11-01,-0.2609247005912414,-0.08611846204479018,-0.018486062772525097
Engabreen,2060-12-01,-0.08122296514719392,-0.14852847911103143,-0.12318094907893122
Engabreen,2061-01-01,-0.3133956267172607,0.09443953407953452,-0.20329510595306619
Engabreen,2061-02-01,0.054959948917606326,-0.21248206470132636,-0.11695419412698276
Engabreen,2061-03-01,-0.19891051314276464,-0.15156279903226222,-0.09753543673993177
Engabreen,2061-04-01,-0.15901305396396062,-0.20401499185258196,-0.08485516071073988
Engabreen,2061-05-01,-0.17184508976866938,-0.08731589054257223,-0.02509310979692525
Engabreen,2061-06-01,-0.05837258289623406,-0.108743902724742,-0.10901804134097637
Engabreen,2061-07-01,-0.02316040578352882,-0.029054261032788336,-0.0505594127230059
Engabreen,2061-08-01,-0.10310085155530348,-0.1383344814915092,0.13690784971313116
Engabreen,2061-09-01,-0.037055409322196,-0.10084901192634314,-0.07066774533442695
Engabreen,2061-10-01,-0.06681799747605269,0.013038259472216207,-0.2747304077697738
Engabreen,2061-11-01,-0.11888459925829496,-0.13259250189987626,-0.1187050130735961
Engabreen,2061-12-01,-0.1729950628576651,-0.20909896013466112,-0.14698017324090693
Engabreen,2062-01-01,0.029994082283625545,-0.31163358177187067,-0.09910645387999044
Engabreen,2062-02-01,-0.043816099114496077,-0.17921183840500424,0.18899708895185396
Engabreen,2062-03-01,-0.01078609410226164,-0.08666746411861169,-0.08481621162790527
Engabreen,2062-04-01,-0.046699490210201,-0.0238022379450621,0.046553195936621994
Engabreen,2062-05-01,-0.05418833446692265,-0.0717823019935631,0.01708177882549272
Engabreen,2062-06-01,-0.03899229435219913,-0.053169832163792154,-0.10830993024890816
Engabreen,2062-07-01,0.027420812230628883,-0.05721648442079297,-0.08410880955970883
Engabreen,2062-08-01,-0.0506757677955228,-0.09345357615469112,-0.09449893713006641
Engabreen,2062-09-01,-0.013934609582124113,-0.1660738863689221,0.011942715904899592
Engabreen,2062-10-01,-0.1972251213263603,0.09694282625429641,-0.1414891817254493
Engabreen,2062-11-01,-0.14452986462790643,-0.030945142055176917,-0.16364594418979575
Engabreen,2062-12-01,-0.13617781444063579,-0.07097562636578364,-0.045679294367368034
Engabreen,2063-01-01,0.03260903585914704,0.011400647127177699,-0.21457061894196341
Engabreen,2063-02-01,-0.032969191376572594,0.008699805564993482,-0.23037684032376968
Engabreen,2063-03-01,-0.08006315879240693,0.020661264211821167,0.12670736292818044
Engabreen,2063-04-01,-0.02623198696286902,-0.041088640174200906,0.019730018903213808
Engabreen,2063-05-01,-0.050990812532285094,-0.03169524131969433,-0.04444296791251101
Engabreen,2063-06-01,-0.05742142832868899,-0.137767263892514,-0.07601890937983384
Engabreen,2063-07-01,-0.1107513671664782,-0.10881463271453096,-0.1490105737956249
Engabreen,2063-08-01,-0.040136323781288154,-0.1561021078257588,-0.1174602436533414
Engabreen,2063-09-01,-0.12105293774538493,-0.03679704002718065,-0.07165705276495297
Engabreen,2063-10-01,-0.09368422578699305,-0.08370429295599045,-0.2720010432321025
Engabreen,2063-11-01,-0.08729442009670212,-0.12016477294363277,-0.06832536323433912
Engabreen,2063-12-01,-0.09055034461076501,-0.2559075414829168,-0.26938850885261506
Engabreen,2064-01-01,0.015030402557204883,-0.02806338254825595,-0.1613786376192842
Engabreen,2064-02-01,-0.07721728082827922,-0.1880836383995923,-0.2482340363673281
Engabreen,2064-03-01,-0.07116349839370074,0.01752887600040833,0.02440410750631387
Engabreen,2064-04-01,-0.0004344853973576775,-0.07469729962302929,-0.007450414769474112
Engabreen,2064-05-01,-0.11671362794068896,0.05679840345068728,-0.122970723930106
Engabreen,2064-06-01,-0.1853777203717449,-0.003565750412202353,-0.06397946865081135
Engabreen,2064-07-01,-0.10603463363778387,-0.14089257956375337,-0.07511555517467626
Engabreen,2064-08-01,-0.04385918078222643,-0.059443361453946846,-0.08646252333766646
Engabreen,2064-09-01,0.04474493428828161,-0.3199657704171666,-0.12993179460498896
Engabreen,2064-10-01,-0.21396912316487918,-0.0291496185767517,-0.05922046919078689
Engabreen,2064-11-01,-0.2013904871940019,-0.0623514639035757,-0.11977197808931017
Engabreen,2064-12-01,-0.2974275625594873,0.09122150202919062,-0.1669454684285323
Engabreen,2065-01-01,-0.09177551996499433,0.08571605588844067,-0.20527182940723088
Engabreen,2065-02-01,-0.08349173008443277,0.0036883956144232546,-0.2781491195840345
Engabreen,2065-03-01,0.05217009177169063,-0.2666048777022938,0.12479602637740106
Engabreen,2065-04-01,-0.004081826720419235,-0.2316981823022893,-0.07851345442803181
Engabreen,2065-05-01,-0.0025107525589755744,-0.05088225790856769,0.000788511253751123
Engabreen,2065-06-01,-0.11152716286225463,-0.02643402698493294,-0.038965272562934306
Engabreen,2065-07-01,-0.07818990871538105,-0.1108803904965604,0.048864148349879066
Engabreen,2065-08-01,-0.11232066421740432,-0.07818855838217696,-0.0557516993577253
Engabreen,2065-09-01,-0.05166866331009908,-0.2475185593750441,-0.10102160598874886
Engabreen,2065-10-01,-0.035543490334138395,-0.050334594076285856,0.004227325333296302
Engabreen,2065-11-01,-0.27264271114507826,-0.1892406853924995,0.11915576288166208
Engabreen,2065-12-01,-0.09785271836214186,-0.07409523449336981,-0.13694515676747102
Engabreen,2066-01-01,-0.2546448373393318,-0.17547248162132786,-0.019981171617984777
Engabreen,2066-02-01,-0.06969304274331088,-0.3080762415042395,-0.08025550592888725
Engabreen,2066-03-01,-0.17095252737027392,-0.01305703676890313,-0.18334169493995378
Engabreen,2066-04-01,-0.03804058139536764,-0.14705086453598323,-0.13781281480643573
Engabreen,2066-05-01,-0.1565888404905602,-0.03231246641838665,-0.030533857575295503
Engabreen,2066-06-01,-0.06080680665948141,-0.070431279526646,-0.0012231898494065863
Engabreen,2066-07-01,-0.14449836576164465,-0.06295283882488178,0.019305860755582476
Engabreen,2066-08-01,-0.0958389111519438,-0.12751580628327644,-0.06178889790343157
Engabreen,2066-09-01,-0.07961223348886497,-0.03017872660758451,-0.08952482312818887
Engabreen,2066-10-01,-0.059824283784007004,-0.07311897065957947,0.10739317452153246
Engabreen,2066-11-01,-0.09895929342312769,-0.06022034447384189,-0.23229178250833235
Engabreen,2066-12-01,-0.1333835646713487,-0.10892413140445484,-0.0343534339625162
Engabreen,2067-01-01,0.05036090145214195,-0.03339549512347625,-0.08513271980454484
Engabreen,2067-02-01,-0.015799239553151222,-0.02172916498965081,-0.10021199731397856
Engabreen,2067-03-01,0.08301744956733281,-0.056711934767108375,0.006857748328945738
Engabreen,2067-04-01,-0.05640096152476804,-0.12758329680656724,-0.16640977751174868
Engabreen,2067-05-01,-0.07744992914341992,-0.16496459492632054,-0.05347814834411014
Engabreen,2067-06-01,-0.16027885903722752,-0.04734999997111344,-0.0697629998600484
Engabreen,2067-07-01,-0.09413857354110393,-0.038906406058581255,-0.026415203166856933
Engabreen,2067-08-01,-0.011331010206765421,0.005917499729129712,-0.05667230743618588
Engabreen,2067-09-01,-0.16792361802018,-0.061893675620170556,0.10147584031757269
Engabreen,2067-10-01,-0.14497600826730608,0.1237097253583645,-0.019792329905700946
Engabreen,2067-11-01,-0.05211910576449363,-0.17386256632475752,-0.12107354171874707
Engabreen,2067-12-01,-0.2474054757213365,-0.16551796475824412,0.22652399794066644
Engabreen,2068-01-01,-0.08590749145387411,-0.05265500554861102,0.0541513491733687
Engabreen,2068-02-01,-0.15374668661232566,0.05371030897196142,-0.07838030932780733
Engabreen,2068-03-01,-0.20324485909782927,-0.04762472498144695,0.028652188337728913
Engabreen,2068-04-01,-0.1473745193864108,-0.12372420088411258,0.06390707504869438
Engabreen,2068-05-01,-0.1365536195484167,-0.1304506235854069,-0.038660277462311037
Engabreen,2068-06-01,-0.0007032273926576479,-0.028831116972997072,-0.08681151211663195
Engabreen,2068-07-01,-0.02861251967928229,-0.0654743069804592,-0.17328418265384685
Engabreen,2068-08-01,-0.11324573730160974,-0.053329473789415216,-0.05024999982440024
Engabreen,2068-09-01,-0.07200287486054992,-0.1255772522805844,-0.11156934400250551
Engabreen,2068-10-01,-0.06972701782143069,0.11958603851203586,-0.11557850620574112
Engabreen,2068-11-01,-0.11433916672441406,-0.041021003119931725,-0.24946471255643923
Engabreen,2068-12-01,0.025036204553141723,-0.06319777394052052,-0.06886577235341022
Engabreen,2069-01-01,0.0852831073002344,-0.03871088462394518,0.074188845287556
Engabreen,2069-02-01,0.18799263516982703,-0.24336714759468892,0.20725602202222773
Engabreen,2069-03-01,-0.22546592420578515,0.05444899956156568,0.13198655057957762
Engabreen,2069-04-01,-0.15106113329747786,-0.05651401645805817,-0.22180052642220657
Engabreen,2069-05-01,-0.1228263103883881,-0.1250887278755656,-0.07051084854285378
Engabreen,2069-06-01,-0.029510144729928755,-0.06622179036302893,-0.12730912953516016
Engabreen,2069-07-01,-0.08686443040957764,-0.08162272349585599,-0.040877872365158344
Engabreen,2069-08-01,-0.018900935069655418,-0.05553068252958273,-0.021615149071984908
Engabreen,2069-09-01,-0.06372609250534116,-0.30236522886800954,-0.11731101691706931
Engabreen,2069-10-01,0.06146563470925592,-0.13371138893867632,-0.06304427235407206
Engabreen,2069-11-01,0.005330381575624543,-0.0795257377543298,-0.14612334304447683
Engabreen,2069-12-01,0.05506977169732036,0.01709853591271915,-0.15709136693052803
Engabreen,2070-01-01,-0.2787741998475192,-0.2367006925658365,-0.1461461359110261
Engabreen,2070-02-01,0.0777536327023249,-0.18960916256357374,-0.24087081372369915
Engabreen,2070-03-01,-0.21517557791106387,0.17400721802099453,0.0028725268642391666
Engabreen,2070-04-01,-0.07811553611872173,-0.1875201063701016,-0.06424109653155391
Engabreen,2070-05-01,-0.024257717218724068,-0.1028524963708075,-0.12590930832039549
Engabreen,2070-06-01,-0.1451125015216295,-0.20693135067965954,-0.021450580794355228
Engabreen,2070-07-01,-0.09602418088977366,-0.1393461870128487,-0.0541586309901067
Engabreen,2070-08-01,-0.009427068392910362,-0.03222703270504768,-0.1425456512623813
Engabreen,2070-09-01,-0.2368166035023885,-0.07927184888502364,-0.052817164873691556
Engabreen,2070-10-01,-0.23281491343476454,-0.1981446477873946,0.06879466488592283
Engabreen,2070-11-01,-0.10191980961372095,-0.1407555640987734,-0.002958766203334693
Engabreen,2070-12-01,-0.1415990572801761,-0.0662902709770181,-0.0786304756906393
Engabreen,2071-01-01,-0.2734378654794455,-0.14325227811260494,0.14001216928875118
Engabreen,2071-02-01,-0.07094078349562395,-0.03851270822990469,-0.1447374023718116
Engabreen,2071-03-01,0.08894587643376221,-0.22606769190772305,-0.2138506622528541
Engabreen,2071-04-01,-0.07621985480449786,-0.14326384171726356,0.07204219173168752
Engabreen,2071-05-01,-0.1605682864628142,-0.09738594765107245,-0.05930913472354809
Engabreen,2071-06-01,-0.13258511474740256,-0.11051704447566606,-0.14430950271824278
Engabreen,2071-07-01,-0.1535127965257029,-0.07801707939674647,-0.08118197634872716
Engabreen,2071-08-01,-0.04410284193601973,-0.1771592573033637,0.020708688570319933
Engabreen,2071-09-01,0.056139202306756376,-0.22322303996747017,0.11884180861514353
Engabreen,2071-10-01,-0.2841203392763689,-0.13221455660297676,-0.09432142279229698
Engabreen,2071-11-01,-0.08608080089254948,-0.025023992173451342,-0.006770419571369331
Engabreen,2071-12-01,0.013186798363131155,-0.2201111211300474,-0.13054883555471505
Engabreen,2072-01-01,0.0247963358425272,-0.19433947889049877,-0.20331722097174976
Engabreen,2072-02-01,0.05938568220592403,0.11653950848846727,-0.3471972201624613
Engabreen,2072-03-01,0.033663953571873524,-0.14133900272116998,-0.18709464354050362
Engabreen,2072-04-01,-0.1742880333737262,-0.17307163563823136,-0.11616432391902248
Engabreen,2072-05-01,-0.11649531503647899,-0.07666674297371391,0.05407778304295274
Engabreen,2072-06-01,-0.0254169467158064,-0.1416132961546514,-0.037835856779937414
Engabreen,2072-07-01,0.04575077466679631,0.03786906588110168,-0.07789902360237176
Engabreen,2072-08-01,-0.05063051816827455,0.04063931796421644,-0.011850113731354056
Engabreen,2072-09-01,-0.1272122115493631,0.04567402341597419,0.2342748171509473
Engabreen,2072-10-01,-0.057283262853283244,-0.12871702726190623,-0.1929787024088859
Engabreen,2072-11-01,-0.09223009068269945,-0.2225983989859038,-0.007013845951707703
Engabreen,2072-12-01,-0.011609700485100368,-0.19282310027658126,0.24140473009885868
Engabreen,2073-01-01,-0.13811981775461382,-0.27423121224205876,-0.15766655786578698
Engabreen,2073-02-01,0.0806382499928934,-0.1559119829651583,-0.12682098619308915
Engabreen,2073-03-01,-0.16644302032367464,-0.07677387329050966,-0.26894535849750906
Engabreen,2073-04-01,0.11106136807144502,-0.05591073333611215,-0.17033543032369836
Engabreen,2073-05-01,-0.06714534623088715,-0.16267028688963694,-0.10324516862584561
Engabreen,2073-06-01,-0.05648601023119718,-0.0973832397416845,-0.08135766138674433
Engabreen,2073-07-01,-0.13044017203641697,0.0010517155584240472,-0.03182538348517583
Engabreen,2073-08-01,-0.08026267233646733,-0.07699902367273685,-0.17673708105035524
Engabreen,2073-09-01,-0.0180465457300923,-0.13323340974368167,-0.006188797155005588
Engabreen,2073-10-01,0.040455399124813295,-0.14150774587702694,0.050001379195117324
Engabreen,2073-11-01,0.04976419280151667,-0.14206468715706708,-0.06699861371169116
Engabreen,2073-12-01,-0.052478982157499854,0.0004969127318430652,-0.06275488625518372
Engabreen,2074-01-01,-0.14834946011343714,0.005106545720791139,-0.07051140452151024
Engabreen,2074-02-01,-0.11159363357895878,-0.023074454636181945,0.014050382232942063
Engabreen,2074-03-01,-0.10481275850600565,-0.03578655667127645,-0.0032410334894465895
Engabreen,2074-04-01,-0.038952356545784626,0.0038605016299158856,-0.015732426860496918
Engabreen,2074-05-01,-0.07847282820478844,-0.031183022677389427,-0.14965808261653518
Engabreen,2074-06-01,-0.13395129416018237,-0.18937711922361763,-0.05606591968857793
Engabreen,2074-07-01,-0.0763769431480483,-0.0377319049706928,-0.0632776362894489
Engabreen,2074-08-01,-0.10065757937180975,-0.1499272505905965,-0.012440289340335225
Engabreen,2074-09-01,0.008754904799091606,-0.035077931554707474,0.0020921282160859533
Engabreen,2074-10-01,0.0957634126233841,-0.15110861265598266,0.10380125573548826
Engabreen,2074-11-01,-0.11028198782130187,-0.2964231676108447,0.11253027796036037
Engabreen,2074-12-01,0.03517771770677527,-0.24692297768914515,-0.10620715837215318
Engabreen,2075-01-01,-0.1389679279958334,0.05449172972796684,0.08065034963005706
Engabreen,2075-02-01,-0.07634874047906418,0.09324903865712421,-0.1903134603938095
Engabreen,2075-03-01,-0.1582717351825805,-0.22781138751783359,0.0530894209246072
Engabreen,2075-04-01,-0.13793970752987594,-0.1017751836377861,-0.06052655360427984
Engabreen,2075-05-01,-0.13138542710154436,-0.11667142106783528,0.025199346376313797
Engabreen,2075-06-01,-0.03366651013469916,-0.09937718146969197,-0.16691338581353074
Engabreen,2075-07-01,-0.07643674648253065,-0.005608984605656157,-0.1105708232289692
Engabreen,2075-08-01,-0.1503267373181391,0.01835109424427465,-0.11502941879597724
Engabreen,2075-09-01,0.008085436197852078,0.03064311146435426,-0.07523146969238363
Engabreen,2075-10-01,-0.07939323156341527,-0.1380639065920041,-0.18356514606170268
Engabreen,2075-11-01,-0.19431712108677668,-0.026087710755853772,-0.3332803313656258
Engabreen,2075-12-01,0.08105762724657868,-0.03419656078010352,-0.06915240615712671
Engabreen,2076-01-01,-0.12421200853039756,0.1832875387108955,-0.27260934358950845
Engabreen,2076-02-01,-0.1880515479697735,0.10184292012084188,-0.013055063388918995
Engabreen,2076-03-01,-0.21271654396882253,-0.24356765543027867,-0.22642136546756797
Engabreen,2076-04-01,-0.032397069575727126,-0.14105032992085612,-0.03701887803584711
Engabreen,2076-05-01,-0.172323547225969,-0.1604088031323962,0.03138640388908256
Engabreen,2076-06-01,-0.05834095019215937,-0.12274369612008341,0.002156155270509071
Engabreen,2076-07-01,-0.08780245760845062,-0.07693764743246725,-0.061470982251185545
Engabreen,2076-08-01,-0.15579606968925638,-0.05427297554273939,-0.019910656092044
Engabreen,2076-09-01,-0.08925292949761689,-0.17088405965724376,-0.09475730870331657
Engabreen,2076-10-01,-0.16540985371586223,0.06165152781248903,-0.14436715202898032
Engabreen,2076-11-01,-0.10820796619610262,-0.058886479137977475,-0.11489417436011294
Engabreen,2076-12-01,-0.12404698167267998,-0.05288249429102413,-0.1015357896873535
Engabreen,2077-01-01,-0.0859526499435888,-0.20734841064963336,0.039044526743429085
Engabreen,2077-02-01,-0.028217180207575066,0.18916318299997462,0.05077266616500701
Engabreen,2077-03-01,-0.09022055455476756,-0.20651270733604088,0.05356231085170132
Engabreen,2077-04-01,-0.10766144556976665,0.01144145959231932,-0.05543586015635966
Engabreen,2077-05-01,0.001331234634317437,-0.030152036892859686,-0.15244100961787266
Engabreen,2077-06-01,-0.09437110249909812,-0.08726740672152992,-0.044595947148863446
Engabreen,2077-07-01,-0.12049585284393556,-0.11464279154671564,-0.001833677255701253
Engabreen,2077-08-01,-0.1412822148072041,-0.048390304148037085,-0.16714278982785444
Engabreen,2077-09-01,-0.07334854344186963,-0.19639395882273433,-0.12909003097072458
Engabreen,2077-10-01,-0.025341610761246514,0.08335748847747561,0.17604455573872313
Engabreen,2077-11-01,0.11456093793309373,0.0001564408228899398,-0.01110119193656268
Engabreen,2077-12-01,-0.2205805597493453,-0.21542716714184532,-0.2540258609483255
Engabreen,2078-01-01,-0.10808750459034673,-0.08287428892312117,0.21069630467874245
Engabreen,2078-02-01,-0.12693442274380612,-0.3445994535924397,0.17418149169497188
Engabreen,2078-03-01,-0.0913818276539206,-0.2009344459057533,-0.010400428269339753
Engabreen,2078-04-01,-0.1556151360237545,-0.005361746189555298,-0.03283377385098907
Engabreen,2078-05-01,-0.07509544591988254,-0.028136021872282747,-0.17884871600351362
Engabreen,2078-06-01,-0.10676426489750858,-0.0822287521213492,-0.1363664742785873
Engabreen,2078-07-01,-0.09443322084447693,-0.2319123907700039,0.01192438487509051
Engabreen,2078-08-01,0.05019048381648156,-0.06764600421929039,-0.066225742636979
Engabreen,2078-09-01,0.0072609595801111,0.05058134503362299,0.07002798491362928
Engabreen,2078-10-01,0.0023324855194546876,0.21874676736980847,0.021036437792121165
Engabreen,2078-11-01,-0.028441503777735282,0.07360387297402307,0.004950703825344756
Engabreen,2078-12-01,-0.012332705636237626,-0.2235641365501239,-0.02312842078134113
Engabreen,2079-01-01,-0.16455433831732794,-0.025651908033520177,0.10677389951088728
Engabreen,2079-02-01,0.0202687995353672,0.012846977115949454,-0.13884260107977875
Engabreen,2079-03-01,0.053291556760054454,-0.034644443937751616,-0.0683005015623505
Engabreen,2079-04-01,0.005280157997500867,0.03540685235926857,-0.10141327977107077
Engabreen,2079-05-01,-0.09382123924262571,-0.043225462212176734,-0.09890297032029423
Engabreen,2079-06-01,-0.06491933698728143,-0.168088420418979,-0.06343739108235717
Engabreen,2079-07-01,-0.0034924603295637215,-0.0784650931653685,-0.07193149125997131
Engabreen,2079-08-01,-0.1294588878997618,-0.06091893961939567,-0.10664664145350959
Engabreen,2079-09-01,-0.0033707794379158884,-0.004932671000986498,0.016456501648864308
Engabreen,2079-10-01,-0.07006900531986011,-0.13179218460556516,-0.252784348950522
Engabreen,2079-11-01,-0.05249992303142451,0.17730998023302758,-0.2124661363713217
Engabreen,2079-12-01,-0.06402683501341276,-0.02745371418002075,-0.10555683962848854
Engabreen,2080-01-01,-0.1964967372262265,-0.1737435797212359,0.16697876482213983
Engabreen,2080-02-01,0.10072564806762918,-0.21644205015175313,0.12325855125421388
Engabreen,2080-03-01,0.08681845142568395,-0.10221638904746366,0.03703082962574406
Engabreen,2080-04-01,-0.13111558288944097,-0.031718810275824245,-0.10149631365498048
Engabreen,2080-05-01,-0.033833697115852046,0.10316143950697694,-0.05253342157229546
Engabreen,2080-06-01,-0.09244566163254031,-0.1386857073160557,-0.028615180822495312
Engabreen,2080-07-01,0.012696847471253056,-0.08692413536786547,-0.12085402595787909
Engabreen,2080-08-01,-0.001237768436547206,-0.1761116345035116,-0.016598624161880144
Engabreen,2080-09-01,0.08450970965863903,-0.11815013249364291,-0.08040516887114404
Engabreen,2080-10-01,-0.05614248506048919,-0.18149838000689536,0.09880049401022549
Engabreen,2080-11-01,0.025770035083471615,-0.2181786332409009,-0.034154842426522135
Engabreen,2080-12-01,-0.04359745400319209,-0.00661383073572618,-0.07887853276197633
Engabreen,2081-01-01,0.05652402592050083,-0.03718201381342793,0.061284272868325475
Engabreen,2081-02-01,-0.25839883316694806,-0.15592110167878387,0.016506392368948353
Engabreen,2081-03-01,0.08163934830037527,-0.1249140911733435,0.07108729731281
Engabreen,2081-04-01,-0.1376441427110702,-0.12144882299027641,-0.04835471774725456
Engabreen,2081-05-01,0.10168936648843085,-0.07796917200317995,-0.11217962088835355
Engabreen,2081-06-01,-0.059086395805130344,-0.02707505460948696,-0.03198430516591083
Engabreen,2081-07-01,-0.104494636614279,-0.05518835396094529,-0.06980937262630585
Engabreen,2081-08-01,-0.12428022646113213,-0.04467639605491885,-0.04559894350050898
Engabreen,2081-09-01,0.008083754462919443,-0.12806535724472815,-0.1421905695254623
Engabreen,2081-10-01,-0.04818620338707735,-0.14786492090923353,-0.1195434536124373
Engabreen,2081-11-01,-0.10458085549969014,-0.09221684964738504,0.1574266605990533
Engabreen,2081-12-01,-0.17520199477029852,0.13111798469870847,0.032582435045342896
Engabreen,2082-01-01,-0.2056010180108475,-0.12563452280725623,-0.0799845816891375
Engabreen,2082-02-01,0.10050660111488452,0.1673396680826169,-0.43784823475738294
Engabreen,2082-03-01,-0.043831712200234664,-0.17937666986571976,0.0018423892809481073
Engabreen,2082-04-01,-0.03185666412866655,0.07548625146717489,-0.01720224294198494
Engabreen,2082-05-01,-0.103708842137242,-0.15460099807459454,-0.1283183762494814
Engabreen,2082-06-01,-0.020221084405895696,-0.09164678564081663,-0.07332323582351104
Engabreen,2082-07-01,-0.10906094802142845,-0.007657877921655111,-0.0025011232057014776
Engabreen,2082-08-01,-0.18307742893419474,-0.07931324347059139,-0.052529105750328486
Engabreen,2082-09-01,-0.14902967044382054,-0.06941823284003003,-0.17395561416322206
Engabreen,2082-10-01,-0.11190647327909359,-0.15453449511074768,-0.09066310865738114
Engabreen,2082-11-01,-0.09297001138623738,-0.11910990194026187,0.02532657457528384
Engabreen,2082-12-01,0.06428774168798032,-0.23973697798747598,-0.0038923899166680618
Engabreen,2083-01-01,0.15060077159413635,-0.08315433360059377,0.014568285806373685
Engabreen,2083-02-01,-0.11617270943938951,0.10096616661302264,-0.19303185773829057
Engabreen,2083-03-01,0.136801195370114,-0.1638739593789223,-0.12560499719872034
Engabreen,2083-04-01,-0.05425021781580108,-0.1258896460241161,-0.029008645738345107
Engabreen,2083-05-01,-0.06877595738751358,-0.02587979585279414,-0.05696050193718027
Engabreen,2083-06-01,-0.03159840384842511,-0.05435062515769037,-0.009447900901395403
Engabreen,2083-07-01,-0.029227212975583134,-0.03913780970640967,-0.03318966995457443
Engabreen,2083-08-01,0.0558265703360267,-0.10202924959309738,0.08728402638211326
Engabreen,2083-09-01,-0.06457157471890647,-0.245164756665783,0.0010787086516844031
Engabreen,2083-10-01,-0.1632566359015167,0.054936410910365295,-0.1559570842130985
Engabreen,2083-11-01,-0.22661656082482307,-0.15442372331091825,-0.01070658452048262
Engabreen,2083-12-01,-0.08770385619250348,-0.053052163562402964,0.021629303603040922
Engabreen,2084-01-01,-0.11452423507625992,0.05784476763491669,-0.09325520245179368
Engabreen,2084-02-01,-0.25614277434916016,0.03662497661814865,-0.049778279414304794
Engabreen,2084-03-01,-0.16354741604740794,0.1411411312106652,-0.16626229237738485
Engabreen,2084-04-01,0.030466078168933652,-0.09895787952426445,0.06680269564639445
Engabreen,2084-05-01,0.011115379288326696,-0.04880505606299879,-0.039506293992137
Engabreen,2084-06-01,-0.10066982508920423,-0.10235820600933349,-0.1039659109385012
Engabreen,2084-07-01,-0.15039153531232602,0.009828038189485947,-0.09543185794965908
Engabreen,2084-08-01,-0.1372668003458595,0.07587296318361773,-0.11069764097468204
Engabreen,2084-09-01,-0.17688901507593005,-0.0983324285453201,0.09790718648111285
Engabreen,2084-10-01,-0.18037282946901004,-0.036034600045029536,0.023557041796322776
Engabreen,2084-11-01,-0.006059199521949184,-0.04926300706850221,0.1325085907558561
Engabreen,2084-12-01,-0.04380759350821819,-0.07221107192140212,-0.050789071283215505
Engabreen,2085-01-01,-0.04687601947948002,-0.04972103771339686,0.013228730660538876
Engabreen,2085-02-01,-0.08740201025196946,-0.11716812118760644,-0.07136875260485696
Engabreen,2085-03-01,-0.3942574064736177,-0.23720015983966491,-0.08615260748194503
Engabreen,2085-04-01,-0.21440355728502217,-0.09710916628308781,0.005679825009341981
Engabreen,2085-05-01,-0.014075222253015487,-0.1094983906382696,0.006540207868201818
Engabreen,2085-06-01,-0.21691688698484146,-0.03588098071604725,-0.04856449758074007
Engabreen,2085-07-01,-0.1414333944251506,-0.13954556214623273,-0.07056229770740126
Engabreen,2085-08-01,-0.08767111763810165,-0.04315681570052828,-0.03734990277254217
Engabreen,2085-09-01,0.00798867962102536,-0.15981963712217415,-0.04962889108953872
Engabreen,2085-10-01,-0.009438906820124085,-0.15554661487546764,-0.06339874999962684
Engabreen,2085-11-01,-0.11375577037378964,-0.04541178234137133,0.06566209496904479
Engabreen,2085-12-01,-0.023221964216002117,-0.058053006121131734,0.061084878080325956
Engabreen,2086-01-01,-0.15502440723100577,0.033971088211734925,-0.1739921173484401
Engabreen,2086-02-01,-0.2706169493204704,-0.09797489799706756,0.0005741684279211567
Engabreen,2086-03-01,0.08061012148039397,-0.08989178352875611,-0.028227465290339482
Engabreen,2086-04-01,0.05800751025809427,0.09126393928525038,0.02004360969487015
Engabreen,2086-05-01,-0.08011626439892953,-0.10089591597265536,-0.11097006060343968
Engabreen,2086-06-01,-0.012163363344363512,-0.08023335019850819,-0.01455881379242376
Engabreen,2086-07-01,-0.19744328590887106,-0.013903830033646675,-0.12703946162879645
Engabreen,2086-08-01,-0.08556306883620045,-0.09595990210403,-0.08132933563188671
Engabreen,2086-09-01,-0.09230449228976878,0.03182695669161182,-0.02894328454152742
Engabreen,2086-10-01,-0.04488167397553888,-0.17811377861084296,-0.16113595324718255
Engabreen,2086-11-01,-0.17606369308229364,0.05310659350028377,-0.0015773407433439524
Engabreen,2086-12-01,0.0319417441104158,-0.19685192315720024,0.08642224521633518
Engabreen,2087-01-01,-0.07330251650800983,-0.12508406893314905,-0.16389453071200868
Engabreen,2087-02-01,-0.2483301070339042,-0.08497993885632715,0.2283107611354754
Engabreen,2087-03-01,-0.2401570051348003,-0.07789199693562976,0.020136171210202742
Engabreen,2087-04-01,-0.15542487287341175,0.11408086508028996,-0.10896495706996599
Engabreen,2087-05-01,-0.15428933527944527,-0.14946679290261153,-0.17673510685630456
Engabreen,2087-06-01,0.016920179219838887,-0.01572133942087482,-0.2119153648641419
Engabreen,2087-07-01,-0.02470614246162779,-0.14467123468398227,-0.029883909489836324
Engabreen,2087-08-01,-0.02952837817350834,-0.07351819347115147,-0.05798539229966341
Engabreen,2087-09-01,-0.16661630787118514,-0.1247904418971953,0.011948319112289598
Engabreen,2087-10-01,-0.002681707058447271,-0.12382374160987779,-0.1327416828653276
Engabreen,2087-11-01,0.07036225872131129,-0.047447376526784275,-0.22273005839303575
Engabreen,2087-12-01,0.11887510922549682,-0.1457316669015236,0.07562757535006938
Engabreen,2088-01-01,0.009946127714095088,-0.057408153249984904,-0.07335623031260918
Engabreen,2088-02-01,0.1070428226246074,-0.21578669455855257,-0.2303651483515319
Engabreen,2088-03-01,-0.08601096737761928,-0.24177755946020726,-0.01719264416810225
Engabreen,2088-04-01,0.08693059361682627,0.013283263160412931,-0.06848072036732172
Engabreen,2088-05-01,-0.11288207072771654,0.0416926429722684,-0.011990550922564819
Engabreen,2088-06-01,-0.06177263500276354,-0.08313371860519127,-0.08527047519252047
Engabreen,2088-07-01,-0.16763343714361878,-0.12498999277381871,-0.024632539094734996
Engabreen,2088-08-01,-0.136126006248774,-0.00942153901452685,-0.1240103385224728
Engabreen,2088-09-01,-0.1445835339704196,0.02331504987398057,-0.09168706407013638
Engabreen,2088-10-01,-0.03714962783695213,-0.11884465662894976,-0.17603593263724848
Engabreen,2088-11-01,0.09349196914136206,0.03615102328139528,0.021349425798655713
Engabreen,2088-12-01,-0.014799243814315502,-0.13657769667608066,-0.11731715190686381
Engabreen,2089-01-01,-0.10215890504629127,-0.18948408952166043,0.00999217869104388
Engabreen,2089-02-01,-0.16803960963005438,-0.2614895626876646,-0.035456649606565555
Engabreen,2089-03-01,-0.052973493442555634,-0.14990049985345882,-0.16916057040680235
Engabreen,2089-04-01,-0.13817278962347868,-0.121177031205701,-0.1331277066243583
Engabreen,2089-05-01,-0.23846349604540706,-0.09081385546181973,-0.1277351761095741
Engabreen,2089-06-01,-0.15279927690822648,-0.030261300592092606,-0.02343425129419029
Engabreen,2089-07-01,-0.1721829746100393,-0.029956638402285362,-0.08365687531827404
Engabreen,2089-08-01,-0.09284753093873009,-0.08433620250632597,0.05169038562972041
Engabreen,2089-09-01,-0.03182132064041061,0.11310660510799675,0.0802989033939503
Engabreen,2089-10-01,-0.05447587295117045,-0.0349004576471326,-0.05884274414304688
Engabreen,2089-11-01,-0.2605074950201994,-0.15297181686330316,-0.011013738019554417
Engabreen,2089-12-01,-0.1649597596217872,-0.008828649950634232,-0.10958764874365501
Engabreen,2090-01-01,0.006830335807105088,-0.10724414352051866,-0.0335010972029496
Engabreen,2090-02-01,0.12291555022496868,0.021863938443671422,-0.19361639120153773
Engabreen,2090-03-01,-0.1208798094022055,0.03678845605518364,0.0007965242703778889
Engabreen,2090-04-01,-0.05515878797535778,0.0004127833498275187,0.1337842180457399
Engabreen,2090-05-01,-0.12732536011906828,-0.08125495425766834,-0.05902861856597849
Engabreen,2090-06-01,-0.10913345624564391,-0.04904173165080745,-0.11961986517010194
Engabreen,2090-07-01,-0.0744677472895187,-0.13585662501699527,-0.07937109226861692
Engabreen,2090-08-01,-0.17699797233321402,0.03439218873351357,-0.01463711305374582
Engabreen,2090-09-01,-0.08691594140857573,-0.053068766109738263,-0.15856596323106933
Engabreen,2090-10-01,0.09592124446169488,-0.019607371377776583,-0.024922965211694886
Engabreen,2090-11-01,-0.0137754999946104,0.10719055379458427,-0.10217639774759552
Engabreen,2090-12-01,-0.08569684686912886,-0.21235439997565853,-0.2656543954874902
Engabreen,2091-01-01,-0.15947047102996242,0.23497492968199216,-0.0947457174269749
Engabreen,2091-02-01,-0.08158640891307141,0.014140148860129079,-0.01695890655078174
Engabreen,2091-03-01,-0.07189808467077821,0.13554869060223243,-0.14637808960842758
Engabreen,2091-04-01,-0.026816849336329617,-0.08565833244088476,-0.07298183843965943
Engabreen,2091-05-01,-0.0025416332466831706,-0.08414202679451621,-0.02094153499383498
Engabreen,2091-06-01,-0.21921535696119313,-0.03915280241150638,-0.04083667761818006
Engabreen,2091-07-01,-0.018277335665376676,-0.10955067253645245,-0.02297464554099705
Engabreen,2091-08-01,-0.15614189258613762,-0.045129567421879825,-0.06638858576655854
Engabreen,2091-09-01,-0.03055996878007312,0.00535504286480772,-0.03985508161586742
Engabreen,2091-10-01,-0.11728190946031504,-0.010822472009431225,-0.056902652149540295
Engabreen,2091-11-01,0.04699659316224766,0.0291808376691704,-0.09962341566198281
Engabreen,2091-12-01,0.2266729994876,-0.11209008647592861,0.1902282404601737
Engabreen,2092-01-01,-0.19328038303317932,-0.16599821612346274,-0.07285392524421806
Engabreen,2092-02-01,0.04382960146027389,-0.04695664703549479,-0.17919951244437607
Engabreen,2092-03-01,-0.09849474353467423,0.04811533920481933,-6.436230032034566e-05
Engabreen,2092-04-01,-0.13601683670108075,-0.1326064073541102,-0.032726397986180066
Engabreen,2092-05-01,-0.23368418934991042,-0.02327495320195651,-0.04806185611731643
Engabreen,2092-06-01,-0.0372575790134869,-0.1669487120611147,-0.053735579012993355
Engabreen,2092-07-01,-0.13349747982042753,-0.1647219154684217,-0.034468478623488036
Engabreen,2092-08-01,-0.06542092788360816,-0.11481691882350487,-0.12421918050584553
Engabreen,2092-09-01,0.03946635681575463,-0.31506549041279647,-0.09968141020727726
Engabreen,2092-10-01,-0.07101419850245101,-0.14190640074451888,-0.06149180468909662
Engabreen,2092-11-01,-0.1151819336325675,-0.24270485982853116,0.05898193197065318
Engabreen,2092-12-01,-0.24495360203220237,-0.11513244957109321,-0.049335789870156355
Engabreen,2093-01-01,-0.2011086551677934,-0.19686438586986546,-0.08677353188499821
Engabreen,2093-02-01,-0.12781936383854184,0.0033497958480596945,-0.33177331494673007
Engabreen,2093-03-01,-0.12139831072985185,0.06157574678007948,-0.18683665208773584
Engabreen,2093-04-01,0.05350555645170482,-0.11319295078902054,-0.09400480548432362
Engabreen,2093-05-01,-0.005436425660982615,-0.05308230062979916,-0.06262812702490632
Engabreen,2093-06-01,-0.0895339339633972,-0.017749741836940152,0.03600041375066828
Engabreen,2093-07-01,-0.0259723163433123,-0.11473399325032974,0.09272875820672594
Engabreen,2093-08-01,-0.060956870160282346,-0.13288973917372035,-0.047062682233718976
Engabreen,2093-09-01,-0.1075137765234944,-0.1358434064010949,-0.2251188433571194
Engabreen,2093-10-01,0.006098375148533379,0.01591810805451932,0.003428192473719236
Engabreen,2093-11-01,-0.2029671736875128,-0.1872356482507541,0.029819633681727704
Engabreen,2093-12-01,0.1428628577610643,0.019546893673772204,-0.09637665235141359
Engabreen,2094-01-01,-0.1566595098198814,-0.09884093831075803,-0.22581252540661392
Engabreen,2094-02-01,-0.05296517221281335,0.061904044151441275,-0.04383461235571595
Engabreen,2094-03-01,-0.1725997205398839,0.052540494713396065,0.10971911671675771
Engabreen,2094-04-01,-0.1311215201696931,0.020646415209170932,0.10552216233058505
Engabreen,2094-05-01,-0.11264574197591566,-0.017583923756101977,-0.09643441350480131
Engabreen,2094-06-01,-0.04714864671269097,-0.002779873240370776,-0.05466673012671506
Engabreen,2094-07-01,-0.017099603599576352,-0.12181353803061194,-0.18491935271927049
Engabreen,2094-08-01,0.009953303756348952,-0.005860824787286251,-0.09902219240337036
Engabreen,2094-09-01,-0.03134944938860532,-0.22991938047469743,-0.04934859694088218
Engabreen,2094-10-01,0.029682055469023,-0.03156622890764799,-0.11840993483538688
Engabreen,2094-11-01,-0.04989054194454632,-0.32938520352191486,-0.1603607300439658
Engabreen,2094-12-01,-0.11121862177328425,0.02134845880738336,0.011311881821237416
Engabreen,2095-01-01,-0.20658481183032937,0.05144758779626851,-0.20793412005871928
Engabreen,2095-02-01,-0.1602032987225572,0.006537604150874575,-0.15593070066543535
Engabreen,2095-03-01,-0.05975169772686936,0.06748474766679025,-0.0069936036480764685
Engabreen,2095-04-01,-0.15493463777912644,-0.13347232778110182,-0.019488828959967935
Engabreen,2095-05-01,-0.18755992849995806,-0.14352602776672985,-0.09309010420091418
Engabreen,2095-06-01,0.0143010274685925,-0.05739987386296005,-0.13145525018496174
Engabreen,2095-07-01,-0.07072500456907709,-0.04809880007875489,0.005980823698923961
Engabreen,2095-08-01,-0.11256045600717847,-0.07008262743128807,-0.12744673489150513
Engabreen,2095-09-01,-0.07083525875692152,0.006935662972155449,-0.08071265608684534
Engabreen,2095-10-01,-0.2181254333881729,-0.22807310388749938,-0.1393116040340446
Engabreen,2095-11-01,-0.057515721929267793,-0.08083873306425521,-0.22166264370538302
Engabreen,2095-12-01,-0.10330845966571878,-0.10241182678373147,-0.11706815477122806
Engabreen,2096-01-01,-0.006809288556541902,-0.1500313697593865,-0.0018853707201256047
Engabreen,2096-02-01,-0.20178174506336113,-0.21964731132247506,-0.08283581796292856
Engabreen,2096-03-01,-0.1233653406053513,0.03142668352395783,-0.14234138609377836
Engabreen,2096-04-01,-0.013651177468247852,-0.06937379989682786,-0.09012173438740545
Engabreen,2096-05-01,-0.08056996866767797,-0.02691743200910518,-0.00536795497532024
Engabreen,2096-06-01,-0.07073048602075915,-0.09384026722058524,-0.16202808666158242
Engabreen,2096-07-01,-0.11706264272713962,-0.03510535751187361,-0.06391303876230113
Engabreen,2096-08-01,-0.05339077624954095,-0.23087867276908478,-0.09399785541854759
Engabreen,2096-09-01,-0.2604555149826062,-0.03397021273663675,-0.05369549685438791
Engabreen,2096-10-01,-0.11946294639159144,0.029413817852908624,0.007655143619113736
Engabreen,2096-11-01,-0.1438542334065848,-0.11342560512162564,-0.10451909173862985
Engabreen,2096-12-01,-0.15387691771778658,-0.09847867439558387,-0.10944091690852688
Engabreen,2097-01-01,0.046474958937719225,-0.2326101086172042,-0.13993922171510711
Engabreen,2097-02-01,-0.08157760964808992,-0.2880900736814352,-0.1644709532608005
Engabreen,2097-03-01,0.1159531367720199,-0.0029741735394840283,-0.2174378285932379
Engabreen,2097-04-01,-0.053865407901222635,-0.07156624541152451,-0.15672700403729337
Engabreen,2097-05-01,0.006994112381321767,-0.05122403595803123,-0.12157876395456597
Engabreen,2097-06-01,-0.07294527992517949,-0.1692322298289983,-0.047020461412323855
Engabreen,2097-07-01,-0.027517755084174773,-0.18126633032582018,0.020195231137529135
Engabreen,2097-08-01,-0.10716516372477826,-0.03903643785935335,0.05655633959594281
Engabreen,2097-09-01,-0.06477432689631295,-0.007074295064876983,-0.10033621385287517
Engabreen,2097-10-01,0.03537625305060162,-0.08912889405713986,-0.14046975958949567
Engabreen,2097-11-01,-0.13586649664412467,0.0003131941170281353,-0.09467659699341842
Engabreen,2097-12-01,-0.22530053137227657,0.02585238958670168,0.015643733773896162
Engabreen,2098-01-01,-0.1484167339934177,-0.20922042710393884,0.17998128819982315
Engabreen,2098-02-01,-0.14672732020187232,-0.05479946339666749,0.11528960789475429
Engabreen,2098-03-01,-0.17053434899043038,-0.002511562793836075,0.07414112742416222
Engabreen,2098-04-01,-0.01564863091630155,-0.09175181089176866,0.01217015342544541
Engabreen,2098-05-01,0.03505747304309279,-0.16930029910909838,-0.062083850534117586
Engabreen,2098-06-01,-0.14948793518865774,-0.015544176175218305,0.006908453054607318
Engabreen,2098-07-01,-0.03714081826350362,-0.04126074404087834,-0.01473001836893
Engabreen,2098-08-01,-0.11176820599691793,-0.11970201450900113,0.06281031386860973
Engabreen,2098-09-01,-0.077218824868405,0.11978330623475593,-0.011739928822485415
Engabreen,2098-10-01,0.08911756866419725,-0.10302989965398142,-0.08099867699159359
Engabreen,2098-11-01,-0.01158495994190147,-0.1372044782754719,-0.28941395919905905
Engabreen,2098-12-01,-0.08566004666259086,0.08334467151861097,-0.13910328908552105
Engabreen,2099-01-01,-0.12063279423230665,-0.15594570075831565,-0.031978132908815425
Engabreen,2099-02-01,0.07471617367488105,-0.19120030029597235,0.12303075107751316
Engabreen,2099-03-01,-0.013629783037590557,-0.04093985847545231,0.1621197972878259
Engabreen,2099-04-01,-0.15198352973304768,-0.10907944464114207,-0.015125805737769199
Engabreen,2099-05-01,-0.06416533776720164,-0.01092155728838499,0.03661780116488464
Engabreen,2099-06-01,-0.09302187749360864,-0.0810323312472721,-0.049917621494586506
Engabreen,2099-07-01,-0.14739696665448151,-0.006355314260544763,0.06361627622927961
Engabreen,2099-08-01,-0.1571565542304715,0.00985030134655405,-0.08921783595710515
Engabreen,2099-09-01,-0.03847190180575498,0.060848464894041464,-0.04652127711783841
Engabreen,2099-10-01,0.10190570533025722,-0.027562334107357377,-0.05225403801029956
Engabreen,2099-11-01,0.017728181220430433,0.001707142139947937,0.06108380413436917
Engabreen,2099-12-01,-0.22380012840872401,0.002226188106156305,-0.10624792431603984
Engabreen,2100-01-01,-0.11009654306847177,-0.1729991944272227,-0.0674061018267858
Engabreen,2100-02-01,-0.19044852894195452,-0.4402727003113312,0.007686763604836407
Engabreen,2100-03-01,0.00920214721915454,-0.14337634003784763,-0.0944671224918091
Engabreen,2100-04-01,-0.06313759510940185,0.14683460031289441,-0.10917384753361627
Engabreen,2100-05-01,-0.06611418335318665,-0.045081738326223815,-0.02971482018422635
Engabreen,2100-06-01,-0.10676425859092654,-0.03754424499504524,-0.1061738176360142
Engabreen,2100-07-01,-0.09066805415002682,0.004854753898626375,-0.025398730556390043
Engabreen,2100-08-01,-0.21910984564589164,-0.00891502349021899,-0.01793168460922212
Engabreen,2100-09-01,-0.0746265163116262,0.0002518115969211976,-0.07426429755210733
Engabreen,2100-10-01,-0.2106465485326705,-0.045302107815178794,-0.11771378130391424
Engabreen,2100-11-01,-0.17075312855597494,-0.08147916596231679,-0.10300317853512642
Engabreen,2100-12-01,-0.29396942139626664,-0.15956713235334258,-0.017966649162231552
Grafjellsbrea,2015-01-01,-0.8263499324017203,-0.9635710015473716,-0.9058076298478328
Grafjellsbrea,2015-02-01,-0.8143478166837506,0.1407075491133883,-2.9379155433424535
Grafjellsbrea,2015-03-01,-0.05227105689968644,0.05928958253161592,-0.9337514985661097
Grafjellsbrea,2015-04-01,-3.2804018050551815,0.3925890259991213,1.5035309801749095
Grafjellsbrea,2015-05-01,-2.0265187512234726,-0.10965968728868579,-0.8896535792526589
Grafjellsbrea,2015-06-01,-0.12935129279703192,-0.30826487147981324,-0.38124332550994683
Grafjellsbrea,2015-07-01,0.39214101199120566,0.5161031555910008,0.41855348901844663
Grafjellsbrea,2015-08-01,0.5934227512180638,2.0651051996895506,0.8035752219053408
Grafjellsbrea,2015-09-01,1.0144563299568763,1.803952497427695,-1.0253348869887244
Grafjellsbrea,2015-10-01,0.03146736684886605,-0.960313114164845,-1.4883784942164215
Grafjellsbrea,2015-11-01,1.7320834146417299,-1.0308045394007743,-0.33944811487438065
Grafjellsbrea,2015-12-01,-1.0281035270484111,-0.7417749857159364,-1.0934884581341426
Grafjellsbrea,2016-01-01,1.89220389707957,-1.5367715163069526,-1.4989985320336745
Grafjellsbrea,2016-02-01,2.146547813324934,2.495219213519121,-3.64091818189201
Grafjellsbrea,2016-03-01,0.4170034266260054,0.6744045981714754,0.5752500266487459
Grafjellsbrea,2016-04-01,0.8398595929664688,-1.7292922485781694,1.6851113572328356
Grafjellsbrea,2016-05-01,0.8971607417028773,-0.06305748773856967,-1.2156745356470986
Grafjellsbrea,2016-06-01,0.47456685015721173,0.7428054075285911,0.9199958417978192
Grafjellsbrea,2016-07-01,0.2111349248890404,0.12082062370358992,0.044935674998642226
Grafjellsbrea,2016-08-01,-0.31208950250546713,1.9447648679453717,-0.5056886787288467
Grafjellsbrea,2016-09-01,-0.13647056674313382,1.6135879140389167,-0.7861252579655343
Grafjellsbrea,2016-10-01,0.8093499775598656,0.16733872132718494,-0.736702379015024
Grafjellsbrea,2016-11-01,-1.4498071513869968,0.4601557614647745,-1.2474427448060694
Grafjellsbrea,2016-12-01,-1.8414504531049787,-0.6237363007936496,-0.05909024108724465
Grafjellsbrea,2017-01-01,1.4311310150796661,0.9689214721707554,0.25210537196815425
Grafjellsbrea,2017-02-01,0.12875698046237236,1.5851503704444359,0.04301013112511929
Grafjellsbrea,2017-03-01,-4.532193876828962,2.9908558401205396,0.022224238918598635
Grafjellsbrea,2017-04-01,-0.0170046791930101,1.632051874745225,-0.9300853593134057
Grafjellsbrea,2017-05-01,0.7860543401713719,0.41769736066612734,1.297303779591817
Grafjellsbrea,2017-06-01,1.2250522708895357,0.23634315816550636,0.7969831047430223
Grafjellsbrea,2017-07-01,0.9182253426374599,-0.24402581389576036,-0.07422386929926117
Grafjellsbrea,2017-08-01,0.33629129320607176,0.057070612660722886,-0.16521600762582325
Grafjellsbrea,2017-09-01,0.005654583712783119,-0.9010355772085238,-0.3975398719569598
Grafjellsbrea,2017-10-01,-1.3112918724502538,-1.4091877678730809,1.1182543272114334
Grafjellsbrea,2017-11-01,-0.7257440979787733,-0.5688624258483547,1.4200521699392912
Grafjellsbrea,2017-12-01,-1.0921613324246626,0.20724882257580082,-0.6622638632369764
Grafjellsbrea,2018-01-01,-2.3244266384271715,-2.110613736723422,3.1866303566694563
Grafjellsbrea,2018-02-01,-3.716403277752773,-1.3741161855233301,2.5255582558207923
Grafjellsbrea,2018-03-01,0.23459423541862137,-1.3482286945437323,1.368658378851152
Grafjellsbrea,2018-04-01,1.838648967946212,1.0597632927735152,0.7051242733353175
Grafjellsbrea,2018-05-01,-0.25290887298929937,-0.5883509710216112,-0.8944926296586008
Grafjellsbrea,2018-06-01,1.147902247196148,-1.340960103000846,1.3554518725033275
Grafjellsbrea,2018-07-01,-0.4960242240203519,-0.5348481811260767,-0.19453292531477065
Grafjellsbrea,2018-08-01,-1.0185071228651725,-0.18808142352978638,-1.7850897935639107
Grafjellsbrea,2018-09-01,-1.0625037206224694,-0.1332956800151949,-0.39291600658923675
Grafjellsbrea,2018-10-01,-2.302913159548691,0.7929505835124906,-0.9031175538457331
Grafjellsbrea,2018-11-01,-1.3726932640729341,-1.7148512042054442,-0.43436057647283194
Grafjellsbrea,2018-12-01,1.2879253745048789,-0.48877526699328316,-0.38023797020845856
Grafjellsbrea,2019-01-01,-0.35338905818816047,-0.8463958750636338,-0.747740109065027
Grafjellsbrea,2019-02-01,1.124306540988101,0.7042148273203482,1.050648773592976
Grafjellsbrea,2019-03-01,-1.0139013448185834,0.5701188513040952,-0.3186117275100548
Grafjellsbrea,2019-04-01,-0.027582337757596137,-0.6699615850279891,1.736656979280766
Grafjellsbrea,2019-05-01,-2.214970651569129,-1.2031195839204016,-0.4992190588171936
Grafjellsbrea,2019-06-01,0.7332847074034556,-0.739002120275912,-0.5253325595437236
Grafjellsbrea,2019-07-01,-0.6372447761595,-0.5641511582598885,-0.5655275753554507
Grafjellsbrea,2019-08-01,0.4893515034805899,0.26914085138059013,-0.47133647519481703
Grafjellsbrea,2019-09-01,0.41752388186227746,-0.23341289103341892,-1.1989947557131277
Grafjellsbrea,2019-10-01,-0.7371331233113589,-0.20910404629634063,0.7695019048891417
Grafjellsbrea,2019-11-01,0.4697521398574014,-0.014655189917150258,-0.20043421759472846
Grafjellsbrea,2019-12-01,-2.4047126198765025,-1.0643996305798082,-1.4748520574962258
Grafjellsbrea,2020-01-01,-2.3747698398185015,1.0475160051718466,0.6897787931576902
Grafjellsbrea,2020-02-01,-2.5416692298225434,2.821749605066787,-2.0562030143046233
Grafjellsbrea,2020-03-01,-1.0175837857644567,1.0663483464724386,-1.4587110554897507
Grafjellsbrea,2020-04-01,0.7348948180114349,-0.8981278177405723,-2.165851975871432
Grafjellsbrea,2020-05-01,1.257834961383149,-1.582196666735163,-0.42445097110151364
Grafjellsbrea,2020-06-01,0.12723776853776653,0.6966055153290442,0.858916196797017
Grafjellsbrea,2020-07-01,1.1967244094742624,-0.21844143755302048,-0.7595139666325724
Grafjellsbrea,2020-08-01,-0.7564581845807283,-0.4234800649166502,-1.2797561819932948
Grafjellsbrea,2020-09-01,-0.6035032198275138,0.4015231614124984,0.07233924904816956
Grafjellsbrea,2020-10-01,-1.1139823420030697,1.9386638921252644,1.0672378878997935
Grafjellsbrea,2020-11-01,-1.047555523371091,0.22628023715303777,-0.02065256400471153
Grafjellsbrea,2020-12-01,0.1113979913375609,0.6198711818683686,-1.6687495233371206
Grafjellsbrea,2021-01-01,1.0500567166226178,1.282762626723254,-0.35338019389797265
Grafjellsbrea,2021-02-01,-0.3760970090616523,2.360003345124785,2.068637958069594
Grafjellsbrea,2021-03-01,1.121874326291799,1.8542083163457759,-2.2757588517999228
Grafjellsbrea,2021-04-01,1.5252514697541766,-0.25726000557324075,-1.7990259150927432
Grafjellsbrea,2021-05-01,-1.103971396124255,-0.567789116908746,-1.9688120844505506
Grafjellsbrea,2021-06-01,-0.5457195778711449,1.2877963795633665,-0.760859012462285
Grafjellsbrea,2021-07-01,-0.45814095455280074,0.7040775523436033,0.5057850192013088
Grafjellsbrea,2021-08-01,0.17230714440221004,0.8969275153283092,-0.0514234086007187
Grafjellsbrea,2021-09-01,1.0000702076139765,-0.8090937604490032,0.1381735554254093
Grafjellsbrea,2021-10-01,1.522592728205689,1.8337038472712897,-1.6352131693664393
Grafjellsbrea,2021-11-01,0.6241168620012759,-0.3263834488607215,-0.6045986228647545
Grafjellsbrea,2021-12-01,3.217613458858153,-0.22496550422985515,-2.8635402288699474
Grafjellsbrea,2022-01-01,-0.9621924845225829,0.5088844337656492,-1.5572687624708934
Grafjellsbrea,2022-02-01,0.752203073540738,-3.6651188798244903,-1.0179222916583137
Grafjellsbrea,2022-03-01,0.13012218900066944,-1.2995337663322648,-3.170976425662117
Grafjellsbrea,2022-04-01,-1.5093238302204641,0.7369477286730564,2.2970476271523395
Grafjellsbrea,2022-05-01,0.8302860769474779,0.28909930952069035,-0.8979972006703544
Grafjellsbrea,2022-06-01,1.0011324636108074,1.4116117622826492,-0.47007900581056256
Grafjellsbrea,2022-07-01,0.26402975705726844,0.6793361985909593,-0.09501170022880716
Grafjellsbrea,2022-08-01,-0.24948190133276726,-0.30233817236374977,-0.5474839218584573
Grafjellsbrea,2022-09-01,0.9224973205892847,0.9843652963730073,0.6442267551391855
Grafjellsbrea,2022-10-01,3.2241438307981234,-1.0026553297834893,-0.5641304632155554
Grafjellsbrea,2022-11-01,0.43035167666900986,-1.4470385388764928,0.021836260761259736
Grafjellsbrea,2022-12-01,0.21918754746403443,-1.7593755505590956,1.5642158282052299
Grafjellsbrea,2023-01-01,0.4857072931673441,0.9898936213970151,1.8922635947241921
Grafjellsbrea,2023-02-01,0.05484108996953857,1.4195412506913823,0.3862835582724237
Grafjellsbrea,2023-03-01,1.617267295850085,-1.571975870415084,-1.4935113342769402
Grafjellsbrea,2023-04-01,-1.6701961869095054,0.6903915848047332,1.0554217229235292
Grafjellsbrea,2023-05-01,-0.27018604464950374,-1.5559897728252754,-0.3246589157149518
Grafjellsbrea,2023-06-01,-0.3035043979288225,1.2952490009172333,-0.9644319173381172
Grafjellsbrea,2023-07-01,0.2310967909362359,0.6128312896364256,-1.2965813810991371
Grafjellsbrea,2023-08-01,1.3821719959352352,0.3720214106981577,-0.9585147785166702
Grafjellsbrea,2023-09-01,2.5834881368221367,-1.2451401452016457,-0.13783748793198572
Grafjellsbrea,2023-10-01,3.998748457416765,0.14443748516247762,-1.413923590245987
Grafjellsbrea,2023-11-01,1.1579487616617907,-0.5102081750115139,0.11074387022785176
Grafjellsbrea,2023-12-01,1.249977025503371,0.09810717935375601,1.2525261920287274
Grafjellsbrea,2024-01-01,0.024476558844347445,3.145439708787716,-2.4393672014704855
Grafjellsbrea,2024-02-01,1.3978573671094294,-0.4430493415559691,-0.322265355421815
Grafjellsbrea,2024-03-01,0.9997212059842256,-0.13262758042551007,-0.5308734216875943
Grafjellsbrea,2024-04-01,-2.181906204598033,1.3489792537895315,-1.154213011710501
Grafjellsbrea,2024-05-01,-0.08794770085466304,0.8049320369658352,0.574899014893475
Grafjellsbrea,2024-06-01,-0.19454679746784745,-0.24413737261922264,-0.6806894564994135
Grafjellsbrea,2024-07-01,0.9127843947235613,-0.7800523357221417,-0.9397004063412607
Grafjellsbrea,2024-08-01,0.8653301169210734,-0.5449961002706212,-1.1803851884279282
Grafjellsbrea,2024-09-01,1.4101180824886608,1.5565485259951473,-0.9123294907118805
Grafjellsbrea,2024-10-01,-0.1564279450076452,0.4051435514714701,1.0799333432142684
Grafjellsbrea,2024-11-01,0.39018272271900417,-2.1430802573306216,0.6666210426831826
Grafjellsbrea,2024-12-01,-1.5718115880929975,-0.5802097140177933,-1.7695708062555326
Grafjellsbrea,2025-01-01,0.25442811080592703,-1.1553893335856247,-1.4102869069049762
Grafjellsbrea,2025-02-01,-0.7644319096595807,0.3444443580137098,2.494606122413599
Grafjellsbrea,2025-03-01,-0.25677404557184036,1.1026665674120621,-0.05208330756039221
Grafjellsbrea,2025-04-01,0.6408495960248292,-0.6236403825919491,-0.4776474054629547
Grafjellsbrea,2025-05-01,0.57393314212827,0.23090222441410924,-0.8522503969198917
Grafjellsbrea,2025-06-01,-0.5543099402679641,0.5863428852284539,0.18427416159260734
Grafjellsbrea,2025-07-01,-1.1131433442326435,0.0864087841228357,-0.16363488888305647
Grafjellsbrea,2025-08-01,1.0940155030740766,-1.2789217352517686,-0.013150085423056485
Grafjellsbrea,2025-09-01,0.2756343807906741,0.33239562542169726,-1.1846872967476556
Grafjellsbrea,2025-10-01,0.965966484795874,-0.9306359383133819,0.8238677771733354
Grafjellsbrea,2025-11-01,0.2926919352778435,1.376048044776472,-0.26062222975084354
Grafjellsbrea,2025-12-01,-0.8625540157837627,1.6243783243619199,3.869134973431388
Grafjellsbrea,2026-01-01,-3.8530632854655855,1.6408642675259169,2.8628408859984815
Grafjellsbrea,2026-02-01,-1.5226849911111888,-0.9047920072251542,-0.14655836800319463
Grafjellsbrea,2026-03-01,-2.193584559896449,-1.9994434662130338,-2.8723198102869003
Grafjellsbrea,2026-04-01,-0.3644255838616229,-1.1043565008653302,-1.3145387955502184
Grafjellsbrea,2026-05-01,-0.8146170167901395,-1.5636540393381064,-1.626499701496061
Grafjellsbrea,2026-06-01,0.48349420335687876,-1.116124373849239,-0.023941167298666532
Grafjellsbrea,2026-07-01,0.7460747436309291,-1.0055244707605313,0.09416783176231447
Grafjellsbrea,2026-08-01,-0.6340391616147705,0.02984932830656592,-0.5152394047532151
Grafjellsbrea,2026-09-01,-0.06677204511778918,-0.8726265380884785,-0.04554090957364195
Grafjellsbrea,2026-10-01,-0.031185139176826193,-0.03360040659854213,-0.8357412616708632
Grafjellsbrea,2026-11-01,-0.9713736074452112,2.3298192674170846,-0.19336150865734658
Grafjellsbrea,2026-12-01,1.7987987415699525,-1.8566054721643797,3.0811083798583
Grafjellsbrea,2027-01-01,1.78116517751927,-1.7496257453298545,-1.3378163190499572
Grafjellsbrea,2027-02-01,0.9901198079515643,-1.1871193037996612,1.4823795557739257
Grafjellsbrea,2027-03-01,-1.4056681999103244,0.2537107803843946,-0.5204029207861529
Grafjellsbrea,2027-04-01,-0.3389951262260851,-1.2435415713064382,-0.3749610570624935
Grafjellsbrea,2027-05-01,1.277189581521887,1.3227205129027968,0.8649076334251751
Grafjellsbrea,2027-06-01,0.1025552964815908,0.1201399179820427,-0.388478946703881
Grafjellsbrea,2027-07-01,-0.8780554365053911,0.4785673961188949,1.143865136634288
Grafjellsbrea,2027-08-01,-1.3114999517069672,-0.2883343229809291,-0.23487550935144244
Grafjellsbrea,2027-09-01,-0.1313512657853594,1.3041763999536105,0.15977781799853466
Grafjellsbrea,2027-10-01,-1.9487473348406124,-1.628826041763132,0.6404016703929273
Grafjellsbrea,2027-11-01,0.05335169332384282,-0.04508396945414714,1.4838259805093743
Grafjellsbrea,2027-12-01,0.25853197342277845,2.9228699762496415,2.861878314444217
Grafjellsbrea,2028-01-01,1.4047926049252848,0.6033852909907456,2.8379958746463383
Grafjellsbrea,2028-02-01,-1.8572078637143843,-0.6375718906198246,2.6988626510858325
Grafjellsbrea,2028-03-01,-2.652383597315923,-1.728268949612412,0.6298931592108988
Grafjellsbrea,2028-04-01,0.32560578596152207,-0.11773157418002922,-0.48563476629272745
Grafjellsbrea,2028-05-01,2.0552278431021365,0.5539530150551354,0.1428477218675582
Grafjellsbrea,2028-06-01,-0.9419479455258201,-0.45155240095720767,-0.2444692750213988
Grafjellsbrea,2028-07-01,-0.23998913031004154,-0.47658380876805656,-1.3753295558643401
Grafjellsbrea,2028-08-01,0.3376132457328245,0.11179757960531338,-0.3544319196577638
Grafjellsbrea,2028-09-01,0.49622629531267926,1.1878181880928842,0.3260051850399206
Grafjellsbrea,2028-10-01,-1.335750432243352,-0.5502369938998065,-1.387714204483827
Grafjellsbrea,2028-11-01,-1.0127217096814738,-0.5828460206373872,-1.9983893539123123
Grafjellsbrea,2028-12-01,0.3913388612888454,-1.313042247110748,2.292438038298371
Grafjellsbrea,2029-01-01,0.4350866108386768,-0.012181931726693582,-0.6131896284970995
Grafjellsbrea,2029-02-01,1.0904277049828064,0.20073780493240936,1.5181441550880586
Grafjellsbrea,2029-03-01,1.3295469350374831,0.07978691220850069,2.563421958462858
Grafjellsbrea,2029-04-01,-1.47945969548544,0.4258419351677853,-0.23552549881240648
Grafjellsbrea,2029-05-01,-0.8523331144066972,0.7226529524426312,0.5479864094457696
Grafjellsbrea,2029-06-01,1.5127626217452337,0.6077585118676573,0.42293159240702805
Grafjellsbrea,2029-07-01,0.17030390583903687,-0.44420650906220266,-0.516550050140094
Grafjellsbrea,2029-08-01,-0.21284465789138998,-0.19556877370509076,-0.9908745781636851
Grafjellsbrea,2029-09-01,-0.039648900657233276,-0.34525719722340625,1.4468886242664312
Grafjellsbrea,2029-10-01,-0.6680634332368315,1.253287260041746,0.920734830802246
Grafjellsbrea,2029-11-01,-0.8695679959414658,0.17510713172652817,0.8188890448501001
Grafjellsbrea,2029-12-01,-1.9574041103688,0.7957966741682404,1.75023849243817
Grafjellsbrea,2030-01-01,1.8428818555498439,0.18937091680202625,-1.0005364993128563
Grafjellsbrea,2030-02-01,-2.852472110309122,0.7697717521786395,0.9661137626975624
Grafjellsbrea,2030-03-01,-2.1307533074614815,-1.811332330242627,1.379576256804862
Grafjellsbrea,2030-04-01,-1.2655899905645784,-1.4788266467867228,1.459772899920041
Grafjellsbrea,2030-05-01,-1.1688667806860769,0.08609500525236231,0.5968229216030738
Grafjellsbrea,2030-06-01,0.035939300221987304,-2.143419482567407,0.09900324202137921
Grafjellsbrea,2030-07-01,0.061356788737638716,-0.9892878640704946,-0.7674963665723143
Grafjellsbrea,2030-08-01,-0.7164824872846465,-0.1989368476456814,-1.2104063422642939
Grafjellsbrea,2030-09-01,-0.6327306087988847,1.2090274925644202,-0.6640074430185838
Grafjellsbrea,2030-10-01,-1.6143733764792445,0.9225740089656219,-1.087708591582889
Grafjellsbrea,2030-11-01,-3.130195840942106,0.8395038712781678,2.739466959054558
Grafjellsbrea,2030-12-01,2.2963788543165315,0.5336266892991691,-1.0959651135296933
Grafjellsbrea,2031-01-01,-0.5854877021165102,-0.48376424101987636,0.7436941390302344
Grafjellsbrea,2031-02-01,-0.026599362207052935,0.8882007162948057,0.3129065206548342
Grafjellsbrea,2031-03-01,1.9635816869363385,-0.5847030197157097,-1.242104147363569
Grafjellsbrea,2031-04-01,0.8139450024614447,-0.029331191021931702,1.3544714862302303
Grafjellsbrea,2031-05-01,-1.4087287306980871,1.0434969791577686,0.1875062209505248
Grafjellsbrea,2031-06-01,0.6691899569732708,0.19465872145248866,-1.8771462821534843
Grafjellsbrea,2031-07-01,-0.42263749748028295,1.4853010323190574,0.15139352819650384
Grafjellsbrea,2031-08-01,-0.3541897541514725,-0.4709411050865258,0.43027461163771835
Grafjellsbrea,2031-09-01,2.247945450385896,-0.7932674510679624,0.5292768960950481
Grafjellsbrea,2031-10-01,-1.2073805698546358,0.3659004870550717,0.32666836893084666
Grafjellsbrea,2031-11-01,-1.0634817633614622,0.12016580310159901,-0.6290219873831918
Grafjellsbrea,2031-12-01,0.19482161508930085,0.475407730329872,-1.8102227040225445
Grafjellsbrea,2032-01-01,0.3171124365945833,0.04322350235425243,-0.16771770870318004
Grafjellsbrea,2032-02-01,2.732024494812332,2.1594646108290108,2.178035414858552
Grafjellsbrea,2032-03-01,2.6281843067487833,1.2222144333668536,-0.283295877880696
Grafjellsbrea,2032-04-01,1.4226146317764272,-0.8846926912138079,-1.4387673478646021
Grafjellsbrea,2032-05-01,2.4158867233199537,0.07919712192212873,0.7417132846780427
Grafjellsbrea,2032-06-01,1.3362788908887995,-0.94091146925652,0.8628254775060697
Grafjellsbrea,2032-07-01,0.36930071936980097,0.0439520614017834,0.12588723522692524
Grafjellsbrea,2032-08-01,-1.0269749553103409,0.44039882765056654,-0.6360778186612861
Grafjellsbrea,2032-09-01,1.435030108895824,-0.28636271773504085,1.2092329112209943
Grafjellsbrea,2032-10-01,0.8702684145708274,0.6596802447770674,1.1053839021255203
Grafjellsbrea,2032-11-01,-0.9589348901052857,0.5911191952915399,-0.6462107169204705
Grafjellsbrea,2032-12-01,-0.859706953723021,1.8212344376407266,1.1410319700493428
Grafjellsbrea,2033-01-01,-1.925788963632573,-1.5204513534406825,-0.9453853539404037
Grafjellsbrea,2033-02-01,2.367859414739943,-0.9133771428551967,-0.4125598026984571
Grafjellsbrea,2033-03-01,-1.1162065737099482,3.34979182382208,-3.4178253680806123
Grafjellsbrea,2033-04-01,-0.5093201023307761,-1.8904102008764347,-3.040702191321774
Grafjellsbrea,2033-05-01,0.19804940041900432,0.6150461969289255,-1.0852314987294462
Grafjellsbrea,2033-06-01,0.9651907164440772,-0.6286738462730099,-0.32803618490670744
Grafjellsbrea,2033-07-01,0.10932980501471146,-0.3198913295088861,-0.7567369646276778
Grafjellsbrea,2033-08-01,-0.22816377142604183,0.3393450448748765,-0.4927410942311988
Grafjellsbrea,2033-09-01,0.16339677950239187,-1.50565833734085,-1.368913167607673
Grafjellsbrea,2033-10-01,2.789836695736183,-0.11678706537231942,-0.5486184578302714
Grafjellsbrea,2033-11-01,0.8453926600163074,-1.169506112103788,-0.610939953484376
Grafjellsbrea,2033-12-01,3.522952367484578,0.4155527723451395,-0.40883237281607876
Grafjellsbrea,2034-01-01,1.8713682503897715,0.4757175981299098,0.30903247228787595
Grafjellsbrea,2034-02-01,-1.5586866199714955,-0.2074019384810271,-0.2756537173158022
Grafjellsbrea,2034-03-01,-1.3738944687140473,-1.3367090350737527,-3.213201911389358
Grafjellsbrea,2034-04-01,0.5615534167032231,1.1447429266852098,-1.610227338744134
Grafjellsbrea,2034-05-01,-0.26094457250327485,-0.9214947542341898,0.5984453377611624
Grafjellsbrea,2034-06-01,0.750262563738184,0.20090825374179375,0.5951514463465505
Grafjellsbrea,2034-07-01,0.3224590041993593,-1.0036977893208177,0.5003724855134354
Grafjellsbrea,2034-08-01,0.8284345138575769,-1.1275146120324469,0.03017405871058664
Grafjellsbrea,2034-09-01,-0.4208780511115739,1.6840754427718048,-0.5413417513415202
Grafjellsbrea,2034-10-01,0.5644088539153694,1.7352683188562696,1.8673759117451738
Grafjellsbrea,2034-11-01,-0.5009884692694654,0.04215656087748162,-0.938843802128257
Grafjellsbrea,2034-12-01,-1.1677559077445256,0.1181737891365705,2.0966145126679887
Grafjellsbrea,2035-01-01,0.7744661870137669,-1.1880459758192117,0.3815736925178199
Grafjellsbrea,2035-02-01,-0.7058349360930386,-0.22628297280130985,0.08283465837901208
Grafjellsbrea,2035-03-01,0.023358470910119094,-0.44638715836149867,1.1014637414411461
Grafjellsbrea,2035-04-01,1.2510130959871806,-1.5285501010417708,-2.219407356687529
Grafjellsbrea,2035-05-01,-0.049171857861472344,0.43107511650660046,-0.8356763358948468
Grafjellsbrea,2035-06-01,-0.09139892128485301,-0.21841885923925672,-0.3944571732321535
Grafjellsbrea,2035-07-01,1.0723771983754258,1.3274348339592474,-0.3072685923450465
Grafjellsbrea,2035-08-01,-0.06599428400376496,0.48219442991869405,0.17835524701852634
Grafjellsbrea,2035-09-01,-1.2780240183628198,0.6521274560702911,1.4953058474189802
Grafjellsbrea,2035-10-01,1.0640852593408578,-0.8024246227583096,-1.0003615761279736
Grafjellsbrea,2035-11-01,1.988253483565818,0.06188801245334258,0.8897419396223881
Grafjellsbrea,2035-12-01,0.20111400006362692,-2.6802032580077264,-1.1448827869977143
Grafjellsbrea,2036-01-01,-1.4209952484584234,-1.2625266653562857,0.3305387671308384
Grafjellsbrea,2036-02-01,-1.864675563612499,-2.4265740858141673,-3.8578346539926294
Grafjellsbrea,2036-03-01,2.8402872297106376,-0.4924710898645168,-0.36700402490826
Grafjellsbrea,2036-04-01,2.1553140672634914,1.1282989767456095,-0.9817630978110127
Grafjellsbrea,2036-05-01,0.6357223160513467,-1.0062489761216944,0.6551967135227291
Grafjellsbrea,2036-06-01,-0.884970585909059,-0.7849453826409113,-0.7787017180333421
Grafjellsbrea,2036-07-01,0.7181061529279594,-0.060339403882641175,-0.06369495278746558
Grafjellsbrea,2036-08-01,0.9445696340006036,0.1275573848909164,0.19579446625853136
Grafjellsbrea,2036-09-01,2.22698324821568,0.47992623851078803,0.012136295465900865
Grafjellsbrea,2036-10-01,1.5995618365010469,1.5025986513394802,-0.9367341223321975
Grafjellsbrea,2036-11-01,0.5064311975348735,-0.5498736576433964,-0.12646363515218897
Grafjellsbrea,2036-12-01,0.5203300542339596,-0.5419559332858559,0.5686607601816592
Grafjellsbrea,2037-01-01,-0.7008651131642347,1.3540021343881363,0.985460446358838
Grafjellsbrea,2037-02-01,2.25230371310788,-0.1835397197952345,-0.9254330872544204
Grafjellsbrea,2037-03-01,1.7006302896172336,1.1357714737968998,-0.00792274700910813
Grafjellsbrea,2037-04-01,-0.14482540698120175,2.8281925069837848,-1.3639900378851484
Grafjellsbrea,2037-05-01,-1.4373959391866584,0.7079644227704751,0.8210421886913055
Grafjellsbrea,2037-06-01,-0.04842769663985882,0.8797024350848366,-0.39088447795168113
Grafjellsbrea,2037-07-01,-0.19800103995655696,-0.39608339966193246,-0.018013137269322868
Grafjellsbrea,2037-08-01,0.5580981631824173,-0.6514632542142,0.2739478958214064
Grafjellsbrea,2037-09-01,0.5224869032146819,0.494834186880955,0.2694566844699953
Grafjellsbrea,2037-10-01,0.3041695751792289,0.9323926377758207,1.096467969481454
Grafjellsbrea,2037-11-01,-1.410706966755048,-0.011073037551705606,-0.7946816315152493
Grafjellsbrea,2037-12-01,1.3024836609943031,1.1132981918263662,-0.3840169027905009
Grafjellsbrea,2038-01-01,-0.8566432370741751,0.6008373803054324,-0.3906141980944666
Grafjellsbrea,2038-02-01,0.2065229861110065,-1.4353526046889613,-1.2356800653852178
Grafjellsbrea,2038-03-01,2.238638835797293,0.6913900657377559,-0.29108227144354365
Grafjellsbrea,2038-04-01,0.5711576034777957,-0.2840034879435422,1.814633775784338
Grafjellsbrea,2038-05-01,-0.23543198668141652,2.2395887021503156,-0.3071484956428316
Grafjellsbrea,2038-06-01,-0.29762417436414207,-1.7448915856391354,-0.12013510609933375
Grafjellsbrea,2038-07-01,0.3761291687771184,-0.17805486469162346,-0.9068816633520052
Grafjellsbrea,2038-08-01,0.8243945123004067,-1.0808958336762686,-0.6203468685033161
Grafjellsbrea,2038-09-01,0.39426114716540167,0.7968903602265263,-1.0788062082866916
Grafjellsbrea,2038-10-01,0.247837747499328,-1.4271405635629464,0.07419340644715795
Grafjellsbrea,2038-11-01,1.5285237337360567,-0.17075172593269872,0.27757732902067683
Grafjellsbrea,2038-12-01,-1.2549537715260493,0.10951045667310956,-1.0221341996048452
Grafjellsbrea,2039-01-01,1.3835510332382832,1.3831634229198884,-0.6681131983747687
Grafjellsbrea,2039-02-01,-2.244789938088328,-2.0269831723905454,2.2812588883626446
Grafjellsbrea,2039-03-01,1.357844995825354,-4.61774997706992,-1.4900581745966708
Grafjellsbrea,2039-04-01,1.1806593895382351,-1.0979849823857062,-1.2149383164822307
Grafjellsbrea,2039-05-01,0.7388804024455262,-0.5899540281850929,0.6216483008660613
Grafjellsbrea,2039-06-01,0.9427077650212916,-0.03050942797682264,0.07818707612827495
Grafjellsbrea,2039-07-01,0.66611240976506,0.31506466157081015,-0.3270210897864806
Grafjellsbrea,2039-08-01,-0.6556128923711514,-0.25583039965407117,-1.4579265235690826
Grafjellsbrea,2039-09-01,0.6721444993835964,-1.1076772745482262,1.5937772930678922
Grafjellsbrea,2039-10-01,-1.0234760267530563,-0.6086629140437589,1.2040577940285602
Grafjellsbrea,2039-11-01,-1.3292056540406043,-0.4667808911842953,2.123111596129696
Grafjellsbrea,2039-12-01,-0.943099571607574,2.1560413644357843,-0.08912641841470281
Grafjellsbrea,2040-01-01,-2.0325226777965995,0.005196728791315677,4.20659977079639
Grafjellsbrea,2040-02-01,-0.37256174069401843,-0.7785144075029035,1.8100970089357553
Grafjellsbrea,2040-03-01,-1.2342425342220469,1.3543748130617999,1.6395513089929785
Grafjellsbrea,2040-04-01,1.4321969192749442,-2.212224277170678,1.463865981990913
Grafjellsbrea,2040-05-01,0.743934487572412,-1.457876298360213,-0.19853136795501222
Grafjellsbrea,2040-06-01,-0.9397797916050393,0.018068058979299875,0.20729494924762162
Grafjellsbrea,2040-07-01,0.47142368527087536,-1.0873357770329328,1.2582355032312658
Grafjellsbrea,2040-08-01,0.15856429612689124,1.6719454537333067,-0.40516338931930607
Grafjellsbrea,2040-09-01,0.5408813960919314,0.6584550367460167,-0.10337027830132556
Grafjellsbrea,2040-10-01,-0.11208662113360017,-0.6512146667790987,0.932093597106172
Grafjellsbrea,2040-11-01,1.2738387105990923,-0.1839222933982765,2.677113201504447
Grafjellsbrea,2040-12-01,1.1137032694501003,-0.6926667295895604,0.7680576259715779
Grafjellsbrea,2041-01-01,-4.243493361831275,0.1884943499532816,0.2121259082997183
Grafjellsbrea,2041-02-01,-4.08213374083157,0.3578219445821067,-1.1772940158005165
Grafjellsbrea,2041-03-01,0.15448911704568966,-3.6463934274436034,2.834773986687669
Grafjellsbrea,2041-04-01,0.027282898540144707,1.3376532158287062,-0.5310609752058761
Grafjellsbrea,2041-05-01,1.3252427732883159,-0.9738913459017361,-0.1604356494584015
Grafjellsbrea,2041-06-01,0.04442065123885919,-0.7332796759826891,-0.1468147572346706
Grafjellsbrea,2041-07-01,-0.18124895175393743,-0.5401026022404777,-0.9199629851568997
Grafjellsbrea,2041-08-01,-1.1917589796283157,-0.43842040225079026,-1.2286341794030753
Grafjellsbrea,2041-09-01,-0.817926680380299,-0.21812112875627834,-0.2655413873772808
Grafjellsbrea,2041-10-01,-0.23179276530339962,-2.4489916723368723,0.22403347560402923
Grafjellsbrea,2041-11-01,-3.18135870775381,0.9066315327830884,-0.053404911646123175
Grafjellsbrea,2041-12-01,-2.610083040022756,-0.765719082490599,1.8905024759304148
Grafjellsbrea,2042-01-01,-0.3513734585308839,1.700062393724559,3.7202581835084323
Grafjellsbrea,2042-02-01,0.37031065827072845,1.9531999774704494,-2.8549933102785015
Grafjellsbrea,2042-03-01,-0.7429053242340746,2.1261897306059985,-0.5000486756400918
Grafjellsbrea,2042-04-01,-0.5283067178133859,1.6397844345309434,-1.6724592236351785
Grafjellsbrea,2042-05-01,0.08684638432408032,1.2523889731739632,1.181022278480184
Grafjellsbrea,2042-06-01,-0.5048320754661048,0.03788964952296752,-0.8677110227601078
Grafjellsbrea,2042-07-01,0.9492368882027117,-0.5226955085249378,-0.7282704376976991
Grafjellsbrea,2042-08-01,-0.934795299245085,-0.695537826069763,-0.9991787121081851
Grafjellsbrea,2042-09-01,-0.7009054813244523,-0.8927901501479978,-0.4878309056539969
Grafjellsbrea,2042-10-01,1.303829568726969,0.1379684437535974,1.076083187523318
Grafjellsbrea,2042-11-01,-1.9143091315853138,1.041753655913835,-0.39205967754183374
Grafjellsbrea,2042-12-01,1.019106030993762,0.6496488332707818,-1.9813604215990839
Grafjellsbrea,2043-01-01,2.9303916515577986,0.33166966459669484,-0.9780618162197712
Grafjellsbrea,2043-02-01,2.3688715973758177,-2.648905902638088,1.804218589109201
Grafjellsbrea,2043-03-01,-0.12178779948890246,0.3072669223481677,2.253397967971884
Grafjellsbrea,2043-04-01,0.10681112263229398,1.225242189292356,0.3003904127725783
Grafjellsbrea,2043-05-01,-1.6317454714552568,0.8678136899182185,0.27423899153997705
Grafjellsbrea,2043-06-01,0.7048002281543928,-0.6291361277515056,-0.23864397981043184
Grafjellsbrea,2043-07-01,-0.9062133873575227,-1.5508168368581112,0.5820571250411325
Grafjellsbrea,2043-08-01,-1.9059761256426444,-0.4117277191528205,0.363380632289815
Grafjellsbrea,2043-09-01,-0.7256594540535564,-0.2129078103548029,-1.2958731386557336
Grafjellsbrea,2043-10-01,0.1944987979659111,1.8128926333395956,0.5390379421656698
Grafjellsbrea,2043-11-01,0.821133689043361,1.8442537854493055,-0.35455757281855343
Grafjellsbrea,2043-12-01,2.6346846248713174,-2.4338435756357106,0.6304783181509381
Grafjellsbrea,2044-01-01,1.7163099514588331,-1.0419323868437267,1.3069430905906039
Grafjellsbrea,2044-02-01,2.875449808109819,-0.15635746522084393,1.4215314737253113
Grafjellsbrea,2044-03-01,-1.6487688883029474,-1.7303167420371814,-2.0088079271324966
Grafjellsbrea,2044-04-01,-0.3947521425748084,0.9406682080921226,0.916298544304639
Grafjellsbrea,2044-05-01,1.4855177651020341,0.015377524872153686,0.4635646859274926
Grafjellsbrea,2044-06-01,-0.5832019480045177,0.938064016869616,-0.22125331145210247
Grafjellsbrea,2044-07-01,-1.2196023273964027,0.37268839688115435,0.6523498088095826
Grafjellsbrea,2044-08-01,-0.8616803955736723,-0.19694450460865498,-0.5197609590200017
Grafjellsbrea,2044-09-01,-1.765223881745231,-0.8453788136451363,0.5248767747654487
Grafjellsbrea,2044-10-01,-1.3680311467713953,0.45255739524128896,-1.0901206072680132
Grafjellsbrea,2044-11-01,-0.34343767107330564,0.31358515775821294,-0.86110259756141
Grafjellsbrea,2044-12-01,3.3713159421260577,-0.6997579911694295,-3.192259748297575
Grafjellsbrea,2045-01-01,-0.13100499549591485,-1.0659604852336053,-1.8753103998174556
Grafjellsbrea,2045-02-01,1.423755554738772,-1.2314112015149066,1.614438982443503
Grafjellsbrea,2045-03-01,-1.9460738954204533,-0.8457865676523216,0.043507910311802823
Grafjellsbrea,2045-04-01,0.01724232661291808,-1.3953094927679277,-2.238876501929095
Grafjellsbrea,2045-05-01,1.412561569082176,-0.8412037399810489,0.0017605165938118505
Grafjellsbrea,2045-06-01,-0.20321722974728404,0.3503821027050466,-0.02743437252374062
Grafjellsbrea,2045-07-01,0.06729644514144612,1.556166530697008,-0.569745277388752
Grafjellsbrea,2045-08-01,-1.2861794876924615,0.2244506830998437,-0.5286348316276293
Grafjellsbrea,2045-09-01,1.3831855488383613,0.16316810849266764,1.7599338617459688
Grafjellsbrea,2045-10-01,0.7985209780730852,1.2951533433489815,-1.4343316131063606
Grafjellsbrea,2045-11-01,1.160725258624393,-0.8538790068797604,0.12563312272990623
Grafjellsbrea,2045-12-01,-1.013171801295006,-0.5865687849866363,0.6071281563899223
Grafjellsbrea,2046-01-01,-0.152529607192743,-0.7257105130313386,1.6470618284239873
Grafjellsbrea,2046-02-01,-3.1114801573295154,-2.887717402025359,2.920367686909202
Grafjellsbrea,2046-03-01,-1.2749121675649617,-2.1631306557794887,0.1274548144391479
Grafjellsbrea,2046-04-01,-1.6781844189955073,0.06744929787547814,-0.02113379013795456
Grafjellsbrea,2046-05-01,0.33748079537545533,2.7963229197497763,-1.358713117171441
Grafjellsbrea,2046-06-01,0.10220870975777759,0.2587703400254206,-0.14442863556331317
Grafjellsbrea,2046-07-01,-0.10836632005046232,0.9024264164559014,-0.41322614094432614
Grafjellsbrea,2046-08-01,1.2912726558123335,-1.206407853514338,0.9011522813410554
Grafjellsbrea,2046-09-01,0.13257401203406932,0.8770441500566067,0.07881881358430891
Grafjellsbrea,2046-10-01,1.9912912397743667,-0.5099128062288328,-0.46178514552163147
Grafjellsbrea,2046-11-01,-0.4368945573255829,1.678531362720643,-1.7447815477800876
Grafjellsbrea,2046-12-01,-0.37675523328295446,-0.48552307176969367,0.03965061848569514
Grafjellsbrea,2047-01-01,-0.3793624867956466,0.8107752999970069,4.3031823177287825
Grafjellsbrea,2047-02-01,-0.5282335425359492,1.7267774743277389,2.692929860456444
Grafjellsbrea,2047-03-01,0.5479462654767097,0.7239731067415996,1.8113088682764775
Grafjellsbrea,2047-04-01,-1.6726952372287656,0.9725611047150148,2.195462817271135
Grafjellsbrea,2047-05-01,0.45763154592452043,0.046365502255755135,-0.41134115310972935
Grafjellsbrea,2047-06-01,0.2282576014779932,-0.7711470167187647,0.37149438194489676
Grafjellsbrea,2047-07-01,0.5195275608846662,0.22371489924939622,0.33084871471796157
Grafjellsbrea,2047-08-01,-0.11420111037594648,-0.25040160397307076,0.359101568160523
Grafjellsbrea,2047-09-01,-0.6885321489925965,0.4257203593025712,1.1558546014330315
Grafjellsbrea,2047-10-01,-2.34549333686294,0.35791713543261167,-0.43740851103444717
Grafjellsbrea,2047-11-01,-0.47664021387143823,-0.010199643421990931,-0.20281200632215354
Grafjellsbrea,2047-12-01,1.4458081269304357,2.3821032726973055,-2.1384935454428544
Grafjellsbrea,2048-01-01,-0.8645012833768778,1.7950110886414514,4.203836518972543
Grafjellsbrea,2048-02-01,-1.1006530268714452,3.1701041939141406,2.9906589433240343
Grafjellsbrea,2048-03-01,0.8409256780132056,2.168719669700884,-0.3615617610835004
Grafjellsbrea,2048-04-01,-2.1825898135325184,1.087909519103681,0.30190178875805057
Grafjellsbrea,2048-05-01,0.2046842998007655,-0.7148856870815288,-0.5739666914907325
Grafjellsbrea,2048-06-01,-0.9077771213429088,1.1151646101342783,-1.1579374820452488
Grafjellsbrea,2048-07-01,-0.8967230889745427,1.942183013875263,-0.442589440255982
Grafjellsbrea,2048-08-01,0.4152812101691146,-0.2908102775323936,-0.757451630517136
Grafjellsbrea,2048-09-01,-0.6605013311130373,0.3400143555698231,-1.8710628336487811
Grafjellsbrea,2048-10-01,3.025376704101943,-0.07720483274068661,0.2431480473719226
Grafjellsbrea,2048-11-01,0.48352374257538067,0.01766978501003741,0.17485064706414702
Grafjellsbrea,2048-12-01,1.6812417822961898,1.673207038389793,-1.4004827972124587
Grafjellsbrea,2049-01-01,1.8195630931166422,1.7151359669876298,-0.4686420967996832
Grafjellsbrea,2049-02-01,2.8763094511604463,1.1418614351994862,-0.494500228015498
Grafjellsbrea,2049-03-01,2.661244059900257,2.005629302637731,1.363837598530875
Grafjellsbrea,2049-04-01,0.30359246521933514,1.9958513116395162,2.071259223998854
Grafjellsbrea,2049-05-01,-0.4576600629162942,-0.8517397851876574,-1.0906906591723813
Grafjellsbrea,2049-06-01,0.4516905417738928,1.2013258664079027,-0.24309708434473898
Grafjellsbrea,2049-07-01,-2.151389867130937,0.7454592916231078,0.9378344575473863
Grafjellsbrea,2049-08-01,-0.10958750066168292,1.1015723276459435,-0.5357996448025909
Grafjellsbrea,2049-09-01,-0.1407206582112617,0.8094802940702293,-1.9562391081884811
Grafjellsbrea,2049-10-01,0.7521291495452961,0.5777376779086035,0.2090404236217064
Grafjellsbrea,2049-11-01,0.40046032283666005,0.8712476988415215,0.1307339122683064
Grafjellsbrea,2049-12-01,-1.1281135907876803,-0.002656432896970077,0.37446233581950866
Grafjellsbrea,2050-01-01,-0.3917474979780195,-0.18012704970586899,1.1122900472302026
Grafjellsbrea,2050-02-01,-1.3136419264988253,0.6405433263399766,-0.6949358597379133
Grafjellsbrea,2050-03-01,-0.07468475457238406,-2.3353909747264185,2.303116214198315
Grafjellsbrea,2050-04-01,1.5992112288987699,-1.870088928226558,1.1294098622907331
Grafjellsbrea,2050-05-01,0.07147178458909755,-0.05463481636488724,0.8489693892710193
Grafjellsbrea,2050-06-01,-0.3593236824957926,0.7663410739436064,-1.635808634708854
Grafjellsbrea,2050-07-01,0.1323942367895449,0.47020209588231365,-0.030177909816722793
Grafjellsbrea,2050-08-01,0.8358406063232217,0.6589855771593349,0.4992052360752446
Grafjellsbrea,2050-09-01,-0.8131469188158781,-0.7921610186188403,0.4879799481553446
Grafjellsbrea,2050-10-01,2.111242443605139,-0.29782443500500455,-0.4374050475550137
Grafjellsbrea,2050-11-01,0.37547857892610886,0.46091833371023627,-0.6378083636473754
Grafjellsbrea,2050-12-01,1.1083997344417151,1.085363560037034,2.284415461501146
Grafjellsbrea,2051-01-01,2.545779878708608,-0.9577198096837257,0.1224410772210265
Grafjellsbrea,2051-02-01,-0.8998029844772413,-2.9451486765650485,-2.0309018027975436
Grafjellsbrea,2051-03-01,2.2678126867428414,-0.4781544111084696,1.2827863742121492
Grafjellsbrea,2051-04-01,-3.722709714637144,1.3130277709563505,-0.9562967590061331
Grafjellsbrea,2051-05-01,0.48274876970969305,1.3058177610663881,-0.43710623103495677
Grafjellsbrea,2051-06-01,-0.050329869955384875,-1.2673833586436547,-0.5368210500083502
Grafjellsbrea,2051-07-01,0.17507123872927433,-0.5529462461348112,0.436812167481125
Grafjellsbrea,2051-08-01,-1.4161889979585152,-0.15303986044010945,0.10526302023585697
Grafjellsbrea,2051-09-01,0.7701864693445758,-1.6750092391543268,0.557555305126559
Grafjellsbrea,2051-10-01,2.3732388921406002,1.2304755338646844,-0.5430596120814761
Grafjellsbrea,2051-11-01,0.3655060538998063,-1.4339830306551857,-0.32827199265789886
Grafjellsbrea,2051-12-01,0.20414929435577892,-0.1727678407187967,3.116861633188703
Grafjellsbrea,2052-01-01,0.12867270415392548,1.4649349573923593,0.2449444300094211
Grafjellsbrea,2052-02-01,-0.8626408177593357,0.683315535317004,-2.5316272607336723
Grafjellsbrea,2052-03-01,1.5195203893106275,0.732974718591862,-1.6947705063367533
Grafjellsbrea,2052-04-01,3.317474780422384,1.3674367723642595,0.5685963237338734
Grafjellsbrea,2052-05-01,-1.3945954725981178,-0.007817771687708893,0.8399450855885201
Grafjellsbrea,2052-06-01,-0.0538863019301191,1.0923743360045637,1.6771113387914494
Grafjellsbrea,2052-07-01,-1.47563388385169,-0.22900205657463635,-1.2277243800566737
Grafjellsbrea,2052-08-01,-0.011126202681306948,1.204127297448103,0.8438583194315886
Grafjellsbrea,2052-09-01,0.232566919446325,-0.2579872150943682,-0.5022482121413505
Grafjellsbrea,2052-10-01,-1.5139277748222668,0.3519134176417708,0.3425020521630547
Grafjellsbrea,2052-11-01,-2.7680583277871436,-1.6122693237797314,0.16596105817404935
Grafjellsbrea,2052-12-01,-1.0622167359283126,-0.6118477674252749,-0.6360516547215863
Grafjellsbrea,2053-01-01,2.4077935984199748,-0.5813755389280013,-0.38828370527110767
Grafjellsbrea,2053-02-01,0.4531494428705769,-0.5072177311552456,1.5750480848192812
Grafjellsbrea,2053-03-01,-2.964050483665048,-0.02330393332651158,2.1803991106048546
Grafjellsbrea,2053-04-01,-0.8736320520619617,0.508191078376644,-1.38508284313224
Grafjellsbrea,2053-05-01,0.012988435411411666,0.34352263547362877,-0.5357224330415878
Grafjellsbrea,2053-06-01,-0.8921641792998556,0.13491330011565675,-0.7025797083232059
Grafjellsbrea,2053-07-01,-1.2395222619591828,0.16015855699771925,-1.0993363768386564
Grafjellsbrea,2053-08-01,-0.2862596260118232,0.062095826875957404,-0.7962383446232923
Grafjellsbrea,2053-09-01,-1.0665319257936272,-2.146896693324935,-0.7045616254648221
Grafjellsbrea,2053-10-01,-1.1222343748239838,-1.4325099448378857,-0.7153020523936974
Grafjellsbrea,2053-11-01,0.2499806029771953,1.1006457845173154,-0.019113229522795355
Grafjellsbrea,2053-12-01,0.3398669237692977,1.553315547970117,1.05959121153746
Grafjellsbrea,2054-01-01,0.8670797910328067,-1.1332292132668564,0.7082496867353028
Grafjellsbrea,2054-02-01,0.7623963864867477,-1.5593832168803188,0.8225415668866289
Grafjellsbrea,2054-03-01,-3.6986553995272793,-2.0226230055465955,2.7098493460668283
Grafjellsbrea,2054-04-01,0.42636522528898996,-2.027589490123357,-0.3888177257189131
Grafjellsbrea,2054-05-01,0.11504070631780243,-0.6159406988236844,-0.011577926713949305
Grafjellsbrea,2054-06-01,-0.10465223170341631,0.41645160084860056,1.8047608016223695
Grafjellsbrea,2054-07-01,-0.00420952863001407,-0.6585170148343954,-1.1161551600214032
Grafjellsbrea,2054-08-01,0.3949071203165882,-0.9372660839947594,-0.4389632007593021
Grafjellsbrea,2054-09-01,-1.0983866453417692,1.0771876031185503,1.0355221907674184
Grafjellsbrea,2054-10-01,-0.6431774110751367,0.6945952668479404,-0.5314594540814958
Grafjellsbrea,2054-11-01,-0.09009947586767919,-1.8546690348561372,2.217188192109772
Grafjellsbrea,2054-12-01,0.9592124225715958,-1.3673544746034552,0.09530279448190097
Grafjellsbrea,2055-01-01,2.5335186851274116,1.5986915454458825,0.30862912577254903
Grafjellsbrea,2055-02-01,3.283774106206264,0.13355101240990344,3.0867248408308323
Grafjellsbrea,2055-03-01,0.9551780177503449,0.5125499989339469,-0.24740535172900635
Grafjellsbrea,2055-04-01,0.7982311881447556,-1.7305768983860503,-0.6143395367159237
Grafjellsbrea,2055-05-01,-0.35138542052173555,1.3721713471799617,-0.2648611827679141
Grafjellsbrea,2055-06-01,0.1021950578050647,-0.2855327463235803,0.5603559482817319
Grafjellsbrea,2055-07-01,1.112974765013595,0.8231956026486293,-0.08849589724108298
Grafjellsbrea,2055-08-01,-0.044951957695550104,-0.11710265391683328,0.18925644255475893
Grafjellsbrea,2055-09-01,0.9633988264412405,0.43300625642793383,0.3974840394710104
Grafjellsbrea,2055-10-01,0.7498996394378928,0.32964339689705274,-0.9925048138151001
Grafjellsbrea,2055-11-01,1.566001147611021,0.860514341121322,1.5738243498877893
Grafjellsbrea,2055-12-01,-1.8732105819401388,1.0784600221255982,1.9219525031287257
Grafjellsbrea,2056-01-01,1.8893668432067896,-0.030182237937007732,-1.0781004543492017
Grafjellsbrea,2056-02-01,1.5321488685316194,-0.07739039225805093,2.55599767934398
Grafjellsbrea,2056-03-01,1.068045001791211,-0.3079809723484466,0.25568938815400677
Grafjellsbrea,2056-04-01,-2.8512385786380197,1.0132519676966052,-0.08314658159318744
Grafjellsbrea,2056-05-01,-0.03756685764594985,2.059304635014341,0.9714413466613322
Grafjellsbrea,2056-06-01,-1.700145990294235,-0.4677034429871025,0.6755533664649523
Grafjellsbrea,2056-07-01,-0.1214066087988645,-1.2719971743828526,1.6745493111773333
Grafjellsbrea,2056-08-01,-0.456383413608404,2.6595013380496084,0.41677480727367094
Grafjellsbrea,2056-09-01,0.7618193444265873,0.22757154232675872,0.35840561199003335
Grafjellsbrea,2056-10-01,1.7524784360127912,0.7709081685619749,2.76177138857261
Grafjellsbrea,2056-11-01,-0.1540106253592524,0.9935896655476851,1.6831729493387542
Grafjellsbrea,2056-12-01,-3.1430574873441537,2.002641371690611,-0.19093725871093692
Grafjellsbrea,2057-01-01,-2.577645127141928,2.896770841602232,-1.9247309368246153
Grafjellsbrea,2057-02-01,-2.928809017481136,0.5685069177448963,1.7261537905533224
Grafjellsbrea,2057-03-01,-2.1693699517268974,0.8800803331846994,-0.1090716652802215
Grafjellsbrea,2057-04-01,-0.7822521338365466,-0.17375790694529827,0.2549314469461201
Grafjellsbrea,2057-05-01,1.2648757035550666,0.6532050183060732,-2.7008494053597616
Grafjellsbrea,2057-06-01,1.1594626545234326,-0.5013080698596716,-0.03989613425763994
Grafjellsbrea,2057-07-01,1.02388632801416,1.7215178987970052,-0.0005107225548377919
Grafjellsbrea,2057-08-01,-0.8188416987714445,-1.265229783578955,-0.8841431441818952
Grafjellsbrea,2057-09-01,0.9144234205712484,0.7247802438362326,-0.5485000572591284
Grafjellsbrea,2057-10-01,0.040715859226762,1.0584504962893788,-1.2724099626583156
Grafjellsbrea,2057-11-01,0.5353496429284806,0.3242773021112406,1.343864091374388
Grafjellsbrea,2057-12-01,-0.4072082092031483,0.6415128797517318,-0.3035923153917995
Grafjellsbrea,2058-01-01,0.5924669362919391,0.8259940525806418,-2.727965415601245
Grafjellsbrea,2058-02-01,0.07820879536910202,-0.9296741957116467,-3.368186552268918
Grafjellsbrea,2058-03-01,-2.475909044453365,0.8641728423687689,-1.4655622717278902
Grafjellsbrea,2058-04-01,0.46020883037843285,1.9422009467031538,-2.1873918487542867
Grafjellsbrea,2058-05-01,0.09662208311649444,-1.308014146623375,0.5634033575794738
Grafjellsbrea,2058-06-01,-1.914793388854891,0.7197698003664851,0.16618005111574988
Grafjellsbrea,2058-07-01,-0.5593526371603662,1.2550431265178792,0.16040133098899353
Grafjellsbrea,2058-08-01,0.4995123536913817,0.5647062191660387,-0.32278310404970206
Grafjellsbrea,2058-09-01,0.3931002929732977,-0.10771191153526573,0.14332462511333954
Grafjellsbrea,2058-10-01,-0.3569996834960665,0.3939787033665679,0.6281493784479636
Grafjellsbrea,2058-11-01,0.7380474517745799,0.434339309475625,0.9109732120331034
Grafjellsbrea,2058-12-01,0.1599972546101933,0.8804074378165475,-1.7560619702570868
Grafjellsbrea,2059-01-01,1.3453889472464986,-0.7762821660866108,0.6819494817997424
Grafjellsbrea,2059-02-01,1.2941400434665276,1.2904426202935273,-2.7993262641875654
Grafjellsbrea,2059-03-01,-3.748287777167347,0.7045674513480779,1.7879858569324034
Grafjellsbrea,2059-04-01,0.7884881380959973,1.892895828849743,0.4504652168885983
Grafjellsbrea,2059-05-01,0.5540640701459684,-0.4519237134418101,-0.1982212312100211
Grafjellsbrea,2059-06-01,0.594661055657202,0.692760751720981,-0.02058205050253598
Grafjellsbrea,2059-07-01,-0.2625817204572725,0.7547473072536163,0.6014547311844308
Grafjellsbrea,2059-08-01,-1.3679508892501957,-0.39709080997160484,-0.47706476912860946
Grafjellsbrea,2059-09-01,0.8719602759474651,0.7201980534397646,0.8034551874324194
Grafjellsbrea,2059-10-01,0.021945671469511225,-0.8697723702728393,-0.4775149600572428
Grafjellsbrea,2059-11-01,0.7739466201307171,2.225376536612488,-0.45901953235676274
Grafjellsbrea,2059-12-01,0.4339023422007437,1.9775506040334427,0.9319076170118641
Grafjellsbrea,2060-01-01,2.3282123341370027,0.028935401930050498,1.932786645297399
Grafjellsbrea,2060-02-01,3.336312348468614,0.5409958853830301,1.298229130159701
Grafjellsbrea,2060-03-01,1.2967790735782476,1.4789199009201777,1.0487157142311954
Grafjellsbrea,2060-04-01,-0.08408287608495395,-0.2548475033288781,-2.188101228700258
Grafjellsbrea,2060-05-01,0.13165788109526844,-0.19350431530675505,-0.965761711149662
Grafjellsbrea,2060-06-01,-0.7263626042103003,0.18320544007502493,0.516079180880178
Grafjellsbrea,2060-07-01,-0.07609070611470482,-0.046297433974013175,-0.5277867021113989
Grafjellsbrea,2060-08-01,0.6118303266868915,-0.3237559908658971,-0.022585596428847332
Grafjellsbrea,2060-09-01,1.3385023801718965,0.08651970055971342,-0.152897995465031
Grafjellsbrea,2060-10-01,-1.2459149850842375,-1.750275889692355,1.122118998436143
Grafjellsbrea,2060-11-01,-0.616334312616174,-1.116411073283891,0.847827154283761
Grafjellsbrea,2060-12-01,2.6337940534254995,2.476640855423265,-0.9814129027196387
Grafjellsbrea,2061-01-01,-0.6610294339481118,-0.1449732226704211,-0.9801063415190443
Grafjellsbrea,2061-02-01,-0.9076558746602816,-0.062342988278102675,-3.9084858461504406
Grafjellsbrea,2061-03-01,-0.11262801754443218,-1.0474785031794551,1.01203341345936
Grafjellsbrea,2061-04-01,-1.1738958013433665,1.367850768352783,1.1140964458886913
Grafjellsbrea,2061-05-01,1.11647388872815,-0.2429224750595611,-0.11236804116066597
Grafjellsbrea,2061-06-01,1.551019290979502,-1.2542629120253757,-0.428726058634129
Grafjellsbrea,2061-07-01,-2.0008487783854467,0.6867204921772655,-0.28698433750992963
Grafjellsbrea,2061-08-01,0.6449995841853955,-0.043832105844181506,0.6697239587862006
Grafjellsbrea,2061-09-01,0.46909082109340555,-0.2568020511782852,-1.7007348503022819
Grafjellsbrea,2061-10-01,1.9775282628572437,0.4297140489526628,0.13773375905576601
Grafjellsbrea,2061-11-01,-1.4697375043712813,-0.3873622988371584,0.13766770031099176
Grafjellsbrea,2061-12-01,-2.6528468769422946,-0.33251629132959143,1.0189459731275672
Grafjellsbrea,2062-01-01,-1.37626247542975,-0.09906835872807929,1.1072623856682196
Grafjellsbrea,2062-02-01,-0.4508700970546893,-0.23687350761718115,3.773488769222412
Grafjellsbrea,2062-03-01,0.4689890288748006,1.4497165592680756,0.38926825545032245
Grafjellsbrea,2062-04-01,-1.1397691360568702,1.344310979717111,0.6125240433800457
Grafjellsbrea,2062-05-01,-0.7419402087912447,0.3336622652039894,-0.26095973634422925
Grafjellsbrea,2062-06-01,-0.2960973320960865,-0.1928038879565502,0.618667623951294
Grafjellsbrea,2062-07-01,0.019870803623901073,-0.42220442806197417,0.0355782233226643
Grafjellsbrea,2062-08-01,1.339189166425167,0.7326987829881554,-0.16141887437127173
Grafjellsbrea,2062-09-01,-0.9621077086408882,0.8397546782069704,-0.520104899766536
Grafjellsbrea,2062-10-01,-0.3347513617159186,1.4110073831092482,-0.11150647886157268
Grafjellsbrea,2062-11-01,-0.9068351452503857,-1.648365961167278,-1.0643677115908825
Grafjellsbrea,2062-12-01,1.3309830182778404,-1.2941668156032087,-0.34939522386927485
Grafjellsbrea,2063-01-01,2.9305804467225385,-1.8054808946271441,-1.706280509128349
Grafjellsbrea,2063-02-01,-2.086857245327034,0.717365507203552,1.3836422197536324
Grafjellsbrea,2063-03-01,-2.2275916133425855,1.1029752468632055,-2.5896614709640033
Grafjellsbrea,2063-04-01,1.1812966080681544,-0.20662286838778465,-0.49062283594138867
Grafjellsbrea,2063-05-01,-0.10713013230763364,-1.3812039775866403,-0.14937131068487494
Grafjellsbrea,2063-06-01,0.9808504095343252,-0.5642963758939356,0.9993210294333362
Grafjellsbrea,2063-07-01,0.06694830014486848,-0.27350847888769597,0.3057285096398136
Grafjellsbrea,2063-08-01,1.5865692242270324,0.1258700030339477,0.6674697984790047
Grafjellsbrea,2063-09-01,0.8729202735734941,-1.0720632307853737,0.14142660139373728
Grafjellsbrea,2063-10-01,1.2039653518548803,-1.260899628863917,2.144941597494403
Grafjellsbrea,2063-11-01,-0.3359827960764143,1.7221080167447933,1.3653772195948022
Grafjellsbrea,2063-12-01,1.6779635910767254,-0.2631411820864,0.2461109652493326
Grafjellsbrea,2064-01-01,-1.3971264036889115,-1.0147109979979179,-0.3826568198717762
Grafjellsbrea,2064-02-01,3.289359074921549,-0.5355982310177901,-2.2684583897634534
Grafjellsbrea,2064-03-01,2.008869524327863,-0.6893475373455251,-0.40909919903747854
Grafjellsbrea,2064-04-01,2.3109598537644627,-0.41624595642831497,1.8954306952347657
Grafjellsbrea,2064-05-01,0.6576110400301118,-0.057931024423812906,0.1612753046112301
Grafjellsbrea,2064-06-01,-2.1150088315750923,0.2818352878802181,1.0454745495492863
Grafjellsbrea,2064-07-01,0.32082924640556004,1.1980868908661517,0.30790264828822145
Grafjellsbrea,2064-08-01,-0.5363488002966313,-0.5549029641946123,-0.02879576059212823
Grafjellsbrea,2064-09-01,-1.5474663533773985,0.5730739653176343,-0.49467537316813753
Grafjellsbrea,2064-10-01,-0.021585427884560842,-0.14099002153846774,-1.5610900694179215
Grafjellsbrea,2064-11-01,0.7046488466692513,-0.7717558670314077,-1.7328701019499821
Grafjellsbrea,2064-12-01,0.7314453661602961,-0.8081913714615893,-0.4029587896577474
Grafjellsbrea,2065-01-01,-2.1196865888142464,2.4863710105732513,-1.9413849046094391
Grafjellsbrea,2065-02-01,1.0741437364675595,2.433144310744107,-2.0373294490822036
Grafjellsbrea,2065-03-01,-1.3567401152137617,-0.8099327366192487,-1.6843969427839645
Grafjellsbrea,2065-04-01,0.9208702986009637,-0.8046336111003165,-1.6349285439145893
Grafjellsbrea,2065-05-01,-1.6391030527127401,1.094881821575809,0.7396763718058367
Grafjellsbrea,2065-06-01,-0.23203021084577777,0.5066058812823339,0.05506324834381035
Grafjellsbrea,2065-07-01,-0.19114526005852692,1.3626070075739776,0.7365696106741249
Grafjellsbrea,2065-08-01,2.179426907510626,0.28015217920592567,1.1911412902778005
Grafjellsbrea,2065-09-01,0.7507117834262863,0.8699932412575749,0.8181209323567913
Grafjellsbrea,2065-10-01,-0.1499421818310206,-0.3768661952905365,-0.7431575452026324
Grafjellsbrea,2065-11-01,0.5221962409115569,-0.22606027763315964,-0.6668954327077934
Grafjellsbrea,2065-12-01,0.8183296387888078,-2.2186825132197057,0.25066649418710796
Grafjellsbrea,2066-01-01,-0.2381244074159917,-0.5640369605344582,3.0272262740381835
Grafjellsbrea,2066-02-01,-0.46389585913981035,-0.9527149878958959,-3.4269377002773247
Grafjellsbrea,2066-03-01,1.4179069150868553,-0.4273753445143062,-1.7640099752057143
Grafjellsbrea,2066-04-01,1.50506962330653,-2.505763221682042,-0.0665957795508938
Grafjellsbrea,2066-05-01,-0.019404352620196946,0.589705136136554,1.4478316254985628
Grafjellsbrea,2066-06-01,-0.13426528787091563,0.3498671943753006,-1.0104228322996136
Grafjellsbrea,2066-07-01,0.6503122817126025,-0.33353529083152306,-0.9791745552364134
Grafjellsbrea,2066-08-01,-0.17609184675760894,0.30194153141309304,-0.5911713427184183
Grafjellsbrea,2066-09-01,-1.1360905725078976,1.5153509845585258,-0.3300469454850921
Grafjellsbrea,2066-10-01,-1.5550533813405376,0.526978531144472,1.4899487653696717
Grafjellsbrea,2066-11-01,2.169456883619066,-1.3428055589616246,-1.587821918631328
Grafjellsbrea,2066-12-01,-0.8057930078156037,0.39530777221359853,0.15235435486182905
Grafjellsbrea,2067-01-01,0.2390947287299662,0.40473714323713805,-2.564802793933429
Grafjellsbrea,2067-02-01,0.4807045208584102,0.4928945524520198,2.3858648395613415
Grafjellsbrea,2067-03-01,-0.2647424610970966,1.1383554102277038,1.1605523565240323
Grafjellsbrea,2067-04-01,1.1593279284804807,-0.8099587295966743,-2.0869314357574478
Grafjellsbrea,2067-05-01,-1.0267269428913866,0.09472842204868433,-0.17036546975284117
Grafjellsbrea,2067-06-01,0.7650532716471474,0.43935213873021106,0.8582324672616523
Grafjellsbrea,2067-07-01,0.12228833479280536,1.3029985391069827,-0.11225694998880971
Grafjellsbrea,2067-08-01,1.0087352802171201,0.8843637894140448,1.4176828031848714
Grafjellsbrea,2067-09-01,0.42579415623701067,2.734554635971923,0.39823184875313133
Grafjellsbrea,2067-10-01,0.5667793988649432,1.1272709831263759,0.6043703747357104
Grafjellsbrea,2067-11-01,-0.29812995795221486,1.1506571266444823,-1.9213572376576575
Grafjellsbrea,2067-12-01,1.1863642547281448,-0.33647997559473874,-0.22116276841577442
Grafjellsbrea,2068-01-01,1.3100469387956672,1.8284736158672796,0.7479419924872842
Grafjellsbrea,2068-02-01,1.1736564155305877,2.9782185783769997,-1.2535969439275925
Grafjellsbrea,2068-03-01,-1.1574238635272953,0.014881107874360838,-0.6064157435002046
Grafjellsbrea,2068-04-01,-0.11396774693075973,-1.0610707998394824,1.1264530982972116
Grafjellsbrea,2068-05-01,-1.0041667110280936,-1.4774064541039087,-1.4306737926984985
Grafjellsbrea,2068-06-01,3.057329531113505,0.388511995261488,0.47034906130814685
Grafjellsbrea,2068-07-01,-0.08495763306394806,0.430602247707128,0.9107949856469637
Grafjellsbrea,2068-08-01,1.6363522802082142,2.5102087108250353,-0.6800529325101264
Grafjellsbrea,2068-09-01,0.05735269619471936,0.22991647584614058,0.7870187903806247
Grafjellsbrea,2068-10-01,2.061182533852586,-0.9670419282793573,0.18843713089530967
Grafjellsbrea,2068-11-01,0.9184431017446649,0.39048135880303775,0.13022092576987157
Grafjellsbrea,2068-12-01,-1.5721566658665462,-0.17009432995287663,-1.6872286360583229
Grafjellsbrea,2069-01-01,-1.3177146553178478,-1.4572869212502697,-1.9535031102297236
Grafjellsbrea,2069-02-01,1.9259505792181437,-1.0939991325530138,-1.3807045937124194
Grafjellsbrea,2069-03-01,1.291030016750876,2.784174221985405,0.9778355672575514
Grafjellsbrea,2069-04-01,-0.01088939382080128,1.8288841041342916,-1.9082783599483237
Grafjellsbrea,2069-05-01,0.5400409225716825,1.3694602371334221,-0.13803047994642015
Grafjellsbrea,2069-06-01,0.6649324517728982,0.2561119547169189,0.27316812952674235
Grafjellsbrea,2069-07-01,1.3883296692750566,-0.923846084848936,0.48103675470632073
Grafjellsbrea,2069-08-01,1.3983340205232893,-0.5569983486867841,1.5077229127976224
Grafjellsbrea,2069-09-01,-0.42156817933542734,0.3098367664493136,-0.021522833092252197
Grafjellsbrea,2069-10-01,0.1628327152760959,0.16061257901146883,-0.23675123467508216
Grafjellsbrea,2069-11-01,-0.6527230194305776,0.5200421057589755,-1.9749617076375785
Grafjellsbrea,2069-12-01,1.053641588559132,0.03141383075115813,0.029875109784654862
Grafjellsbrea,2070-01-01,-0.24068497725430707,-0.27596729788545976,1.7038623483248785
Grafjellsbrea,2070-02-01,0.7337899464126343,-0.5111545593276982,0.7648855993076039
Grafjellsbrea,2070-03-01,-0.6203856692446366,2.9283463009407167,2.3683266811310104
Grafjellsbrea,2070-04-01,1.701026610782849,-1.3040785842766034,2.9375434329354495
Grafjellsbrea,2070-05-01,-0.45697206111499433,-1.110192453797712,0.9725744887582572
Grafjellsbrea,2070-06-01,-1.1097222704871281,-1.1589160425377638,-0.6751175487977786
Grafjellsbrea,2070-07-01,-0.05832513770700091,0.6484614847372417,1.4795230485586781
Grafjellsbrea,2070-08-01,0.14897777160844214,0.6497381908200047,-1.125841350705546
Grafjellsbrea,2070-09-01,0.6050551826903023,-1.5948989179066206,-0.8238707718884563
Grafjellsbrea,2070-10-01,-0.4931280940425438,-0.1880290474247058,-0.6048893917594728
Grafjellsbrea,2070-11-01,2.5172399858476746,0.810107634179551,-0.9348055778574292
Grafjellsbrea,2070-12-01,2.0178969197045613,0.5572153023156877,0.5722510753941018
Grafjellsbrea,2071-01-01,0.006651079875497161,0.12934147170031765,-1.3581884115245308
Grafjellsbrea,2071-02-01,-0.7490544108060725,0.49917086347284495,-2.047494834241002
Grafjellsbrea,2071-03-01,-0.9118473150374585,1.883898129791082,-0.309442056283005
Grafjellsbrea,2071-04-01,-0.03347115475013987,1.0587752236965315,1.2428123186956654
Grafjellsbrea,2071-05-01,0.4630224977672424,1.2464697745826607,-0.1401516681064168
Grafjellsbrea,2071-06-01,1.681738307316684,1.5044515469681905,0.3915049133659853
Grafjellsbrea,2071-07-01,0.836040096327321,1.099876972004404,-0.3833670793211071
Grafjellsbrea,2071-08-01,-0.8144374326776034,-0.6597442581380096,0.11958853895718374
Grafjellsbrea,2071-09-01,-2.0496470878654356,-0.473141702595796,1.028856212522892
Grafjellsbrea,2071-10-01,1.0956892758225567,-0.6690846214043554,-0.05363398760720665
Grafjellsbrea,2071-11-01,-2.4774566641437166,-0.2551359561160804,0.854968362005688
Grafjellsbrea,2071-12-01,0.941264272788597,1.951096033823528,-0.5213052070356111
Grafjellsbrea,2072-01-01,1.4752696296656254,-0.20957456431778523,1.0634459028718883
Grafjellsbrea,2072-02-01,3.3873131720074507,-0.3200472190359737,-1.1482894906981005
Grafjellsbrea,2072-03-01,2.749285735338459,-1.1725550640981046,-2.5582848000987717
Grafjellsbrea,2072-04-01,-0.4777022248600697,-1.2155569437688334,-1.7205788900691097
Grafjellsbrea,2072-05-01,0.6415006810806955,-0.6313223191030686,0.8944913624518683
Grafjellsbrea,2072-06-01,-0.6228510267739892,0.5677541248301033,1.0512301168055525
Grafjellsbrea,2072-07-01,0.4379217347169691,-0.26961089368479274,1.0934150811265566
Grafjellsbrea,2072-08-01,-1.0386962451221373,0.6929714656845025,0.6908614951948455
Grafjellsbrea,2072-09-01,-0.5444148765504135,0.19823525684943175,1.9958884255271918
Grafjellsbrea,2072-10-01,-0.6420627113932581,1.6468353617906148,3.471302627058011
Grafjellsbrea,2072-11-01,0.47807711100475697,0.7143753772623839,-1.2286232773510137
Grafjellsbrea,2072-12-01,1.3257421611473463,-1.7982349060583527,-0.6406737875970249
Grafjellsbrea,2073-01-01,-1.0217891170666304,-1.2342079190910227,0.6018781529997123
Grafjellsbrea,2073-02-01,-0.4825217186549226,-1.8973689654082857,-0.3687492219017217
Grafjellsbrea,2073-03-01,0.5589534519312472,-0.4862652167194639,0.0841319358331545
Grafjellsbrea,2073-04-01,-9.239587710561474e-05,0.6950471268409947,-0.344540165212853
Grafjellsbrea,2073-05-01,1.028001124557371,0.5243720552366279,0.5981816715813062
Grafjellsbrea,2073-06-01,-0.586805601745534,-0.10528070832428604,-0.8886335657549367
Grafjellsbrea,2073-07-01,0.23990338852175333,-1.4145358376198496,0.5955236175505588
Grafjellsbrea,2073-08-01,1.0716400844445138,-0.6345149515392806,1.176652839483709
Grafjellsbrea,2073-09-01,1.6900573763193094,2.230756245781826,-0.739208348134579
Grafjellsbrea,2073-10-01,-1.256748714568972,0.8218232519069669,-0.0689391231722512
Grafjellsbrea,2073-11-01,0.9613398804878516,0.7452312117306583,1.3968955182784653
Grafjellsbrea,2073-12-01,-0.41825630505320727,-2.849201218345325,0.9305905676956195
Grafjellsbrea,2074-01-01,0.03162673716003287,-0.0687069113241114,-1.0560780097442788
Grafjellsbrea,2074-02-01,0.1855461587676949,0.13510239143798816,-2.477325458239714
Grafjellsbrea,2074-03-01,0.40271544551750993,-2.0556530220677742,0.1598494195097866
Grafjellsbrea,2074-04-01,-3.0138356790996603,-0.22452243659762064,1.7692191713967025
Grafjellsbrea,2074-05-01,0.37522260475833935,0.6582158952199751,-0.6117906526980222
Grafjellsbrea,2074-06-01,-0.40915019007942505,0.007707150255613406,-1.2041310483134093
Grafjellsbrea,2074-07-01,-0.6467274307181551,0.7921528901513445,0.5158454121366006
Grafjellsbrea,2074-08-01,1.056299507428492,0.0853415294044766,0.07579807327846422
Grafjellsbrea,2074-09-01,-0.4842757208900061,0.7604446931507406,0.3854861036486132
Grafjellsbrea,2074-10-01,0.4400833240243409,1.299670569285457,-1.6896651341930824
Grafjellsbrea,2074-11-01,1.8521935073499813,1.8655144392546923,-1.3324177097804415
Grafjellsbrea,2074-12-01,-0.4334616138007088,-0.8527857724883291,-0.01094620579010295
Grafjellsbrea,2075-01-01,0.6551271571726162,0.1320199923383526,-1.304840328220165
Grafjellsbrea,2075-02-01,0.4826343386057063,0.8034444373924302,-0.6696374133532084
Grafjellsbrea,2075-03-01,-0.7971838355684427,0.2651828965469121,-0.629232223771804
Grafjellsbrea,2075-04-01,0.0829378486969909,1.2913891901264354,2.7058540453625777
Grafjellsbrea,2075-05-01,-0.9291421284689264,-0.9143150117717967,0.11562534333654206
Grafjellsbrea,2075-06-01,1.125256402943039,1.2088528225890876,0.44493428912004535
Grafjellsbrea,2075-07-01,0.1944559792972994,-1.4067095468781698,-0.1973006836189236
Grafjellsbrea,2075-08-01,1.2724428426387238,-0.3841989753163764,0.9277177737738734
Grafjellsbrea,2075-09-01,0.6089514106371602,-1.786291804658341,0.3395064363140494
Grafjellsbrea,2075-10-01,1.1035047094566226,0.12640219414299728,0.414229733788102
Grafjellsbrea,2075-11-01,1.3595869797030984,0.8546299355495405,-0.14032316068389736
Grafjellsbrea,2075-12-01,0.7445579367859256,1.3911019982696586,-2.0211157321600175
Grafjellsbrea,2076-01-01,-1.8707073151128915,-1.101524873075438,-1.2236547624285603
Grafjellsbrea,2076-02-01,-1.190431124523634,0.04869993710587322,-0.09871777864183288
Grafjellsbrea,2076-03-01,-1.6355958800070827,-0.9546691015519567,0.8926365626813157
Grafjellsbrea,2076-04-01,-0.32050255946906153,-0.15658460542844357,-1.0933871446965517
Grafjellsbrea,2076-05-01,1.2843118529153839,0.3611559714848506,-1.2101504990958625
Grafjellsbrea,2076-06-01,1.25037745361395,-0.6662273526333138,-0.4421628422129513
Grafjellsbrea,2076-07-01,0.18177671844680784,-0.7541530164886935,2.0853701621717406
Grafjellsbrea,2076-08-01,0.3631571053728924,-0.8422802130612624,1.0660094558545736
Grafjellsbrea,2076-09-01,0.546728303082097,-0.27469697502286733,1.8145137806330018
Grafjellsbrea,2076-10-01,0.574527793527715,-0.3951527797998202,1.0546563450406385
Grafjellsbrea,2076-11-01,-0.7778772002156042,-0.2959325186833383,0.0460203732215243
Grafjellsbrea,2076-12-01,-2.354529661050412,1.256279879783678,0.24476859468499215
Grafjellsbrea,2077-01-01,-1.2013635625080525,-0.07477076070744001,2.3122280486329068
Grafjellsbrea,2077-02-01,-0.5361303107389402,-0.38579522333631155,1.6672070091829159
Grafjellsbrea,2077-03-01,-0.8484299988658023,-2.8032598548549204,-0.7105677065199018
Grafjellsbrea,2077-04-01,-1.5575519404993525,2.083102462552857,1.474278262606754
Grafjellsbrea,2077-05-01,-1.0283506987404973,-0.2975342011695204,0.5302389653824601
Grafjellsbrea,2077-06-01,-1.0426761359370988,0.44832726147529983,0.3198538980014964
Grafjellsbrea,2077-07-01,-0.7666868279914262,0.11105993546028232,0.4569568656338865
Grafjellsbrea,2077-08-01,-0.3194116698238566,0.2783102756462802,1.214423494135598
Grafjellsbrea,2077-09-01,0.1461499072730972,-0.05089030693470593,0.7308340271990447
Grafjellsbrea,2077-10-01,-2.0115416883881556,-1.3703683712478547,0.022893015987130172
Grafjellsbrea,2077-11-01,0.22560333567967875,0.9307431685152937,2.8954877468624827
Grafjellsbrea,2077-12-01,0.6722389093826863,-1.3456165911359685,1.1181942203636448
Grafjellsbrea,2078-01-01,-0.19039080905696035,0.7117520422693274,2.533261322987104
Grafjellsbrea,2078-02-01,-2.0218181149977084,-1.1491747601260405,3.0826257151487026
Grafjellsbrea,2078-03-01,-1.2378392701023444,-2.812557968993776,2.139582938975765
Grafjellsbrea,2078-04-01,0.5483696912911215,1.4511193224247607,0.4252450979683822
Grafjellsbrea,2078-05-01,1.3030448405104036,0.8032499147262796,-1.0084598856353832
Grafjellsbrea,2078-06-01,-0.07999286088683724,0.25360051483252516,1.4991246518484074
Grafjellsbrea,2078-07-01,1.6240531434580108,0.3463572398433044,0.5632482120115695
Grafjellsbrea,2078-08-01,0.5268035428730445,-1.3213494281596478,-1.7237202892195391
Grafjellsbrea,2078-09-01,-0.8778475019186937,-1.5085756344998262,-1.0343621521425952
Grafjellsbrea,2078-10-01,0.5745154693706354,1.578873885839614,0.0779466709808081
Grafjellsbrea,2078-11-01,2.1750208304972936,-0.21026289980964938,-0.4625874370953929
Grafjellsbrea,2078-12-01,-1.6140739493476233,-0.45059602017962125,0.6336910621554988
Grafjellsbrea,2079-01-01,0.14321188988395994,-2.6906317667799713,1.7993130998934428
Grafjellsbrea,2079-02-01,2.7372921869347286,-1.2133471421715385,0.6316715141437691
Grafjellsbrea,2079-03-01,1.982838368392365,-1.3900060252575361,-0.022671864545801734
Grafjellsbrea,2079-04-01,1.0417703541503425,1.1942011851354082,-0.5856799451703273
Grafjellsbrea,2079-05-01,1.2665301896271826,2.4998221627447603,1.969667894364214
Grafjellsbrea,2079-06-01,0.6262755323515705,0.593981695787649,-0.29981492130249404
Grafjellsbrea,2079-07-01,0.7657724209615941,-1.0360425750813052,0.7033661253450965
Grafjellsbrea,2079-08-01,0.23353919817036903,-0.11922499716111491,0.016651321414607883
Grafjellsbrea,2079-09-01,-0.023963199153041532,1.7716547102795446,1.3741654450083296
Grafjellsbrea,2079-10-01,-2.151206485814559,-2.2985940739949604,1.746881628442334
Grafjellsbrea,2079-11-01,1.2956227727299663,-1.450718095560256,-0.9519900013624225
Grafjellsbrea,2079-12-01,-1.2722912028925417,0.22804784164508815,0.9685957285782415
Grafjellsbrea,2080-01-01,-0.6587005060545532,-0.9367673945294049,1.149227305866538
Grafjellsbrea,2080-02-01,0.018879808819136232,-1.3785962288716938,2.2190047725455497
Grafjellsbrea,2080-03-01,-1.3725720014305889,0.9004510213220719,0.5753873375812072
Grafjellsbrea,2080-04-01,-0.6890686814790349,-2.0005024702604555,0.9226559669112917
Grafjellsbrea,2080-05-01,0.6607045681926818,0.42963270272620435,-0.00991049884751751
Grafjellsbrea,2080-06-01,0.8632851938098689,-0.16532885787553067,-0.3935929938666254
Grafjellsbrea,2080-07-01,-0.4683794685631449,-0.3158465418675614,0.8286334261927061
Grafjellsbrea,2080-08-01,0.17277558335023688,-0.326734754943488,0.09535698773081758
Grafjellsbrea,2080-09-01,0.1282613069123754,-0.9776637480608601,-0.40636033188816745
Grafjellsbrea,2080-10-01,-1.0879541695122477,-0.4909526946799165,-0.3355395786567716
Grafjellsbrea,2080-11-01,0.7928693316369199,-1.3093433474805358,-0.40260192251662924
Grafjellsbrea,2080-12-01,3.0645373330123085,0.3801463673690238,0.4558821427947042
Grafjellsbrea,2081-01-01,1.038043588413086,2.0108552765291496,0.021371475398679673
Grafjellsbrea,2081-02-01,2.3658909492166345,1.6432429899324568,0.49521006103997833
Grafjellsbrea,2081-03-01,3.273701168851544,1.0119174729541984,0.19788253335131945
Grafjellsbrea,2081-04-01,-1.6257550262850977,1.5794043789706065,0.4530542231158101
Grafjellsbrea,2081-05-01,-1.7325181206941866,0.5011233197899997,0.10967652977814162
Grafjellsbrea,2081-06-01,1.6219906317810449,-1.3869969490049716,0.4322887825175988
Grafjellsbrea,2081-07-01,-0.2652708360187948,-0.3030465644535984,1.4558611731423694
Grafjellsbrea,2081-08-01,0.7569060693141653,0.6289894711268257,1.4104945491440806
Grafjellsbrea,2081-09-01,-1.481037488829313,-0.021093985900386903,-1.5488451642001468
Grafjellsbrea,2081-10-01,2.4692657160222837,-1.1553441488921277,-0.3264139565970958
Grafjellsbrea,2081-11-01,0.8170717457641627,-0.07534930334613628,1.9782070063557449
Grafjellsbrea,2081-12-01,1.1599721941790124,1.7861618969209978,0.21007753888847644
Grafjellsbrea,2082-01-01,-2.638359657318802,-0.19121930718509939,-0.8602909868959939
Grafjellsbrea,2082-02-01,-1.4231360837161457,0.13216830941943936,-2.0521322915335514
Grafjellsbrea,2082-03-01,0.8547930392741897,2.087722208905688,-1.0278802179955029
Grafjellsbrea,2082-04-01,-0.2722863136550609,0.7956500094786279,0.08194796661804989
Grafjellsbrea,2082-05-01,0.2749200168008258,0.3945165040625187,1.3221122467903323
Grafjellsbrea,2082-06-01,-0.5129915444552617,-0.4000111309771959,-1.6978156105028865
Grafjellsbrea,2082-07-01,1.8695486670857318,0.784511260880557,-1.7241798576189773
Grafjellsbrea,2082-08-01,0.3471169422540982,0.713399297802864,1.103111785226887
Grafjellsbrea,2082-09-01,1.5324904290365726,-0.287115118491799,0.37210456584826285
Grafjellsbrea,2082-10-01,0.5300372380881081,0.645434283699327,1.6083896200125878
Grafjellsbrea,2082-11-01,1.4464078021515665,-0.3244667063215333,1.6569070998439042
Grafjellsbrea,2082-12-01,-1.0618146198586915,0.21436291581380593,-1.2735401439751448
Grafjellsbrea,2083-01-01,1.639940793075132,0.48662272663951084,-2.1627979715272403
Grafjellsbrea,2083-02-01,1.6581348201981498,3.4493293190924845,-0.645344879488537
Grafjellsbrea,2083-03-01,2.3024151092645044,1.2233248176668805,0.4583084503120505
Grafjellsbrea,2083-04-01,0.9219058877273137,2.360948835326574,3.840726351858052
Grafjellsbrea,2083-05-01,0.08196187460690883,1.5282871947005756,0.4466635549372384
Grafjellsbrea,2083-06-01,-0.7339707096266608,0.214306146060289,0.5233621838175315
Grafjellsbrea,2083-07-01,0.798164931762355,0.2261447091602017,-0.2589122300184765
Grafjellsbrea,2083-08-01,0.1393433752280823,0.6630719945078675,1.953101946554603
Grafjellsbrea,2083-09-01,0.44427182835904083,-0.21709513333417596,-0.17704292955795073
Grafjellsbrea,2083-10-01,-0.6759100000897439,-0.562022799786559,-1.2129084426489243
Grafjellsbrea,2083-11-01,0.6516573861938747,0.6220057897366652,-0.5403148019415919
Grafjellsbrea,2083-12-01,-1.797642028500696,0.33928123524423787,-1.1927221642615824
Grafjellsbrea,2084-01-01,-1.3810421113173075,-1.003886718846653,-0.79786966001984
Grafjellsbrea,2084-02-01,-0.00723110468906601,1.5145157164003074,-0.17174452694483536
Grafjellsbrea,2084-03-01,0.5634373459119845,-0.867778709132175,1.5771100714793096
Grafjellsbrea,2084-04-01,1.0593126937919028,-1.5230691314613605,2.204511541288872
Grafjellsbrea,2084-05-01,0.1116369120784927,0.752731826516333,0.28926623207702457
Grafjellsbrea,2084-06-01,-1.1627872062419133,1.3687362101492713,-0.27454003502213037
Grafjellsbrea,2084-07-01,0.9546231934579127,0.24778962080164368,0.5715441403834184
Grafjellsbrea,2084-08-01,0.7378841792575425,0.7008518151959207,-0.311546878038869
Grafjellsbrea,2084-09-01,0.8061744676222542,0.44779129353920677,0.9345919302903282
Grafjellsbrea,2084-10-01,-0.15423301210015503,-0.7331264907278596,-1.4902209715206542
Grafjellsbrea,2084-11-01,-0.33113249233515,0.12893633964629622,-0.27268252516543373
Grafjellsbrea,2084-12-01,2.306497514141423,2.071057089976727,-0.7220082805187059
Grafjellsbrea,2085-01-01,-0.5924185105867555,1.2791422852109975,-1.4129818114284953
Grafjellsbrea,2085-02-01,0.562785139826444,2.9099325274956254,-0.47750365416873325
Grafjellsbrea,2085-03-01,1.2000633874747155,1.175450685150145,2.299321010547464
Grafjellsbrea,2085-04-01,0.4615457525223939,-1.4183465217712843,-2.367642337938443
Grafjellsbrea,2085-05-01,0.346983666443259,-0.329789404654212,-0.407437192092788
Grafjellsbrea,2085-06-01,0.06102114558369522,0.09759257794310429,0.4660083645795315
Grafjellsbrea,2085-07-01,0.18122709681740445,0.013811986026846532,-0.4763226738052418
Grafjellsbrea,2085-08-01,-0.40928549610816517,-0.8837199081760195,0.19380448477037268
Grafjellsbrea,2085-09-01,-0.9645963469628863,0.4053715614971784,0.4869123751748601
Grafjellsbrea,2085-10-01,-0.3654337754461112,1.2855405664728154,-0.17417988079336602
Grafjellsbrea,2085-11-01,-0.025354760214467132,2.1941946008998237,1.2069809362773156
Grafjellsbrea,2085-12-01,2.1467854996867333,-0.27489064062111496,0.9244149182061748
Grafjellsbrea,2086-01-01,0.2052300098507143,-1.754975155706853,0.4755424664323326
Grafjellsbrea,2086-02-01,0.2657170085793011,1.28218615632769,1.9948489600604067
Grafjellsbrea,2086-03-01,-0.019452986864342336,0.5814235928813931,1.8230298067188115
Grafjellsbrea,2086-04-01,-0.0632501966384743,0.5300103141502418,1.6379628912632598
Grafjellsbrea,2086-05-01,1.9140537817986776,0.36042173422293594,2.2470941233607946
Grafjellsbrea,2086-06-01,3.118317662139193,1.6546577117388184,0.7752872557503451
Grafjellsbrea,2086-07-01,-0.5005689449293484,-0.5622359484380967,0.12485589969918215
Grafjellsbrea,2086-08-01,-0.03494896351693868,0.9833322652962494,0.34857490810734254
Grafjellsbrea,2086-09-01,-0.6796337772697898,0.5502936669643265,-0.4169802160937098
Grafjellsbrea,2086-10-01,1.7098537001438994,2.9144338751662286,1.162341480171904
Grafjellsbrea,2086-11-01,2.142422485061612,-0.14817911434256617,0.3529106914913977
Grafjellsbrea,2086-12-01,0.03673604662691982,-1.7363106543943398,0.4674041009671161
Grafjellsbrea,2087-01-01,0.5341718804716714,-0.2518561151401721,-1.1709424145257696
Grafjellsbrea,2087-02-01,-0.859763138200745,1.5459210213165988,3.0805405573884905
Grafjellsbrea,2087-03-01,0.7598853903723842,1.39181041836439,1.277866665240759
Grafjellsbrea,2087-04-01,1.6397339260415513,1.0924613437372261,-0.8474569296938587
Grafjellsbrea,2087-05-01,0.018988197012319182,1.0655597279015332,-0.30879647133893395
Grafjellsbrea,2087-06-01,0.7737628231498821,0.2029175009543274,0.00573290589995142
Grafjellsbrea,2087-07-01,-0.607774687178341,0.7640819754555931,0.08352777349349798
Grafjellsbrea,2087-08-01,-0.9571126986378392,0.6068887454961581,1.4848832024579792
Grafjellsbrea,2087-09-01,-2.397928429761893,-0.6922389831456055,0.8815172259756238
Grafjellsbrea,2087-10-01,-1.1093685901183927,-0.4719361913572115,1.2622544522567292
Grafjellsbrea,2087-11-01,-1.3764052984711468,-0.9618813797289226,-0.23243485860388532
Grafjellsbrea,2087-12-01,0.04636014575038355,0.4408162961474534,-2.681802910653083
Grafjellsbrea,2088-01-01,1.8945471308504054,-1.7903893469815462,1.6780358440011998
Grafjellsbrea,2088-02-01,3.2386685522967347,-1.791819676973768,0.7159885866404934
Grafjellsbrea,2088-03-01,1.9283938472520532,-0.29562653481533474,2.1585277724064986
Grafjellsbrea,2088-04-01,0.2683026405171335,-0.6436689857282684,1.6088395551507402
Grafjellsbrea,2088-05-01,1.0951859691330779,1.6463576079514812,1.1901299960056475
Grafjellsbrea,2088-06-01,-0.1067210158373423,-0.7872355612304478,-0.09353628002921592
Grafjellsbrea,2088-07-01,-0.12161722321961516,-1.3438242907323972,-0.8361786231910134
Grafjellsbrea,2088-08-01,-0.870766382770606,-0.34808169695341123,0.4152993135220188
Grafjellsbrea,2088-09-01,-0.07561717410092984,-0.5485145117072436,0.8236392698173747
Grafjellsbrea,2088-10-01,-0.32903482456632993,1.2147612317477567,0.9742209295086375
Grafjellsbrea,2088-11-01,1.7966715263347763,1.6448400279721838,0.6274884172464374
Grafjellsbrea,2088-12-01,-1.847864561806258,-0.5402288228478344,0.9837459220253998
Grafjellsbrea,2089-01-01,-1.136894675331873,-0.300588395780589,-0.003950891674425934
Grafjellsbrea,2089-02-01,-3.306408123133816,-0.2975782040784378,3.0840995425559217
Grafjellsbrea,2089-03-01,1.0201295150891043,0.8413242937474007,2.997768817556286
Grafjellsbrea,2089-04-01,0.9626077395917451,-1.1485049432295245,0.025964897443373363
Grafjellsbrea,2089-05-01,0.2839948393769594,0.37490557160061844,-0.9809820425726596
Grafjellsbrea,2089-06-01,-0.960667197699438,0.5876925597083359,0.5473546299761374
Grafjellsbrea,2089-07-01,0.8334288273549652,0.5894816691673016,0.8763871571191654
Grafjellsbrea,2089-08-01,-1.0561423349414154,0.41088665163329047,0.404674174580203
Grafjellsbrea,2089-09-01,0.8753009893945171,-1.0620480150056317,0.9050302452691857
Grafjellsbrea,2089-10-01,1.0711071964232501,1.5630013360339063,-1.4466794159744418
Grafjellsbrea,2089-11-01,0.1615161867486895,-0.772154525044313,-1.1790520255431833
Grafjellsbrea,2089-12-01,1.186909182951543,-0.17721212884670323,-0.2951066705159084
Grafjellsbrea,2090-01-01,1.2497090354807072,0.005031694725026163,-1.3018515168413687
Grafjellsbrea,2090-02-01,3.0289492264369122,-1.661027082599632,0.6394856608532469
Grafjellsbrea,2090-03-01,1.7865265509503747,-0.997658705262023,-0.46148587429051596
Grafjellsbrea,2090-04-01,-1.0934017444334245,-0.5935081342735704,1.8149319192876197
Grafjellsbrea,2090-05-01,-0.8261827050610107,-0.5490895133089583,0.866730894006393
Grafjellsbrea,2090-06-01,-0.9690395624085548,0.8090489869509431,1.1677016759191887
Grafjellsbrea,2090-07-01,0.03880221428247982,1.115874525938221,0.4065875451956977
Grafjellsbrea,2090-08-01,0.920446900075577,-0.5141677890005096,0.5031953685340288
Grafjellsbrea,2090-09-01,0.8769051943088101,-1.9481182434696678,1.199645623897668
Grafjellsbrea,2090-10-01,-0.040481258311310095,1.0569988502689909,2.3688298235346363
Grafjellsbrea,2090-11-01,-0.8559802139206188,0.7266284386700391,-1.0087269581392306
Grafjellsbrea,2090-12-01,-2.377503869924528,-0.5029469340647061,-0.23825660860112566
Grafjellsbrea,2091-01-01,0.8806418771196886,-3.0551339649307416,-0.5669927370843975
Grafjellsbrea,2091-02-01,0.561570610521685,0.8935156784849075,-3.05578810177559
Grafjellsbrea,2091-03-01,-2.5595391441514974,2.55679426978983,-2.139537991932906
Grafjellsbrea,2091-04-01,-0.45566102620911214,-0.14098822250117807,1.576319732091678
Grafjellsbrea,2091-05-01,0.20600931850111012,-0.744863751654386,1.5031337783581051
Grafjellsbrea,2091-06-01,0.24083670295089196,-0.8884333955492817,0.841462896273061
Grafjellsbrea,2091-07-01,0.8096355718218954,1.5620009067257026,-0.31727672477541496
Grafjellsbrea,2091-08-01,1.3210865433936236,0.557776187205762,0.7757585555847193
Grafjellsbrea,2091-09-01,-0.49987303046867276,1.3473955454327609,0.1165547856311608
Grafjellsbrea,2091-10-01,-1.8509254720183979,0.7014839070044733,0.03368513972067438
Grafjellsbrea,2091-11-01,1.5277547356454886,1.482689787878159,0.40998523388505265
Grafjellsbrea,2091-12-01,-0.519657842781174,1.9602967268485443,3.124040653325903
Grafjellsbrea,2092-01-01,1.779636291450563,1.1421701332587733,1.0667965527897383
Grafjellsbrea,2092-02-01,2.1684169291296738,-1.4137465901585546,-1.160451579144096
Grafjellsbrea,2092-03-01,1.680703692952018,1.663551040738664,-1.6058915683703507
Grafjellsbrea,2092-04-01,0.7571777548032553,1.2229741392908169,0.26496603001128766
Grafjellsbrea,2092-05-01,0.13389604895230794,-0.24671309625441093,1.0985634066382184
Grafjellsbrea,2092-06-01,-2.0213938598253938,-0.6993466832181371,-0.09095299571198316
Grafjellsbrea,2092-07-01,-0.3248244011091172,-0.06742555806283829,0.10935309052795313
Grafjellsbrea,2092-08-01,0.3434362937785514,0.2011720938031318,1.164412270711794
Grafjellsbrea,2092-09-01,0.5119536585295156,1.5219364176924308,0.16940574424850693
Grafjellsbrea,2092-10-01,0.0626613710860579,-1.5657774776639537,-0.7317046731605408
Grafjellsbrea,2092-11-01,-1.5956576456749734,1.1101323799609744,1.2810194358404825
Grafjellsbrea,2092-12-01,0.3840116866018381,1.0747603711633724,1.5485673642836097
Grafjellsbrea,2093-01-01,2.6530646622003093,2.939007816179796,-0.2914533019264539
Grafjellsbrea,2093-02-01,-0.43952979255120583,0.755640259558824,0.44720676356882266
Grafjellsbrea,2093-03-01,2.305460879460812,0.24270441963759024,-0.647580133213333
Grafjellsbrea,2093-04-01,1.5200897642519966,-0.3554839834141876,-1.5097859242137697
Grafjellsbrea,2093-05-01,-1.2184557090230272,-0.43257452159288423,1.2856950899998119
Grafjellsbrea,2093-06-01,-0.005670942125175595,0.2167513125377237,-0.08128815729287685
Grafjellsbrea,2093-07-01,-0.33769159027689916,0.5976918679307954,0.7523141240217773
Grafjellsbrea,2093-08-01,-1.0192071165682617,0.14319164030809195,0.5531450578768577
Grafjellsbrea,2093-09-01,0.3834877709074818,0.8572323059166709,0.5786135693826511
Grafjellsbrea,2093-10-01,2.004014802112564,-0.5290963636554269,-0.9800055188146315
Grafjellsbrea,2093-11-01,1.034411892072429,-0.6500285660084478,-0.5397334571391005
Grafjellsbrea,2093-12-01,-0.8348037651376169,0.8801230686861882,1.4686272682034751
Grafjellsbrea,2094-01-01,-0.527010589861442,-0.7593983048435232,0.39549697266345873
Grafjellsbrea,2094-02-01,-1.0638653398222744,3.325618411853977,-2.832870082331859
Grafjellsbrea,2094-03-01,1.4002290748185924,0.7404421811869678,1.3031909294189872
Grafjellsbrea,2094-04-01,1.0878987372075737,-0.6824952333867618,0.8333924713655662
Grafjellsbrea,2094-05-01,-0.926132916243501,0.18021688582912856,1.6741767361153423
Grafjellsbrea,2094-06-01,-1.4923952037772175,0.3681652890629672,0.42157206562638344
Grafjellsbrea,2094-07-01,0.3643717665009038,0.4169603649843953,0.793928934378151
Grafjellsbrea,2094-08-01,-0.11378945026286685,0.13421336252476862,-0.15592922046455382
Grafjellsbrea,2094-09-01,1.2157312839754764,-0.9869598544944554,-0.5758238815304083
Grafjellsbrea,2094-10-01,-0.3728738761604479,0.3077546312319847,1.0952071531706349
Grafjellsbrea,2094-11-01,-1.9722199260612496,-1.031186795457711,2.277160979161039
Grafjellsbrea,2094-12-01,0.9708426239862926,-0.14680602059870523,0.3663673460460159
Grafjellsbrea,2095-01-01,-1.2634481402326792,2.764140447540362,-0.7247679918575112
Grafjellsbrea,2095-02-01,-3.0283377289440754,0.14245694807854656,1.6276496895498467
Grafjellsbrea,2095-03-01,-0.12971021948067704,0.5799696337589676,1.274549892991244
Grafjellsbrea,2095-04-01,0.08987105285690226,-0.5395895516914003,0.597247503826282
Grafjellsbrea,2095-05-01,0.12999479097552924,-1.85461953940417,0.07157033624952719
Grafjellsbrea,2095-06-01,0.8830177517982767,-0.5082908385371274,-0.29200903908660997
Grafjellsbrea,2095-07-01,1.0913479718101404,-0.2963174573368303,0.13805201425520572
Grafjellsbrea,2095-08-01,0.7299615169125069,0.5710513115110317,2.057089739406168
Grafjellsbrea,2095-09-01,0.2407823186590552,-0.7579057434077537,-0.285866768936301
Grafjellsbrea,2095-10-01,0.7627471971037175,-0.6942793407496516,0.5555494584126166
Grafjellsbrea,2095-11-01,0.9459754732099034,-0.7789941110885229,0.6125664893475496
Grafjellsbrea,2095-12-01,-1.1444140681388744,1.2685217248334961,0.6550013988684221
Grafjellsbrea,2096-01-01,-0.5141132808975953,0.03775278974236798,-1.0294760675234074
Grafjellsbrea,2096-02-01,-3.2298086879871186,-1.038702611719242,-1.2239812125668712
Grafjellsbrea,2096-03-01,-3.290809835989391,2.223254835455014,1.9005719569527353
Grafjellsbrea,2096-04-01,2.3405323027095064,1.641533025218747,-0.8065023357210142
Grafjellsbrea,2096-05-01,-0.14663289358594073,-0.14353898453166047,1.829842964748882
Grafjellsbrea,2096-06-01,1.7110971140845137,0.31477336671682693,1.8704502250172823
Grafjellsbrea,2096-07-01,1.0309046464566733,-0.2572759371130919,2.24226119472174
Grafjellsbrea,2096-08-01,0.7097683013468722,0.8845432904812313,0.35874354849924717
Grafjellsbrea,2096-09-01,1.7691304461152393,0.9052605131809429,0.4090359420773782
Grafjellsbrea,2096-10-01,-1.3128455248283972,0.07064645277543227,-2.141985486409665
Grafjellsbrea,2096-11-01,-0.44947268902866444,0.019796397149759865,-0.3722533204197882
Grafjellsbrea,2096-12-01,-2.6873749037786325,-1.7433001344093284,-1.4647008514033282
Grafjellsbrea,2097-01-01,1.7096477430215813,1.1248559396011928,-2.275697710050785
Grafjellsbrea,2097-02-01,-1.6187328901381335,-0.5389893656205097,-2.1434031919657284
Grafjellsbrea,2097-03-01,1.2195136429555542,-1.2211691614840712,0.41532185907226954
Grafjellsbrea,2097-04-01,-1.2892706600741488,-2.1993782192292146,0.31276371989725654
Grafjellsbrea,2097-05-01,-1.7929361300228983,0.5734720638088154,0.9220911380043004
Grafjellsbrea,2097-06-01,-1.3502710792799444,0.3479154640730382,0.2988605215617135
Grafjellsbrea,2097-07-01,-0.3176906479836615,1.2338608444567523,1.2199189197174183
Grafjellsbrea,2097-08-01,0.3994112321373386,-0.7535829284934942,0.7599754925844833
Grafjellsbrea,2097-09-01,-1.0234175923209523,-0.2754859929419006,0.35008278132800136
Grafjellsbrea,2097-10-01,-2.110460711736058,0.24715152927037498,1.9307524917907004
Grafjellsbrea,2097-11-01,0.22492855130794584,0.02253331214850196,-0.5675565881666085
Grafjellsbrea,2097-12-01,1.1153504362910633,-1.027064431590291,0.15572934501293917
Grafjellsbrea,2098-01-01,-0.02462105365451599,-0.8089732150456115,-1.5671420420785769
Grafjellsbrea,2098-02-01,3.183394881390553,-0.8845213638785951,0.5017254597775623
Grafjellsbrea,2098-03-01,1.930987006893659,-0.8991918793888628,-0.5802214234666963
Grafjellsbrea,2098-04-01,1.304307119698678,1.2073634256963683,0.17850961080772168
Grafjellsbrea,2098-05-01,0.0389530751486253,-1.2059691704777562,-0.4768371889964467
Grafjellsbrea,2098-06-01,1.0867181945113065,2.061185714020619,0.4393635325219472
Grafjellsbrea,2098-07-01,-0.7135242637409003,0.17026427601177474,0.5110176975214452
Grafjellsbrea,2098-08-01,-1.2767668100380363,-0.8852215468488622,0.9895808091844867
Grafjellsbrea,2098-09-01,-2.013027570555316,-1.0503783721464142,0.8077241398947161
Grafjellsbrea,2098-10-01,-0.5908652217165832,0.20547944777899688,0.29710509767758114
Grafjellsbrea,2098-11-01,3.4874888103999546,1.246912579559367,0.176182139268361
Grafjellsbrea,2098-12-01,-0.35763841024039217,1.4364469255992942,-0.19553034567516303
Grafjellsbrea,2099-01-01,-1.3460727248047395,1.2578724133126744,-0.18135937128988547
Grafjellsbrea,2099-02-01,0.3754551886867567,-0.9369467267245755,1.0786089433333104
Grafjellsbrea,2099-03-01,1.4703661043050194,-0.6855601947067691,-0.3291765121844666
Grafjellsbrea,2099-04-01,0.66289602973611,-0.030609547009419206,1.2270115985323704
Grafjellsbrea,2099-05-01,0.9316127564985811,-0.7382192657490066,-1.1078330453668086
Grafjellsbrea,2099-06-01,-1.0213915527130562,0.7638728107644956,1.3905030621878192
Grafjellsbrea,2099-07-01,-0.1563594960465701,-0.6538197653370742,-0.7046669734734659
Grafjellsbrea,2099-08-01,0.8268884305348085,0.21075694678149715,1.8182556400904009
Grafjellsbrea,2099-09-01,-2.0228105523856237,-0.7999074121813364,0.3902165981581494
Grafjellsbrea,2099-10-01,-1.4276537419086273,-0.9335421876776729,-1.2937252102075525
Grafjellsbrea,2099-11-01,-2.6191292634757177,0.38774081467099314,2.8072814582744052
Grafjellsbrea,2099-12-01,-3.4596366830670093,-0.616148777220826,0.508618449692377
Grafjellsbrea,2100-01-01,0.12689118621717646,2.110491028027044,0.9608872836626109
Grafjellsbrea,2100-02-01,-1.3548438783877177,1.3849265090279796,-0.8218389954593306
Grafjellsbrea,2100-03-01,1.4259391706176123,0.37130505101993094,-0.793159065368526
Grafjellsbrea,2100-04-01,1.7540139998709574,-0.4231149842618532,-0.08144469795149846
Grafjellsbrea,2100-05-01,1.8289616347463464,-0.5279286972052137,1.7031929899993894
Grafjellsbrea,2100-06-01,0.4710492120597943,-0.34489065774081734,0.35594586119596355
Grafjellsbrea,2100-07-01,0.7284372676572248,-1.1594936479800897,0.09422769268139682
Grafjellsbrea,2100-08-01,-0.002682230716386106,0.8148417208070068,0.9756225054286151
Grafjellsbrea,2100-09-01,0.5373989787587942,0.441126068360629,0.7896741889132564
Grafjellsbrea,2100-10-01,-1.512881774994763,-1.4090630146482859,0.8512980429044071
Grafjellsbrea,2100-11-01,0.5271291410459721,-0.5980996655132073,-1.8730531928281184
Grafjellsbrea,2100-12-01,2.7431836393376483,-0.36544976529184153,-1.2763872300333785
Grasubreen,2015-01-01,-0.3280172649236632,-0.506776773434609,-0.3403621753417594
Grasubreen,2015-02-01,-0.04673924556026263,6.37422028572134e-05,-0.398407427579673
Grasubreen,2015-03-01,-0.0015155817083425532,0.15204262175489455,-0.08280970260402572
Grasubreen,2015-04-01,-0.2249478681692034,-0.03705634894994756,0.2828936235618178
Grasubreen,2015-05-01,-0.13733517916521354,0.04903204080986904,-0.08359319143321937
Grasubreen,2015-06-01,0.026770683524112215,0.14427596874602608,0.060887906655086026
Grasubreen,2015-07-01,0.03150432359684858,0.0672625488919615,0.034242542424114196
Grasubreen,2015-08-01,0.1144435448555155,0.09440157691940522,0.015483134202746912
Grasubreen,2015-09-01,0.24336826189403707,0.4098107684832411,-0.12179383052030789
Grasubreen,2015-10-01,0.06436049633283518,0.054399157779260625,0.028593109707570275
Grasubreen,2015-11-01,0.3514362475405719,-0.133599245870495,0.20246062906223336
Grasubreen,2015-12-01,-0.22667917543991026,0.05829913448734486,0.16015274676007904
Grasubreen,2016-01-01,0.5482179713899057,-0.46937924932462205,-0.25949201553131157
Grasubreen,2016-02-01,0.701817285097626,0.4482909007191152,-0.32709147558852264
Grasubreen,2016-03-01,0.31887739668937165,0.1655008730838759,-0.057753703129646804
Grasubreen,2016-04-01,0.10911377416388628,-0.2041773605358467,-0.01595123763301021
Grasubreen,2016-05-01,0.23420361878779783,-0.13691228712550588,-0.13457042309086137
Grasubreen,2016-06-01,0.012145098350343497,0.05738683483827504,0.008961541403829746
Grasubreen,2016-07-01,-0.05054765429996022,0.010453796865199233,-0.14748162652190142
Grasubreen,2016-08-01,0.011652636534456784,0.0721331519139773,-0.12563190840690105
Grasubreen,2016-09-01,0.02633912951439364,0.29414507470390655,-0.18970099297404983
Grasubreen,2016-10-01,0.09098616414474907,0.18336661323334855,0.11602399096584622
Grasubreen,2016-11-01,-0.29246897279389533,-0.1125780259306538,-0.2602228670517181
Grasubreen,2016-12-01,-0.0764807216019996,0.10153133312168933,-0.05784591112356561
Grasubreen,2017-01-01,0.154061150088418,0.41342555863688063,0.019262634540243826
Grasubreen,2017-02-01,-0.06923936788502068,0.20443723877425382,0.18577683610651433
Grasubreen,2017-03-01,-0.40896405423788323,0.5238821945754971,0.08106813879792249
Grasubreen,2017-04-01,0.12372117117272304,0.24840985259696016,0.04344684458232687
Grasubreen,2017-05-01,0.09048331416941903,0.03028626213606857,0.03121957975551255
Grasubreen,2017-06-01,0.11445156084612841,0.05026891812215919,0.21439991660247656
Grasubreen,2017-07-01,0.10228845800992299,0.03614656015871666,-0.06363578216276092
Grasubreen,2017-08-01,0.09523013382856745,0.06464492300952752,-0.15201345807835762
Grasubreen,2017-09-01,0.1257763005011315,0.10184764071949859,-0.10801577619566445
Grasubreen,2017-10-01,-0.1602666868047687,0.22111511037331363,-0.061225440348804026
Grasubreen,2017-11-01,0.06479714260576974,0.015333211386635038,0.17065739487905038
Grasubreen,2017-12-01,-0.1978738059532598,0.1552350727001672,-0.0751168763952717
Grasubreen,2018-01-01,-0.1893871560832808,0.008042404968833702,0.6840368762456116
Grasubreen,2018-02-01,-0.6019412548146564,0.011358200514621558,0.3050224292525831
Grasubreen,2018-03-01,-0.05569787821354615,-0.04345116426465654,0.2788366843298871
Grasubreen,2018-04-01,0.11510563701671035,0.18629181137451656,-0.008193556200237845
Grasubreen,2018-05-01,0.066087499860924,0.15466081063429418,-0.24525666927774414
Grasubreen,2018-06-01,0.0845695104928138,0.12755887200949376,-0.07572480285552352
Grasubreen,2018-07-01,-0.02379213203930286,0.09742155123268348,-0.1309418703866612
Grasubreen,2018-08-01,-0.06567494046942148,-0.01714001383224927,-0.14546493595004598
Grasubreen,2018-09-01,-0.12637443076501845,0.07543893064672216,0.05096995889590308
Grasubreen,2018-10-01,-0.15580843034378222,0.20035009205523316,-0.1983345707195141
Grasubreen,2018-11-01,-0.03970690188024003,-0.0925657373656148,-0.38727721972591783
Grasubreen,2018-12-01,0.21806387339295474,-0.13617825485379534,-0.2649668720528556
Grasubreen,2019-01-01,-0.12322287013206434,0.28945863845206515,-0.0863931367222363
Grasubreen,2019-02-01,0.027334847921951677,0.48818662793224615,0.3584225351209005
Grasubreen,2019-03-01,0.06994398307263121,-0.1492471263109748,0.17903374488203883
Grasubreen,2019-04-01,0.24736878761059536,0.2052626780917206,0.14841771078460325
Grasubreen,2019-05-01,-0.10342673078550539,0.19347630767707016,0.04920744203246163
Grasubreen,2019-06-01,0.0659593118700271,-0.0032199092848511726,0.1621941732670272
Grasubreen,2019-07-01,0.0050915615262493346,0.028708160484498053,0.017764185248917194
Grasubreen,2019-08-01,-0.00802907588141936,0.16117383465676063,-0.020166538107862796
Grasubreen,2019-09-01,0.05259544135079331,0.042440448328797654,-0.00012618512985861086
Grasubreen,2019-10-01,0.06382187098243904,-0.09113575863554273,0.01935409714049761
Grasubreen,2019-11-01,-0.016721797316322996,0.04343185702336078,0.06388164928371763
Grasubreen,2019-12-01,-0.42479501990375473,-0.2149932398104509,-0.02042209423732251
Grasubreen,2020-01-01,-0.12028438934010822,0.2072365986295209,0.002996377006958271
Grasubreen,2020-02-01,-0.20043081221255585,0.6742470012338654,-0.30833042630319835
Grasubreen,2020-03-01,-0.08520861891264662,0.4761837435506105,-0.1695859464081202
Grasubreen,2020-04-01,0.11997189777093277,-0.005971451968003499,0.22497612303517944
Grasubreen,2020-05-01,0.2627750778894979,0.08806754013796665,0.1299468098293425
Grasubreen,2020-06-01,0.16053163671836287,0.0056951896307177495,0.14368633584058046
Grasubreen,2020-07-01,0.1264212325167471,0.022059083444204944,0.10301485301177411
Grasubreen,2020-08-01,0.05258109811500158,0.06225713955164084,0.042659934994461544
Grasubreen,2020-09-01,0.17830188076535894,0.18877479230844,-0.05752270895670917
Grasubreen,2020-10-01,-0.09499215167615815,0.2715412983870375,0.08549283550914298
Grasubreen,2020-11-01,0.13980841105063896,0.014551659549123871,0.07809769572520843
Grasubreen,2020-12-01,0.08761473868043897,0.32968989279582184,0.16286736989778708
Grasubreen,2021-01-01,0.2673769580054374,0.40718709280727405,-0.20679043914140838
Grasubreen,2021-02-01,0.16814111871203544,0.6070806040809646,0.2502176954249566
Grasubreen,2021-03-01,0.4664118957260188,0.5439509143714276,-0.12750387301481156
Grasubreen,2021-04-01,0.05293324664018748,0.08765556963005093,-0.3088248723264742
Grasubreen,2021-05-01,0.05613203353902018,0.10243302736181037,0.10006923888263376
Grasubreen,2021-06-01,-0.09146569371465196,0.22821324210626648,0.11420848894178685
Grasubreen,2021-07-01,0.05287439869749225,0.07270713879159643,0.0802578446596895
Grasubreen,2021-08-01,-0.04155539393138429,0.2853581057776833,-0.012181433616901586
Grasubreen,2021-09-01,0.13334779883155196,0.24369833799232896,-0.05103273724413041
Grasubreen,2021-10-01,0.33519581922790637,0.3437833159525345,0.18723116642833112
Grasubreen,2021-11-01,0.18057340627044027,0.23614662763001235,0.1692801572318743
Grasubreen,2021-12-01,0.36736424079321345,0.3364208506579383,-0.24047992904334767
Grasubreen,2022-01-01,-0.24495880701228498,0.03667781857660141,-0.30631386818062784
Grasubreen,2022-02-01,0.25763356460883496,-0.663167463823775,-0.11123931470131643
Grasubreen,2022-03-01,0.3844328610092522,-0.09765034550551423,-0.31342131764967174
Grasubreen,2022-04-01,-0.01727168826452047,0.2578467842201766,0.33886965569807465
Grasubreen,2022-05-01,0.13625250759502272,0.2713078827527657,-0.13561173069700577
Grasubreen,2022-06-01,0.1762229004909273,0.12940475668150628,-0.0950680792545417
Grasubreen,2022-07-01,0.1312881553405948,0.08189313042410006,-0.04767862347330576
Grasubreen,2022-08-01,0.052862051902309505,0.04867604467986856,-0.2979880572159756
Grasubreen,2022-09-01,0.1349871191232497,0.1035071250112653,0.04265594142305703
Grasubreen,2022-10-01,0.4945885589496946,0.012528750546531709,0.023454110626687594
Grasubreen,2022-11-01,0.1114800278383265,0.2097945810136924,0.077224214606831
Grasubreen,2022-12-01,0.22911461588834392,0.04208711801056301,-0.04145480579659678
Grasubreen,2023-01-01,-0.11280422810297763,0.2383136922101812,0.268308423848931
Grasubreen,2023-02-01,-0.10137423210164058,0.06837262372100654,0.523312930499478
Grasubreen,2023-03-01,0.3633766442064224,0.18998477393545352,-0.19734672533809386
Grasubreen,2023-04-01,-0.07390425615408736,0.24902767196897715,0.10091059393730539
Grasubreen,2023-05-01,0.19174881434036364,0.005132458514107372,-0.05799399426290406
Grasubreen,2023-06-01,0.10054665874315429,0.05617290189528268,-0.00629542594008035
Grasubreen,2023-07-01,0.07128494087648894,-0.022710754395039306,-0.1570512740142335
Grasubreen,2023-08-01,0.2159062179970009,0.09926978489477768,-0.09845193701459798
Grasubreen,2023-09-01,0.38813848103151144,0.0349641584667057,-0.11618170356517321
Grasubreen,2023-10-01,0.6655500716515189,-0.1712200539621673,-0.2815670836330118
Grasubreen,2023-11-01,0.3596939637018391,-0.14968936070431407,0.11516703936101298
Grasubreen,2023-12-01,0.2986897599450597,0.03611536359350274,0.305824559925627
Grasubreen,2024-01-01,0.06426348026545592,0.6336337506615565,0.07694287043931346
Grasubreen,2024-02-01,0.07176791660235901,0.40039835642684896,-0.07924849696890561
Grasubreen,2024-03-01,0.07535738591721634,0.15276673871451804,-0.03408036318444799
Grasubreen,2024-04-01,0.08835896196570588,0.1806483758309391,0.008385686549267343
Grasubreen,2024-05-01,-0.027176262150215777,0.3401091140453261,0.025636891526287345
Grasubreen,2024-06-01,0.13876269609416436,0.04812857973291625,-0.047649339182900825
Grasubreen,2024-07-01,0.2850660492704014,0.14434266592753384,-0.15039353605642158
Grasubreen,2024-08-01,0.1604143512518745,0.08263509710460941,0.045086806220456715
Grasubreen,2024-09-01,0.19299825715064198,0.3798771276924075,-0.11905641253207654
Grasubreen,2024-10-01,-0.021110092306080352,0.2186265643270624,0.2530576723061066
Grasubreen,2024-11-01,0.2550221239470863,-0.10548137909193094,0.24032370536897596
Grasubreen,2024-12-01,-0.1943139951587786,0.17982373780943772,0.19219232146674048
Grasubreen,2025-01-01,0.20215518034075144,-0.09791625254193903,-0.22568252217639673
Grasubreen,2025-02-01,0.13026394217339096,0.21048990726785077,0.30416208201435213
Grasubreen,2025-03-01,0.19843256952203678,0.1224938853829316,-0.0080172816085234
Grasubreen,2025-04-01,0.008025676572956594,0.12462664049428351,-0.2564854926014594
Grasubreen,2025-05-01,-0.05544353775726424,0.019104918423376818,0.11799946649850727
Grasubreen,2025-06-01,0.04885443809816329,0.07010871165853154,0.17783445792852315
Grasubreen,2025-07-01,0.023005346351371702,-0.006051215689163517,0.07827596068824925
Grasubreen,2025-08-01,0.07131048053676597,0.04881653353011686,0.1080991640323377
Grasubreen,2025-09-01,0.17933079753642442,0.2860223408473552,0.0738285491759264
Grasubreen,2025-10-01,-0.0013984384301554131,0.00036611461891133495,-0.04325010315508147
Grasubreen,2025-11-01,0.05554864434565479,0.26426313369311477,-0.0530701446123362
Grasubreen,2025-12-01,-0.23526648476310333,0.25477773118973096,0.6219912082750515
Grasubreen,2026-01-01,-0.5300489916928278,0.45231820021555363,0.8599008715534767
Grasubreen,2026-02-01,-0.09133469133253692,-0.15581951110560407,0.06457718889265715
Grasubreen,2026-03-01,-0.39794968701573197,-0.31563424453834127,-0.18457401283588656
Grasubreen,2026-04-01,0.10123174671780145,0.16920201902058488,-0.22249269993246382
Grasubreen,2026-05-01,0.15002978844077422,0.008204956119233766,0.032324116123275716
Grasubreen,2026-06-01,0.05593407877637555,-0.00576446826001098,0.05058637793833964
Grasubreen,2026-07-01,0.05172420228279364,0.05265794772660714,0.002322452078666317
Grasubreen,2026-08-01,-0.014076357219765226,0.008411906611442097,0.033876770192521805
Grasubreen,2026-09-01,0.016707754346331028,0.042436973669035906,-0.019644828255168067
Grasubreen,2026-10-01,0.16450818416820365,0.1953067558839491,-0.01804930340570204
Grasubreen,2026-11-01,-0.24561245578084065,0.526682739949187,0.10950701077513192
Grasubreen,2026-12-01,0.14547508468597284,-0.17734639704542957,0.5301170184118614
Grasubreen,2027-01-01,0.12468133932915337,0.10445670159846761,0.0037744090936454636
Grasubreen,2027-02-01,0.30820090061980915,-0.3516334815246913,0.10132064835461758
Grasubreen,2027-03-01,-0.3330812257739641,0.3506881562960051,0.21163914208641413
Grasubreen,2027-04-01,-0.21308487851311375,-0.2109828981420517,0.031878842837121585
Grasubreen,2027-05-01,0.18837233256733596,0.13120097895787844,0.060770728723873534
Grasubreen,2027-06-01,0.05762963768211018,0.11416999920376354,0.02255599960166549
Grasubreen,2027-07-01,0.05604990619018294,0.09053929759745588,-0.01676561281177052
Grasubreen,2027-08-01,0.039149316633915195,0.1026395743682715,0.031557666853075636
Grasubreen,2027-09-01,0.1558358766292169,0.19079667869352676,-0.10139629146051375
Grasubreen,2027-10-01,-0.055995336982513105,0.19965784510478204,0.23491940750402218
Grasubreen,2027-11-01,0.13938686337551368,0.13179653182433315,0.42457366267388236
Grasubreen,2027-12-01,0.14528191083432304,0.4827664381090851,0.7296016121382823
Grasubreen,2028-01-01,0.27065394215287647,0.21752621035386543,0.6205067651004902
Grasubreen,2028-02-01,-0.04737622701326977,-0.5036035533122777,0.6369082421222162
Grasubreen,2028-03-01,-0.4681962854888413,0.021172960731209462,0.3303441794843771
Grasubreen,2028-04-01,0.025737248825414016,-0.2512248467422708,0.1429682448053643
Grasubreen,2028-05-01,0.2974095760777187,0.0837471752952389,0.08240593828613761
Grasubreen,2028-06-01,0.055251776420830644,0.04573874144849114,-0.1180130931577862
Grasubreen,2028-07-01,0.10650307527592506,0.003295844459850173,-0.13590155604040297
Grasubreen,2028-08-01,0.14121226335930864,0.13225822251976213,-0.13723743267548041
Grasubreen,2028-09-01,0.23380552134430763,0.309255612975659,0.00764478344962947
Grasubreen,2028-10-01,0.030164393823814497,-0.002572055178272197,-0.19356017268679424
Grasubreen,2028-11-01,-0.019503335883166644,-0.12955832921995,-0.35573868163635963
Grasubreen,2028-12-01,0.1116442636111502,-0.41911559842231366,0.09268159104905338
Grasubreen,2029-01-01,0.08788786047159125,0.06253498501586989,-0.16082965271596567
Grasubreen,2029-02-01,0.1947056361858169,0.2788957426068588,-0.048456103834066545
Grasubreen,2029-03-01,0.10689313594169907,0.24082116955437327,0.821420583835058
Grasubreen,2029-04-01,-0.25459086486938726,0.13642919336636414,0.11568543668420272
Grasubreen,2029-05-01,-0.034894716044180964,0.2101351613502084,0.12707898835256173
Grasubreen,2029-06-01,-0.010409438343367059,0.241896384266302,0.11604996692672397
Grasubreen,2029-07-01,0.11110688585062696,-0.0014866645787398834,0.1460697672897434
Grasubreen,2029-08-01,0.08542741137546032,0.08375458672210728,0.12760784374140868
Grasubreen,2029-09-01,-0.007740019135834608,0.17667010933768576,-0.12144553256922146
Grasubreen,2029-10-01,-0.10378197884093106,0.3336837237995687,0.09100846644556833
Grasubreen,2029-11-01,-0.04449184852802467,0.14021086731432125,0.08771097735109022
Grasubreen,2029-12-01,-0.28321227161847085,0.0932977843604551,0.46154706877696006
Grasubreen,2030-01-01,0.2555709035093572,0.15395904104805438,0.007650748234631866
Grasubreen,2030-02-01,-0.45439148310312705,0.49065254901298383,0.22487809509170212
Grasubreen,2030-03-01,-0.3632198177233288,-0.36291797915133905,0.5966492620424682
Grasubreen,2030-04-01,-0.13926072844439083,-0.15630281341512575,0.2134754399452289
Grasubreen,2030-05-01,0.16676269927721274,-0.07427340597012212,0.21938452157977495
Grasubreen,2030-06-01,-0.16923949097909677,0.1311786095154562,0.1584380177338061
Grasubreen,2030-07-01,0.10484837308906166,0.0034573422774196957,0.08752707216016292
Grasubreen,2030-08-01,0.010017002751789109,-0.04947344619645055,0.12270803164089544
Grasubreen,2030-09-01,-0.16740196033620558,0.08164958024923848,-0.0006101423397692161
Grasubreen,2030-10-01,-0.12271142776990634,0.212750812236678,-0.11075215904799778
Grasubreen,2030-11-01,-0.3958801875261389,0.17178101295392278,0.44677180649637555
Grasubreen,2030-12-01,0.4190861967113593,-0.12130489850685246,0.13207331427543376
Grasubreen,2031-01-01,-0.204838793562496,-0.2444864340517284,0.030127410838463525
Grasubreen,2031-02-01,0.2923749171778592,0.07579545071578629,0.32150722344611243
Grasubreen,2031-03-01,0.4030843828551756,-0.06864321879021518,0.22313399447350424
Grasubreen,2031-04-01,0.12769397348140007,0.3433699564768123,0.24048986300506514
Grasubreen,2031-05-01,0.06274989096810396,0.25159287951377657,-0.08247915029479456
Grasubreen,2031-06-01,0.006419789619720599,0.3567339575522372,-0.07154021892125455
Grasubreen,2031-07-01,-0.16588186622275847,0.1854611295322882,0.025130107429543774
Grasubreen,2031-08-01,-0.04501825000306106,0.12998884838856403,0.11861476166960706
Grasubreen,2031-09-01,0.244429655883606,0.05568100560857401,0.12539082625133294
Grasubreen,2031-10-01,-0.14211887945790339,0.4106954648409185,-0.05012276015527797
Grasubreen,2031-11-01,-0.24870359043166235,0.20653061572189454,0.10369904061772058
Grasubreen,2031-12-01,0.21629139549084508,0.39531639790928147,-0.36613099394307874
Grasubreen,2032-01-01,0.21570278451883462,0.21665369877058094,0.05802564123536689
Grasubreen,2032-02-01,0.7005317061612995,0.4971889783931282,0.29924505736279955
Grasubreen,2032-03-01,0.7814761930788897,0.3054479521667523,-0.07858312667287132
Grasubreen,2032-04-01,0.18996081746074925,-0.012308351652593122,0.060352129424589125
Grasubreen,2032-05-01,0.29010820141145727,0.044699296735148976,-0.02011288991615985
Grasubreen,2032-06-01,0.2270517071044452,0.2035783771303655,0.17171972394060453
Grasubreen,2032-07-01,0.08855741027552579,0.0513986314072645,0.09701975292443825
Grasubreen,2032-08-01,0.0158914125302437,0.13954981674227185,-0.04312406611979707
Grasubreen,2032-09-01,0.28036640027166376,0.305563529935845,0.08757570442412299
Grasubreen,2032-10-01,0.3511608048585255,0.13383825222551146,0.16656372635268793
Grasubreen,2032-11-01,0.10404717604444456,0.1891878171096257,-0.007755001475548866
Grasubreen,2032-12-01,-0.2289982108477153,0.0875324074197265,0.14452352768977372
Grasubreen,2033-01-01,-0.445577595713786,-0.4219212194184328,-0.07524137951725725
Grasubreen,2033-02-01,0.16261701350271981,0.12037959903257471,0.10524465022331651
Grasubreen,2033-03-01,-0.039716976555414236,0.3628449647451318,-0.23821294328477846
Grasubreen,2033-04-01,0.167122417990249,-0.10637851477679278,-0.36490087681946726
Grasubreen,2033-05-01,0.2852627359256166,0.03936970769167698,0.0006796605214553081
Grasubreen,2033-06-01,0.14513753175423896,-0.03589553786612821,0.054677349755116296
Grasubreen,2033-07-01,0.07315957164502773,0.09446592563710965,0.0434731493785668
Grasubreen,2033-08-01,0.18956635379849499,0.03743808669684854,0.1780384163269948
Grasubreen,2033-09-01,0.19953637324776888,0.1519598351893759,0.028879269989478734
Grasubreen,2033-10-01,0.2027052441808971,0.1648270303309155,0.35478614080561216
Grasubreen,2033-11-01,0.16732472666460121,-0.12373711379231898,0.18278814861294568
Grasubreen,2033-12-01,0.6676208642564062,-0.10052356272868358,0.1786086167314612
Grasubreen,2034-01-01,0.40724963733476355,0.11342475270475066,0.3103394464842487
Grasubreen,2034-02-01,-0.1338788360607354,-0.024398192402882202,0.04423133277136169
Grasubreen,2034-03-01,-0.04703372408314153,-0.19571595040005,-0.5159032590975317
Grasubreen,2034-04-01,0.21360311759756287,0.048532167550682105,0.03887257913501929
Grasubreen,2034-05-01,0.009098677544511343,0.030775381340452813,0.22957543797268642
Grasubreen,2034-06-01,0.20537170744426803,0.16177083375097878,0.21009580915560436
Grasubreen,2034-07-01,0.12690407820962968,0.1310394730692083,0.06192968278566424
Grasubreen,2034-08-01,0.005708081624763162,0.28523233061881975,0.05992374485526022
Grasubreen,2034-09-01,0.10229950274205941,0.21451496040508689,0.13862105442043926
Grasubreen,2034-10-01,0.14612308183280326,0.23410651229828416,0.13588245115049413
Grasubreen,2034-11-01,0.06779230127812279,0.013770159554031125,-0.18570816922235087
Grasubreen,2034-12-01,-0.0832733574304661,0.3573975230946727,0.4474145250537891
Grasubreen,2035-01-01,0.22370175781807655,-0.08818631945458681,0.060971100597344896
Grasubreen,2035-02-01,-0.028579005713300073,0.08577650477473497,0.11902919953093417
Grasubreen,2035-03-01,0.07169424142685081,0.03875907148773005,0.12422722213622824
Grasubreen,2035-04-01,0.3422306184199157,-0.027625922486045174,-0.040225621356137935
Grasubreen,2035-05-01,0.08359973268330845,0.25969569262794495,0.08071793225841241
Grasubreen,2035-06-01,0.04152595745071646,-0.10517356633982379,0.1337522485116648
Grasubreen,2035-07-01,0.021566574809614353,-0.0007309509296812289,0.09269832304704874
Grasubreen,2035-08-01,-0.06798709255721215,-0.003162887683998671,0.15798053172525026
Grasubreen,2035-09-01,-0.07217344630645979,0.031351214155774076,0.10194559653798113
Grasubreen,2035-10-01,0.17457057082306304,-0.08936149428766593,0.10179802391533528
Grasubreen,2035-11-01,0.36311920974389905,-0.07210634530290029,0.40112725989897385
Grasubreen,2035-12-01,-0.10101373649280192,-0.23545812509010097,-0.07900279623285374
Grasubreen,2036-01-01,-0.04913136465158182,-0.23164262160900737,0.17592601881938405
Grasubreen,2036-02-01,-0.26938618745823983,-0.4720313809162377,-0.5609882360597744
Grasubreen,2036-03-01,0.35091882804243824,-0.44681770053977643,-0.3312700732974041
Grasubreen,2036-04-01,0.4508449828373305,-0.026045286310171552,0.016375738341944352
Grasubreen,2036-05-01,-0.05844053622412948,0.08560528359336665,0.21770930464435168
Grasubreen,2036-06-01,-0.005163391552409302,-0.051633810305070825,0.1960532011498124
Grasubreen,2036-07-01,0.09764776960650175,0.17345711054245086,0.038755662403636766
Grasubreen,2036-08-01,0.049078048654858514,0.1984592452969766,0.05237382871284815
Grasubreen,2036-09-01,0.25201817097889895,0.1800629176475633,-0.00632113745165519
Grasubreen,2036-10-01,0.23094172374942312,0.013358359969262212,-0.038034960696213066
Grasubreen,2036-11-01,-0.0569630233046575,0.08809479800302722,0.22681668551059578
Grasubreen,2036-12-01,0.26548095516959935,0.09978930782937341,0.09223522239500744
Grasubreen,2037-01-01,0.030020129520224998,0.32249595179574236,0.19647224965134788
Grasubreen,2037-02-01,0.16779615909900955,-0.39938933364528273,-0.07985108878374886
Grasubreen,2037-03-01,0.3712804667462466,0.5136582776427928,0.2183713422764509
Grasubreen,2037-04-01,0.25390201430221065,0.40627852251241375,0.00010792987699637102
Grasubreen,2037-05-01,0.04548138810358302,0.17305875075326504,0.14248709220647038
Grasubreen,2037-06-01,0.1657665483689873,0.10445943522647898,0.06897598277995316
Grasubreen,2037-07-01,-0.041034225557077676,-0.03637642776218305,0.08845216864897343
Grasubreen,2037-08-01,0.15303906616544147,-0.0011377399423058432,-0.05092180914051825
Grasubreen,2037-09-01,0.050596490056674805,-0.11158357900149503,0.17650668177843434
Grasubreen,2037-10-01,0.014588909951758397,-0.17154872505350158,0.3132464549836654
Grasubreen,2037-11-01,0.02583899174936624,0.06210613292056869,-0.08859018961244292
Grasubreen,2037-12-01,0.24462554260819022,0.2473232779843032,-0.02842631961941304
Grasubreen,2038-01-01,0.15327856676743704,0.14291372199420885,0.1074515471137359
Grasubreen,2038-02-01,0.01887994943119257,-0.08675326614122615,-0.11621614007196714
Grasubreen,2038-03-01,0.3546375114748859,-0.03797969724738325,0.1818699773809621
Grasubreen,2038-04-01,0.06066858941859301,0.048601224003174986,0.8054022426879287
Grasubreen,2038-05-01,0.14383127707419285,0.23347933210849328,0.08715393189526383
Grasubreen,2038-06-01,0.010867878414747992,0.058610680459410903,0.05345794405881286
Grasubreen,2038-07-01,0.07540617953545342,0.21829763066925353,0.02899685710728625
Grasubreen,2038-08-01,0.1507441191481619,0.21199895587599427,0.00029587091896208134
Grasubreen,2038-09-01,0.1451617181043689,0.05699750720852049,0.08677345482566438
Grasubreen,2038-10-01,0.12210934328848029,0.022369609909578366,0.0406383957778457
Grasubreen,2038-11-01,0.1589281869869296,0.2345475521586342,0.04905438662515251
Grasubreen,2038-12-01,-0.1396276007202297,-0.4790302233939523,-0.18729926603782052
Grasubreen,2039-01-01,0.2875518793138716,-0.0366382706745259,-0.18663565595724615
Grasubreen,2039-02-01,-0.19701092003699264,-0.1613894347907707,0.2080334067020154
Grasubreen,2039-03-01,0.2100417683372958,-0.23994079888219097,-0.2656791747482559
Grasubreen,2039-04-01,0.30842951209725306,0.06669953998533046,-0.20948937985278407
Grasubreen,2039-05-01,0.2683384408667974,0.12380972572954892,0.1124804349800609
Grasubreen,2039-06-01,0.12177513282524799,0.18458707058484017,0.033616098218145964
Grasubreen,2039-07-01,0.060742122825483774,0.08259609363325124,0.05261924888332655
Grasubreen,2039-08-01,-0.03028663943930358,-0.13133055483299708,-0.012572297016239126
Grasubreen,2039-09-01,0.0077904370739561675,-0.009916799843625554,0.19049342696869345
Grasubreen,2039-10-01,-0.11671069185901724,0.0867034050959589,0.11639660902517324
Grasubreen,2039-11-01,-0.18475320456424457,0.11856108374363218,0.5110121295952621
Grasubreen,2039-12-01,-0.025405827176386675,0.025678451232604843,-0.02940560187787976
Grasubreen,2040-01-01,-0.10303925347380515,-0.23046153430929905,0.49359383606745205
Grasubreen,2040-02-01,-0.019557237559114492,-0.037161922671494235,0.7540980610305438
Grasubreen,2040-03-01,-0.2765323574429308,-0.09240136913286917,0.18012921803498672
Grasubreen,2040-04-01,0.1605641271290765,-0.33748721810987886,0.324927950431063
Grasubreen,2040-05-01,-0.06854496248611737,0.06459105677849665,0.12018249264655582
Grasubreen,2040-06-01,-0.01773630219575574,0.11564174119996828,0.26586430119773236
Grasubreen,2040-07-01,0.08280990453485022,0.04540053081577657,0.07979497725243707
Grasubreen,2040-08-01,0.24443600878760777,0.2846110910924825,-0.18120666320332027
Grasubreen,2040-09-01,-0.03315385789924766,0.087639807144116,-0.10849228081701284
Grasubreen,2040-10-01,-0.03120900829945591,-0.12964988767858646,0.20402412794201705
Grasubreen,2040-11-01,0.20188082813481315,-0.1620595795692911,0.32301827039389575
Grasubreen,2040-12-01,0.008775889520327077,-0.08633560634819713,0.22364118055844676
Grasubreen,2041-01-01,-0.29910178247087904,0.0035223860102538787,0.004335671090147643
Grasubreen,2041-02-01,-0.41618461966145315,-0.05823903110584818,-0.040384142945990804
Grasubreen,2041-03-01,0.050506304809826826,-0.35355976429703523,0.6992590119063878
Grasubreen,2041-04-01,0.0886199327431818,-0.009433918072759081,0.011200765269174675
Grasubreen,2041-05-01,0.23024260543440303,0.11482184021588661,0.11196526205038887
Grasubreen,2041-06-01,-0.12079759122773072,0.3521646046597713,-0.029661430149719337
Grasubreen,2041-07-01,0.047372536434628736,0.2179134437216703,0.01794175543652543
Grasubreen,2041-08-01,0.03643636572098529,0.13621259113132644,-0.13937396984191558
Grasubreen,2041-09-01,-0.060395645615414294,0.19587003787967036,-0.05212735483751421
Grasubreen,2041-10-01,-0.06336256977517492,-0.1519150562299464,0.05226245069071626
Grasubreen,2041-11-01,-0.22397801962617594,0.16446518566527066,0.14579416598577294
Grasubreen,2041-12-01,-0.22815419717225768,0.18084346340799695,0.1155559906006292
Grasubreen,2042-01-01,-0.05993482943273524,0.2949088766836267,0.6730198341906423
Grasubreen,2042-02-01,0.12533967626932213,0.5279350406836173,-0.11720542539790808
Grasubreen,2042-03-01,-0.2600532549099625,0.35758776631578265,-0.09411793254147344
Grasubreen,2042-04-01,-0.1190001092826465,0.2659175667856409,0.059020142683542144
Grasubreen,2042-05-01,-0.06295594226107286,0.20971314485670822,0.1534769816570218
Grasubreen,2042-06-01,-0.0466831242067961,0.16815442264640293,0.03235405009627418
Grasubreen,2042-07-01,0.17613073546557934,0.25525809224689106,-0.08524591547751093
Grasubreen,2042-08-01,-0.022265962649639287,0.04853068925812221,0.01682980867934856
Grasubreen,2042-09-01,-0.014685759882592098,-0.018623891796313477,-0.14012185402015934
Grasubreen,2042-10-01,0.07685392355296981,0.17536189656635412,0.048177982798732255
Grasubreen,2042-11-01,-0.19394653182297059,0.3865728684909781,-0.13470188687370094
Grasubreen,2042-12-01,0.13243369315151818,0.25179040972157085,-0.22739577855085383
Grasubreen,2043-01-01,0.5041826233129051,-0.14039845127925407,-0.19346486914593172
Grasubreen,2043-02-01,0.2384203312678692,-0.36180098112966547,0.3646035794213516
Grasubreen,2043-03-01,0.039286814423817186,-0.087853912589734,0.43387036098735726
Grasubreen,2043-04-01,-0.009616228948050717,0.3781618332560428,0.25844267843111174
Grasubreen,2043-05-01,-0.016226666082781897,0.2449809849932297,-0.0036743271012736334
Grasubreen,2043-06-01,-0.022875319517211747,0.09649742802822765,-0.1890303828836201
Grasubreen,2043-07-01,-0.06306052898059578,0.08677984641262045,-0.24632594774998504
Grasubreen,2043-08-01,0.05344994873971992,0.25208767240860436,-0.1316677309938013
Grasubreen,2043-09-01,-0.04957138445765243,0.2124013675078904,0.006822710744611757
Grasubreen,2043-10-01,0.08610104564894532,0.18961359703761724,0.1933917821851082
Grasubreen,2043-11-01,0.1908614395619781,0.13642203126839708,0.04286383501429141
Grasubreen,2043-12-01,0.5493052190916948,-0.5427039594715822,0.2876770415862739
Grasubreen,2044-01-01,0.48293177111396224,0.06981376784048819,0.3449095966169817
Grasubreen,2044-02-01,0.7923918342672969,0.4547794392101987,0.10631099785735333
Grasubreen,2044-03-01,0.12287359453536663,-0.43115581716979356,-0.22129523755503686
Grasubreen,2044-04-01,0.10765752655390211,0.1267667406869031,9.780569628521177e-06
Grasubreen,2044-05-01,0.13259301245709235,-0.08063138849972,-0.013389895340788055
Grasubreen,2044-06-01,0.2032668595472289,0.23566277530622137,0.0013317510054326926
Grasubreen,2044-07-01,0.05550508746026583,0.1671667543686264,0.007328986556964137
Grasubreen,2044-08-01,-0.03648756703368789,0.08134271731899861,-0.031464016548423394
Grasubreen,2044-09-01,-0.060880626630627634,0.02034440184256843,0.0716296297828135
Grasubreen,2044-10-01,-0.0378507344216362,0.1100833759947078,-0.22457551580161636
Grasubreen,2044-11-01,0.04169397806535239,-0.11790840793575437,-0.03306857792829803
Grasubreen,2044-12-01,0.4465215943520286,0.02666907614406891,-0.4276266077559742
Grasubreen,2045-01-01,0.20755845688119048,-0.20521276443683564,-0.18294101447314262
Grasubreen,2045-02-01,0.29928743523214957,-0.045580582488585604,0.11978525594029332
Grasubreen,2045-03-01,-0.052733575822190785,-0.17079688020880077,0.13322392980628453
Grasubreen,2045-04-01,0.10694337385172413,0.006179852546093624,-0.14100728403028415
Grasubreen,2045-05-01,0.14332994931999632,0.08412489057946249,0.06864864628999283
Grasubreen,2045-06-01,0.05242507987931049,0.1623385435902972,0.16541443173825146
Grasubreen,2045-07-01,0.1035359299182085,0.13183999503568122,0.15690533410998223
Grasubreen,2045-08-01,0.060366929665623605,0.1448583346538929,0.15883732675796072
Grasubreen,2045-09-01,0.1779484889279871,0.00955633101720505,0.1007858675337016
Grasubreen,2045-10-01,0.11923199650287486,-0.05414965258074481,0.03650137098707534
Grasubreen,2045-11-01,0.1999521342044354,0.1523810208160754,0.044524854538326365
Grasubreen,2045-12-01,0.008967139960999711,-0.23991871405956236,0.6080237001592272
Grasubreen,2046-01-01,0.06567599186432398,-0.14780590014198894,0.3914318560259267
Grasubreen,2046-02-01,-0.32720717469201555,-0.4296062031015247,0.542380745487323
Grasubreen,2046-03-01,-0.03893429743243645,-0.482843426322993,0.18929531450709103
Grasubreen,2046-04-01,-0.11421209161768064,-0.12026631688326732,-0.08238022590870081
Grasubreen,2046-05-01,0.16777962556791548,0.21042018735561138,0.11648803567908343
Grasubreen,2046-06-01,0.1264341922800987,0.003198092643152938,-0.004998443598536323
Grasubreen,2046-07-01,0.19006673342551691,0.22974174711014683,-0.015543926914824124
Grasubreen,2046-08-01,0.14687062946846347,-0.048717304936202466,0.1814897404514375
Grasubreen,2046-09-01,0.0984871083544079,0.005762249040074631,-0.07334652130235823
Grasubreen,2046-10-01,0.3290698863028431,-0.06287433226680521,-0.1041268636997822
Grasubreen,2046-11-01,0.11659771689783349,0.39656631598220704,0.22504879808561296
Grasubreen,2046-12-01,0.1184555717167431,-0.22079527468481097,0.27586498097226825
Grasubreen,2047-01-01,-0.03465750660732542,0.3656619516271343,0.7767035380064083
Grasubreen,2047-02-01,-0.08490570413048054,-0.12825679367600942,0.6731490171274128
Grasubreen,2047-03-01,0.045344701433432034,0.014681834633183047,0.23609761185262013
Grasubreen,2047-04-01,-0.17311863335915137,0.4151373693878973,0.23989911864006883
Grasubreen,2047-05-01,-0.020667697830002912,0.08167972671401279,-0.012925040250275863
Grasubreen,2047-06-01,0.05023623153598844,0.11450368160424118,0.07919544559270084
Grasubreen,2047-07-01,0.17042674097979957,0.07082051236967737,0.12920770880633137
Grasubreen,2047-08-01,0.007290598838477334,0.2765104839048745,0.037968899184255035
Grasubreen,2047-09-01,0.11289763209743191,0.07133394411385548,0.010777030281767205
Grasubreen,2047-10-01,-0.19280664198587472,-0.17694286992689,-0.024513164167099994
Grasubreen,2047-11-01,0.11229622147206358,-0.2729948184745066,0.0524092882320211
Grasubreen,2047-12-01,0.4091515883857119,0.3995903278234684,-0.003972594007342016
Grasubreen,2048-01-01,0.015317287375072264,0.6309070950946029,0.918347361533996
Grasubreen,2048-02-01,0.008412186849062189,0.5584977640511362,0.6851107771962922
Grasubreen,2048-03-01,0.48575385740478466,0.5074289248124142,-0.025524522470844153
Grasubreen,2048-04-01,0.0265849528735432,0.24382430236129796,0.0469661284082849
Grasubreen,2048-05-01,0.02527380707366132,0.05784265663472397,-0.13950517445029986
Grasubreen,2048-06-01,0.01089440742227267,0.19953827493814277,0.022819149366034075
Grasubreen,2048-07-01,0.10577223127377633,0.24514325227285694,-0.07053835536914871
Grasubreen,2048-08-01,0.10083932157513907,0.21643028424313826,0.0521547789610396
Grasubreen,2048-09-01,0.0511853719405476,0.10251951526553732,-0.06240070511164161
Grasubreen,2048-10-01,0.3307573538568433,0.08083215818592471,-0.008501964293795261
Grasubreen,2048-11-01,0.13540519210214577,-0.20000028917090032,0.11246479889482232
Grasubreen,2048-12-01,0.4099468129644017,0.40221072182029466,-0.18458468358042027
Grasubreen,2049-01-01,0.4131415354804597,0.4514303076403878,-0.2387452032079224
Grasubreen,2049-02-01,0.4429167841039958,0.4235252282808926,0.020875461965549555
Grasubreen,2049-03-01,0.6444737932705232,0.4138094261452195,0.18773012718608925
Grasubreen,2049-04-01,0.26014044658073726,0.3891659579352198,0.13112560087667502
Grasubreen,2049-05-01,-0.12937435478731402,0.08801345396209807,-0.029630245002623234
Grasubreen,2049-06-01,0.21988414528639386,-0.030767063481301173,0.1370899531355859
Grasubreen,2049-07-01,0.04911290476777988,0.1034377488099672,0.04952501809967455
Grasubreen,2049-08-01,0.22368222496202328,0.10946996465566172,0.009264157883397928
Grasubreen,2049-09-01,0.1334993852517468,0.1645842388049186,-0.10073613446989645
Grasubreen,2049-10-01,0.2516884730473332,0.24902968496978328,0.19701493969860384
Grasubreen,2049-11-01,-0.00592312655960725,0.12910101833389073,0.28816139168865423
Grasubreen,2049-12-01,-0.021668225445761625,-0.11580459796021249,0.0868389162773328
Grasubreen,2050-01-01,-0.17030043629637528,-0.45927024586227133,0.06486548389539208
Grasubreen,2050-02-01,0.021451921396542593,0.21780676292167214,-0.13637392116120237
Grasubreen,2050-03-01,0.029469430315488793,-0.3001384234329472,0.44445978527889934
Grasubreen,2050-04-01,0.07980879155544023,-0.2582009043051518,0.2695298478348463
Grasubreen,2050-05-01,0.14179322374575148,-0.0773659101194485,0.08899226595657923
Grasubreen,2050-06-01,-0.0017617060630839843,-0.1496436545595943,-0.07624393738028416
Grasubreen,2050-07-01,0.1453127385342586,0.03578076043694443,-0.09575929496212754
Grasubreen,2050-08-01,0.03706600128872035,0.2255370314717667,-0.019201735335365275
Grasubreen,2050-09-01,0.15985126339282762,-0.11639155012226778,0.13861988317960236
Grasubreen,2050-10-01,0.281985106972658,0.20435340632143725,0.013913918146118814
Grasubreen,2050-11-01,-0.0089887483397797,0.18741828765091692,-0.05736153796811281
Grasubreen,2050-12-01,0.23309588454048022,0.23831903122315992,0.37046292384436347
Grasubreen,2051-01-01,0.3611712829939608,0.07250334058915617,0.29258141859268444
Grasubreen,2051-02-01,-0.14763305727047352,-0.3437979114538052,-0.1842157685634278
Grasubreen,2051-03-01,0.5227251073897343,-0.16426680752975617,0.09950548404243442
Grasubreen,2051-04-01,-0.31687777581382237,0.38328656156920493,-0.28700278479999763
Grasubreen,2051-05-01,0.0893084514239949,0.04414212234189253,2.4985921561327767e-05
Grasubreen,2051-06-01,-0.002111108403163082,0.1001733260530709,-0.11020955370186568
Grasubreen,2051-07-01,0.09565783077437713,0.002664997127207099,0.063970757133739
Grasubreen,2051-08-01,0.05486496705791496,-0.04113003509601816,0.1331370210765143
Grasubreen,2051-09-01,0.18474169849485775,-0.014763624595475575,-0.10892993524868821
Grasubreen,2051-10-01,0.3773769807625372,0.13949746967648158,0.1357849300167725
Grasubreen,2051-11-01,0.13551887376829283,-0.00884222774713439,0.2587725986977458
Grasubreen,2051-12-01,0.16772916447491662,0.047437076226565796,0.2386476171123569
Grasubreen,2052-01-01,0.026200811527367297,0.19743822617904727,-0.13727904664716103
Grasubreen,2052-02-01,-0.24398806763574774,-0.00554112318523281,-0.4725177129249995
Grasubreen,2052-03-01,0.36365490647922166,0.23112737394955815,-0.4679640613257707
Grasubreen,2052-04-01,0.5672919508803888,0.07806319870808327,-0.06537156591199685
Grasubreen,2052-05-01,-0.18104965408339505,0.194582967087466,0.18398902436613654
Grasubreen,2052-06-01,0.05355936588254665,0.07810070921840931,0.19997651952453457
Grasubreen,2052-07-01,0.11211897944649758,0.11385160451378872,0.06850247655362203
Grasubreen,2052-08-01,0.031434717969986994,0.023575509660459973,0.12321861630436219
Grasubreen,2052-09-01,0.09155960417031657,-0.0403163826904783,0.14586383284755558
Grasubreen,2052-10-01,-0.010692747009235318,0.12206912572784519,0.1329313058989729
Grasubreen,2052-11-01,-0.2994941024727802,-0.16574091912983566,0.04175433579309975
Grasubreen,2052-12-01,-0.1999944218717745,0.0589845088749805,-0.3784435087579583
Grasubreen,2053-01-01,0.8274600121778652,0.17062717154746662,-0.08891431898188314
Grasubreen,2053-02-01,0.33331983857716885,0.0751992046362779,0.11432656594212703
Grasubreen,2053-03-01,-0.3648783148968658,0.26356689410773276,0.32272709222703594
Grasubreen,2053-04-01,-0.014912730969544907,0.18385345406142897,0.016944595829382226
Grasubreen,2053-05-01,-0.0502693456834822,0.19556851334717926,0.16822616219728515
Grasubreen,2053-06-01,0.1778735958792231,0.15210611083828926,-0.05067007226036441
Grasubreen,2053-07-01,0.12265867531616832,0.009790354491474395,-0.024093151073135168
Grasubreen,2053-08-01,0.14482317890103608,0.09078544276592726,0.054852072624556124
Grasubreen,2053-09-01,0.1314225774222125,-0.054661460836004226,-0.01571745914030806
Grasubreen,2053-10-01,0.03206235794519017,-0.12213283805169312,0.05813274760581293
Grasubreen,2053-11-01,-0.017533395033168708,0.021639997512267518,0.011978839372245356
Grasubreen,2053-12-01,0.013416121791518068,-0.14978464139060868,0.27234815987703226
Grasubreen,2054-01-01,0.22003515117478548,-0.06369750056132867,0.16491602770366073
Grasubreen,2054-02-01,0.0660819229220432,0.02279625750976168,0.13771315569274167
Grasubreen,2054-03-01,-0.26048936803673195,0.20657604155365394,0.4464008746567416
Grasubreen,2054-04-01,0.16680836900285523,-0.26668314033044654,-0.011388145102387948
Grasubreen,2054-05-01,0.1653164828397833,-0.2165743370245282,-0.007452650446026461
Grasubreen,2054-06-01,0.07855950582796682,0.13613922715452084,0.009950730920114309
Grasubreen,2054-07-01,0.026358391538807993,0.011994586968376346,0.07941573624213415
Grasubreen,2054-08-01,0.21101743220132732,0.19040874985893985,-0.029561738133164327
Grasubreen,2054-09-01,0.046879407845820176,0.26112756003751736,0.16810679096057857
Grasubreen,2054-10-01,-0.031040488483497677,0.3995310242188214,0.1252278002472824
Grasubreen,2054-11-01,-0.03792807061293361,-0.3200473988494233,0.16983969232963717
Grasubreen,2054-12-01,0.2783638243113624,-0.07745893950549969,-0.1545795099970703
Grasubreen,2055-01-01,0.45561503682772714,-0.042456640699922665,0.23498283616060875
Grasubreen,2055-02-01,0.4123501121098214,-0.13809592904208023,0.37194695791464144
Grasubreen,2055-03-01,0.20349464952552587,-0.27813566910444537,0.012295682033626113
Grasubreen,2055-04-01,0.06335061252820344,-0.04680100186195457,-0.17399401884882956
Grasubreen,2055-05-01,0.020335124145750876,0.22024653616780768,0.1744474327457789
Grasubreen,2055-06-01,-0.10099938974520223,0.06983277313423701,0.1645727638002588
Grasubreen,2055-07-01,0.04530436724278608,-0.008390946736715005,0.163213825384924
Grasubreen,2055-08-01,0.08067265354421028,-0.06664579508806749,0.15451659615732424
Grasubreen,2055-09-01,0.08019805603077901,0.025023151490016993,0.16754918638007232
Grasubreen,2055-10-01,0.07528714965567035,0.2790821702173145,-0.11112585460812546
Grasubreen,2055-11-01,0.16445025231930496,0.09924837637666917,0.32333986923515484
Grasubreen,2055-12-01,-0.03365558517658978,0.5520487873438239,0.5368907032875297
Grasubreen,2056-01-01,0.2031126670274842,0.29387511641407554,0.23104885154573065
Grasubreen,2056-02-01,0.3039190172432396,0.004023832318952245,0.41617876936832127
Grasubreen,2056-03-01,0.11420595017960644,0.07930737850489421,0.1446313123898231
Grasubreen,2056-04-01,-0.3001207094470699,0.028685730631718854,-0.12278776076101627
Grasubreen,2056-05-01,-0.00334657213989951,0.14659661989902897,0.1803828685508193
Grasubreen,2056-06-01,0.13829552231828734,0.03235340949245466,0.1600985321458885
Grasubreen,2056-07-01,0.21528692436552768,-0.058757986419045116,0.17350580671966484
Grasubreen,2056-08-01,0.04893895186771032,0.1987844180025675,0.10277585340621676
Grasubreen,2056-09-01,0.0008317963545044447,0.029806688393379493,0.11227093064154138
Grasubreen,2056-10-01,0.10640632722342451,-0.06480656668999434,0.14942774859354593
Grasubreen,2056-11-01,0.01831279073977025,0.15870766951063395,0.17607787140108686
Grasubreen,2056-12-01,-0.42551541167202583,0.20834923360028476,0.006187301300392046
Grasubreen,2057-01-01,-0.3076967789530453,0.8809295734744568,-0.12296515823686373
Grasubreen,2057-02-01,-0.5266343855735576,0.4017398658993984,0.3034165205828047
Grasubreen,2057-03-01,-0.33690783094287075,0.32698384225138466,-0.053531776075434134
Grasubreen,2057-04-01,0.02140510708953011,-0.23755915778442857,0.03610927312322764
Grasubreen,2057-05-01,0.21981566443193298,0.059114628138131065,-0.16788373754760677
Grasubreen,2057-06-01,0.018109746849611436,-0.06280119230262456,0.06310267704210945
Grasubreen,2057-07-01,-0.02844612066995666,0.11964913405196538,0.16862413269912876
Grasubreen,2057-08-01,-0.01889175280837695,0.1644995999217108,0.053937790645260004
Grasubreen,2057-09-01,0.010712757309931495,-0.029396444610525707,0.11729040632192804
Grasubreen,2057-10-01,-0.04915792605425336,0.11200055612036432,-0.036930178197426396
Grasubreen,2057-11-01,0.02662522389947881,-0.0392634648264168,0.3398122345057621
Grasubreen,2057-12-01,0.03604628349024306,0.15501438413002497,0.15476634149325
Grasubreen,2058-01-01,0.05558683268527196,-0.18232643099494728,-0.4549526825257339
Grasubreen,2058-02-01,0.039338035494863165,0.33847654708458624,-0.5295582190831225
Grasubreen,2058-03-01,-0.45983215839724556,0.2034983117094833,-0.280139319658583
Grasubreen,2058-04-01,0.008748343218343807,0.3774111125330705,-0.5251302347491591
Grasubreen,2058-05-01,0.04813453974620888,0.031316700864570245,0.11848292760035388
Grasubreen,2058-06-01,-0.16814805054509674,0.005889723955520639,-0.023724603386052767
Grasubreen,2058-07-01,0.008515374456276236,0.12123622815556777,0.019340479489324294
Grasubreen,2058-08-01,0.1402988042478975,0.05217816728673343,0.07307071529193974
Grasubreen,2058-09-01,0.09645270134397031,0.027625779525749655,0.02333622782907253
Grasubreen,2058-10-01,0.015826666961608143,0.051263353832463034,0.04027142374095949
Grasubreen,2058-11-01,0.0872584830423254,0.2744188302180755,0.058124675177589846
Grasubreen,2058-12-01,0.13814045567124492,0.39595053302481387,-0.3099344431381365
Grasubreen,2059-01-01,0.5183379681295843,0.14316356752230172,0.17349866836427444
Grasubreen,2059-02-01,0.1274494585196799,0.20872042325281548,-0.022753864680705848
Grasubreen,2059-03-01,-0.537280965886978,0.23291711698535256,0.4605101441988581
Grasubreen,2059-04-01,0.15574373600437755,0.3876843523101509,0.20023327781847486
Grasubreen,2059-05-01,0.128753585068032,0.1314039699828251,-0.019823180723160028
Grasubreen,2059-06-01,0.1606089628400178,0.24273886742922893,0.04395897207212152
Grasubreen,2059-07-01,-0.04630220968440383,0.09903978119331676,0.09123189624393775
Grasubreen,2059-08-01,-0.0835490597917743,0.010464524385132415,0.16103618116493199
Grasubreen,2059-09-01,0.3890208082679889,0.20787361969659549,0.04951468793446151
Grasubreen,2059-10-01,0.20291576430695268,-0.03544636912548245,0.2947498172964691
Grasubreen,2059-11-01,0.2775739504552317,0.0795704745368959,0.027634746741358986
Grasubreen,2059-12-01,0.29621571939760705,0.5586678370043772,0.12594842592984967
Grasubreen,2060-01-01,0.3249050244023283,0.08320860764238282,0.48431226038990793
Grasubreen,2060-02-01,0.5633874460684435,0.248226060287839,0.10367681404001934
Grasubreen,2060-03-01,0.09613968721772474,0.277825019787227,-0.03233275648726902
Grasubreen,2060-04-01,0.14286759887485564,0.014402669121535115,0.08682347653641713
Grasubreen,2060-05-01,0.08006473886794511,0.10937197658588434,0.15747610157097805
Grasubreen,2060-06-01,0.18765303031443495,0.13510653298650668,0.1354038087618679
Grasubreen,2060-07-01,0.08258638473312874,0.08926279658198986,0.001961518426062773
Grasubreen,2060-08-01,0.15190586858677127,0.02991136382819441,0.1446955854978926
Grasubreen,2060-09-01,0.1931747191014741,0.018228848938290344,0.14513727701964696
Grasubreen,2060-10-01,-0.024873557927564252,-0.17715145065091029,0.2696708357196744
Grasubreen,2060-11-01,-0.009898342892391271,-0.09814404444158253,0.08836491495711259
Grasubreen,2060-12-01,0.4368031616764358,0.651262803710699,0.045084139528561586
Grasubreen,2061-01-01,-0.18217049030255772,0.19578995094432697,-0.11452602210741077
Grasubreen,2061-02-01,-0.2356135234758566,0.03892625994350898,-0.5970739053437751
Grasubreen,2061-03-01,0.07993489312951728,-0.10356275307615392,0.1919009387033784
Grasubreen,2061-04-01,-0.17090964253401164,0.15282348331067383,0.20835919061156405
Grasubreen,2061-05-01,0.19761879126723517,0.023961644736944537,0.1996984876188206
Grasubreen,2061-06-01,0.27404489423207856,0.2356434918392294,0.06863013738672603
Grasubreen,2061-07-01,-0.010123284164217242,0.09523778062601962,0.07000885237557823
Grasubreen,2061-08-01,0.12470050008853105,0.16087107665868405,0.07023822150666482
Grasubreen,2061-09-01,0.09385051405601956,-0.06218717844474247,-0.06570670927719315
Grasubreen,2061-10-01,0.2616341054690001,-0.09243555548157985,0.082605495304044
Grasubreen,2061-11-01,-0.2001888113718966,-0.009150725418761043,0.13045814131683983
Grasubreen,2061-12-01,-0.40073688313996225,0.03245077333605362,0.28037761659010907
Grasubreen,2062-01-01,0.09753768257503308,0.10618367004652098,0.5360256039450536
Grasubreen,2062-02-01,-0.18517404885571107,-0.05656646964395234,0.6864126503564059
Grasubreen,2062-03-01,0.08116690555004273,0.2669998168561318,0.27085682574811143
Grasubreen,2062-04-01,-0.09572284056906348,0.4789288447259606,0.20742967754726668
Grasubreen,2062-05-01,0.06391050562215049,-0.08943944595241915,0.07505775321531614
Grasubreen,2062-06-01,0.14570287662875636,0.010662270990237407,-0.053196420280958806
Grasubreen,2062-07-01,0.21631007292165694,0.009813569721824367,0.12079743516863606
Grasubreen,2062-08-01,0.15948287947738685,0.12935757000208106,0.0013867711395965886
Grasubreen,2062-09-01,0.13115618302590906,0.27368587059425276,0.06569155977926773
Grasubreen,2062-10-01,-0.048472995761312,0.09812951137835645,0.004736333165480858
Grasubreen,2062-11-01,-0.12176781218108286,-0.13005203908284943,0.04487261440776039
Grasubreen,2062-12-01,0.2243287644579083,-0.6189306079968396,0.22912245170722864
Grasubreen,2063-01-01,0.5424843451487067,-0.2475889658541477,-0.27497230521980304
Grasubreen,2063-02-01,-0.21155154380337718,0.11521353646824362,0.3684624417142042
Grasubreen,2063-03-01,-0.3777703884268977,0.25316679491493116,-0.10483538515258682
Grasubreen,2063-04-01,0.1364620775814311,0.33234889550925045,0.09552741030600653
Grasubreen,2063-05-01,0.11159056248236597,0.04963169827863805,0.06592928659356762
Grasubreen,2063-06-01,0.22223740226426272,0.07850793094779743,0.22391181593588846
Grasubreen,2063-07-01,0.08269306739061894,0.1009729351748689,0.14263220233205628
Grasubreen,2063-08-01,0.3533743479471763,0.09498001874814808,0.13618857360037095
Grasubreen,2063-09-01,0.15104362323753895,0.08133477062014732,0.14224734974237893
Grasubreen,2063-10-01,0.15045789343802018,0.17613217409822204,0.341924601518195
Grasubreen,2063-11-01,-0.02701462563417026,0.33632867108331127,0.1565398153079365
Grasubreen,2063-12-01,0.3378610082328402,0.423751547146843,0.0049616580634015
Grasubreen,2064-01-01,0.08018646058409973,0.04043053734879353,-0.2509332116533773
Grasubreen,2064-02-01,0.46028013371300425,-0.2550151951322114,-0.23527684108574523
Grasubreen,2064-03-01,0.5485595159595803,-0.2869568486728073,-0.003032718965443363
Grasubreen,2064-04-01,0.5363257697410524,0.005992214171005737,0.3109220047338929
Grasubreen,2064-05-01,0.10309100633602436,-0.16395767757225801,-0.15033046896560784
Grasubreen,2064-06-01,0.024227138707898842,0.04644670574746576,0.04291872976614811
Grasubreen,2064-07-01,0.09527928880340064,0.13150037933110229,0.14563577325905416
Grasubreen,2064-08-01,0.10960572220608117,0.09743467298024945,0.09633353225758769
Grasubreen,2064-09-01,-0.1256249884653781,0.020754276871085994,0.029186596760509487
Grasubreen,2064-10-01,-0.003157659713405402,0.11022173926312928,0.001736835365785223
Grasubreen,2064-11-01,-0.06877187840805872,0.07413111237095181,-0.0639058818702495
Grasubreen,2064-12-01,0.06825457601158731,0.06987615342148447,-0.014086087863459601
Grasubreen,2065-01-01,-0.25821487941612825,0.5843175492079198,-0.107971838298836
Grasubreen,2065-02-01,0.4406433653676753,0.377835180292274,-0.17660719445812348
Grasubreen,2065-03-01,-0.035198951189737517,0.16421051099472872,-0.18097981762027474
Grasubreen,2065-04-01,0.22259031132233406,0.05506179127286589,-0.10764226313061187
Grasubreen,2065-05-01,0.10440886551600655,0.2100671449900969,0.27395563749044277
Grasubreen,2065-06-01,0.006795200012876211,0.1263150654166578,0.11272998210323719
Grasubreen,2065-07-01,0.14122149592105374,0.07948422784420252,0.1523803116098443
Grasubreen,2065-08-01,0.11230418697386947,0.13138153393014929,-0.010089446765278532
Grasubreen,2065-09-01,0.14420053313867368,-0.06086799506656528,0.12024999881305994
Grasubreen,2065-10-01,0.07391878099761155,0.15582126894632078,0.12663857015308025
Grasubreen,2065-11-01,0.0295674442337925,0.2748504957670707,0.15619569279121537
Grasubreen,2065-12-01,0.32667662605210834,-0.2884551564247677,0.1832739372396511
Grasubreen,2066-01-01,-0.104830951158709,-0.1690507818853597,0.6343179927521951
Grasubreen,2066-02-01,0.034831321826020036,0.2713134907023996,-0.2695854047386363
Grasubreen,2066-03-01,0.338208090784756,-0.030253405769055757,-0.29835926349135294
Grasubreen,2066-04-01,-0.039827611662491776,-0.17360624129915478,0.01691622729329777
Grasubreen,2066-05-01,0.1412862786015982,0.20028172609129194,0.07106578694926845
Grasubreen,2066-06-01,0.28203554295889993,0.09565786433737931,0.1613368951002844
Grasubreen,2066-07-01,0.07704693780056855,0.2143812411485185,0.11014532287149359
Grasubreen,2066-08-01,0.0950395507386862,0.0666205671681373,0.06911157399255091
Grasubreen,2066-09-01,-0.08028934573844974,-0.07542688174518619,0.09494833565141331
Grasubreen,2066-10-01,-0.1541546183084379,0.1502448333246745,0.2373827422708865
Grasubreen,2066-11-01,0.43860909784443214,-0.28409395935760284,-0.14615414975030908
Grasubreen,2066-12-01,-0.21811823653949514,0.0006374804024419922,0.013553153664135282
Grasubreen,2067-01-01,-0.020927139108257293,-0.16239092917492873,-0.11164677091855091
Grasubreen,2067-02-01,0.283860896098549,-0.2664389422997437,0.4320276460812312
Grasubreen,2067-03-01,0.24331000060745867,0.22258138703526287,0.43857166263759323
Grasubreen,2067-04-01,0.04076038414177536,-0.02206964185312291,-0.05676033951665967
Grasubreen,2067-05-01,0.011240163600416728,-0.12755363563552338,0.11307616824360117
Grasubreen,2067-06-01,0.1346342040878076,0.17992737834559355,0.11896003767668428
Grasubreen,2067-07-01,-0.005138880890819232,0.1492049365023182,0.07502254335192395
Grasubreen,2067-08-01,0.017577685230351275,0.060777143633926535,0.04072130847326783
Grasubreen,2067-09-01,0.08853022620249505,0.25443091454241634,0.22229219826939448
Grasubreen,2067-10-01,0.05399989760972514,0.11530645638529761,-0.001688488493590277
Grasubreen,2067-11-01,-0.009354900818770606,-0.0587536359488123,-0.17937649204847514
Grasubreen,2067-12-01,0.3552931983709644,0.12391187166299988,0.35408890859679715
Grasubreen,2068-01-01,0.2558356168605873,0.31874983849286426,0.08433615957427182
Grasubreen,2068-02-01,0.13727130259080908,0.7984400147610896,-0.045256412216815055
Grasubreen,2068-03-01,-0.07653691849831748,0.36378971461394993,-0.23229194044683044
Grasubreen,2068-04-01,0.22696931395333383,0.05418379311883539,0.41638689494628583
Grasubreen,2068-05-01,0.05391495991219469,0.16723723614083852,0.10436280353040193
Grasubreen,2068-06-01,0.26412158095412264,0.1700546059146623,0.12878743875713075
Grasubreen,2068-07-01,0.14730461669623315,0.1380518588045089,0.023316608645860687
Grasubreen,2068-08-01,0.16172326950890073,0.20243231309584706,0.06068971474876323
Grasubreen,2068-09-01,0.07799522230017773,-0.04012574020405888,0.025732399717034504
Grasubreen,2068-10-01,0.38138422254683996,-0.04909128239895666,0.043403084682225694
Grasubreen,2068-11-01,0.1246450562760994,0.09947587718153687,-0.252455415600141
Grasubreen,2068-12-01,-0.16361190427132485,0.04776208160975418,-0.2465258823442743
Grasubreen,2069-01-01,-0.2683834937320422,-0.01798034448881587,-0.2422039536203616
Grasubreen,2069-02-01,0.5285767032492593,0.3107379789044449,0.22677036633840467
Grasubreen,2069-03-01,0.10912701743059865,0.6648018981326603,0.013223215837498387
Grasubreen,2069-04-01,-0.06821801730808504,0.3093226878721542,-0.3321155088840441
Grasubreen,2069-05-01,0.07909653092118664,0.24565209009488406,0.13821584779989696
Grasubreen,2069-06-01,0.19293224646021448,0.08396416012095816,-0.002542422559772777
Grasubreen,2069-07-01,0.21553050150048017,-0.04613285209959667,0.13422348744795976
Grasubreen,2069-08-01,0.09498403903760445,0.07964979094500657,0.18261726329009084
Grasubreen,2069-09-01,0.06286476083150008,-0.0108020809190025,-0.10885602492545167
Grasubreen,2069-10-01,0.0931986723261886,0.12448224981140943,-0.030728782383901407
Grasubreen,2069-11-01,0.0559286084328221,0.32684098029876335,-0.18412639629853456
Grasubreen,2069-12-01,0.2756579084428475,0.3400376222054183,0.11660397598073952
Grasubreen,2070-01-01,-0.14699928951263172,0.280556050810383,0.23076600450899973
Grasubreen,2070-02-01,0.4905502137174687,0.006342507182781246,-0.02866880737764159
Grasubreen,2070-03-01,-0.08098723600872743,0.28683015857940913,0.3529054732701115
Grasubreen,2070-04-01,0.24397426332680835,0.022284329415505438,0.315872099524987
Grasubreen,2070-05-01,-0.13139926767572216,-0.06303088579963834,0.024212824846741064
Grasubreen,2070-06-01,0.16003906599549203,-0.09308452463133056,0.04915245116015591
Grasubreen,2070-07-01,0.16599192757108747,0.06230059550662339,0.12574421790827686
Grasubreen,2070-08-01,0.14005509918459683,-0.023133599288927192,-0.05326511410389582
Grasubreen,2070-09-01,0.12246995371123244,0.058815867469523275,0.16823650706814938
Grasubreen,2070-10-01,0.10729591253138393,-0.05361229851838358,0.1441740860402306
Grasubreen,2070-11-01,0.4259384230233067,0.36885809510886564,-0.1613750946054072
Grasubreen,2070-12-01,0.29501725892031533,0.06882700489225774,-0.05710475586004831
Grasubreen,2071-01-01,0.1764279436209284,-0.08383732014192369,-0.29800448742181523
Grasubreen,2071-02-01,-0.07717856206697978,0.5070084820000195,-0.2366497360308726
Grasubreen,2071-03-01,-0.363393310767373,0.14889220121610572,-0.10264558999146371
Grasubreen,2071-04-01,0.06824666311859832,-0.02207348344079532,0.4491727582024514
Grasubreen,2071-05-01,0.0157317802890037,0.14635286713591336,-0.19830669643842946
Grasubreen,2071-06-01,0.3058477198762916,0.11215228782735692,0.10797205987646186
Grasubreen,2071-07-01,0.18153822986200466,0.10873674566845319,0.14605836100572125
Grasubreen,2071-08-01,-0.08743331360635394,0.01263532917450618,0.2149214603932449
Grasubreen,2071-09-01,-0.1332719203322337,-0.022806032464056093,0.37128450058864537
Grasubreen,2071-10-01,0.19901046448807383,0.22797107619050347,-0.03976185947432946
Grasubreen,2071-11-01,-0.14841370192506478,0.03598304733088332,0.18155463202753067
Grasubreen,2071-12-01,0.06793476920926445,0.33705955396716064,-0.07716055137228245
Grasubreen,2072-01-01,0.3538621920504066,0.3185578407004435,-0.17525388118627325
Grasubreen,2072-02-01,0.4922205943231741,-0.2051183767759326,-0.6140412274865427
Grasubreen,2072-03-01,0.5775580744134937,-0.33801762536769697,-0.4413667572395488
Grasubreen,2072-04-01,-0.1458079286415451,0.0963703235877262,-0.0642665790452086
Grasubreen,2072-05-01,0.2662612968998551,-0.19196060069857865,0.3028392984524611
Grasubreen,2072-06-01,-0.13156240259792049,0.15893959700869958,0.2834587420689854
Grasubreen,2072-07-01,0.01668884174317395,-0.036288302586185546,0.32838111260952896
Grasubreen,2072-08-01,0.004787220144395696,-0.13488542806232268,0.2814354203909302
Grasubreen,2072-09-01,0.00417089350879718,-0.030380825867742375,0.40051714614341666
Grasubreen,2072-10-01,-0.03210404999231165,0.07870203013399292,0.3486614524536334
Grasubreen,2072-11-01,0.05681494339267564,0.13628947492222232,0.1086661712151293
Grasubreen,2072-12-01,0.2959851495264468,-0.46920067561223616,0.17299572032616783
Grasubreen,2073-01-01,0.023430776174674994,-0.0973590089813098,-0.10755676410294039
Grasubreen,2073-02-01,-0.09635410095732222,-0.1954252457921294,0.10052440737459034
Grasubreen,2073-03-01,0.19149314020857278,-0.4392626771518929,0.009527192091052772
Grasubreen,2073-04-01,0.09162883009402507,-0.06082865574954072,0.022971653440282305
Grasubreen,2073-05-01,0.12704371362170672,0.3524681482016549,0.10605412506392424
Grasubreen,2073-06-01,-0.05227851490888774,-0.011850561656723449,0.11917413822173967
Grasubreen,2073-07-01,-0.026199573266711296,0.18224291041715382,0.20301633100683447
Grasubreen,2073-08-01,0.13233085982946227,-0.06882083994689396,0.18558576299681492
Grasubreen,2073-09-01,0.2049541661288036,0.09548300695636665,0.12756705987088193
Grasubreen,2073-10-01,0.014388682942943756,0.4091838325402917,0.12482504702613136
Grasubreen,2073-11-01,0.2313547155944263,0.0896024917394836,0.3547735823536449
Grasubreen,2073-12-01,0.054138186466631905,-0.15633211147112627,-0.11086558596453205
Grasubreen,2074-01-01,0.01522915540904777,0.28494414704117293,-0.11852361230367954
Grasubreen,2074-02-01,0.1930533794911605,0.00428854559642843,-0.026488689273440256
Grasubreen,2074-03-01,-0.08814584954201987,-0.16027711479595638,0.29064834837913484
Grasubreen,2074-04-01,-0.21892306716114415,-0.19939095825720254,0.3204562799663053
Grasubreen,2074-05-01,-0.10077170039823935,-0.21552306242451624,0.023175240229813085
Grasubreen,2074-06-01,0.007076387376158473,0.14466979833848007,0.018377472971796552
Grasubreen,2074-07-01,0.11069664863759303,0.06616442992255683,0.008998112872968552
Grasubreen,2074-08-01,0.20276638796976146,-0.010777199267582624,-0.010468959831840083
Grasubreen,2074-09-01,0.013695432485839954,-0.12203595197979163,0.14193909061884388
Grasubreen,2074-10-01,0.27102082615074935,0.15463675142128555,-0.019933963739958743
Grasubreen,2074-11-01,0.29657986266389824,0.4396218344975202,-0.08039268463420735
Grasubreen,2074-12-01,-0.060503407814148695,-0.029184163694412336,-0.2020212812395967
Grasubreen,2075-01-01,0.3427418858637976,-0.1314231281314173,-0.053404579051717506
Grasubreen,2075-02-01,0.29846920964621865,0.14509847344382573,-0.33838502216582084
Grasubreen,2075-03-01,0.09649375081464096,0.3424768826499171,-0.19472505715066904
Grasubreen,2075-04-01,0.30742239325514115,0.46627778031218275,0.2307461985403357
Grasubreen,2075-05-01,0.06516254911370646,-0.018044128230028822,0.21446942097156452
Grasubreen,2075-06-01,0.2357500470857504,0.12272668664794752,0.059443395917516205
Grasubreen,2075-07-01,0.13663061185200112,0.14537919048070458,0.13683244191837884
Grasubreen,2075-08-01,0.08997439173620754,0.02875449769088587,0.15216010495924287
Grasubreen,2075-09-01,0.309221393960666,0.03692062230937227,0.09398859797677961
Grasubreen,2075-10-01,0.34669658657097385,0.4678901277444796,0.17775366296067782
Grasubreen,2075-11-01,0.07972083403797427,0.29251326246161585,-0.10347305773920164
Grasubreen,2075-12-01,0.14697969568799876,0.20764134035654883,-0.2322497907279323
Grasubreen,2076-01-01,-0.3253920877433841,-0.4040549558961339,-0.31204392972159556
Grasubreen,2076-02-01,-0.2117790608764704,-0.012828100914677046,0.02066300061728515
Grasubreen,2076-03-01,-0.12317494363561259,-0.12002667166946747,-0.03886465707806911
Grasubreen,2076-04-01,0.14602160300779274,-0.1876209316735653,0.06388249506028659
Grasubreen,2076-05-01,0.052928397582354104,0.07211549208125136,0.1355919756916667
Grasubreen,2076-06-01,0.18649339701847745,0.038270852280641525,0.027902861087677523
Grasubreen,2076-07-01,0.1839575929122663,0.03776383895021445,0.155327951487961
Grasubreen,2076-08-01,0.061115938613693986,-0.004674331633631022,0.18539734834539598
Grasubreen,2076-09-01,-0.020726342950446994,0.06680659825347789,0.21003184622101134
Grasubreen,2076-10-01,0.2130876958229032,-0.03099464977322149,-0.019160828218673126
Grasubreen,2076-11-01,0.10346998552382057,0.07020973427476375,-0.008944506048227163
Grasubreen,2076-12-01,-0.1605113616791691,0.06235978399636993,0.012471482056268737
Grasubreen,2077-01-01,-0.013560680867092103,-0.2871371063078994,0.6634205653778874
Grasubreen,2077-02-01,0.02073565150595706,-0.2679045316986065,0.42211392898879857
Grasubreen,2077-03-01,-0.08733882854725199,-0.33622723081316147,-0.06702468508617734
Grasubreen,2077-04-01,-0.11251929700281839,0.31933782770315483,0.4355734282013464
Grasubreen,2077-05-01,-0.09459872083395342,0.044073493791418,0.17221581832277347
Grasubreen,2077-06-01,-0.07276807555726356,-0.09629948199103512,0.17815938068689083
Grasubreen,2077-07-01,-0.06525495561865591,0.0816216702168511,0.1489184850052663
Grasubreen,2077-08-01,0.08364690979701399,-0.0483221410793556,0.11706720213006477
Grasubreen,2077-09-01,0.008851598611110276,-0.035138090715536134,0.10393433389541042
Grasubreen,2077-10-01,-0.2309410349763379,0.12891846947622762,0.09531768508931988
Grasubreen,2077-11-01,0.12745016864779535,0.475712166249563,0.023235516452434934
Grasubreen,2077-12-01,-0.004458258745938091,0.14151109856655233,0.014923960425619684
Grasubreen,2078-01-01,0.10383147171567625,0.09734115083097987,0.5071971920814549
Grasubreen,2078-02-01,-0.053133832611666675,0.2709612657091182,0.5720941636473902
Grasubreen,2078-03-01,-0.1945538041645861,-0.19271415211312048,0.5792771639868847
Grasubreen,2078-04-01,0.13116252819845745,0.18913809560643835,0.037821561759924766
Grasubreen,2078-05-01,0.06484182981674175,0.181685346184547,-0.08245709381325787
Grasubreen,2078-06-01,-0.019594444303570407,0.08872544428558565,0.07592595607924382
Grasubreen,2078-07-01,0.149617574414539,0.10188376219652774,0.15959275773448253
Grasubreen,2078-08-01,0.07765058895128216,-0.003791109861788678,0.10337199311240952
Grasubreen,2078-09-01,-0.02787873858570591,-0.1886309225652227,0.16100518954076004
Grasubreen,2078-10-01,0.12831229672474828,-0.061059821537538174,0.2900894350763372
Grasubreen,2078-11-01,0.5201499628777975,-0.03181428641073167,-0.041222291353610205
Grasubreen,2078-12-01,-0.24009199130380818,-0.20425981328775325,0.0021104139945807795
Grasubreen,2079-01-01,0.008705453894373874,-0.1555683500043917,0.4396109238080769
Grasubreen,2079-02-01,0.549774137841787,-0.16655142380778154,0.08578737682187364
Grasubreen,2079-03-01,0.5743591869881165,0.09667814591454355,0.09412316095835908
Grasubreen,2079-04-01,0.05024216855719885,0.0025410446195339212,0.11551517813143393
Grasubreen,2079-05-01,0.3278390311441412,0.4060818925535316,0.2908770370595806
Grasubreen,2079-06-01,0.15744214199374806,0.13816713369849828,0.12811751614263753
Grasubreen,2079-07-01,0.1336572710910254,-0.11895391705893392,0.059040019045974244
Grasubreen,2079-08-01,0.13834600029888525,0.031995205692603744,0.11409035028986857
Grasubreen,2079-09-01,0.09858238177517376,-0.10270435239849818,0.232137759430748
Grasubreen,2079-10-01,-0.11613339156769568,-0.13667236665891877,0.10916364358077797
Grasubreen,2079-11-01,0.19035328400812124,-0.06518645127308464,-0.03150537707285558
Grasubreen,2079-12-01,-0.23971617243552937,0.25848909974358375,0.3059719286271036
Grasubreen,2080-01-01,-0.12457757113071351,0.1253363930469711,0.7062385041496947
Grasubreen,2080-02-01,0.06902804514785896,-0.2532245602594027,0.7045831486018148
Grasubreen,2080-03-01,-0.1730643165498941,-0.1646173580270908,0.1889068279391982
Grasubreen,2080-04-01,-0.11285545638783569,-0.44084633435146187,0.11621500268781748
Grasubreen,2080-05-01,0.10103010480279273,-0.10989902429348819,-0.10239155663773376
Grasubreen,2080-06-01,-0.02072364881813142,0.12327434538306555,0.13216773934406784
Grasubreen,2080-07-01,0.11970721495831786,-0.018064683172913088,0.04915145323279172
Grasubreen,2080-08-01,0.01351049623818415,0.039839356444749084,0.11518790001212116
Grasubreen,2080-09-01,0.12043957082011388,0.045468224979281546,0.1858302851671577
Grasubreen,2080-10-01,0.006977510914748933,0.03021186800115551,0.1456197384314026
Grasubreen,2080-11-01,0.30511555862900314,-0.06329810642072649,0.24460508423029995
Grasubreen,2080-12-01,0.5279092320986108,0.678581307124236,-0.02558201520925259
Grasubreen,2081-01-01,0.32262720633657027,0.5022442779307955,-0.09797405675714803
Grasubreen,2081-02-01,0.44316917117760407,0.4783004800621624,0.3484123044163206
Grasubreen,2081-03-01,0.48454906743663484,0.247699662903868,-0.012121181117260715
Grasubreen,2081-04-01,-0.047928139071975406,0.2340987231363106,0.07860263224228196
Grasubreen,2081-05-01,0.0279582662696039,-0.13313959627574182,0.01935645887928189
Grasubreen,2081-06-01,0.3507293485338301,-0.08624514642426882,0.13123676031073497
Grasubreen,2081-07-01,0.07792598420933687,0.25083167239075205,0.21866959064736544
Grasubreen,2081-08-01,0.20151767097577464,0.2257764198234984,0.192367876835973
Grasubreen,2081-09-01,0.08059252611968454,0.01788255606988592,0.02103176820799588
Grasubreen,2081-10-01,0.2505313124132595,-0.04953292938108905,0.11809486019495108
Grasubreen,2081-11-01,0.1981557659808264,0.21220084686801668,0.2488100247470543
Grasubreen,2081-12-01,0.22602063336641479,0.24423809283914777,0.09387676544214772
Grasubreen,2082-01-01,-0.3773365083511469,-0.13813183591636813,-0.09894005515350446
Grasubreen,2082-02-01,-0.0732888408697896,-0.18032979739880428,-0.42823754811821146
Grasubreen,2082-03-01,0.14305451883379636,0.38048883664883776,-0.07519899165720541
Grasubreen,2082-04-01,0.06914222916188166,0.3692002754733343,0.0360267351295881
Grasubreen,2082-05-01,-0.040005077452928924,0.20879790074662719,0.17544361776773995
Grasubreen,2082-06-01,-0.07452084060090665,0.19179195081752368,0.004468030951655567
Grasubreen,2082-07-01,0.2332050673122944,0.07526759394909446,0.1266726119532091
Grasubreen,2082-08-01,0.19082284396678217,0.22262115944854277,0.2102889644004898
Grasubreen,2082-09-01,0.27056791297678295,0.21717776815053833,0.28062382755399035
Grasubreen,2082-10-01,0.17565165648685088,-0.08691802889093715,0.08033202177145447
Grasubreen,2082-11-01,0.2220764318478107,0.00522686976702975,0.14543230774333363
Grasubreen,2082-12-01,0.07777843684950887,0.11034467868315763,0.04646235849624533
Grasubreen,2083-01-01,0.17828510263665884,0.1312475821153776,0.025769468478195848
Grasubreen,2083-02-01,0.3370405221612261,0.6742233071119034,-0.22916254225723695
Grasubreen,2083-03-01,0.4780129711718965,0.6137536477755898,0.12363649902804308
Grasubreen,2083-04-01,0.16977187537483396,0.6729008411702434,0.5585636921608041
Grasubreen,2083-05-01,0.1472329519703137,0.24168800831287832,0.11114468370490356
Grasubreen,2083-06-01,0.07145885726718554,-0.005305594305698223,0.28372351335893975
Grasubreen,2083-07-01,0.08300131296856245,0.1321816059082369,0.11863594007069467
Grasubreen,2083-08-01,0.051379178185479275,0.049818613306687166,0.1683262296810354
Grasubreen,2083-09-01,0.0038358082834030935,0.07786568625178834,0.12248294102269451
Grasubreen,2083-10-01,-0.04338946681652564,0.006547614390574959,-0.14372049029246767
Grasubreen,2083-11-01,0.08310796107147493,0.2374864290511658,0.15206153830875743
Grasubreen,2083-12-01,-0.23885333091817582,0.3211983697860622,-0.05416503633982551
Grasubreen,2084-01-01,-0.06939460107668491,-0.42074929532803146,-0.32180455701867916
Grasubreen,2084-02-01,-0.12200759000583959,0.05034018666711441,-0.19131888676975758
Grasubreen,2084-03-01,0.08973908883782977,0.023338549155535685,0.19709080108481658
Grasubreen,2084-04-01,0.12057932464161546,-0.15728173489993727,0.5963706388095896
Grasubreen,2084-05-01,0.17725345429425846,0.03328746447052748,0.04761162863980817
Grasubreen,2084-06-01,0.13654427333630403,0.03422698092645359,-0.09190975793610834
Grasubreen,2084-07-01,0.19524491328125126,0.02153860041054535,0.133898127199967
Grasubreen,2084-08-01,0.08341873911282989,0.08668003884785998,0.0750476179041582
Grasubreen,2084-09-01,0.07123721149462227,0.1797597821141751,0.28053227618247945
Grasubreen,2084-10-01,0.08506041386253904,0.09254515033752918,-0.08224651843256735
Grasubreen,2084-11-01,0.10096468954931488,0.1587734626444044,0.13858233151300373
Grasubreen,2084-12-01,0.6637355499365486,0.3395115312147758,-0.10680843175016612
Grasubreen,2085-01-01,-0.22115740524907146,0.48481083017033805,-0.10192651713773844
Grasubreen,2085-02-01,-0.03212944590207243,0.6765868036140145,-0.13725069691677697
Grasubreen,2085-03-01,0.07888210423496568,0.47940512761474335,0.4601045554106964
Grasubreen,2085-04-01,-0.0667503298950765,-0.0699408027330563,-0.2192070425061421
Grasubreen,2085-05-01,0.17011149975841008,0.1449118501558317,0.13213425412865645
Grasubreen,2085-06-01,0.10172969270276011,0.07101424696411672,0.09632371931449286
Grasubreen,2085-07-01,0.0855803959872818,-0.03262110767755817,0.1476987203861737
Grasubreen,2085-08-01,0.06295997895930688,0.013450532382234983,0.12403160060425687
Grasubreen,2085-09-01,-0.05278419848033584,0.0245171611886026,0.1704442325060956
Grasubreen,2085-10-01,0.018037372927989435,0.10053985932136826,-0.11920526353058114
Grasubreen,2085-11-01,0.025377033531589727,-0.02886983378872493,0.30165324765966034
Grasubreen,2085-12-01,0.3811861301078092,-0.323013718005624,-0.14077021092269557
Grasubreen,2086-01-01,-0.12650619521555573,-0.292980249832228,0.1434822484175191
Grasubreen,2086-02-01,0.05712866741169084,0.28473233685131566,0.39963574858368234
Grasubreen,2086-03-01,0.17045540954207383,0.19522490555204228,0.42585000258862477
Grasubreen,2086-04-01,-0.045912973920533375,0.2783865550667142,0.10203797617566829
Grasubreen,2086-05-01,0.26276532914889084,0.1266484706715624,0.33551833797510283
Grasubreen,2086-06-01,0.3271457201082853,-0.11833376183121987,0.07449085456774455
Grasubreen,2086-07-01,-0.08294626277784474,0.05674950813182622,0.12439764267716102
Grasubreen,2086-08-01,0.06652264149111863,0.15826850337773682,0.15054979836702406
Grasubreen,2086-09-01,-0.044329648918092344,0.0025845644376645874,0.11742432074813797
Grasubreen,2086-10-01,0.31418612390095063,0.2945951050675551,0.17828443524507956
Grasubreen,2086-11-01,0.4951920331404788,-0.12988808466303423,0.19801452883545476
Grasubreen,2086-12-01,-0.10129979469462873,-0.35235190883576495,0.147877575019103
Grasubreen,2087-01-01,0.04058140725342108,0.31130967249125513,-0.23599631504985205
Grasubreen,2087-02-01,0.025158624687118086,0.2981292262286602,0.5594815150499118
Grasubreen,2087-03-01,0.002758700374603707,0.21991546370013368,0.07116085921625989
Grasubreen,2087-04-01,0.11831749640713217,-0.09367788001188203,-0.27662970987092833
Grasubreen,2087-05-01,0.15397419591680792,0.2516706810249855,0.07464994178969629
Grasubreen,2087-06-01,-0.040521983326665754,0.13788166771436636,0.07935658580164151
Grasubreen,2087-07-01,0.06613411886023164,0.12053977825362666,0.16786051948572445
Grasubreen,2087-08-01,0.06061633730307601,0.03356488620727117,0.21536841425804162
Grasubreen,2087-09-01,-0.08303289000079545,0.033449722909387046,0.2297529456868644
Grasubreen,2087-10-01,0.14068900656726138,-0.17757511056548636,0.166280621510526
Grasubreen,2087-11-01,-0.11031504781096542,-0.164662020716801,-0.1446502984101784
Grasubreen,2087-12-01,0.1383392252144224,0.3258982712749559,-0.06803138347736037
Grasubreen,2088-01-01,0.45880503352346674,-0.19608712224067323,0.3262153123464358
Grasubreen,2088-02-01,0.5119456512837233,-0.26258686477481546,0.02235641763546339
Grasubreen,2088-03-01,0.2162242552468301,-0.11886646651042292,0.2836729287148076
Grasubreen,2088-04-01,0.2612689444858656,0.1273185665889817,0.2922443769613304
Grasubreen,2088-05-01,0.3118117176007354,0.10905348132866192,0.08202965429008283
Grasubreen,2088-06-01,-0.10714779448279939,0.25055545963359976,-0.04319988338429446
Grasubreen,2088-07-01,0.014570996734356934,0.014356298668797245,0.1731211097908311
Grasubreen,2088-08-01,-0.02535338495269605,0.029427228417152212,0.12451140911007953
Grasubreen,2088-09-01,-0.03753161227675114,0.15712988145489773,0.28078890298984843
Grasubreen,2088-10-01,-0.07690487283564269,0.36016954061915424,0.18582328474584728
Grasubreen,2088-11-01,0.2740948157409616,0.2745222194393314,0.11933451265626331
Grasubreen,2088-12-01,-0.13229377969346462,0.006465120222408406,0.06535322976019137
Grasubreen,2089-01-01,-0.2127436501641018,-0.27761082178060587,0.11104037477904762
Grasubreen,2089-02-01,-0.4287139310694288,-0.1529612599670416,0.3220212566750275
Grasubreen,2089-03-01,0.12083443877885706,-0.07661607835623573,0.5255675894903417
Grasubreen,2089-04-01,0.0884613381149323,0.1055559978415496,-0.027792810002207406
Grasubreen,2089-05-01,0.00011844340981240671,-0.01425246309847882,0.10045852973105544
Grasubreen,2089-06-01,0.05067018110539639,0.09437293939689635,0.020129997302055846
Grasubreen,2089-07-01,0.09603164335075672,0.03403254975434505,0.11513231596606117
Grasubreen,2089-08-01,-0.08777269167457151,0.11272756579808661,0.1326488606875225
Grasubreen,2089-09-01,0.09054402814914875,0.09556355384224613,0.12504162655510606
Grasubreen,2089-10-01,0.2807921720493368,0.005054552535075497,-0.09340066359516865
Grasubreen,2089-11-01,0.012957519099487877,0.17135489907409585,0.021427615030509804
Grasubreen,2089-12-01,0.3586063653174623,0.3019450530310446,0.23631435724548275
Grasubreen,2090-01-01,0.2711300909906161,-0.05338812872361198,-0.0667425541335618
Grasubreen,2090-02-01,0.4457412474522047,-0.3068354329576486,-0.013143369818567688
Grasubreen,2090-03-01,0.4795709176657761,-0.3063980795599665,0.15025200055683777
Grasubreen,2090-04-01,-0.1328386800249052,-0.02709200086648568,0.3697898440477528
Grasubreen,2090-05-01,-0.05515822705024617,-0.1285338992962951,0.09576622070315587
Grasubreen,2090-06-01,0.023921336512967534,-0.10979452023093077,0.04110573926779475
Grasubreen,2090-07-01,0.03555527579126324,0.05378950300658239,0.13679962445795718
Grasubreen,2090-08-01,0.2324878988359694,0.060533134258949406,0.22354071104996445
Grasubreen,2090-09-01,0.05355646424343951,0.007459167111574065,0.20071637749162954
Grasubreen,2090-10-01,0.13539340411158915,0.26342096846594637,0.09606034100313632
Grasubreen,2090-11-01,-0.1334482188140905,-0.06798159327676662,-0.08296831898589979
Grasubreen,2090-12-01,-0.1486527349086688,-0.048253802137573375,-0.0671402871571327
Grasubreen,2091-01-01,0.31640303603071246,-0.5893972298473628,0.11905529427000745
Grasubreen,2091-02-01,0.048735737246055365,-0.5542637188486008,-0.6307557096317631
Grasubreen,2091-03-01,-0.500685657938751,0.2693805805603529,-0.266344137376298
Grasubreen,2091-04-01,-0.03375771052278941,-0.0078086598065294265,0.06619026448642605
Grasubreen,2091-05-01,0.13271784802958805,0.27931865745037116,0.16790058210294165
Grasubreen,2091-06-01,0.02915760015067495,-0.13252439328353907,0.18031720271330956
Grasubreen,2091-07-01,0.0027555097873555126,0.05869517313626982,0.16851631735154737
Grasubreen,2091-08-01,0.265084201250611,0.13072628900499794,0.17157418041220518
Grasubreen,2091-09-01,0.18881242772429338,0.004362458428340575,0.14625017518589964
Grasubreen,2091-10-01,-0.14639900724204338,0.1443390278945524,0.04603000133648821
Grasubreen,2091-11-01,0.2657094437882197,0.15397839889192366,0.41871929552554416
Grasubreen,2091-12-01,-0.11816176296336751,0.7166417747344694,0.6218394564274092
Grasubreen,2092-01-01,0.44758034262654833,-0.10914824218106305,0.3170617286204515
Grasubreen,2092-02-01,0.5041399706488113,-0.3392726057645108,-0.2010818741345973
Grasubreen,2092-03-01,0.33432193838615326,0.364844821309602,-0.35875868418685825
Grasubreen,2092-04-01,0.1702326370343565,0.4237001101239919,0.1396934913429125
Grasubreen,2092-05-01,-0.15702400070766007,-0.022643460308978458,0.06289254490115954
Grasubreen,2092-06-01,-0.08613553252255013,0.10360074625540196,0.26613538124555913
Grasubreen,2092-07-01,0.036674093996220035,0.05901972515351209,0.23797723930345258
Grasubreen,2092-08-01,0.04935881734912475,0.09472652930489954,0.17680337986534522
Grasubreen,2092-09-01,0.11674161569342774,0.15064659723213744,0.20109387102769868
Grasubreen,2092-10-01,0.015500129351385589,-0.18153954972334732,0.13131297358722538
Grasubreen,2092-11-01,-0.10654962781658027,0.3055767492399759,0.3288978230317938
Grasubreen,2092-12-01,-0.05161848857029305,0.28226064468279544,0.1590603706086174
Grasubreen,2093-01-01,0.4458214375422182,0.6525593899807363,-0.2107376253838893
Grasubreen,2093-02-01,-0.07373030198363557,-0.015132600708363234,0.08216696474227361
Grasubreen,2093-03-01,0.38431507467609904,0.3042398947208785,-0.14986688158050554
Grasubreen,2093-04-01,0.28259313836658445,-0.1754270441848124,-0.06608250630848898
Grasubreen,2093-05-01,-0.09995393027199888,-0.1329292132448781,0.28132909664463557
Grasubreen,2093-06-01,-0.012517287295329055,-0.0703087373699743,0.18857062478668749
Grasubreen,2093-07-01,0.020492281453632053,0.21497021725118523,0.32237450905820264
Grasubreen,2093-08-01,0.0780598138798726,0.07699251300493769,0.21096843964693027
Grasubreen,2093-09-01,0.060305962201197515,0.06954002453321861,0.10503520310831516
Grasubreen,2093-10-01,0.1455070288352738,-0.040101222321088155,0.19263624277218536
Grasubreen,2093-11-01,-0.03850190054840027,0.09675805737081404,0.08534596855649079
Grasubreen,2093-12-01,-0.056584783791883975,0.004835567363987728,0.1958729882470036
Grasubreen,2094-01-01,-0.11912591137035618,0.30156956075206215,-0.004886804695167414
Grasubreen,2094-02-01,-0.0913887433874584,0.6792195969301577,-0.3305008835368863
Grasubreen,2094-03-01,0.10061441273066611,0.3742857548725876,0.32675143329654915
Grasubreen,2094-04-01,0.3132828191182344,-0.3485618874439156,0.16802912629166392
Grasubreen,2094-05-01,0.06496095275167095,-0.16953603947938364,0.06893511914120985
Grasubreen,2094-06-01,0.10451398754761987,0.09491205663587599,0.09869594182507506
Grasubreen,2094-07-01,0.1171940691619311,0.1376694009854167,0.06356547565282468
Grasubreen,2094-08-01,0.22551653907385302,-0.01729331333557634,0.140113618828388
Grasubreen,2094-09-01,0.12860087099775494,0.2640537027209595,0.14806531605835294
Grasubreen,2094-10-01,0.17988045824885449,0.042725764326690265,0.10961864336900197
Grasubreen,2094-11-01,0.0354788563596888,-0.021053047331725874,0.11021407685225293
Grasubreen,2094-12-01,0.10725279492032803,-0.11783273990599391,0.38219878598142554
Grasubreen,2095-01-01,-0.037335253489375865,0.5274608579230363,-0.14358664786959544
Grasubreen,2095-02-01,-0.548222393476451,0.3402987046121448,0.1872158201984119
Grasubreen,2095-03-01,-0.023009604815093333,-0.1966905026078131,0.27664655052272746
Grasubreen,2095-04-01,-0.010227853100778376,0.08854140059171124,-0.008352989097302648
Grasubreen,2095-05-01,0.07301600546636565,0.04364714242740222,0.1706560460964155
Grasubreen,2095-06-01,0.13419423563869826,0.06605971236243596,-0.0024430227605395185
Grasubreen,2095-07-01,0.21590488876580463,0.08882519399778577,0.03641415256662814
Grasubreen,2095-08-01,0.17659928108619552,0.10870934296990065,0.1755739378919814
Grasubreen,2095-09-01,0.07613819871101817,0.07065799959939162,0.03449129083458925
Grasubreen,2095-10-01,-0.012612851196694525,-0.006669551508558085,0.3083708806550047
Grasubreen,2095-11-01,0.1947227610925175,-0.3644865612704642,0.08718903145529522
Grasubreen,2095-12-01,-0.0022301865663173124,0.2199591742613828,-0.03166052670541503
Grasubreen,2096-01-01,-0.09966116851937244,-0.05739157519860305,-0.049333472102817404
Grasubreen,2096-02-01,-0.38323321484805034,-0.18189256704222198,-0.0532959465915323
Grasubreen,2096-03-01,-0.3408648979577434,0.6812107613003437,0.1607797124361987
Grasubreen,2096-04-01,0.4366851787539668,0.2938600138906959,-0.23850211815371344
Grasubreen,2096-05-01,0.054319035531249345,-0.0015855758272491777,0.1650696029347162
Grasubreen,2096-06-01,0.06742935576070025,-0.0028170896020002314,0.1291129633154057
Grasubreen,2096-07-01,0.13733556920406276,-0.026300690568156957,0.2314581139047144
Grasubreen,2096-08-01,-0.03992952503880631,0.016725559680616665,0.13513391615736017
Grasubreen,2096-09-01,0.10686506821504159,0.14310043401559058,0.1399243228158059
Grasubreen,2096-10-01,0.014386989213378337,-0.1334774302551526,0.026548509044568295
Grasubreen,2096-11-01,-0.16325839829873226,0.2424098866523127,-0.15761334635951837
Grasubreen,2096-12-01,-0.4471388307323821,-0.1756832928759943,-0.167439004658659
Grasubreen,2097-01-01,0.36337062714605567,0.3814359778232193,-0.4648559262059913
Grasubreen,2097-02-01,-0.21911340083491745,0.10952315766635405,0.12221963149450059
Grasubreen,2097-03-01,0.28888020983545437,-0.25376461851357957,0.033827471160648416
Grasubreen,2097-04-01,0.05481778388534727,-0.1482680471617208,0.0482513656575226
Grasubreen,2097-05-01,-0.2268787231947896,0.13587261430722045,0.07574011595601224
Grasubreen,2097-06-01,-0.02391000221537537,-0.06260567599049514,0.20869841464944686
Grasubreen,2097-07-01,0.0175715237342631,-0.0245926267375761,0.19025530091824797
Grasubreen,2097-08-01,-0.018451733119887275,-0.05306481764941634,0.26610935374465794
Grasubreen,2097-09-01,-0.13496675017448867,-0.053668459809819526,0.09889441287114357
Grasubreen,2097-10-01,-0.2506122831337887,-0.09518363613961726,0.16724548303311346
Grasubreen,2097-11-01,0.16468507679074032,-0.024584707715306547,-0.23158460058738686
Grasubreen,2097-12-01,0.18568687940145143,-0.30216705677495487,0.13465684821423574
Grasubreen,2098-01-01,0.05872673513254193,0.04537855528860028,-0.08565268229476726
Grasubreen,2098-02-01,0.41704966497061086,-0.00799247835211736,0.13058996755096067
Grasubreen,2098-03-01,0.2911675330201662,-0.3554580657271251,0.1968479296690775
Grasubreen,2098-04-01,0.237990795225253,0.028264285180474413,0.23727794112544187
Grasubreen,2098-05-01,0.11762123476130137,0.16137501513794203,0.031538367914009775
Grasubreen,2098-06-01,0.15648777846688064,0.263903553143503,0.19177248790733933
Grasubreen,2098-07-01,-0.003812116515475176,0.11163142718177148,0.11144189479863437
Grasubreen,2098-08-01,0.03361226613511324,-0.14066868313429212,0.15951245215960153
Grasubreen,2098-09-01,-0.08937529006585622,-0.10939274457004151,0.06853285369900841
Grasubreen,2098-10-01,0.005221864161205537,0.057943743409692154,0.011238281964691427
Grasubreen,2098-11-01,0.6592435581872227,0.40768445209565224,-0.2531858719492839
Grasubreen,2098-12-01,0.1682020255331015,0.268911705578579,-0.06851784710506766
Grasubreen,2099-01-01,-0.22127968442688858,0.2713934022102688,0.03909961012850476
Grasubreen,2099-02-01,0.06833155404862049,-0.32374091351557127,0.2625267735350598
Grasubreen,2099-03-01,0.06331604371559425,0.06359381053392871,0.11804034511878042
Grasubreen,2099-04-01,0.18216837100811736,-0.03778402832642857,0.2401648413916807
Grasubreen,2099-05-01,0.12688500304092984,-0.20065395863914395,0.20258012912863096
Grasubreen,2099-06-01,0.19602083760618103,-0.319681751217222,-0.01815155998982163
Grasubreen,2099-07-01,0.009591751791316805,0.10007460415878332,0.14302584633770374
Grasubreen,2099-08-01,0.12233315764072707,0.11208397424323609,0.3135981786410669
Grasubreen,2099-09-01,-0.12721889781153606,-0.0749495836919676,0.23128184735764523
Grasubreen,2099-10-01,-0.07767753225804801,-0.011382394219907374,0.2228834210420694
Grasubreen,2099-11-01,-0.2766386953297739,0.1992149647691348,0.4324877289616302
Grasubreen,2099-12-01,-0.402858643304119,-0.09438411426784062,0.03554922554989728
Grasubreen,2100-01-01,0.04114525230414194,0.4857244481703649,0.3674306753896055
Grasubreen,2100-02-01,-0.11778534504006155,0.45527013813789935,0.15987412741426885
Grasubreen,2100-03-01,0.10700824183761008,0.1612793728898491,-0.04505335247611023
Grasubreen,2100-04-01,0.16921989840222054,0.008743881329947209,0.10694512576155417
Grasubreen,2100-05-01,0.19151852132475114,-0.019137898163984285,0.15200029228533576
Grasubreen,2100-06-01,0.21629367450599432,0.036998074186450146,0.11158982983072485
Grasubreen,2100-07-01,0.02212227109940999,0.06389676921788644,0.24099376553376026
Grasubreen,2100-08-01,-0.10324453404634683,-0.02488758746860815,0.3232694513936127
Grasubreen,2100-09-01,0.03277444560121467,0.20401443541883313,0.24691033705896695
Grasubreen,2100-10-01,-0.22489460706554645,-0.04886143259425286,0.1855557861933981
Grasubreen,2100-11-01,0.4418581158230477,0.07512275271129422,-0.22698486133919463
Grasubreen,2100-12-01,0.5965474747811035,-0.18270493622331765,0.0036379469156536206
Hansebreen,2015-01-01,0.23972901887030215,0.386072792532979,0.42391176481390874
Hansebreen,2015-02-01,-0.5554306954783521,0.09921957316323975,0.30357308962627655
Hansebreen,2015-03-01,-0.33870927662412553,0.023688026447174586,-0.3298396867603631
Hansebreen,2015-04-01,0.03497281964850783,-0.2801396770216161,-0.23338293312168115
Hansebreen,2015-05-01,0.028948987830925445,-0.21979638055993722,-0.3636097145080856
Hansebreen,2015-06-01,0.03326026583792432,-0.1483351391912391,-0.1937475597355619
Hansebreen,2015-07-01,-0.0037657613196004137,-0.033553665195332774,-0.2654580782737725
Hansebreen,2015-08-01,-0.11926621985648111,0.024511861727680637,-0.3579291721804981
Hansebreen,2015-09-01,-0.14196825467613922,-0.11784383295604284,-0.20264296262765547
Hansebreen,2015-10-01,-0.6436261669083522,0.06857063919380908,-0.6655233217691032
Hansebreen,2015-11-01,0.48662972193436344,0.05719164036214166,-0.18169377657711916
Hansebreen,2015-12-01,-0.07289605304048936,0.1031265338435377,0.7878435492441929
Hansebreen,2016-01-01,-0.14492741012506985,0.46577076530501943,0.06849510403620306
Hansebreen,2016-02-01,-0.6337332805247411,-0.4799002080446931,0.4237682034509338
Hansebreen,2016-03-01,-0.2656731016862373,0.15505645778775076,-0.7604032539645109
Hansebreen,2016-04-01,0.21264103344405713,-0.03683246987138115,-0.3154838811212703
Hansebreen,2016-05-01,-0.08079135993608687,0.1842707103376214,-0.22661438066360776
Hansebreen,2016-06-01,-0.013074246096734547,-0.28102116805057903,-0.07420978077646274
Hansebreen,2016-07-01,-0.19582948348423942,-0.2814585211287075,-0.12040091069678732
Hansebreen,2016-08-01,-0.11077024414647381,0.01894321554400961,-0.22923917246940162
Hansebreen,2016-09-01,-0.27529330418609704,-0.5056053183738104,-0.3865554089178676
Hansebreen,2016-10-01,0.03289970723330169,-0.2032054565087297,0.32850956010994126
Hansebreen,2016-11-01,0.19084529086239832,-0.42605630179720594,-0.5149291010338617
Hansebreen,2016-12-01,0.2359680076225049,-0.3026091367056076,-0.3082301856393532
Hansebreen,2017-01-01,0.10312273282055646,-0.4180651863999458,-0.6669809442022685
Hansebreen,2017-02-01,0.1886584645926662,0.023412567374378346,0.2733857072910635
Hansebreen,2017-03-01,-0.020875684006326053,-0.13432032318484663,-0.19517138871346826
Hansebreen,2017-04-01,-0.10119815470092108,-0.0002325634707303429,-0.0035905249806231164
Hansebreen,2017-05-01,-0.1444101514494702,0.005498162972011747,-0.18175986682596576
Hansebreen,2017-06-01,-0.010075724502971865,-0.16860819118019377,-0.00996408617408884
Hansebreen,2017-07-01,-0.058433641366634016,-0.1129264096869565,-0.2299220567428264
Hansebreen,2017-08-01,0.037745588422214815,-0.17921090291532812,-0.20785055409884431
Hansebreen,2017-09-01,0.08484937368714753,0.15518857651598333,-0.008479013295185854
Hansebreen,2017-10-01,0.029430013366141455,-0.43244239081590496,-0.679617215807128
Hansebreen,2017-11-01,-0.1988796066155716,0.1527898548381976,-0.49610200734148274
Hansebreen,2017-12-01,-0.4176343815549009,-1.3719074076920759,-0.03443482757305281
Hansebreen,2018-01-01,-0.40918392468212755,0.11312572138238423,-0.19549480514560194
Hansebreen,2018-02-01,0.38574691446218656,-0.25133817647397766,-0.5386579852015058
Hansebreen,2018-03-01,-0.510239270351351,0.11045302434754023,-0.05359581820864251
Hansebreen,2018-04-01,-0.3838840160098835,-0.12957990924976973,-0.2943800360053695
Hansebreen,2018-05-01,-0.2628420527689885,-0.013749978170139366,-0.30069003680695805
Hansebreen,2018-06-01,-0.05118627806693591,-0.011146839332881428,-0.23231094355371185
Hansebreen,2018-07-01,-0.1270492275088854,-0.12131928882697803,-0.3751932922837238
Hansebreen,2018-08-01,0.020177366961352746,0.1016165784675241,-0.41764747194244967
Hansebreen,2018-09-01,-0.4073075123252082,-0.5927944884602993,-0.5418752409758412
Hansebreen,2018-10-01,-0.1470921719227491,0.2146007199530524,-0.29382768402548054
Hansebreen,2018-11-01,-0.015437869882668728,0.04472868380580151,0.07821938168638087
Hansebreen,2018-12-01,0.1838795444837804,-0.7244255797266668,0.4031011788749046
Hansebreen,2019-01-01,-0.21996995817688259,-0.4448611261532309,-0.6799287834914153
Hansebreen,2019-02-01,-0.3365117485822282,-0.5357799053906099,-0.11392745996918408
Hansebreen,2019-03-01,0.012336372990993048,-0.35821676753787096,-0.6646146685007819
Hansebreen,2019-04-01,-0.4721482171348677,-0.3064989191291267,-0.10765400778978895
Hansebreen,2019-05-01,-0.24075783178862542,-0.37341850394995174,0.19005691971820382
Hansebreen,2019-06-01,-0.30412782603338256,0.039824535428136264,0.06044877506339077
Hansebreen,2019-07-01,-0.08964775171979578,-0.19349380108772876,-0.44520986783559796
Hansebreen,2019-08-01,-0.16144408034262958,-0.22856708963273623,-0.41052742134102677
Hansebreen,2019-09-01,0.05811591340610528,-0.33108021844500535,-0.40085518689624083
Hansebreen,2019-10-01,-0.18682015006728117,-0.06579709250195967,-0.3386691681348866
Hansebreen,2019-11-01,-0.3295385678343759,0.44679975416656403,-0.3314206520948705
Hansebreen,2019-12-01,0.14061927060892732,-0.5785700966227171,-0.14198731453838512
Hansebreen,2020-01-01,0.7990020808515875,-0.46030803205943266,-0.7378540821711003
Hansebreen,2020-02-01,0.23090871830581508,-0.2677356778368795,-0.010086546551447667
Hansebreen,2020-03-01,-0.4315174854080555,-0.1343309593769188,0.08633793181563838
Hansebreen,2020-04-01,-0.3874706596527035,0.08719397573670797,-0.00405833977850648
Hansebreen,2020-05-01,0.010135852165764677,-0.019590716066028444,-0.2608966882888211
Hansebreen,2020-06-01,-0.15302771088153685,-0.09564302525315947,-0.10273530100293103
Hansebreen,2020-07-01,0.021020140459432957,-0.23688220664980889,-0.2814164555928708
Hansebreen,2020-08-01,-0.10533371218115632,-0.051405926863678786,-0.29802127322421895
Hansebreen,2020-09-01,0.11789351573193234,-0.25809388394481086,0.16844606499982118
Hansebreen,2020-10-01,-0.5299867940502044,-0.1247167558952786,-0.15561420962343553
Hansebreen,2020-11-01,-0.2081720529023785,0.009308712231997635,-0.7176187973376716
Hansebreen,2020-12-01,-0.23991925722055515,-0.18990320607804909,-0.17924869605950375
Hansebreen,2021-01-01,0.07805743719113789,-0.29698965201503014,0.45338111973078893
Hansebreen,2021-02-01,-0.20583028860378946,0.06452006806166595,0.14607989767610655
Hansebreen,2021-03-01,0.4854788927572118,0.26925583901435324,-0.05769517062987167
Hansebreen,2021-04-01,-0.507143355599066,-0.07673934889622906,0.21477529217114197
Hansebreen,2021-05-01,-0.1577937143370562,-0.021144765080128844,-0.2756940610229481
Hansebreen,2021-06-01,-0.1746377610415931,-0.1928755813520923,-0.2166944104702773
Hansebreen,2021-07-01,-0.20807898610466977,-0.22334514590026192,-0.18508110069770387
Hansebreen,2021-08-01,0.01361571166233821,-0.32419001398086966,-0.2961890734896661
Hansebreen,2021-09-01,0.1044090948000848,-0.22527528686949685,-0.3698568674977388
Hansebreen,2021-10-01,0.010029736860991149,-0.5233941109057717,-0.33998664146960006
Hansebreen,2021-11-01,-0.688431043776192,0.02296034926604203,0.04071704550853939
Hansebreen,2021-12-01,-0.36914247247034276,-0.24728258651302262,0.5618122378840139
Hansebreen,2022-01-01,-0.3513032419304631,-0.3262386590484392,0.022365975273014427
Hansebreen,2022-02-01,0.01466153797046039,0.1700874844765177,-0.061097818690044624
Hansebreen,2022-03-01,-1.0184540944503093,-0.1943595224656138,-0.48721085051336593
Hansebreen,2022-04-01,-0.17065863651058766,-0.6010120274191477,0.22609865060982537
Hansebreen,2022-05-01,-0.08749525512008154,-0.2528856918660522,-0.33183829412034965
Hansebreen,2022-06-01,-0.13198506049792777,0.03488526839584411,-0.09716604653268045
Hansebreen,2022-07-01,0.07024954107416752,0.03019268753792645,-0.14004834893440143
Hansebreen,2022-08-01,-0.09236014548638254,0.038585849631769774,-0.519298864749176
Hansebreen,2022-09-01,-0.2094678835486682,-0.28085995444172634,-0.1308967181278047
Hansebreen,2022-10-01,0.061196828441342166,-0.36242625967187947,0.14617477452842406
Hansebreen,2022-11-01,-0.45612677444309263,-0.4883382889075995,0.16306893878537257
Hansebreen,2022-12-01,-0.018191496280067138,0.39135257395265194,-0.025058474195802916
Hansebreen,2023-01-01,0.6152575124957839,-0.2843818516095001,-0.39616034473640854
Hansebreen,2023-02-01,0.10970097950311557,-0.2694860164720738,-0.4463669426776225
Hansebreen,2023-03-01,-0.18015193002294275,-0.7819063332442603,0.20073087855115604
Hansebreen,2023-04-01,-0.28176377749738074,-0.3833172420057651,-0.23269493612031167
Hansebreen,2023-05-01,0.14379447406681914,-0.2143297770750868,-0.2351316825831209
Hansebreen,2023-06-01,0.05280771536994334,-0.1665965238716528,-0.20640279506893364
Hansebreen,2023-07-01,-0.09690293089634076,-0.017262955469135033,-0.01755910967059179
Hansebreen,2023-08-01,0.12572563862196706,-0.14033860321072755,-0.49802833171117394
Hansebreen,2023-09-01,0.33318261868050597,0.20323619695329073,0.028120394272702142
Hansebreen,2023-10-01,0.11743555041506175,0.5608804899845597,-0.5133482810700657
Hansebreen,2023-11-01,0.0026079849911059146,-0.5536391277124785,-0.23151187289389788
Hansebreen,2023-12-01,-0.10747858919128865,-0.31278705471842955,-0.16318193797942018
Hansebreen,2024-01-01,-0.10898732099924581,0.2322957347045177,-0.5778319920217608
Hansebreen,2024-02-01,0.5264013541290616,-0.14120736960196453,-0.07638206899321191
Hansebreen,2024-03-01,0.32655431493608456,0.016097778020065918,-0.1995260990641734
Hansebreen,2024-04-01,-0.20401154879491812,-0.05077671823846869,-0.13135149403577584
Hansebreen,2024-05-01,0.12683720882665497,0.11393419231238366,-0.19435835060914233
Hansebreen,2024-06-01,-0.1295230313019675,-0.19779045336335246,-0.22351614229970354
Hansebreen,2024-07-01,-0.15883196778774786,-0.11527844156921851,-0.12131762079977819
Hansebreen,2024-08-01,-0.22579237827410492,-0.06117083897790535,-0.3125756605829251
Hansebreen,2024-09-01,0.23952582082006083,-0.014469398287588772,-0.1667097466341486
Hansebreen,2024-10-01,-0.2963392408144491,0.0017278429402586618,-0.38619382106608807
Hansebreen,2024-11-01,0.06587881131340716,0.3707032876496806,-0.4552214497459525
Hansebreen,2024-12-01,-0.030296980283170027,0.2798584594187463,-0.4456255985083886
Hansebreen,2025-01-01,-0.14722904405400092,-0.07566126465339561,-0.2982241377216772
Hansebreen,2025-02-01,0.37537400945454297,-0.13186173414848693,-0.8701747282091441
Hansebreen,2025-03-01,0.3381841651582967,-0.7511640028633644,0.02369305688203036
Hansebreen,2025-04-01,-0.36658149164363657,-0.649340479273227,0.24748976915114862
Hansebreen,2025-05-01,-0.2811807492887167,-0.06807838258834564,-0.08987024239304109
Hansebreen,2025-06-01,0.0548633040403519,-0.050658011168002205,0.11724589353307384
Hansebreen,2025-07-01,-0.09420893385844163,-0.2107586803868822,-0.07718116036419022
Hansebreen,2025-08-01,0.012255452052186566,-0.2995897536594239,0.0032139512905710287
Hansebreen,2025-09-01,0.3129152519235492,-0.32801569948347803,0.10680063234757031
Hansebreen,2025-10-01,-0.29160994208577345,0.10854756690414898,-0.11373109997133964
Hansebreen,2025-11-01,-0.14185101015985677,-0.42066899431280474,0.004871433435376121
Hansebreen,2025-12-01,-0.6309080711543732,-0.3707691149040171,-0.1532070149828832
Hansebreen,2026-01-01,-0.018993741200399056,-0.7831310197926581,-0.3439054940478674
Hansebreen,2026-02-01,-0.1200722884780015,-0.01708814102067288,-0.6377826260075178
Hansebreen,2026-03-01,-0.3105971683041206,0.024927036804162,-0.19639370639372214
Hansebreen,2026-04-01,-0.2659527816461304,-0.034738448419696026,-0.17289314443271397
Hansebreen,2026-05-01,-0.034766108458808176,-0.19940278954152205,-0.25268611979706496
Hansebreen,2026-06-01,-0.0829610095306861,-0.11638241160899826,-0.20134460591336656
Hansebreen,2026-07-01,0.02118767142635299,-0.21664898961554438,-0.08635818295533688
Hansebreen,2026-08-01,-0.32776700612572773,0.02471308517726381,0.021049930939510946
Hansebreen,2026-09-01,0.21491986226411344,0.17106778635947592,-0.1415431812866449
Hansebreen,2026-10-01,-0.2166889100684735,-0.4318628558341251,-0.21663464104485322
Hansebreen,2026-11-01,-0.16041679124773078,-0.18833461052550327,-0.3115510024017965
Hansebreen,2026-12-01,0.47565475647674704,-0.9708552785707477,-0.26763100453106276
Hansebreen,2027-01-01,0.58213423356186,-0.7118440593087988,-0.46660164263580084
Hansebreen,2027-02-01,-0.3588590665593803,0.24189765686754763,-0.31053501522186855
Hansebreen,2027-03-01,0.3765210497350306,-0.15813245112420024,-0.36684991700182107
Hansebreen,2027-04-01,-0.15223793633095906,-0.22369121309734727,0.2348424652237754
Hansebreen,2027-05-01,-0.05782909085502987,0.06754887993383869,-0.17077962760479692
Hansebreen,2027-06-01,-0.08793254275005348,-0.08139562544197165,-0.02905650554941089
Hansebreen,2027-07-01,0.001793315582202556,-0.08846977100510763,-0.18580367140155118
Hansebreen,2027-08-01,-0.19352140365750548,0.026539253247724312,-0.020757750765757428
Hansebreen,2027-09-01,0.10740468776965435,-0.41065054214283975,-0.30353108457082634
Hansebreen,2027-10-01,-0.2770925969312889,-0.04963214577953124,-0.3182412588442097
Hansebreen,2027-11-01,0.3703483408822159,-0.14452106840521198,-0.7559302903216437
Hansebreen,2027-12-01,-0.12493754398892594,-0.09137493678593282,-0.3684831325999543
Hansebreen,2028-01-01,0.8070468592526305,-0.42888586419576963,-0.04257886192061494
Hansebreen,2028-02-01,0.24835551386492472,0.70168640429346,-0.567117649295917
Hansebreen,2028-03-01,0.15703516832326833,-0.040957372388753674,-0.0906609874067184
Hansebreen,2028-04-01,0.5140114058698533,0.1293019443020662,-0.3044327712205867
Hansebreen,2028-05-01,0.06610611476711928,-0.05203872893594295,-0.09141381750956089
Hansebreen,2028-06-01,0.03414009066735499,0.24558468856912494,-0.17205406901968448
Hansebreen,2028-07-01,-0.01725782769786342,-0.0492920458679428,-0.3071608509342969
Hansebreen,2028-08-01,-0.01843825665485944,-0.255863205020418,-0.017539489222815053
Hansebreen,2028-09-01,-0.10376254864363392,-0.27152497823275334,-0.03388030174900659
Hansebreen,2028-10-01,-0.012833791093478245,0.08486902361685766,0.48036021589340483
Hansebreen,2028-11-01,0.20835045418002276,0.1524441335909623,0.4886837861625932
Hansebreen,2028-12-01,-0.08339702963581895,0.6132147380562843,0.30345449231481375
Hansebreen,2029-01-01,-0.1967761466378013,-0.31118969681628134,-0.757093340668523
Hansebreen,2029-02-01,-0.11118482088348465,-0.8142496886878154,0.7795900998409303
Hansebreen,2029-03-01,0.5015394060760602,-0.4744048287743082,-0.04128352528997883
Hansebreen,2029-04-01,8.994513419957491e-05,-0.09225146141227951,0.06953624188479646
Hansebreen,2029-05-01,0.21940463218458625,-0.17114872096850586,0.014711259504407041
Hansebreen,2029-06-01,0.01122723304494014,-0.15229014536286856,-0.11794422875102806
Hansebreen,2029-07-01,-0.027458163394206314,-0.05134143925743547,-0.18231886889722845
Hansebreen,2029-08-01,-0.2059542622428678,0.024190567061539072,-0.03398666189079793
Hansebreen,2029-09-01,0.1289431165029725,-0.25039317926222737,0.059955815349584475
Hansebreen,2029-10-01,-0.10991097443578972,-0.9228541790275205,-0.37542159535139547
Hansebreen,2029-11-01,-0.686753485479556,-0.08387774138193321,-0.007059433759471478
Hansebreen,2029-12-01,-0.09327087998889216,-0.3500855648323413,-0.34316066554424407
Hansebreen,2030-01-01,0.16003401735022998,0.41856289864383084,0.1051410672391886
Hansebreen,2030-02-01,-0.005027290029298133,-0.7685387789953916,-0.48297386470748566
Hansebreen,2030-03-01,0.1333098457377031,-0.4721170746365099,-0.30734709854857895
Hansebreen,2030-04-01,-0.6042809720827225,-0.5244173610125283,-0.33298748165021114
Hansebreen,2030-05-01,0.024758173504368347,0.07670388924150613,0.13856305014522582
Hansebreen,2030-06-01,-0.13739506606042168,-0.18993727351955214,-0.17610113773527888
Hansebreen,2030-07-01,-0.07757658708492475,-0.10653316689148151,-0.24530947510366363
Hansebreen,2030-08-01,-0.02292734746641976,-0.1296095163937221,-0.016669548171445035
Hansebreen,2030-09-01,0.06051670354566882,-0.5052901019015277,-0.08374245017091604
Hansebreen,2030-10-01,-0.21808746756403774,-0.7095435039881833,-0.1867568591673022
Hansebreen,2030-11-01,0.07496205677149044,-0.3950651277938924,-0.05463567276559003
Hansebreen,2030-12-01,0.3078470950094298,0.23118409758552846,0.012290892553281368
Hansebreen,2031-01-01,-0.7301658643575896,-0.3815917559599904,-0.23534385933347493
Hansebreen,2031-02-01,-0.04303692959919214,-0.011262346906655929,-1.2692785534785445
Hansebreen,2031-03-01,0.021236723094941647,0.364086234076278,-0.669175041683365
Hansebreen,2031-04-01,-0.37347398299997625,0.20693762020399578,-0.06094175537187662
Hansebreen,2031-05-01,-0.05910399303129599,-0.01725490994942379,-0.35201489551804377
Hansebreen,2031-06-01,-0.020176851402716005,-0.06346500563817943,-0.3525590249611194
Hansebreen,2031-07-01,0.04846684656247738,0.08247903214170235,-0.0978795881036932
Hansebreen,2031-08-01,-0.05373830523115911,-0.16221231091736632,-0.15995897710084891
Hansebreen,2031-09-01,-0.13839210847998082,0.20269492199606365,-0.4257000837252152
Hansebreen,2031-10-01,-0.3999509774031667,-0.19753370994244338,-0.2728859645598503
Hansebreen,2031-11-01,-0.4912946380452974,-0.07093871180550886,-0.09522053701431817
Hansebreen,2031-12-01,-0.8249572589212025,-0.5655988937830801,-0.5046235101718836
Hansebreen,2032-01-01,-0.4230309090636768,-0.0363979642207816,0.25781748537295085
Hansebreen,2032-02-01,-0.3471272925937654,-0.5003286383688148,0.25326965315826694
Hansebreen,2032-03-01,-0.3510767332526119,-0.11916082439524502,-0.6423346392541901
Hansebreen,2032-04-01,-0.39567229215374783,-0.13913699082595887,-0.4545099347477268
Hansebreen,2032-05-01,-0.11118044481116422,-0.07021180462012132,-0.029296771275733255
Hansebreen,2032-06-01,-0.10049112424193667,-0.1700284389961735,-0.2213143209157499
Hansebreen,2032-07-01,-0.09117839513482279,-0.11842461060984545,-0.10890538556377356
Hansebreen,2032-08-01,0.000758839789214248,0.006185465347698818,-0.13429016544440256
Hansebreen,2032-09-01,-0.03085352326874541,-0.29510953567151055,-0.2700086578827429
Hansebreen,2032-10-01,-0.15772448366680836,-0.6805160519061744,-0.2870027839904353
Hansebreen,2032-11-01,-0.395215553989322,-0.20932384476434393,-0.2531915221526713
Hansebreen,2032-12-01,0.049325654642471,-0.01159662422128606,0.26427048317101365
Hansebreen,2033-01-01,-0.14589321265417998,-0.0321766275358702,0.35094380960954236
Hansebreen,2033-02-01,0.1668848185451368,-0.2004842241590045,-0.6948543757643862
Hansebreen,2033-03-01,-0.6514366773377378,-0.0455973244173385,-0.26233083098320387
Hansebreen,2033-04-01,0.07014979456705485,-0.1296125412945978,-0.11184629666233459
Hansebreen,2033-05-01,-0.06666785147618326,-0.31771399441754117,-0.23396389889547412
Hansebreen,2033-06-01,0.10542529095345332,-0.2711018422252483,0.036490544691697914
Hansebreen,2033-07-01,-0.12651653153072098,-0.0028121388121124455,-0.15952534603410592
Hansebreen,2033-08-01,-0.17372306868973156,-0.15617914718495038,-0.06146139192994538
Hansebreen,2033-09-01,0.04724410650870614,0.20051163058939372,-0.34947020914888555
Hansebreen,2033-10-01,-0.12635837954688467,-0.030072261098441595,0.0003097673728030941
Hansebreen,2033-11-01,-0.23333798915047813,0.2580078129344081,-0.34652262743550066
Hansebreen,2033-12-01,-0.07411968278502415,-0.07358512327139964,0.30308868582768755
Hansebreen,2034-01-01,-0.6905446880604238,-0.5185918494875074,-0.22003504205792046
Hansebreen,2034-02-01,-0.8451479930823588,-0.8497711068958056,0.2595489290307717
Hansebreen,2034-03-01,0.33107280009473256,-0.1539925509423282,-0.4428673607996083
Hansebreen,2034-04-01,-0.2870980043214382,-0.01916581914769003,0.05630199880353534
Hansebreen,2034-05-01,-0.19294556321954226,-0.1815651076788022,-0.029095703116937936
Hansebreen,2034-06-01,0.021749668766559666,-0.2520750979470051,0.026231030435060653
Hansebreen,2034-07-01,-0.25847066994133194,-0.01819434764584027,-0.13259609878943412
Hansebreen,2034-08-01,-0.06719182005759665,-0.12138462664678974,-0.023334609041471454
Hansebreen,2034-09-01,0.046816679054824555,-0.5818106070520405,-0.0859110034384498
Hansebreen,2034-10-01,-0.18612656054578766,-0.5878137734241214,-0.11086987827833605
Hansebreen,2034-11-01,-0.04622430001656954,0.06381296691252726,-0.5355064089278972
Hansebreen,2034-12-01,-0.18268790336308774,0.13698777799028242,-0.829479632362942
Hansebreen,2035-01-01,0.4927070851874847,0.363802289275491,0.7968039240888096
Hansebreen,2035-02-01,-0.0046095496450437095,-0.2667587117908658,-0.11712834198768153
Hansebreen,2035-03-01,-0.17188769736417372,-0.27861786280560885,0.1402759596761223
Hansebreen,2035-04-01,0.024301979796075127,-0.21367366614597194,-0.2293495067353847
Hansebreen,2035-05-01,-0.22462311819520187,-0.17422108414634407,-0.16965525254902158
Hansebreen,2035-06-01,-0.06441108505558861,-0.07582335999509031,0.07824098411118612
Hansebreen,2035-07-01,-0.30910041624439616,-0.01528015866959318,-0.19070945984563062
Hansebreen,2035-08-01,0.15614263824795424,0.031766511170252774,-0.061638974569238836
Hansebreen,2035-09-01,-0.06536178015474822,0.022557003432850636,-0.07902699317983893
Hansebreen,2035-10-01,0.11136696509984682,0.19910396629303725,0.14916098094555083
Hansebreen,2035-11-01,0.017339163606638584,0.1406139782887764,0.03187243276674583
Hansebreen,2035-12-01,-0.024254562529089526,0.20877656859402208,-0.2704629461551861
Hansebreen,2036-01-01,0.1366733175592526,0.22734063515064937,-0.4056268645633055
Hansebreen,2036-02-01,-0.00862690066650707,0.2762737768838151,-0.1355699883639513
Hansebreen,2036-03-01,0.29633160153603494,-0.027840924854475396,0.42786419676500714
Hansebreen,2036-04-01,0.19033735941254556,0.14131107540149304,-0.3006115456820218
Hansebreen,2036-05-01,0.20138645955201132,-0.23971897788975047,-0.05331949517347769
Hansebreen,2036-06-01,0.04239826587378698,-0.0416966279968258,-0.23285083012996058
Hansebreen,2036-07-01,0.04867855839574494,3.2279052766251655e-05,0.021240021650758657
Hansebreen,2036-08-01,-0.06835885493025386,-0.12968391243530242,-0.20024745797321827
Hansebreen,2036-09-01,-0.38034597925756125,0.21448372346643285,-0.3690318272102733
Hansebreen,2036-10-01,-0.3019288105162666,-0.12878789577229646,0.004614265972982719
Hansebreen,2036-11-01,-0.3746658731727251,-0.016832520700850995,-0.3637186566809787
Hansebreen,2036-12-01,-0.5947512547486474,0.4211823809165804,-0.11766308669128456
Hansebreen,2037-01-01,-0.2584445184255795,0.0013406671425381725,0.0100343506399261
Hansebreen,2037-02-01,0.6950533224131866,0.43842919711875455,-0.14439177720381233
Hansebreen,2037-03-01,0.8872315934830765,-0.0848355161219488,0.04634871091166612
Hansebreen,2037-04-01,-0.011766146597950333,0.17817208883349692,-0.4282820294140204
Hansebreen,2037-05-01,-0.09323934261726931,-0.1201129563428258,0.003274753251190927
Hansebreen,2037-06-01,-0.1099202279622389,-0.09546387829923748,-0.07367383066941427
Hansebreen,2037-07-01,0.14819177843347658,-0.15762024862804017,-0.1790629721340712
Hansebreen,2037-08-01,-0.2416037934120363,0.028717188838812146,-0.20898891594001798
Hansebreen,2037-09-01,-0.36606369349357276,0.19837303281291044,-0.04169834769726704
Hansebreen,2037-10-01,0.16071794925808477,0.47846890379250145,-0.06837176431865542
Hansebreen,2037-11-01,0.28778183838609583,-0.04415854402776209,-0.5418959217700001
Hansebreen,2037-12-01,-0.5135958993436983,-0.12007781926327839,0.27872350516938466
Hansebreen,2038-01-01,-0.07807565964525832,0.10196438516369614,-0.08963805654462616
Hansebreen,2038-02-01,0.4535781803831407,-0.08105567637645772,0.37105298239933654
Hansebreen,2038-03-01,0.43623834030945857,0.13923348514442335,0.04181084937691332
Hansebreen,2038-04-01,-0.08065207185072366,-0.2261914271249615,0.3171771839646609
Hansebreen,2038-05-01,-0.21310160996779204,-0.163807493789516,-0.19095795702705312
Hansebreen,2038-06-01,-0.030846825642794073,-0.14060243168799694,0.02975169382201734
Hansebreen,2038-07-01,-0.23250984374289715,-0.30651089909556944,-0.13540670230259266
Hansebreen,2038-08-01,0.051007358385939484,0.04660787232007881,-0.2713536537765435
Hansebreen,2038-09-01,0.36667992470182326,-0.1653797489025852,0.04971067068059428
Hansebreen,2038-10-01,-0.05563716450779086,-0.16425226629175893,0.2330724661807272
Hansebreen,2038-11-01,0.7012692105512436,0.4967085166976836,-0.4889882697973911
Hansebreen,2038-12-01,-0.511416110984913,0.6607058183472972,0.8965052898435187
Hansebreen,2039-01-01,-0.2641035635644966,0.15668554888090125,0.547425523715933
Hansebreen,2039-02-01,0.3741568597737208,-0.01227067627420058,-0.8358911867924143
Hansebreen,2039-03-01,-0.2507710960022583,0.051478282266723185,-0.5238715133119624
Hansebreen,2039-04-01,0.3639810796608381,-0.20204731155848066,-0.6293634930355507
Hansebreen,2039-05-01,-0.08134806129597845,-0.14336404104687864,-0.40815858531707166
Hansebreen,2039-06-01,-0.10659828955811923,-0.14324111756535887,-0.296715026917792
Hansebreen,2039-07-01,-0.08225366463705404,-0.1553852860125379,-0.11517563351849758
Hansebreen,2039-08-01,-0.1838359585173814,-0.03878330101739478,-0.24980457182172744
Hansebreen,2039-09-01,-0.42559371329877993,0.016193224410336406,-0.2571275477522523
Hansebreen,2039-10-01,-0.15842283846955565,0.1931391105543522,-0.08987731511987418
Hansebreen,2039-11-01,0.19267589869680637,0.14648796922362683,-0.32707343407603456
Hansebreen,2039-12-01,0.35622911685543146,0.007733913478686118,-0.054131714817632605
Hansebreen,2040-01-01,-0.14061169831613093,0.10396458611084707,0.6800776786536037
Hansebreen,2040-02-01,-0.28560591182585277,0.16361520828503226,0.057714097055552714
Hansebreen,2040-03-01,0.260252836689296,-0.02245156779350167,0.07898195157602765
Hansebreen,2040-04-01,0.3903191523896348,0.1655043643809658,-0.0488970928372515
Hansebreen,2040-05-01,-0.18262616767030196,-0.1901585461060573,-0.20970605194128186
Hansebreen,2040-06-01,-0.1281197409584929,-0.05613289794486518,-0.047518051525115956
Hansebreen,2040-07-01,-0.07735778291493918,-0.28657203565054895,0.07893011617989114
Hansebreen,2040-08-01,0.22947556010987524,-0.05068652035526977,-0.20458818304700652
Hansebreen,2040-09-01,-0.15496333602782394,0.02784005459447303,-0.29664194582792425
Hansebreen,2040-10-01,-0.13163054027830334,0.18340399739808233,-0.2982727047686549
Hansebreen,2040-11-01,0.3427463537228306,0.43552514787397173,-0.4498514037749303
Hansebreen,2040-12-01,0.7467309108791564,-0.26569860824143143,0.25797675988328556
Hansebreen,2041-01-01,0.5683987526552376,0.24047492425058212,-0.609480932566583
Hansebreen,2041-02-01,0.6688118514501493,0.0045560217644327475,-0.2242741163950004
Hansebreen,2041-03-01,0.08827512608932497,0.2016684560421033,-0.3833545201370767
Hansebreen,2041-04-01,-0.061302656035890836,0.010504623181584597,-0.36982733406553064
Hansebreen,2041-05-01,-0.20095788391004818,-0.1431725493527123,-0.24568026866990844
Hansebreen,2041-06-01,-0.1557072191131429,-0.02558781870542777,-0.22225992978159118
Hansebreen,2041-07-01,0.06995675189833671,0.0033448245533855073,-0.15672312370615227
Hansebreen,2041-08-01,-0.1796605721660595,-0.25396755141819766,-0.3754447845753342
Hansebreen,2041-09-01,-0.5360284100640514,-0.07797224098059637,0.045623929128475516
Hansebreen,2041-10-01,-0.2625918105286332,-0.04165598767600214,0.01770240746025428
Hansebreen,2041-11-01,0.3611156566481361,0.08119272198368144,-0.04350341471353864
Hansebreen,2041-12-01,0.34864470766779593,-0.6948180061119977,-0.19272165110949604
Hansebreen,2042-01-01,0.21783486327354004,-0.035210940152281586,-0.6007867578160364
Hansebreen,2042-02-01,-0.04631594463416582,0.11505035192381334,-0.4628062583841716
Hansebreen,2042-03-01,0.33600120432726427,-0.329592217840935,-0.3704589162095379
Hansebreen,2042-04-01,0.20275387576094703,-0.3822079381102383,-0.31641092027996603
Hansebreen,2042-05-01,-0.10491160527832644,-0.1323570615665783,-0.10820636770457592
Hansebreen,2042-06-01,-0.08302484470186683,-0.17907221916272578,0.031210373033869438
Hansebreen,2042-07-01,0.19507706792589455,-0.15932393843096052,-0.10707095128658049
Hansebreen,2042-08-01,-0.25458034876862556,-0.28872041047375685,-0.0811462545173474
Hansebreen,2042-09-01,-0.24634336380827673,0.0169313054507029,-0.3830306714392579
Hansebreen,2042-10-01,0.5216733280621263,0.20929916567121362,0.13598884074421333
Hansebreen,2042-11-01,-0.08574092364105956,-0.9063475415215846,-0.2966957177374996
Hansebreen,2042-12-01,0.8588572076002015,0.04665468563539547,-0.21424693074114068
Hansebreen,2043-01-01,-0.5047578942211822,0.07635955160426125,-0.44825906078071953
Hansebreen,2043-02-01,0.5886428264810634,-0.05653016958276028,0.05480484523468645
Hansebreen,2043-03-01,-0.24100274521037302,0.2331434720901114,0.19967384593789414
Hansebreen,2043-04-01,0.04179485969020406,-0.0786551069470477,-0.24896477979594953
Hansebreen,2043-05-01,-0.12365291976236804,0.09631141408090582,-0.1423133862422184
Hansebreen,2043-06-01,-0.15492200477607398,-0.003941092494584213,-0.18070279393483815
Hansebreen,2043-07-01,0.06386264646739769,-0.14872456687019767,-0.13465403327101463
Hansebreen,2043-08-01,-0.03154114119317685,-0.1596804353938636,-0.11791744121339698
Hansebreen,2043-09-01,-0.1301356205529114,-0.13173179879298944,-0.08227519030137916
Hansebreen,2043-10-01,0.09093335754942829,0.3198569130417804,0.3764703647846794
Hansebreen,2043-11-01,0.01351719841420694,0.216950540648605,0.21806083072858395
Hansebreen,2043-12-01,0.3897673535446966,0.47231283168231647,0.474461436902295
Hansebreen,2044-01-01,-0.2595611716471896,-0.8216420717706779,0.4694215104716229
Hansebreen,2044-02-01,-0.5193231280119915,-0.5662310364096729,0.4803889895436595
Hansebreen,2044-03-01,-0.14768772061494254,0.2243857797687366,-0.1988773981747166
Hansebreen,2044-04-01,0.06589255754866762,-0.28300564444108034,-0.12470209262896036
Hansebreen,2044-05-01,-0.018356603229270487,-0.14678758493915647,-0.2446467002624899
Hansebreen,2044-06-01,-0.28951061375388887,-0.16368538238104244,-0.2770466824015915
Hansebreen,2044-07-01,-0.026928374172773533,-0.09045906221025087,0.02205618180303079
Hansebreen,2044-08-01,0.11018434624581541,-0.08240399558162433,-0.22881759818974678
Hansebreen,2044-09-01,-0.32179450390144854,0.20318572007395364,-0.24154345152106424
Hansebreen,2044-10-01,-0.09387087902813314,-0.2635576095936572,-0.04638329684435035
Hansebreen,2044-11-01,0.4883316471336528,-0.06007436562661602,-0.18577811782403708
Hansebreen,2044-12-01,0.37057534626569916,-0.14011985157908582,0.36723687651484926
Hansebreen,2045-01-01,0.017740305649108987,0.07437192176106996,-0.17384292748401617
Hansebreen,2045-02-01,0.8213549595642936,-0.668686270396722,0.28944317706536243
Hansebreen,2045-03-01,0.2461712534934697,0.0402843815740001,0.3028264558853367
Hansebreen,2045-04-01,0.21085790196661014,-0.09533105327340673,0.017549947998667898
Hansebreen,2045-05-01,0.04429568973301712,0.003453999161966924,-0.2886896938822545
Hansebreen,2045-06-01,0.012735728611951236,0.10098905310032813,-0.15184583514186054
Hansebreen,2045-07-01,-0.2006449190970839,0.10835373649133345,0.01669926826171187
Hansebreen,2045-08-01,0.06897886154233167,-0.009366093972640427,0.05175353509910619
Hansebreen,2045-09-01,0.0005470519625068599,0.34870701549063093,-0.4569068281127448
Hansebreen,2045-10-01,-0.21942956618214962,0.7071486018905295,0.2851888732365509
Hansebreen,2045-11-01,-0.19844496177395618,-0.1940961483106248,0.40139556281067135
Hansebreen,2045-12-01,-0.8580777090226412,0.7636520627887222,-0.8868147202188097
Hansebreen,2046-01-01,0.13152979208562773,0.020812412225443708,-0.5949811739589359
Hansebreen,2046-02-01,-0.05179648177240193,-0.0854543120660341,0.26164211554413686
Hansebreen,2046-03-01,-0.46049871810215226,0.3752925694177572,-0.5061027268001176
Hansebreen,2046-04-01,0.27561872237823637,0.5875567375707936,-0.13891497617178658
Hansebreen,2046-05-01,0.07090208391085782,0.05175842974431404,-0.06824269243796731
Hansebreen,2046-06-01,-0.026174727489030086,-0.09617455227207987,0.0728014945206893
Hansebreen,2046-07-01,-0.07855227745401934,-0.11681214598666971,-0.1358081622387939
Hansebreen,2046-08-01,0.07806579273609697,0.13026768854517637,0.20213025956401534
Hansebreen,2046-09-01,-0.388917045825347,-0.07586262752417271,-0.08409239925779839
Hansebreen,2046-10-01,0.09860795222245776,0.14218635232577945,-0.3304820387742798
Hansebreen,2046-11-01,-0.31260224473578463,0.006182613615060152,0.1902190330773478
Hansebreen,2046-12-01,-0.44838743245470924,0.16650128799814723,0.27754225976106706
Hansebreen,2047-01-01,-0.24218772340888653,-0.22455916544099933,-0.014479658148041558
Hansebreen,2047-02-01,-0.6879152375633865,-0.05414968530954406,0.215609510715734
Hansebreen,2047-03-01,0.40852109548346194,-0.3850378273966532,0.1661248977021831
Hansebreen,2047-04-01,-0.14441262987286785,0.06005890757130525,-0.111326419018703
Hansebreen,2047-05-01,0.0654405506639706,-0.18157151507555205,-0.2234665107139723
Hansebreen,2047-06-01,-0.014580973212673154,-0.10276952834455384,-0.21126342065181902
Hansebreen,2047-07-01,0.14850942603957615,0.0084160217429458,0.023192486871410706
Hansebreen,2047-08-01,-0.21826006482058954,-0.11107077952166322,-0.17808508733690673
Hansebreen,2047-09-01,0.19482968177398216,-0.22697293268568916,0.24727182669345557
Hansebreen,2047-10-01,0.2404700032799517,0.09851536834005481,0.12720091487847432
Hansebreen,2047-11-01,0.005338303495013473,0.5105949081952704,-0.5003804176205514
Hansebreen,2047-12-01,-0.02255963796176017,-0.18420504687892972,0.10468066879692577
Hansebreen,2048-01-01,0.21305595682877776,-0.5990171289173164,-0.23753777984271673
Hansebreen,2048-02-01,0.05723840141363873,-0.6316866202108002,-0.6492226814582683
Hansebreen,2048-03-01,-0.3188647917308597,-0.289901844879992,-0.13204977918980634
Hansebreen,2048-04-01,-0.06580293170715323,0.049171001937591975,-0.21884671594173022
Hansebreen,2048-05-01,-0.06529994868872017,-0.06320959439743057,-0.12274317412948221
Hansebreen,2048-06-01,-0.17667205016374274,-0.0377581735073974,-0.2257465041500457
Hansebreen,2048-07-01,-0.21095790122770863,0.1375482343276934,-0.21535410628610663
Hansebreen,2048-08-01,-0.019064302937804294,0.042024428836850515,-0.2114167901091838
Hansebreen,2048-09-01,-0.18797861973174168,0.14831290983763581,-0.14868260795448862
Hansebreen,2048-10-01,0.069470406118249,-0.2951683898479921,-0.26868282394742854
Hansebreen,2048-11-01,-0.16759926117147214,0.3307879065527495,0.014884574573030558
Hansebreen,2048-12-01,-0.3764896049653586,-0.19984525270872808,-0.3644616379204244
Hansebreen,2049-01-01,-0.08054387162751392,-0.17213289818742092,-0.18318467337056946
Hansebreen,2049-02-01,0.27603336476392637,-0.633709291434417,-0.2988783014496998
Hansebreen,2049-03-01,-0.32021225204542486,-0.08529160035560186,-0.5403617451511012
Hansebreen,2049-04-01,0.09106754242898046,-0.12848292110254989,-0.320278449899575
Hansebreen,2049-05-01,0.036442945597428396,-0.212505129282793,-0.17507609097648627
Hansebreen,2049-06-01,0.28507306526907555,-0.12824157595024868,0.08311920956211681
Hansebreen,2049-07-01,-0.16722267085307943,0.07946496012693739,0.058185969160766314
Hansebreen,2049-08-01,0.023197143998751,-0.13577129373991562,0.1476417370756473
Hansebreen,2049-09-01,0.0492914849418258,-0.3887184070297625,-0.1795058987020538
Hansebreen,2049-10-01,0.1290877860017076,-0.03995342394736064,-0.28431692067706704
Hansebreen,2049-11-01,0.1546539805235238,-0.2768484304499169,-0.6130839184809223
Hansebreen,2049-12-01,0.06267517642728769,0.27167735883753474,-0.1824367021218111
Hansebreen,2050-01-01,-0.07684254853409339,0.5337082030223728,0.393499631469398
Hansebreen,2050-02-01,0.18841931458611264,-0.8977203995423094,0.3422056574678252
Hansebreen,2050-03-01,-0.33803909086627965,0.39699439837005696,-0.37652493023532047
Hansebreen,2050-04-01,-0.4731831309999451,0.12303707361638215,-0.1068048940756789
Hansebreen,2050-05-01,-0.1142027281571051,-0.04988435646846758,0.05391451257290413
Hansebreen,2050-06-01,-0.13622794130813373,-0.08784938114477724,-0.39156042196073404
Hansebreen,2050-07-01,-0.11782914227323647,-0.08516933972008782,-0.18625892331587682
Hansebreen,2050-08-01,-0.3160722943262772,-0.1390271887260879,-0.1418064640691071
Hansebreen,2050-09-01,-0.08645904202411903,0.07750078000484999,-0.25998003062492886
Hansebreen,2050-10-01,-0.010017585077987496,-0.38221269361756244,-0.14012641129528525
Hansebreen,2050-11-01,-0.12625490233228465,-0.19984080678087457,-0.13753712958760667
Hansebreen,2050-12-01,0.7658674692384304,0.3870319314679607,-0.48161291332201334
Hansebreen,2051-01-01,1.199465336356867,-0.11686507181231248,-0.27143923113799384
Hansebreen,2051-02-01,0.026362273243583135,0.14170426056708693,0.051175585897158114
Hansebreen,2051-03-01,0.013429425262122782,0.4597830834033097,0.19872274198101078
Hansebreen,2051-04-01,0.04316126436432358,0.13385385072916953,-0.13896998040544217
Hansebreen,2051-05-01,0.2585588692927878,0.17083027641605086,-0.3491548536790317
Hansebreen,2051-06-01,-0.13003359733918343,-0.10562296663693922,-0.007384093497282955
Hansebreen,2051-07-01,-0.11077970572583391,-0.12907909426881095,-0.24893436916846556
Hansebreen,2051-08-01,0.021205034360419095,-0.13038195761075325,-0.05336918810290823
Hansebreen,2051-09-01,0.1997548348176484,0.10610597144609502,-0.4921621858025587
Hansebreen,2051-10-01,-0.2127259361153885,-0.12563367794953048,-0.3887926382921146
Hansebreen,2051-11-01,-0.11912345318916062,-0.2683876173531637,0.21221283068965638
Hansebreen,2051-12-01,-0.27211604389852456,-0.3559293216990691,-0.127577375332017
Hansebreen,2052-01-01,-0.3582456328816051,0.6107048130472892,-0.8208674526336264
Hansebreen,2052-02-01,-0.10829087064389105,0.4524746603699132,-0.08589771572038117
Hansebreen,2052-03-01,0.04255791785058274,-0.114050390110836,-0.1355244832798126
Hansebreen,2052-04-01,0.17309752355066454,0.3972654874021447,-0.20002720250162667
Hansebreen,2052-05-01,0.046993593519958056,-0.22074076665467915,0.0688020559237541
Hansebreen,2052-06-01,0.09024589621030625,0.13093127524159082,-0.15699156585929813
Hansebreen,2052-07-01,0.03924673960325525,-0.08894777660335662,-0.0988639747581645
Hansebreen,2052-08-01,0.15913687027247647,0.061744047760935054,-0.08446813767572754
Hansebreen,2052-09-01,-0.01410389841342819,0.030241630400373972,-0.07212537243796374
Hansebreen,2052-10-01,0.11062281116135604,-0.05558487295679604,0.338379112634872
Hansebreen,2052-11-01,0.09343050484177155,0.25489128556104684,0.25258009494425876
Hansebreen,2052-12-01,0.2919473950391384,0.39931009485349067,0.10455948401349828
Hansebreen,2053-01-01,-0.7032133331983275,0.0774606575276622,-0.0657901336726398
Hansebreen,2053-02-01,-0.5007585651017813,-0.5661196479055967,1.1527163849012771
Hansebreen,2053-03-01,-0.03453409831669054,-0.29917407813893027,0.12895468919645084
Hansebreen,2053-04-01,0.19069454610086703,-0.11056812662561473,-0.19309118882960333
Hansebreen,2053-05-01,-0.032369553377091805,0.013630754550302056,0.008580856513926264
Hansebreen,2053-06-01,0.02363284716232818,-0.17403815719900662,-0.15360866562151743
Hansebreen,2053-07-01,0.0019347068459506778,0.0523933615884228,-0.12862659420420394
Hansebreen,2053-08-01,0.19237815352207158,0.021753500544066096,-0.21643051690211093
Hansebreen,2053-09-01,-0.03073862190944272,-0.1897314985062232,-0.00870354955792632
Hansebreen,2053-10-01,0.14341340033128613,-0.0391446304134044,0.2628019992103497
Hansebreen,2053-11-01,-0.09569298574381076,0.07848538120907335,-0.6655948737724698
Hansebreen,2053-12-01,-0.016401828415574558,0.133803852404598,-0.9079635289921432
Hansebreen,2054-01-01,0.09579053885092158,0.36985264969406256,-0.2703474219732444
Hansebreen,2054-02-01,-0.16997699121505624,0.19027301995854695,-0.3546816772696519
Hansebreen,2054-03-01,0.08602937884905992,0.10263950864835474,-0.37955038285777354
Hansebreen,2054-04-01,0.16808095491691655,0.28070826187223435,-0.34199537640230765
Hansebreen,2054-05-01,0.012209459514923547,-0.03691368254109156,-0.1387771627350501
Hansebreen,2054-06-01,-0.037701594107003085,-0.2219976324824032,-0.15650209191615772
Hansebreen,2054-07-01,-0.13058318222764193,-0.10654957486238059,-0.1900905895694851
Hansebreen,2054-08-01,-0.021518747997834587,-0.07737237257409105,-0.08106832701475615
Hansebreen,2054-09-01,-0.008877083803129003,-0.02979025568747491,0.32418901771519354
Hansebreen,2054-10-01,0.2836972523776688,-0.302449398125202,0.14413377178328465
Hansebreen,2054-11-01,0.45853169211735195,0.18904618929141437,-0.4830974213846692
Hansebreen,2054-12-01,-0.34598919709576165,0.41733654676865567,-0.8153049575779958
Hansebreen,2055-01-01,0.37409914177778036,0.7422942854168881,0.25896454692592674
Hansebreen,2055-02-01,0.13191447235886064,0.09115032572047486,0.10143611202884895
Hansebreen,2055-03-01,-0.031524853398541546,0.2088339290229322,-0.04735331332431425
Hansebreen,2055-04-01,-0.08835011674464606,0.12336181874016265,-0.1929556161925794
Hansebreen,2055-05-01,-0.1466156884761691,0.04781848004610451,-0.11915707996955764
Hansebreen,2055-06-01,0.05741469181274916,0.025527719328927233,-0.08550684084495262
Hansebreen,2055-07-01,0.15466885083663443,-0.18117088095162706,-0.008650846540577345
Hansebreen,2055-08-01,-0.09048534403093283,-0.017589544052118343,-0.022866597440671804
Hansebreen,2055-09-01,0.029858203983559123,0.37058148258649837,0.3014354780197403
Hansebreen,2055-10-01,-0.49057111613744225,-0.28874779208198725,-0.006927133216169733
Hansebreen,2055-11-01,0.053124011267012966,-0.048568878804302086,-0.22630001121701726
Hansebreen,2055-12-01,0.2417292546113654,-0.1512511931600955,0.05100512524713021
Hansebreen,2056-01-01,-0.1991284971931948,-0.32998768153788044,-0.10532202218281657
Hansebreen,2056-02-01,-0.4180087816948341,-0.2487804214174718,-0.258598648374149
Hansebreen,2056-03-01,-0.5075596024235105,-0.2535784717070129,-0.30823456229104745
Hansebreen,2056-04-01,-0.3687637968664894,0.036596123727432414,0.03417398834025811
Hansebreen,2056-05-01,-0.19820224817203078,0.09551444666545524,-0.07155602506788568
Hansebreen,2056-06-01,-0.07812832572578543,0.05125040787094881,-0.024896756416401
Hansebreen,2056-07-01,0.0634058471290876,0.035672088653787425,0.03835916134975031
Hansebreen,2056-08-01,-0.15540305373520305,-0.2523953439340963,0.034709060078772724
Hansebreen,2056-09-01,-0.07663858543075154,0.19313542801905426,-0.10915001387671769
Hansebreen,2056-10-01,-0.007097357462328174,0.1007048005092646,0.09430656888943433
Hansebreen,2056-11-01,0.1874292651081391,0.10977194165609012,-0.2579500225840307
Hansebreen,2056-12-01,-0.25865708600106185,0.12410638623445891,-0.36501846566399854
Hansebreen,2057-01-01,-0.1018676021072013,-0.5399422529300512,0.030461563240746534
Hansebreen,2057-02-01,-0.2858538339321565,0.03371797144126739,-0.19922888488592472
Hansebreen,2057-03-01,-0.37061216722299467,-0.3265485897041079,-0.19688166924555106
Hansebreen,2057-04-01,-0.156319847572996,0.08391837305357679,-0.13752068203041176
Hansebreen,2057-05-01,-0.057966345118590244,-0.11799431906300047,-0.2596256040242229
Hansebreen,2057-06-01,0.021312773797164564,0.04697134976509498,-0.15149331938078256
Hansebreen,2057-07-01,-0.20310826325842127,-0.12493068576867118,-0.011291575117635731
Hansebreen,2057-08-01,0.11975989427854501,-0.10478051828874153,-0.34932560726975953
Hansebreen,2057-09-01,0.03806818003197815,0.20456220820407944,-0.026904409610479695
Hansebreen,2057-10-01,0.18279144104031406,0.06087150697571967,0.30299234356686716
Hansebreen,2057-11-01,-0.04341628098240049,0.14223412115258216,0.2756156555482523
Hansebreen,2057-12-01,-0.6602842751777637,0.372994771483941,-0.028654319222923306
Hansebreen,2058-01-01,-0.5658288007591336,0.1263002150756544,-0.218823481287154
Hansebreen,2058-02-01,-0.8584719466093108,-0.10520082856377792,-0.3072067984472349
Hansebreen,2058-03-01,-0.2862168980553992,-0.11504180022635468,-0.16675488916788198
Hansebreen,2058-04-01,-0.06657193305439987,-0.32979109108784804,0.10537828073514488
Hansebreen,2058-05-01,0.015612164780973305,-0.04103229924685534,-0.0851325454233991
Hansebreen,2058-06-01,-0.0783187061659814,0.1396069942353271,0.007621479844760811
Hansebreen,2058-07-01,-0.05084208392185169,-0.02534953140263803,-0.05881006634569819
Hansebreen,2058-08-01,0.04299034236655638,0.02701764067922861,-0.06283367996636906
Hansebreen,2058-09-01,-0.1667947211765535,0.24238903154120442,-0.35397664735730144
Hansebreen,2058-10-01,-0.08613505871010053,0.24487190753624435,0.4379959749175941
Hansebreen,2058-11-01,-0.2989411587614144,-0.3338147286828362,0.27070386514486594
Hansebreen,2058-12-01,0.19559960062541618,-0.318356424301628,0.19301561186740737
Hansebreen,2059-01-01,-0.3029810162780214,0.03840225258164032,0.11596605070560108
Hansebreen,2059-02-01,0.07598234501591641,-0.22176783155737365,-0.02087265309074841
Hansebreen,2059-03-01,-0.5163943639277971,-0.05342633502419205,-0.38445150912992304
Hansebreen,2059-04-01,-0.09879929321608105,0.1627907878225481,-0.41403564282760136
Hansebreen,2059-05-01,0.2715584463533591,0.12968588155722469,0.08867732059209703
Hansebreen,2059-06-01,-0.08952420303880304,0.09594349489617704,-0.043487483328821665
Hansebreen,2059-07-01,-0.10820598992194568,0.11223589042469116,-0.04356247022519596
Hansebreen,2059-08-01,-0.014749976317882026,-0.09030759813880096,-0.009382423861080071
Hansebreen,2059-09-01,-0.053311963799332264,-0.28920791780163496,0.147851005700983
Hansebreen,2059-10-01,0.25087987462192896,-0.12706763864302925,0.04542981112577077
Hansebreen,2059-11-01,-0.13073609456191204,-0.41957648127564323,-0.15911581097936248
Hansebreen,2059-12-01,-0.14149954463528513,-0.09111972891500482,-0.7973884537351688
Hansebreen,2060-01-01,0.7496381718813835,0.09414742855612994,0.3228762554443901
Hansebreen,2060-02-01,0.5838386222678316,0.12398671410305769,-0.010743730122514722
Hansebreen,2060-03-01,0.2343939646577989,-0.7658481176211702,-0.28226876984975546
Hansebreen,2060-04-01,-0.09281563513123041,-0.43793404461199276,-0.263441153330211
Hansebreen,2060-05-01,-0.18351523873851663,-0.02107194896285275,0.032099605344326994
Hansebreen,2060-06-01,-0.07539605582140729,-0.2261433661430806,-0.23835420822480047
Hansebreen,2060-07-01,-0.0563634801903925,-0.05321947797907506,-0.2620889783416144
Hansebreen,2060-08-01,0.16901212608371896,-0.00702015069750019,-0.04605212813437191
Hansebreen,2060-09-01,0.13912076167578144,0.11949110273112878,-0.03428330069010041
Hansebreen,2060-10-01,-0.0584106435664948,0.0618575613599891,-0.38393726973726355
Hansebreen,2060-11-01,0.028532887738423513,0.225548423907492,-0.0918811985415675
Hansebreen,2060-12-01,0.6739412244315671,-0.5155021886917844,0.016474044607182103
Hansebreen,2061-01-01,0.4320680973066801,0.0017564544739735015,-0.1978210741697338
Hansebreen,2061-02-01,0.06946831313843854,0.2796837201638372,0.2801296101223552
Hansebreen,2061-03-01,-0.2503747387853155,0.007519674228902461,0.061761554263288866
Hansebreen,2061-04-01,-0.1297237964007712,-0.15113397495053396,-0.13534662106062337
Hansebreen,2061-05-01,-0.04501535108028751,-0.00012034054497565953,-0.022520364664553802
Hansebreen,2061-06-01,0.058167054520714266,0.023062592384160505,-0.044344533300437756
Hansebreen,2061-07-01,-0.08064733284592719,-0.05151128143188185,0.1740045102169541
Hansebreen,2061-08-01,-0.10167805749444941,-0.18217937611468962,0.19330808035621794
Hansebreen,2061-09-01,0.1300909566530554,-0.10453128995218346,-0.10307017788859267
Hansebreen,2061-10-01,0.2218768002000966,0.24181068991868027,-0.7051249278897886
Hansebreen,2061-11-01,0.2757064504117876,-0.04269498798024351,-0.05730829170571344
Hansebreen,2061-12-01,0.018940273103548268,-0.5531381804075806,-0.7559693768914567
Hansebreen,2062-01-01,0.14497383084394166,-0.5599630635000712,-0.48841852531314983
Hansebreen,2062-02-01,-0.4476848012011521,0.3595351976607543,0.5271033084111175
Hansebreen,2062-03-01,0.1235099689339995,-0.16230395306914663,-0.3255718662781501
Hansebreen,2062-04-01,0.14145024460378333,0.055717750408729116,-0.053928401353323184
Hansebreen,2062-05-01,-0.03705601744218003,-0.06842160519686133,-0.07882379260607421
Hansebreen,2062-06-01,-0.07159171298913676,0.1200421902447007,-0.12063024810316193
Hansebreen,2062-07-01,0.07284809573449212,0.03991211478183764,-0.03312569288799899
Hansebreen,2062-08-01,-0.20489947743911655,-0.13468361730430603,-0.03430024315978782
Hansebreen,2062-09-01,-1.8326323149354142e-05,-0.058175171357651455,0.017642583403601777
Hansebreen,2062-10-01,-0.2083210080560611,-0.07208398314903257,-0.6536231458536358
Hansebreen,2062-11-01,-0.8031684596096449,0.3441059150237171,0.2521154060624506
Hansebreen,2062-12-01,-0.4870039032027691,0.6779928614276779,-0.2283433509255061
Hansebreen,2063-01-01,0.01572971715684608,0.01559213209367262,0.169432439519429
Hansebreen,2063-02-01,-0.34894553570402165,0.11568555970605977,-0.8933054093994852
Hansebreen,2063-03-01,-0.2900998988814924,-0.3025657508112889,0.34530229456925937
Hansebreen,2063-04-01,-0.0673016680777573,-0.0006315280563142858,0.019620112966337585
Hansebreen,2063-05-01,-0.13324720073798538,-0.007854497298335275,0.004735568376306813
Hansebreen,2063-06-01,0.021086835224821045,-0.017269146718579435,0.007559130249637479
Hansebreen,2063-07-01,-0.07805365247947434,-0.0982793966800044,-0.06550811910752107
Hansebreen,2063-08-01,0.2826265208971165,-0.08024618529496198,-0.185394052278313
Hansebreen,2063-09-01,-0.16264091663433158,-0.022636739478134993,-0.03446610125036449
Hansebreen,2063-10-01,-0.16841484223079375,-0.691682049552068,-0.5198692584592131
Hansebreen,2063-11-01,0.20612532591674881,-0.5212963425756628,-0.11863913639852308
Hansebreen,2063-12-01,0.0023685841624922024,-0.15218966133429512,-0.543812984565945
Hansebreen,2064-01-01,-0.31798753259547285,0.2760544591887064,-0.2393713390431392
Hansebreen,2064-02-01,-0.02599923757793852,0.08832789364564093,-0.24847820245367036
Hansebreen,2064-03-01,-0.01291363037516279,0.470930785118687,0.7256098001457616
Hansebreen,2064-04-01,-0.08238604414768928,-0.10912679975829452,0.5715055689757631
Hansebreen,2064-05-01,-0.17738713318312826,-0.015236581718998457,0.0026399168976516374
Hansebreen,2064-06-01,-0.22374653309701334,0.08583266159439355,0.024282332642785648
Hansebreen,2064-07-01,-0.21807228273412863,-0.06878341766493569,-0.02197646742796054
Hansebreen,2064-08-01,0.0065808602596527975,0.10163281203659812,-0.11034261863227217
Hansebreen,2064-09-01,-0.11106140853490377,-0.12761749006344467,-0.23690468620914573
Hansebreen,2064-10-01,-0.3881927762060824,0.31438920678645965,0.12130598205072059
Hansebreen,2064-11-01,-0.1634928742337003,0.4950901420052924,-0.2245093195734581
Hansebreen,2064-12-01,-0.2612822871158518,0.2310630010210167,-0.5508888894812228
Hansebreen,2065-01-01,-0.11679399011601997,-0.14853208616471633,-0.5539511790705288
Hansebreen,2065-02-01,-0.00994539709994151,-0.10303138633124757,-0.4674523085951205
Hansebreen,2065-03-01,-0.15822187062961585,-0.6102902254845083,0.6326984033107825
Hansebreen,2065-04-01,-0.033673645773127696,-0.11537861354646912,0.034997546827621864
Hansebreen,2065-05-01,0.07029656863344667,-0.1419765997860193,0.05960459675241316
Hansebreen,2065-06-01,-0.07782562699663212,0.08734866053292252,-0.11898179826670859
Hansebreen,2065-07-01,-0.0898162778524395,0.024761621489114278,0.09840946526739065
Hansebreen,2065-08-01,-0.030841998408749915,0.052127494329513656,-0.030146148276789783
Hansebreen,2065-09-01,-0.0004545632478445451,-0.34475191428412044,-0.08898630581139226
Hansebreen,2065-10-01,-0.10948531385372522,0.09673868406106349,-0.1311372493576334
Hansebreen,2065-11-01,-0.5706559700542522,-0.42669737259352924,0.06584539557084852
Hansebreen,2065-12-01,-0.15718803650940547,0.431019419249572,-0.7252095035643956
Hansebreen,2066-01-01,-0.5228200461492865,-0.10859975426881108,0.17108006126255093
Hansebreen,2066-02-01,-0.634031414465336,-0.4101258507042705,0.505739418258342
Hansebreen,2066-03-01,-0.5568927596252559,0.5626938993845031,-0.27016193990051096
Hansebreen,2066-04-01,-0.08377696596081735,-0.1159452984653001,-0.20848513573079944
Hansebreen,2066-05-01,-0.12465866823725698,0.02693400819993239,0.1415452538549161
Hansebreen,2066-06-01,-0.015563807863354213,0.12427540435907662,-0.008276541893566273
Hansebreen,2066-07-01,-0.09461322059897355,0.07938775520399079,0.0009925726453761015
Hansebreen,2066-08-01,-0.05748304842095762,-0.20621807836869174,-0.019788914907410866
Hansebreen,2066-09-01,-0.20910113908015082,0.2537241849839391,-0.1308078262754089
Hansebreen,2066-10-01,0.32947330656949286,-0.14593040805020496,-0.41375383936508503
Hansebreen,2066-11-01,0.0054759702054337734,0.4657520427650767,0.21634315141978996
Hansebreen,2066-12-01,0.21031938324386998,-0.2749889450404783,-0.21073693552492703
Hansebreen,2067-01-01,0.43596793894349145,0.24226073038856055,-0.2567623566348804
Hansebreen,2067-02-01,0.12936324618316639,0.3550410660827074,-0.38913923863114336
Hansebreen,2067-03-01,0.05686212298469887,-0.01245104159443034,-0.40044340131806333
Hansebreen,2067-04-01,-0.08160267048656411,0.17356413864247666,-0.17618376321293927
Hansebreen,2067-05-01,-0.09195655791848838,-0.21043183027241044,-0.06294646624508969
Hansebreen,2067-06-01,-0.19004692718981597,0.10649205694139292,-0.18442291969428384
Hansebreen,2067-07-01,0.032260346889994886,-0.06401357886576553,-0.004508982629549556
Hansebreen,2067-08-01,0.07179653650890637,0.09852550831131197,-0.04049621270635326
Hansebreen,2067-09-01,-0.2228274245664129,-0.020151502716612726,0.11516340132453884
Hansebreen,2067-10-01,-0.18995698978075182,0.5051149913759249,0.5859045198098528
Hansebreen,2067-11-01,-0.5013075722099725,-0.12456813511914078,-0.2902166504144798
Hansebreen,2067-12-01,-0.5627133873915021,-0.013957988300671853,0.5635822070303349
Hansebreen,2068-01-01,-0.5224040163985669,0.28618049014044533,0.3208762546933308
Hansebreen,2068-02-01,0.026528981987469533,-0.37761189288602526,-0.33799302512981844
Hansebreen,2068-03-01,0.14498391791965062,-0.012027694657342831,0.14431711064519256
Hansebreen,2068-04-01,-0.08843054255480749,-0.010568375734140814,0.10023959232263475
Hansebreen,2068-05-01,0.005999691341636385,-0.15522301098341137,0.1749309611859062
Hansebreen,2068-06-01,0.07007604360242088,-0.1372443324015875,0.08124456460826866
Hansebreen,2068-07-01,0.18185922470112467,-0.015119682520981864,-0.13298054977197674
Hansebreen,2068-08-01,0.07587511823064065,-0.0919462759009474,-0.033863728181420756
Hansebreen,2068-09-01,0.05317853648851223,-0.12242635775780308,-0.03788190009382735
Hansebreen,2068-10-01,0.4802458675144556,0.170480376838553,-0.0833162559278141
Hansebreen,2068-11-01,0.15236989111331622,-0.1559294520488771,-0.11305941903331514
Hansebreen,2068-12-01,-0.2449483077814635,-0.10624519275466189,-0.08240329639995599
Hansebreen,2069-01-01,0.7047374137139029,-0.11873923574749574,0.3424832121961387
Hansebreen,2069-02-01,0.10670610034837462,-0.012517199189307276,0.156321745604965
Hansebreen,2069-03-01,-0.27802278736139785,-0.4103746843400791,0.7943803159315049
Hansebreen,2069-04-01,-0.12419600990533593,-0.0830986438538261,-0.24637005325568895
Hansebreen,2069-05-01,-0.026793390664303002,-0.14766116052782718,0.14051970010163795
Hansebreen,2069-06-01,0.21140836840325536,-0.04610555556047263,-0.17916445356073676
Hansebreen,2069-07-01,-0.021743453144106296,0.052290344062472245,0.06146091091174568
Hansebreen,2069-08-01,-0.0661674200310246,-0.029888387622713897,0.13564278904625574
Hansebreen,2069-09-01,-0.014094441467995567,-0.19560337355338597,-0.052707430601427775
Hansebreen,2069-10-01,0.19545888817313786,-0.34945503360540187,-0.20005667437780641
Hansebreen,2069-11-01,0.11606823237024293,-0.5175142575136532,0.14704103900261944
Hansebreen,2069-12-01,-0.2508979884044623,-0.405168121341333,-0.2717888552535486
Hansebreen,2070-01-01,0.0286642575103212,-0.047169120413984834,-0.3020728165421543
Hansebreen,2070-02-01,0.22828056278623662,-0.3924520216002158,0.6654988595329852
Hansebreen,2070-03-01,0.04830770711366983,0.2273895525052333,0.6547036223848539
Hansebreen,2070-04-01,-0.021515983907454683,-0.626011612062806,0.008206832383562757
Hansebreen,2070-05-01,-0.041516637371616295,-0.041772274475616045,-0.01630210000392688
Hansebreen,2070-06-01,0.0389649167730433,-0.24486101385918788,-0.008683358022950735
Hansebreen,2070-07-01,-0.02281104822201185,-0.10567466530750207,-0.0185699902549922
Hansebreen,2070-08-01,-0.019674174079405454,0.08199954724969383,0.027656263833799547
Hansebreen,2070-09-01,0.06868179782521851,0.11919243796091834,-0.013193316287022971
Hansebreen,2070-10-01,0.09916887153105945,0.03435629856201627,0.5631653885521232
Hansebreen,2070-11-01,0.304716287897271,-0.12075142842682056,0.5586267988564612
Hansebreen,2070-12-01,0.08024167852431784,-0.11360721272574222,-0.11761827855862961
Hansebreen,2071-01-01,-0.7203905062070227,-0.1088173996863047,0.7351804894445504
Hansebreen,2071-02-01,-0.1490424709797887,-0.016611290581641965,0.2617561269824927
Hansebreen,2071-03-01,-0.23429608624811235,0.1454213843893168,-0.048183903904751794
Hansebreen,2071-04-01,0.23220124022684682,-0.2345399341098698,0.08940546541401007
Hansebreen,2071-05-01,-0.3194258387661699,-0.10787103885733652,0.28601599600042443
Hansebreen,2071-06-01,-0.08158813936477714,-0.09812094521376681,-0.011980539186771241
Hansebreen,2071-07-01,-0.04446009529599141,-0.050272612988298014,0.028409356592187684
Hansebreen,2071-08-01,-0.036634060953520606,-0.25023293226169757,0.08136150776122629
Hansebreen,2071-09-01,0.05318311095270108,-0.05114640522236167,0.2168909698168768
Hansebreen,2071-10-01,-0.2832538782657816,-0.5177961197836057,-0.21996511059924126
Hansebreen,2071-11-01,-0.4660018739316483,-0.0919400419146071,0.08460177290833483
Hansebreen,2071-12-01,-0.15091721346438255,-0.13823396651736328,-0.23071850252491322
Hansebreen,2072-01-01,-0.10652359098925662,0.10842487330149835,0.45979811391307807
Hansebreen,2072-02-01,0.5418371971659189,0.6180338471653712,-0.5905363013062129
Hansebreen,2072-03-01,0.20768350581481868,0.4033491754340039,-0.07959476141031274
Hansebreen,2072-04-01,-0.10446732795018705,-0.17866842966960605,0.23839308301636578
Hansebreen,2072-05-01,-0.12370574401414562,0.09986764205695282,0.2852408518267923
Hansebreen,2072-06-01,0.13387981926208148,-0.2236293142868092,0.24340164750716087
Hansebreen,2072-07-01,0.40388801633165095,0.058427859522076686,0.07898205795390327
Hansebreen,2072-08-01,-0.07897242703811158,0.10464147990987689,0.10041760132172946
Hansebreen,2072-09-01,-0.11035018943108,0.13946874563356107,0.5090567660505502
Hansebreen,2072-10-01,-0.4383464409349072,-0.18857571351332517,-0.15943460592218486
Hansebreen,2072-11-01,-0.1467809975552251,0.017085879756446022,-0.019740077035611436
Hansebreen,2072-12-01,-0.021850512750962687,0.5033382615166042,0.8341643853984362
Hansebreen,2073-01-01,-0.7290529035669936,-0.4324058178582513,0.5916214655114596
Hansebreen,2073-02-01,0.07315965987980519,0.11875454410825755,-0.5402217505859969
Hansebreen,2073-03-01,-0.5725223690319158,0.06796309726664745,-0.15871036973816197
Hansebreen,2073-04-01,0.49593322541289747,0.10962148939837695,-0.19057564989440864
Hansebreen,2073-05-01,-0.09943887841501135,-0.03469460327564818,-0.1113424040094559
Hansebreen,2073-06-01,0.033058220855571314,-0.03593079732125543,-0.08568016656439892
Hansebreen,2073-07-01,0.023296749120658895,-0.08948379364887205,0.05947371170337903
Hansebreen,2073-08-01,-0.048992187938670696,0.07846987211972505,-0.17486324991961008
Hansebreen,2073-09-01,-0.09601202720600803,-0.2547241443169594,0.21735268541922603
Hansebreen,2073-10-01,0.01866733071643575,-0.10247444165801296,0.10560053835269183
Hansebreen,2073-11-01,0.379525284921675,0.02983497030681807,-0.4134555381369654
Hansebreen,2073-12-01,-0.16093382492406968,0.25994362749534666,-0.6342741133485092
Hansebreen,2074-01-01,-0.19307558919027232,0.18850558918593943,0.22810214352461822
Hansebreen,2074-02-01,-0.27055150588196536,0.07857181040289984,0.014404206550751567
Hansebreen,2074-03-01,-0.4175610654008062,-0.1702505460313899,-0.008163802760036658
Hansebreen,2074-04-01,-0.383861442597848,0.21392497741986852,0.09994947496288592
Hansebreen,2074-05-01,-0.06364121561610697,-0.1043611575953789,-0.28096919286772937
Hansebreen,2074-06-01,-0.15438640189393046,-0.033800206636652896,0.0031743608641371713
Hansebreen,2074-07-01,-0.05526561320981523,0.040122703853500634,0.027338435484553444
Hansebreen,2074-08-01,0.04355498249937396,-0.0931196867364165,0.013482855738305377
Hansebreen,2074-09-01,0.12422303477315383,0.0356458881728618,-0.14225526276523345
Hansebreen,2074-10-01,-0.05539721381736889,-0.33911845190480144,0.7208154563646282
Hansebreen,2074-11-01,0.1418588081178048,-0.15048112273294853,0.9112741378880483
Hansebreen,2074-12-01,0.2728549538501218,-0.10677811153462737,0.37095232162651165
Hansebreen,2075-01-01,-0.3399428183321415,0.5153672796754912,0.40365562396753285
Hansebreen,2075-02-01,-0.3080225793134759,-0.20771815294198193,0.00383732178927147
Hansebreen,2075-03-01,-0.18024901241268876,-0.23382636241126822,0.11894411740971937
Hansebreen,2075-04-01,-0.14262071024306852,-0.11885180238875974,0.21032299439950067
Hansebreen,2075-05-01,-0.23148203565454017,-0.25673505029479626,0.2356037202621251
Hansebreen,2075-06-01,0.08523043690518389,-0.010394909528073946,0.026047950864271707
Hansebreen,2075-07-01,0.010447395457109328,-0.09367215540787421,-0.020606026044268793
Hansebreen,2075-08-01,-0.18603161774923196,-0.029527871476481626,0.25395350603116457
Hansebreen,2075-09-01,0.24062675060069172,0.04100495463981873,-0.02065120467328191
Hansebreen,2075-10-01,-0.24271851901731298,-0.41179766663314105,-0.5915831840968406
Hansebreen,2075-11-01,-0.3241632360543093,-0.23622042266767138,-0.9686804380383244
Hansebreen,2075-12-01,-0.03158293031421756,-0.03582265622405188,-0.18639343936231867
Hansebreen,2076-01-01,-0.5259995040666205,0.6813817358992438,-0.33338074191576067
Hansebreen,2076-02-01,0.33785525924437393,0.5238214849128945,-0.35745577295718567
Hansebreen,2076-03-01,-0.00427476065286602,-0.05233766467037348,-0.00010543989540627921
Hansebreen,2076-04-01,0.2358161675640891,-0.22690065158450926,-0.14361319942925635
Hansebreen,2076-05-01,-0.14836318478305285,-0.03720988237830852,0.003669473625493656
Hansebreen,2076-06-01,-0.08734184485734679,-0.08101004255417603,0.0024313589908234127
Hansebreen,2076-07-01,0.02011246247983164,-0.0464151374889934,-0.0045796620438532665
Hansebreen,2076-08-01,-0.2206787887269084,0.08332601165507,0.04798419842759689
Hansebreen,2076-09-01,-0.4491537171417352,0.0538286543180222,-0.05778120403536465
Hansebreen,2076-10-01,-0.13377772275554647,0.023951202608168937,-0.06761739668291614
Hansebreen,2076-11-01,0.5970440286833143,0.35436634428768987,-0.20967227680842693
Hansebreen,2076-12-01,0.5206111089396953,-0.009464863450237795,0.056320023226440065
Hansebreen,2077-01-01,-0.9504005964704555,0.08549246603741141,-0.06219452182574032
Hansebreen,2077-02-01,-1.0289236500919463,0.34360051487454596,0.13532389422612642
Hansebreen,2077-03-01,-0.37273186575646394,-0.03790169106152994,0.5644023293431705
Hansebreen,2077-04-01,-0.01387061696863172,-0.11973352256042868,0.03264088886302147
Hansebreen,2077-05-01,0.02994551670811781,0.23304166634290682,-0.1330279184986937
Hansebreen,2077-06-01,-0.026673863848697594,-0.040877188097796634,0.062491213275842616
Hansebreen,2077-07-01,-0.1254649605273185,0.09940022040979753,0.11591008741330934
Hansebreen,2077-08-01,0.006708157996532938,0.16763793346878772,0.036919630176534594
Hansebreen,2077-09-01,-0.30344462904214375,-0.22947840703272607,0.08568990535260772
Hansebreen,2077-10-01,-0.21281978500361398,0.01362723753971023,0.5367198203479455
Hansebreen,2077-11-01,-0.3529618374903059,-0.09157294886936716,0.9757382960950913
Hansebreen,2077-12-01,0.16497605821500122,-0.2298886446882861,-0.42764085779419353
Hansebreen,2078-01-01,0.20058823433192327,-0.487342710306583,-0.08053748531598766
Hansebreen,2078-02-01,-0.09192960570868713,-0.5349147827157305,0.06447972081412591
Hansebreen,2078-03-01,-0.015696687382100526,0.08748563957016435,0.027077258646522735
Hansebreen,2078-04-01,-0.3122474854320015,-0.13997532368039192,0.04838685802363344
Hansebreen,2078-05-01,-0.05654717412017205,0.0030181333659164366,-0.20217364209248392
Hansebreen,2078-06-01,-0.05515815458372179,-0.00616849442465472,0.03226933392300987
Hansebreen,2078-07-01,-0.14963327414941252,-0.015063143805011671,0.13252555453103515
Hansebreen,2078-08-01,0.03635784934998726,0.0005619933432582195,-0.04089873024528123
Hansebreen,2078-09-01,-0.04418313990468958,0.18002865806768428,0.14972461307640483
Hansebreen,2078-10-01,0.08744217294267971,0.3095958037430815,0.06899823625267164
Hansebreen,2078-11-01,0.3902093075388097,0.2129543904206824,0.701613778209872
Hansebreen,2078-12-01,0.18724331310272813,0.16103218497753613,-0.02889842242163232
Hansebreen,2079-01-01,0.11930575887583061,0.18599345328116765,0.062023583536754856
Hansebreen,2079-02-01,-0.10197864373272715,0.017964650933909553,-0.18332570193730313
Hansebreen,2079-03-01,0.020196523051495184,-0.23524218720669535,0.3010490133246646
Hansebreen,2079-04-01,-0.038024193543149655,0.10963831644352845,-0.02645680763237687
Hansebreen,2079-05-01,0.14451674802403083,-0.10499112940860955,0.026105612410801903
Hansebreen,2079-06-01,-0.06386603526776684,-0.18146238141976126,0.01792551524074615
Hansebreen,2079-07-01,0.10760950195746699,-0.03507754878123543,0.07054960696705319
Hansebreen,2079-08-01,-0.13496109184634192,-0.03746294576743916,0.04529525680142601
Hansebreen,2079-09-01,-0.0881516116612533,0.16593864763216049,0.2754854633506165
Hansebreen,2079-10-01,-0.33021472346467634,0.1904261279191443,-0.2640934977529081
Hansebreen,2079-11-01,-0.016483339524296616,0.45233339886753177,-0.41011378708814394
Hansebreen,2079-12-01,-0.07324811925698452,0.06720789775620539,0.19106381797852237
Hansebreen,2080-01-01,-0.3109420993210346,-0.3241276644655468,-0.444855957697291
Hansebreen,2080-02-01,0.24015253993423044,0.04091360286313399,0.36662420063243256
Hansebreen,2080-03-01,0.0884719582594707,0.36492533044180986,-0.13428010064427573
Hansebreen,2080-04-01,-0.2432582160282973,0.1692642777754405,-0.1605036377554647
Hansebreen,2080-05-01,-0.059688478937950956,0.1786578242523825,0.056446316446806845
Hansebreen,2080-06-01,-0.08479515230124184,-0.04090538360859378,0.008363293506555493
Hansebreen,2080-07-01,0.042308748138004844,-0.11014306394837552,-0.0454117126812302
Hansebreen,2080-08-01,-0.07293244033311781,-0.1702200437464297,0.2885003229659216
Hansebreen,2080-09-01,0.4078031213045044,-0.17321304601457185,0.20469332984480312
Hansebreen,2080-10-01,-0.338743337375703,-0.17802871157544162,0.3372645724386316
Hansebreen,2080-11-01,0.3650009385159443,-0.3606733806059048,-0.23128390951296365
Hansebreen,2080-12-01,-0.310737674999583,-0.04486918722003606,-0.21782308262102465
Hansebreen,2081-01-01,-0.09714621247883182,-0.03661918018197779,-0.2474799828888999
Hansebreen,2081-02-01,-0.26196924738448385,-0.8684194498258623,-0.25888551621881123
Hansebreen,2081-03-01,0.6767892503720597,-0.5040661221167699,0.13436629680844572
Hansebreen,2081-04-01,-0.1462743591417329,0.0538218328734602,-0.22756835255218796
Hansebreen,2081-05-01,0.16276123669709253,-0.09686786392071622,-0.01580735433576853
Hansebreen,2081-06-01,0.0337191093590987,0.019722652117605603,0.20639013228881717
Hansebreen,2081-07-01,-0.012312371636219593,0.08081879966293982,-0.023025853701217337
Hansebreen,2081-08-01,0.04289933750212268,-0.14679184050266902,0.23880683892992546
Hansebreen,2081-09-01,-0.09437177291367556,-0.17147425073681646,0.06347867620395314
Hansebreen,2081-10-01,0.24752224528215327,0.09725957610139994,0.2044164593398522
Hansebreen,2081-11-01,0.38217227940876725,-0.6865201647393654,0.5940967577478821
Hansebreen,2081-12-01,-0.59466843354936,-0.31264208901945106,0.22634990458668805
Hansebreen,2082-01-01,-0.2068580209584522,0.21017953842335402,-0.09158663921148058
Hansebreen,2082-02-01,-0.0126456703632112,0.37247355549683503,-0.36389398428938885
Hansebreen,2082-03-01,0.299868625282257,-0.33183355940790954,0.7357247544750983
Hansebreen,2082-04-01,0.1199529244595271,-0.027566445543220075,0.1075363996360817
Hansebreen,2082-05-01,-0.08190623939160657,-0.30934878432492297,-0.02257552498381667
Hansebreen,2082-06-01,0.06510321529501233,0.005696309463288429,-0.033843415312910054
Hansebreen,2082-07-01,-0.029087702225407686,0.08359501811300461,-0.1321915287803511
Hansebreen,2082-08-01,0.01929711259345521,0.06242756652084499,-0.08603514040476634
Hansebreen,2082-09-01,0.12206691519074064,0.02686391241949504,-0.359025843384301
Hansebreen,2082-10-01,0.029025991863985332,0.2872215615996001,0.03551333692799223
Hansebreen,2082-11-01,0.3975396471262191,-0.042657216149152334,0.7174682127778684
Hansebreen,2082-12-01,0.5657911197674841,-0.4134672140564593,0.018531687501769117
Hansebreen,2083-01-01,0.5354423079772155,-0.11673870020436339,0.03488995145844009
Hansebreen,2083-02-01,-0.0561759859045143,0.48369041010002745,0.5635193012605632
Hansebreen,2083-03-01,0.5062218278143883,-0.1824260071780578,-0.39458746600324135
Hansebreen,2083-04-01,0.22464113367130079,-0.02770693185410682,0.15470913917962587
Hansebreen,2083-05-01,-0.04870745467798393,0.18199465942017934,0.025968317424327213
Hansebreen,2083-06-01,-0.01589447833268167,0.03027218773405445,0.13617966923463584
Hansebreen,2083-07-01,-0.008400616583349967,-0.0004989589109150339,-0.012892200334808014
Hansebreen,2083-08-01,0.09104454786269124,-0.08177249209645036,0.17660557070635755
Hansebreen,2083-09-01,0.1229476031493802,-0.2910601820285642,0.21414478376961013
Hansebreen,2083-10-01,-0.19078771135069106,-0.17660210151186703,0.3042117543071989
Hansebreen,2083-11-01,-0.31780373312855675,0.049711744109456946,-0.15028499268436124
Hansebreen,2083-12-01,-0.15446329675614837,-0.3544038765960355,0.27452283598643473
Hansebreen,2084-01-01,-0.2796868754237812,1.0280735785866437,0.3647471168401723
Hansebreen,2084-02-01,-0.3620843494584696,0.35002236709328055,0.22165076674749074
Hansebreen,2084-03-01,-0.06159897439454872,0.5256962407302752,-0.10420835740220658
Hansebreen,2084-04-01,-0.02394598147583633,-0.18544550088313905,0.3307612379040374
Hansebreen,2084-05-01,0.2076439030795855,0.05384779350992757,0.05371836389859821
Hansebreen,2084-06-01,0.011023459128831023,-0.003999741715227281,0.14412336840168238
Hansebreen,2084-07-01,-0.134872855460337,0.07688386761499545,-0.06235256350982981
Hansebreen,2084-08-01,0.14591010811026664,0.31543702570105286,-0.050550467594764205
Hansebreen,2084-09-01,-0.23507928084310592,0.13859840461628412,-0.009169042654894039
Hansebreen,2084-10-01,-0.044113191216098274,0.068382643338339,0.23212593258905212
Hansebreen,2084-11-01,-0.5809214500721147,-0.32071610940488476,0.7281568040200707
Hansebreen,2084-12-01,-0.07952976462224433,-0.5170827142510069,0.7646601940535757
Hansebreen,2085-01-01,0.10001191741480946,-0.5345500591603732,0.018698582402921698
Hansebreen,2085-02-01,-0.4582356019769847,-0.5764308081924141,0.3434680505820042
Hansebreen,2085-03-01,0.2376800240900767,-0.6704150724963157,-0.010306156545959075
Hansebreen,2085-04-01,0.1337398549476674,-0.062197168129878196,0.17215758622186209
Hansebreen,2085-05-01,-0.06764378225793917,0.04639278780658653,0.1548755966842412
Hansebreen,2085-06-01,-0.2153723896314362,0.23936820233828357,-0.024992047055580637
Hansebreen,2085-07-01,-0.1628472512994463,-0.1069079534246065,-0.03266849592586987
Hansebreen,2085-08-01,-0.2909551942977928,-0.21458069194597926,0.12794194398119366
Hansebreen,2085-09-01,0.23704863068202883,-0.0515512668596412,0.07247371147695243
Hansebreen,2085-10-01,0.07272333765163459,-0.1191674573747512,0.38157093599397235
Hansebreen,2085-11-01,-0.06180646014191813,0.21449811422602627,0.5065138732118549
Hansebreen,2085-12-01,0.13655774593871567,0.18411332660741167,0.2506833376715412
Hansebreen,2086-01-01,0.2213396710200263,-0.356789455705459,-0.17746064242189918
Hansebreen,2086-02-01,-0.4235403867055374,0.05402178712585132,-0.0281960555051529
Hansebreen,2086-03-01,-0.059227091422236276,-0.11671797696299546,0.07788391019625064
Hansebreen,2086-04-01,-0.09479081059027579,-0.0760710254248352,0.4168539548856951
Hansebreen,2086-05-01,-0.09220180075677147,0.003963205797816986,0.06105713728886842
Hansebreen,2086-06-01,-0.07274112530433434,-0.15503881232187727,0.18461655602883745
Hansebreen,2086-07-01,-0.16453347059480275,0.12911264130344827,0.002435120060876268
Hansebreen,2086-08-01,-0.24356649507094272,0.04999614125163388,-0.028949091896395964
Hansebreen,2086-09-01,-0.2978112171289394,0.13493603724018996,0.03501562907734023
Hansebreen,2086-10-01,0.11319177804773366,-0.41422413984293405,-0.14182901344145468
Hansebreen,2086-11-01,-0.07187037752530082,-0.15870947323277385,-0.13746084517731605
Hansebreen,2086-12-01,-0.3334839152792261,-0.06224703287413419,0.6806071050698673
Hansebreen,2087-01-01,-0.42846917918364075,-0.23825209912635414,-0.2034388405983322
Hansebreen,2087-02-01,-0.28602479966674577,-0.32862782417130953,0.4688900821378034
Hansebreen,2087-03-01,-0.2467330221822155,-0.008653677459204215,-0.003973969562073891
Hansebreen,2087-04-01,-0.44572526256205264,0.3651271832610252,0.19082332043412076
Hansebreen,2087-05-01,-0.30558834093648435,-0.025633097978014944,-0.024304194316576738
Hansebreen,2087-06-01,0.03791097775180748,0.10339130647574911,-0.0968078422770438
Hansebreen,2087-07-01,-0.10875155613405912,-0.06102556195599159,0.04657545142081423
Hansebreen,2087-08-01,-0.04109749640569105,0.038641333167558016,0.10842903420404681
Hansebreen,2087-09-01,-0.17965190953277502,-0.03158949344967913,0.13585409537121027
Hansebreen,2087-10-01,0.025891147396713127,0.13974341722079328,-0.6717493382515123
Hansebreen,2087-11-01,-0.1925894016826235,-0.6647577660626052,-0.2737971943849889
Hansebreen,2087-12-01,0.7026566515402349,-0.43659914507800995,0.28047985010409476
Hansebreen,2088-01-01,-0.1604056797501112,0.39438003606817346,-0.40000585967379837
Hansebreen,2088-02-01,0.21835872182252056,-0.014449582840640773,-0.5503806314940918
Hansebreen,2088-03-01,-0.22224587997573922,-0.22181683914652706,0.1327112625418003
Hansebreen,2088-04-01,0.19479752475353576,-0.02275136379769638,0.2701726598640781
Hansebreen,2088-05-01,0.03658426975356946,0.21298499001092394,0.232121146870616
Hansebreen,2088-06-01,0.04599646834227029,-0.050864478124358535,-0.13204012166647158
Hansebreen,2088-07-01,-0.1819072478370435,-0.06832553411617119,-0.0760773734389973
Hansebreen,2088-08-01,-0.13310950934183152,0.022253696684454736,-0.012029170334438663
Hansebreen,2088-09-01,-0.22740386594509798,0.09259890959630258,-0.11319951242113484
Hansebreen,2088-10-01,-0.10778525420423414,0.17253850277991375,-0.4233435994938124
Hansebreen,2088-11-01,-0.3487728311936915,-0.5717135633839475,0.7833112116656267
Hansebreen,2088-12-01,0.028818672332780515,-0.18521280367134862,0.3668660119587132
Hansebreen,2089-01-01,0.47519179978305875,-0.08586921809653854,0.5302051361081276
Hansebreen,2089-02-01,0.6640993702759166,-0.03545727814678721,0.1154445694358281
Hansebreen,2089-03-01,0.3538174024608735,-0.0834989437357548,-0.11744702116309201
Hansebreen,2089-04-01,-0.11483780303777753,-0.3951758313454668,-0.26212745606846916
Hansebreen,2089-05-01,-0.33080428581396903,-0.2168440456254496,-0.007438260176481414
Hansebreen,2089-06-01,-0.11594734445709792,0.08159279550369741,0.07936947865569183
Hansebreen,2089-07-01,-0.19503011945191906,0.08020879219707788,0.12125385768952734
Hansebreen,2089-08-01,-0.2828196224440713,-0.06343851803998403,0.15480736512458018
Hansebreen,2089-09-01,0.06574830970152869,0.12169395039511037,0.2953899962061733
Hansebreen,2089-10-01,0.37033259616754294,0.010342242323990695,0.26337150419287725
Hansebreen,2089-11-01,-0.5040809619514648,-0.5143662378522956,0.46039147979353867
Hansebreen,2089-12-01,-0.2023162098360336,0.05341859631029292,-0.09094860158323242
Hansebreen,2090-01-01,-0.7783920013320195,-0.059254038914968075,0.4371787369735225
Hansebreen,2090-02-01,0.3828058502568412,0.33185304935499577,-0.23242136525757884
Hansebreen,2090-03-01,-0.4885126596114509,0.24489912743471245,0.010716643569004937
Hansebreen,2090-04-01,-0.18372434286968073,0.574660472561434,0.1776685813021771
Hansebreen,2090-05-01,-0.017339357052497808,0.07271106938558701,0.18195395638825415
Hansebreen,2090-06-01,-0.23508383481658202,0.006425458069539866,0.02838352783019983
Hansebreen,2090-07-01,-0.1850144540994968,-0.04482580068949075,0.028023900227860037
Hansebreen,2090-08-01,-0.05902465486969164,0.1439665708400515,0.18853036417597094
Hansebreen,2090-09-01,-0.10940021708309326,-0.055448223661362296,0.06044602949281468
Hansebreen,2090-10-01,-0.03536557003824725,-0.5039828810185806,0.7301017747425321
Hansebreen,2090-11-01,0.25555095358999647,0.34190558988529646,0.2265309380272524
Hansebreen,2090-12-01,-0.07135036067466353,-0.0027042713756105633,-0.5442474346537599
Hansebreen,2091-01-01,-0.1269258448166046,0.9905186250057488,-0.36228942248799756
Hansebreen,2091-02-01,0.07322547290768822,0.855476731632527,0.49319596720772
Hansebreen,2091-03-01,-0.00559191675166323,0.23267056661651872,-0.3249744668159977
Hansebreen,2091-04-01,0.40506102651584347,-0.10289317412330674,0.08793663586864531
Hansebreen,2091-05-01,0.14833176883907925,-0.13520360932695294,-0.011381823164236993
Hansebreen,2091-06-01,-0.25128350448514586,0.046319119792156103,0.11699584679979784
Hansebreen,2091-07-01,0.15050742948319837,-0.0025718957169209877,0.10743429305857312
Hansebreen,2091-08-01,0.05794150270315882,0.06105678960524095,0.0752909837418489
Hansebreen,2091-09-01,-0.16624374859734978,-0.09924218950139034,0.29886522450192615
Hansebreen,2091-10-01,0.29854499654847366,-0.18933578691523437,0.2868164149846883
Hansebreen,2091-11-01,0.46619476403145965,-0.252783087726302,-0.8095606043758586
Hansebreen,2091-12-01,0.36732211739195025,-0.659386678493718,0.021931910077449195
Hansebreen,2092-01-01,-0.6738922780619294,-0.524119166352829,-0.5940093164590663
Hansebreen,2092-02-01,-0.41487291170224755,-0.009434596310606612,-0.41576332846878966
Hansebreen,2092-03-01,-0.3339542999505909,0.07889305017501017,0.2533183174483186
Hansebreen,2092-04-01,-0.19435099784323281,-0.06319377629650914,0.10268560965027478
Hansebreen,2092-05-01,-0.24342340329748358,0.1916892479657518,0.10652985595691904
Hansebreen,2092-06-01,-0.19046595942798575,-0.13649137841930764,0.007434052337723959
Hansebreen,2092-07-01,-0.12974399565270275,-0.16998955902979274,0.010614269036006284
Hansebreen,2092-08-01,-0.08948346950178465,-0.0700533458203465,-0.050418937059272605
Hansebreen,2092-09-01,0.19220637874660138,-0.5663660168846455,-0.07506986034184128
Hansebreen,2092-10-01,-0.3091938736217175,0.07347377093165049,0.019176157585140168
Hansebreen,2092-11-01,-0.16100092865562834,0.04599331351249134,0.005567325887132324
Hansebreen,2092-12-01,-0.06887772053512337,-0.4370352864946698,-0.25307940337086016
Hansebreen,2093-01-01,0.11858811931001585,-0.2598645478678741,0.5278515625095785
Hansebreen,2093-02-01,-0.344083331094659,0.5930223959250993,-0.3851106445417282
Hansebreen,2093-03-01,0.2018414639768851,-0.07326620380065828,-0.31743960538421756
Hansebreen,2093-04-01,-0.10586703671904459,-0.009341788464367657,0.30273395915932494
Hansebreen,2093-05-01,0.0909538390757324,0.13937202939348814,0.2742602758488966
Hansebreen,2093-06-01,-0.08583943090529966,-0.032022673065073996,0.17010770201004136
Hansebreen,2093-07-01,0.0016179059688209822,-0.11359139910769529,0.12185228377765495
Hansebreen,2093-08-01,-0.08237371103269536,-0.08589004239066977,0.0834749408578907
Hansebreen,2093-09-01,-0.030636623855722734,-0.024750902989245722,0.09936662078838293
Hansebreen,2093-10-01,0.3795661537713721,0.2626437313052448,-0.024201501021376453
Hansebreen,2093-11-01,-0.11777667060280377,-0.04848802904270786,-0.13982399911221788
Hansebreen,2093-12-01,0.16066185017286125,0.2578596760184186,-0.5446958070319733
Hansebreen,2094-01-01,0.13701232042386055,-0.07323689461307968,-0.26417409202629316
Hansebreen,2094-02-01,0.5294845386163328,0.08348066248546542,-0.0827781949008038
Hansebreen,2094-03-01,-0.2648068325831435,-0.00786898897157542,0.46625776724684814
Hansebreen,2094-04-01,0.13504380243022862,0.2931157584091719,0.22635098993869643
Hansebreen,2094-05-01,0.1429748867728701,0.03345052768439117,0.004270316630867076
Hansebreen,2094-06-01,-0.10114210434522301,0.012394503922981791,0.15036502960391415
Hansebreen,2094-07-01,-0.0683400540196029,-0.0067233855210598005,0.0016824824837866393
Hansebreen,2094-08-01,0.008371266942903464,0.02948487145979226,0.21495264979015957
Hansebreen,2094-09-01,-0.026375934279139104,-0.17802317625049693,0.24373881147417617
Hansebreen,2094-10-01,0.29255639021498525,0.06416280223144218,-0.3971396717126072
Hansebreen,2094-11-01,-0.20619540160503536,-0.10249913114752278,-0.2118715490647156
Hansebreen,2094-12-01,-0.06619748070475459,0.30491803532060696,0.36675627501462965
Hansebreen,2095-01-01,0.0731748838225873,-0.4028661263596048,-0.014937673381227458
Hansebreen,2095-02-01,-1.150686201449922,-0.05021439383866929,0.22710100683997494
Hansebreen,2095-03-01,-0.32022097733926264,0.20011697399485884,-0.19418164531828044
Hansebreen,2095-04-01,-0.46511551070045076,-0.12990936854071045,0.09608109417667143
Hansebreen,2095-05-01,-0.2411755196231474,-0.14586630883574356,-0.0073393924789117255
Hansebreen,2095-06-01,0.09330698412367827,0.006628787632232067,-0.10523041840779662
Hansebreen,2095-07-01,-0.06383025791093533,0.0401253991375888,0.1287837231304739
Hansebreen,2095-08-01,-0.17358635092047328,-0.06975048876480637,0.015317986302414424
Hansebreen,2095-09-01,-0.07295560000811997,0.2039039214359466,-0.2529456211447225
Hansebreen,2095-10-01,-0.13183995122949355,-0.08563694231681644,-0.2480751657125261
Hansebreen,2095-11-01,-0.5999199331711319,0.4065476675127178,-0.09775054784855479
Hansebreen,2095-12-01,-0.2566117452339783,0.28159251120318857,-0.044990642719530405
Hansebreen,2096-01-01,-0.0615394877414942,-0.08657689339887796,-0.19229731178954554
Hansebreen,2096-02-01,-0.12128317220167632,0.5367074148825307,-0.2702306052278461
Hansebreen,2096-03-01,-0.08394258602381961,-0.32288311492422705,0.08067945394925778
Hansebreen,2096-04-01,0.19605788134996463,-0.10689651043475475,-0.22151332671705015
Hansebreen,2096-05-01,-0.15459651375822886,-0.10547137385895984,0.15030997204038932
Hansebreen,2096-06-01,0.1045280328224794,-0.03974413701403345,0.07286630028420528
Hansebreen,2096-07-01,-0.07910959570050922,0.012020247202071907,0.2259006434324878
Hansebreen,2096-08-01,0.0133283655813738,-0.14044029387292153,-0.012274125897473348
Hansebreen,2096-09-01,-0.11151929492585677,-0.15659360453922244,-0.12100493602126632
Hansebreen,2096-10-01,-0.34214528076083983,0.2720895398459324,-0.07739649868615406
Hansebreen,2096-11-01,-0.04717766920883141,-0.20580169718967115,0.5758568296139437
Hansebreen,2096-12-01,-0.4780240339674668,0.073468686025446,0.31194299759285343
Hansebreen,2097-01-01,0.44049125840443887,-0.34679737923003967,0.17729141028062886
Hansebreen,2097-02-01,-0.3248537874046274,0.26210888366320867,-0.18580377646017598
Hansebreen,2097-03-01,0.009989489322122421,0.2474076649195491,-0.12849497615346098
Hansebreen,2097-04-01,0.2598377194484249,-0.034658693073323844,-0.3003925113613463
Hansebreen,2097-05-01,-0.05331379257743087,0.11678102564773414,-0.04727311659017178
Hansebreen,2097-06-01,-0.1610875827578355,-0.11174944111056538,0.06451349524873794
Hansebreen,2097-07-01,0.008620314505431338,-0.053940162935850994,0.2218385131425107
Hansebreen,2097-08-01,-0.14526083100903106,0.04895891513019476,0.34275115494553293
Hansebreen,2097-09-01,-0.5143536913343046,0.1530952757911308,0.07046696335341175
Hansebreen,2097-10-01,0.14803296404070565,0.20274143860172408,0.12062002318125668
Hansebreen,2097-11-01,-0.4513909234673103,-0.583586319522173,0.0034503687522861523
Hansebreen,2097-12-01,-0.14661164680822525,-0.0768460665348144,0.42057802002104533
Hansebreen,2098-01-01,-0.5493904784126844,0.11400365333117003,0.8413697972732299
Hansebreen,2098-02-01,0.46212103848632075,0.5152952607631042,0.7193642084899103
Hansebreen,2098-03-01,-0.7810441895789929,0.39201612953858,0.06397988535882831
Hansebreen,2098-04-01,0.008079541751560768,-0.07567504319447084,0.1743627166678389
Hansebreen,2098-05-01,0.13574910417538058,-0.2622728925076437,0.24737066673702976
Hansebreen,2098-06-01,-0.09929321103415635,-0.008372159964973055,0.1129779421786515
Hansebreen,2098-07-01,-0.10431986020499444,-0.05660602044260548,0.011249506563031045
Hansebreen,2098-08-01,-0.13653593926646032,-0.25256742275787475,0.20670686171509134
Hansebreen,2098-09-01,-0.21985262099120004,0.13278617317794364,0.13002575555437218
Hansebreen,2098-10-01,-0.22987564966867557,-0.26648527742626443,0.03713455387306315
Hansebreen,2098-11-01,-0.19295557406968852,-0.34019946283247454,-0.06480042028037986
Hansebreen,2098-12-01,-0.4476657977835881,0.09369091891556604,-0.15628479492889674
Hansebreen,2099-01-01,0.37059253878246795,-0.820176938737982,0.3001514903077957
Hansebreen,2099-02-01,-0.01167367408917403,0.13270175443806456,0.8793209013052996
Hansebreen,2099-03-01,0.3306224318005668,0.03488696072968384,0.6954674253259329
Hansebreen,2099-04-01,-0.2819061034236904,-0.039322497991169124,0.4214851341349554
Hansebreen,2099-05-01,-0.09141380369534831,0.32611806252331366,0.21096084388644756
Hansebreen,2099-06-01,-0.16638532443942333,-0.08636557438704166,-0.0008357355741671161
Hansebreen,2099-07-01,-0.13249507483153086,0.05751221469474873,0.300905897572417
Hansebreen,2099-08-01,-0.2043052021540467,-0.00027652125944189684,0.11810304529107903
Hansebreen,2099-09-01,-0.16800552004587424,0.1609266209046238,0.2472486210420334
Hansebreen,2099-10-01,-0.03501940447010444,0.15981068488800956,-0.2103214191851874
Hansebreen,2099-11-01,-0.062357911942306776,0.025195909554904746,0.35666508418201975
Hansebreen,2099-12-01,-0.18374600146243916,-0.17752262246145398,-0.10213131048518947
Hansebreen,2100-01-01,-0.14008250466626815,-0.720249170274179,-0.23604875196804145
Hansebreen,2100-02-01,-0.5661973736591519,-1.0169895248881862,-0.3118938765369363
Hansebreen,2100-03-01,0.5133954792527596,-0.12596459388422268,0.20973741876527527
Hansebreen,2100-04-01,0.17604900780570354,0.23170292690208907,-0.06877116660945158
Hansebreen,2100-05-01,0.060319902190990204,-0.10207411405213142,0.1717520522308175
Hansebreen,2100-06-01,-0.1314772510782707,0.07990312137247302,0.13846902212228462
Hansebreen,2100-07-01,-0.06331269814581711,-0.09441979505767212,0.1756790527791813
Hansebreen,2100-08-01,-0.16596951241910107,-0.02362628062601139,0.19868795135410564
Hansebreen,2100-09-01,0.07263655326062819,-0.2000942599518157,0.042700268191106366
Hansebreen,2100-10-01,-0.08727121649169338,0.13156463595280274,-0.24883301292683435
Hansebreen,2100-11-01,-0.40178313918500747,0.236012631215207,0.1009513064824818
Hansebreen,2100-12-01,-0.45138057259650405,0.380305421789112,0.41432115805235475
Hellstugubreen,2015-01-01,-0.17359538139278366,-0.2627625920007777,-0.07491416388027759
Hellstugubreen,2015-02-01,-0.3554219665922222,-0.0032385565101683694,-0.1675015031103447
Hellstugubreen,2015-03-01,-0.15158488081559515,0.14045842542997,-0.19425217606269962
Hellstugubreen,2015-04-01,-0.025456039328844243,-0.1650030057540343,0.0607121865492499
Hellstugubreen,2015-05-01,-0.050390140102088976,-0.021805563825107926,-0.1716405985023998
Hellstugubreen,2015-06-01,0.06957255591629827,0.08121870973035604,0.05209206874856539
Hellstugubreen,2015-07-01,0.03048262600183325,0.059327367961925094,-0.03481123557554191
Hellstugubreen,2015-08-01,0.00462825357168592,0.08346743146700082,-0.20835253462818382
Hellstugubreen,2015-09-01,0.0601898464580003,0.3257029421749088,-0.15289981307307315
Hellstugubreen,2015-10-01,-0.27287228228404986,0.10585552929024876,-0.23150361285400878
Hellstugubreen,2015-11-01,0.4864877686799081,-0.03823616563439581,0.08738049105646256
Hellstugubreen,2015-12-01,-0.23656447381729184,0.13566786203934103,0.4509666620726815
Hellstugubreen,2016-01-01,0.3384855353323813,-0.17499450136983177,-0.15715760294112188
Hellstugubreen,2016-02-01,0.3343006478306691,0.2201114571764903,-0.04048335663784581
Hellstugubreen,2016-03-01,0.2198365113930285,0.20395982248726954,-0.3499018846713926
Hellstugubreen,2016-04-01,0.1710352866934992,-0.06553636566522038,-0.1752188544545438
Hellstugubreen,2016-05-01,0.08790228153923606,0.053665447651096654,-0.13523898713603588
Hellstugubreen,2016-06-01,-0.07195574382486845,-0.07565803795669272,-0.017793463126065497
Hellstugubreen,2016-07-01,-0.1790465851112115,-0.053643166699379664,-0.11389563196252499
Hellstugubreen,2016-08-01,-0.08422454154990239,0.061305997660110356,-0.1803809122764124
Hellstugubreen,2016-09-01,-0.1012814544779267,0.04638303639978424,-0.31605186609709324
Hellstugubreen,2016-10-01,0.09038073940409297,0.07577376770170004,0.25394023233070234
Hellstugubreen,2016-11-01,-0.10792629998127236,-0.2210140793704115,-0.41945299915548134
Hellstugubreen,2016-12-01,-0.010302964165033504,-0.07791497417342806,-0.19301008375216933
Hellstugubreen,2017-01-01,0.15850955860031882,0.18606832039127694,-0.2645694532636195
Hellstugubreen,2017-02-01,0.06706243314077798,0.10029480996622715,0.2524476725881508
Hellstugubreen,2017-03-01,-0.31571361571332074,0.320859441035439,-0.002655026116884625
Hellstugubreen,2017-04-01,0.0004353541468939681,0.1933629268018506,0.11236914409910737
Hellstugubreen,2017-05-01,0.015172082339309756,0.032016490322817046,-0.08459361236222727
Hellstugubreen,2017-06-01,0.0011285253781347186,0.044232505901574015,0.21525392894755968
Hellstugubreen,2017-07-01,-0.0308097134237947,0.007590681161821838,-0.11640662391781291
Hellstugubreen,2017-08-01,0.11387775451947474,-0.024071680754945594,-0.1650360548143946
Hellstugubreen,2017-09-01,0.16182733899177915,0.22142981931460323,-0.061810842448507354
Hellstugubreen,2017-10-01,-0.04009644043803757,0.0053832502596428316,-0.2777343235289456
Hellstugubreen,2017-11-01,-0.08988109340815403,0.0591530237706023,-0.059171035980193055
Hellstugubreen,2017-12-01,-0.3106759614492021,-0.2808367417251053,-0.05494994576661009
Hellstugubreen,2018-01-01,-0.29235854834458186,0.13782659569589037,0.4773647658588211
Hellstugubreen,2018-02-01,-0.2629943749241983,-0.028356777242630526,0.06600116860659001
Hellstugubreen,2018-03-01,-0.21777663843739523,0.06607370785908338,0.195503262230695
Hellstugubreen,2018-04-01,-0.12847218326599194,0.008531129550794126,-0.1703415416687207
Hellstugubreen,2018-05-01,-0.05903238682940387,0.15301021633385695,-0.25098203810316305
Hellstugubreen,2018-06-01,0.10541787484807168,0.18106421249989044,-0.24071938262802442
Hellstugubreen,2018-07-01,-0.012880622863785418,0.10623150737881583,-0.29904393573479865
Hellstugubreen,2018-08-01,-0.01688088513883512,0.07659075654785535,-0.28412707729705544
Hellstugubreen,2018-09-01,-0.2937763322734865,-0.18093425402657778,-0.21924330108418355
Hellstugubreen,2018-10-01,-0.2266392916859581,0.2395786827243164,-0.2576895203478264
Hellstugubreen,2018-11-01,-0.01432435301104317,-0.033801798745184256,-0.2579097348493267
Hellstugubreen,2018-12-01,0.23140945325228723,-0.32426860497525717,-0.05866967648136393
Hellstugubreen,2019-01-01,-0.14521766590767318,0.11388863163839351,-0.3199304120826831
Hellstugubreen,2019-02-01,-0.04559412315331316,0.22710704006454327,0.17270446455846597
Hellstugubreen,2019-03-01,0.05098712119346107,-0.26961178313479867,-0.107475310816552
Hellstugubreen,2019-04-01,0.02792494299306868,0.12489872887532945,0.06173649942473992
Hellstugubreen,2019-05-01,-0.07026923155126605,0.03822342266519988,0.24733920101597331
Hellstugubreen,2019-06-01,-0.10220936267774476,0.07455553881209072,0.2672568730936517
Hellstugubreen,2019-07-01,-0.05098006622722351,-0.019308886164751387,-0.13041573003617155
Hellstugubreen,2019-08-01,-0.12327142778034139,0.06340507568960391,-0.16411642614545094
Hellstugubreen,2019-09-01,0.07215636261519295,-0.10323758289152711,-0.1667894396501497
Hellstugubreen,2019-10-01,-0.014208223431879689,-0.06359742553456142,-0.08528581193307433
Hellstugubreen,2019-11-01,-0.09681224634636094,0.20179701075860224,-0.07467430453385139
Hellstugubreen,2019-12-01,-0.26636622868520404,-0.3961652065194781,-0.08036393792793856
Hellstugubreen,2020-01-01,0.2788219801108856,0.023552526233152443,-0.2836854982186273
Hellstugubreen,2020-02-01,-0.0035685551074092006,0.4515779475355824,-0.2520859063132163
Hellstugubreen,2020-03-01,-0.2734986503432526,0.3267332702124777,-0.047524788005667375
Hellstugubreen,2020-04-01,-0.1025468251701727,0.14706973010757143,0.2994640485587387
Hellstugubreen,2020-05-01,0.18313925856621896,0.1430551711642255,0.003227278964863488
Hellstugubreen,2020-06-01,0.010094749684210784,-0.006831875552399155,0.05102196195989541
Hellstugubreen,2020-07-01,0.0911991085360414,-0.03557446818764174,-0.027567770862059932
Hellstugubreen,2020-08-01,0.008600239294218489,0.08931469302932953,-0.04329705030783507
Hellstugubreen,2020-09-01,0.20674699165665578,0.05799816477172476,0.06645301716563214
Hellstugubreen,2020-10-01,-0.3464004592609479,0.17169611553520334,-0.036524733008348
Hellstugubreen,2020-11-01,0.018425600600946744,-0.014864481699804264,-0.2090058341287684
Hellstugubreen,2020-12-01,-0.01714384969786649,0.20570956478627722,0.08815412505288554
Hellstugubreen,2021-01-01,0.1861202648164447,0.21244909929199163,0.01988358764569678
Hellstugubreen,2021-02-01,0.009607253784165862,0.5002010815845437,0.23123478627448982
Hellstugubreen,2021-03-01,0.5984202310318797,0.5012982348934395,-0.06240216846903023
Hellstugubreen,2021-04-01,-0.23093090997064727,0.03241092487255341,-0.049532020393629056
Hellstugubreen,2021-05-01,0.06129448048535935,0.17554351570422147,0.0757670506024815
Hellstugubreen,2021-06-01,-0.15100665404956728,0.13680746473073,0.03715657206701072
Hellstugubreen,2021-07-01,-0.00981258939736116,-0.05235030209865569,0.0038600471018541923
Hellstugubreen,2021-08-01,-0.02599441578405946,0.07486593565668875,-0.09293352050929952
Hellstugubreen,2021-09-01,0.13649602374216696,0.1312097397121819,-0.19540442838550254
Hellstugubreen,2021-10-01,0.3119478291913725,0.12336867064126987,0.006267484038699397
Hellstugubreen,2021-11-01,-0.07120067840294274,0.23103392807352585,0.1992360931918226
Hellstugubreen,2021-12-01,0.189554671650748,0.16330334629997822,0.05472433274834119
Hellstugubreen,2022-01-01,-0.32593756938221174,-0.08503377849347389,-0.2514280576415829
Hellstugubreen,2022-02-01,0.17770778874433246,-0.4125709527264227,-0.061357967869656416
Hellstugubreen,2022-03-01,-0.06429355645747965,-0.17740300181745086,-0.39486174748430614
Hellstugubreen,2022-04-01,-0.09486552804180774,-0.05145117453112052,0.3327332901381536
Hellstugubreen,2022-05-01,0.040004609948519766,0.04935317027737098,-0.2665161300462233
Hellstugubreen,2022-06-01,0.07659220935569133,0.01817798664326231,-0.1595279619378658
Hellstugubreen,2022-07-01,0.1617796204348248,0.013612095646614556,-0.09758750265369975
Hellstugubreen,2022-08-01,0.04069926030550162,0.031240061312250763,-0.49258844443811683
Hellstugubreen,2022-09-01,0.010743938601440546,-0.09131907274319952,-0.017757921950785856
Hellstugubreen,2022-10-01,0.4395605203988031,-0.09139198664877861,0.12571844272199328
Hellstugubreen,2022-11-01,-0.0390166160826129,-0.032408455977048285,0.1008172993065982
Hellstugubreen,2022-12-01,0.14172201626674116,0.17742389294772773,-0.055331123789390944
Hellstugubreen,2023-01-01,0.15428350815037153,0.13166247947047857,0.0876715806036752
Hellstugubreen,2023-02-01,0.008222676082386573,-0.020322471166276536,0.25235910818908797
Hellstugubreen,2023-03-01,0.19064062789034972,-0.1068076191477124,-0.07356050418798964
Hellstugubreen,2023-04-01,-0.16669993344097164,0.0870036099294249,-0.017783102583269206
Hellstugubreen,2023-05-01,0.22230508270537133,-0.015973557636605,-0.11906647302831454
Hellstugubreen,2023-06-01,0.08491406460415724,-0.13925723354787403,-0.09597047593750174
Hellstugubreen,2023-07-01,-0.0786060743146373,-0.043399437374465194,-0.06650397890726177
Hellstugubreen,2023-08-01,0.1947122061183044,0.0035561963632723473,-0.2382235310311622
Hellstugubreen,2023-09-01,0.4610070597967468,0.13245294751001593,-0.06934678156293798
Hellstugubreen,2023-10-01,0.5964067515611563,0.10511240805355022,-0.4202993949216531
Hellstugubreen,2023-11-01,0.26198431628724533,-0.3642607918163296,0.0075515062375699745
Hellstugubreen,2023-12-01,0.2579060947751534,-0.1102756858969521,0.15860949601249716
Hellstugubreen,2024-01-01,0.05523835636691407,0.5480194274845389,-0.06151429197514007
Hellstugubreen,2024-02-01,0.3472832663902456,0.3426959319724869,-0.060024071176652614
Hellstugubreen,2024-03-01,0.16682501366371635,0.11623473412887193,-0.07814720059703276
Hellstugubreen,2024-04-01,0.005963058653720616,0.06907225355203302,-0.011058878302323771
Hellstugubreen,2024-05-01,0.15482046119841888,0.3530943372037032,-0.19373863523731502
Hellstugubreen,2024-06-01,0.08109683258823844,0.001569921168589429,-0.20062512321292747
Hellstugubreen,2024-07-01,0.13664007998117905,0.13993838667833078,-0.12429276564210394
Hellstugubreen,2024-08-01,0.0420787107560646,0.10217879286769006,-0.04889890315251217
Hellstugubreen,2024-09-01,0.2697276061412506,0.3320878368815678,-0.13495356796009642
Hellstugubreen,2024-10-01,-0.1348936373545032,0.17622781749456995,0.07062253047164739
Hellstugubreen,2024-11-01,0.20275130793575127,0.07735310515268705,-0.02232446808386791
Hellstugubreen,2024-12-01,-0.2240403546792895,0.17073868602383027,0.0014485396431252854
Hellstugubreen,2025-01-01,0.0673673261468558,-0.15057690222577033,-0.2778609220597766
Hellstugubreen,2025-02-01,0.2592360759216588,0.09259978983179058,-0.06126235648769702
Hellstugubreen,2025-03-01,0.27976707821166186,-0.16366403954547842,0.053253210774338644
Hellstugubreen,2025-04-01,-0.17727594539431565,-0.08749992933773998,-0.026924691604319376
Hellstugubreen,2025-05-01,-0.16377607648063114,-0.04912123028701726,0.06071129869066539
Hellstugubreen,2025-06-01,0.13357825531561868,-0.0025824344796349257,0.2128734090749288
Hellstugubreen,2025-07-01,-0.03457612875544709,-0.10592942987983885,0.009712723620812274
Hellstugubreen,2025-08-01,0.012813220898072868,-0.0742367764380623,0.11857448026809746
Hellstugubreen,2025-09-01,0.26771934584672635,0.07615802541787438,0.14582842537371835
Hellstugubreen,2025-10-01,-0.13004363591490767,0.08142184488471749,-0.0896589327419494
Hellstugubreen,2025-11-01,-0.04636523539136426,0.035627662124665234,-0.08920207160494353
Hellstugubreen,2025-12-01,-0.472250196565373,0.07026839871809534,0.4246864935350261
Hellstugubreen,2026-01-01,-0.5075599072278276,0.11238643340574665,0.5772051813789633
Hellstugubreen,2026-02-01,-0.17758864968600366,-0.11088574853824247,-0.26381998089525216
Hellstugubreen,2026-03-01,-0.4469693753855159,-0.226473521022471,-0.17660964808408477
Hellstugubreen,2026-04-01,-0.07135289522629164,0.21881072201096563,-0.22917965711867827
Hellstugubreen,2026-05-01,0.1785897522550651,0.04718346484705246,0.00352101491870848
Hellstugubreen,2026-06-01,0.007042398885343872,-0.0113495253025721,-0.06591802493386036
Hellstugubreen,2026-07-01,0.027215858621054658,-0.025519110891713853,-0.02579366050242877
Hellstugubreen,2026-08-01,-0.2294801942874896,0.021353658475624943,0.05859512639030067
Hellstugubreen,2026-09-01,0.09138944684770818,0.08784330786434837,-0.0762580572421479
Hellstugubreen,2026-10-01,0.01002971966074123,0.032408430704600914,-0.062646078458325
Hellstugubreen,2026-11-01,-0.26388116866813444,0.3805810620291754,-0.04031388627972066
Hellstugubreen,2026-12-01,0.3157122042395853,-0.4371574292972764,0.3317338722807323
Hellstugubreen,2027-01-01,0.3712964750097901,-0.13988997035392164,-0.1514434187890878
Hellstugubreen,2027-02-01,0.17202586155783428,-0.24618436912961186,-0.07420326422405946
Hellstugubreen,2027-03-01,-0.05316398855808762,0.17664838532869367,0.06607078375004281
Hellstugubreen,2027-04-01,-0.22596959416851872,-0.2424035738329177,0.15138360179747393
Hellstugubreen,2027-05-01,0.13708304928671897,0.09981664450352497,-0.06337081228288849
Hellstugubreen,2027-06-01,-0.019201618118644227,0.006762443988412266,0.002336466462968638
Hellstugubreen,2027-07-01,0.038591914639328075,-0.0028672127882723073,-0.14336601963195617
Hellstugubreen,2027-08-01,-0.034334216606860125,0.11369365311951675,0.02939691534431731
Hellstugubreen,2027-09-01,0.18876236906446597,-0.011534445011439376,-0.19225711279610766
Hellstugubreen,2027-10-01,-0.1833533991159887,0.157658414294621,0.02287493199242589
Hellstugubreen,2027-11-01,0.25814654357775996,-0.004470578772062583,0.09389572133250774
Hellstugubreen,2027-12-01,0.013986621244109,0.23906303583754843,0.43455790392977817
Hellstugubreen,2028-01-01,0.5344558686632183,-0.06615086647917605,0.515766350643005
Hellstugubreen,2028-02-01,0.1032953519667601,-0.23305503824195306,0.3152373478258777
Hellstugubreen,2028-03-01,-0.3051872977516974,0.026626595829443368,0.21578358071721482
Hellstugubreen,2028-04-01,0.23799791912773202,-0.1746084171405421,-0.037858146138340154
Hellstugubreen,2028-05-01,0.15295676658456778,-0.047678432046578345,0.07616017847666012
Hellstugubreen,2028-06-01,0.11516018578686245,0.15306372413261102,-0.13189080745229118
Hellstugubreen,2028-07-01,0.12602553048508086,0.0005657211853870511,-0.22471520728563787
Hellstugubreen,2028-08-01,0.10244683885952967,-0.03614038181291614,-0.09890496863013032
Hellstugubreen,2028-09-01,0.16725573281695993,0.17111660890615712,-0.014520970259691913
Hellstugubreen,2028-10-01,0.001845758353809569,0.03183596026641341,0.07657754360458562
Hellstugubreen,2028-11-01,0.014369434258445267,-0.0692595863821544,-0.012093067259409845
Hellstugubreen,2028-12-01,0.03550564249492522,-0.09794514617390664,0.17725760600701546
Hellstugubreen,2029-01-01,-0.09499108994073091,-0.09630186203804664,-0.42409413599924145
Hellstugubreen,2029-02-01,0.056102926603067836,0.00600514740158721,0.29496737751484553
Hellstugubreen,2029-03-01,0.3170060195361462,0.06132032044649808,0.6207722903193115
Hellstugubreen,2029-04-01,-0.1278113743311876,0.015350416530050552,0.14543611149418378
Hellstugubreen,2029-05-01,0.14848223964263785,0.06312086480566938,0.14562701896435606
Hellstugubreen,2029-06-01,-0.09731714344962923,0.1288144562009997,0.028611162263066505
Hellstugubreen,2029-07-01,0.03396119315328333,0.03743422199372073,0.05419860046979288
Hellstugubreen,2029-08-01,-0.007986032447091953,0.12871943300159594,0.12061431352373997
Hellstugubreen,2029-09-01,0.07418425849293003,0.09286934145796348,-0.11574387803200592
Hellstugubreen,2029-10-01,-0.16937653383034448,-0.059456878236797926,-0.0833586059122478
Hellstugubreen,2029-11-01,-0.3802674119207652,0.12977543754614937,0.036070314499056205
Hellstugubreen,2029-12-01,-0.27422023322617517,-0.031383012362166306,0.24051657553589126
Hellstugubreen,2030-01-01,0.23344997569182477,0.31297540117964834,-0.00803883943900492
Hellstugubreen,2030-02-01,-0.3976039659452894,0.1367873147194703,0.04907104831567871
Hellstugubreen,2030-03-01,-0.2129176702256772,-0.47201508891019994,0.37974123494801043
Hellstugubreen,2030-04-01,-0.3295244548985678,-0.3054135800698107,-0.005300841252420786
Hellstugubreen,2030-05-01,0.21288540746962292,0.044308346049589616,0.2530134904762059
Hellstugubreen,2030-06-01,-0.1835807054160846,0.11415829782513918,0.05344964658424178
Hellstugubreen,2030-07-01,-0.05619673920556598,0.020040233682615937,-0.025231972969958206
Hellstugubreen,2030-08-01,0.014532487653913897,-0.08704276617694055,0.13452834210982112
Hellstugubreen,2030-09-01,-0.12072078350205916,-0.15098358477067883,-0.029806356589031833
Hellstugubreen,2030-10-01,-0.19056451452274822,-0.08634096159124183,-0.14379369140402554
Hellstugubreen,2030-11-01,-0.27644719893142294,-0.03191106666944681,0.3434357180949272
Hellstugubreen,2030-12-01,0.4799814360419747,-0.04471413091223506,0.09273921918756418
Hellstugubreen,2031-01-01,-0.48551394284984184,-0.34250600958775984,-0.01154017029077889
Hellstugubreen,2031-02-01,0.18094931482816287,0.05174549982814788,-0.11360172505425237
Hellstugubreen,2031-03-01,0.3155604312360217,0.10720836254447401,-0.08759319856087387
Hellstugubreen,2031-04-01,-0.07084370362900688,0.3872335986489051,0.1728730182840892
Hellstugubreen,2031-05-01,0.12407191647203576,0.22647100672380702,-0.2212824059974999
Hellstugubreen,2031-06-01,-0.0008812834852781198,0.2698666064931023,-0.150649621024258
Hellstugubreen,2031-07-01,-0.054979612507211596,0.17353840491626504,-0.06450847551124918
Hellstugubreen,2031-08-01,-0.02518915175947098,0.024573790085404713,0.016318086354302902
Hellstugubreen,2031-09-01,0.12431145556377832,0.1404920201232697,-0.10480274491565107
Hellstugubreen,2031-10-01,-0.24590805830974038,0.27379555525549365,-0.14815778088553921
Hellstugubreen,2031-11-01,-0.43315981721374414,0.1206510945104442,0.026638741645388014
Hellstugubreen,2031-12-01,-0.11462895857588472,0.09047669221396919,-0.48266404164532073
Hellstugubreen,2032-01-01,-0.005375752065446607,0.1209440930279075,0.12399605714347277
Hellstugubreen,2032-02-01,0.39704190159523595,0.2645556435128183,0.38600158236931986
Hellstugubreen,2032-03-01,0.5041905571905868,0.21223854396603922,-0.2619205722449914
Hellstugubreen,2032-04-01,-0.002385893096994817,-0.0495987170123793,-0.07927072554352176
Hellstugubreen,2032-05-01,0.12013523722103009,0.010262486477267954,-0.03471656955062283
Hellstugubreen,2032-06-01,0.20441428040309617,0.1502940334816338,0.005245627465087056
Hellstugubreen,2032-07-01,0.03356618441565662,-0.035965941990270936,0.02291527098775598
Hellstugubreen,2032-08-01,0.0416216177000257,0.0976576202227984,-0.09077475083667773
Hellstugubreen,2032-09-01,0.2171852451530157,0.12859439857569963,-0.05979626862489831
Hellstugubreen,2032-10-01,0.1957716855277436,-0.13985158145328644,0.05432200515059422
Hellstugubreen,2032-11-01,-0.06906093088215998,0.05875983147867949,-0.10458084396359031
Hellstugubreen,2032-12-01,-0.1640739940204777,-0.00595811215768921,0.21801553468351628
Hellstugubreen,2033-01-01,-0.4189704727945223,-0.3633338230293699,0.08204635442505426
Hellstugubreen,2033-02-01,0.11780302769303767,0.017197310178957304,-0.1682997668380243
Hellstugubreen,2033-03-01,-0.3124502360602419,0.22181886432659148,-0.22671382812911914
Hellstugubreen,2033-04-01,0.15926463225996806,-0.09356337804963599,-0.25779894149492777
Hellstugubreen,2033-05-01,0.16690436155140728,-0.11438037589622212,-0.08050356335637072
Hellstugubreen,2033-06-01,0.1646660715229297,-0.2103464682928907,0.0423937475421508
Hellstugubreen,2033-07-01,-0.00031780640590170034,0.11648998971397234,0.01839133042251572
Hellstugubreen,2033-08-01,0.05570820664444054,-0.03137585537632743,0.12531881715367768
Hellstugubreen,2033-09-01,0.1730634803877006,0.2389865516289381,-0.10036141372591288
Hellstugubreen,2033-10-01,0.10368902969848687,0.10747365352706122,0.2734780356871051
Hellstugubreen,2033-11-01,-0.000850291604722968,-0.02961547166253925,-0.05202864338174779
Hellstugubreen,2033-12-01,0.5233035298224977,-0.11082148934549658,0.2158071486383414
Hellstugubreen,2034-01-01,0.1006854684734617,-0.09992062816922764,0.15170810636142326
Hellstugubreen,2034-02-01,-0.40749291251377423,-0.2976886608983749,0.11564244096557948
Hellstugubreen,2034-03-01,0.13989247877008346,-0.18991804611705243,-0.6019815958268404
Hellstugubreen,2034-04-01,0.06296826414906022,-0.016601016703882514,0.1699254758492997
Hellstugubreen,2034-05-01,-0.13309845081111116,-0.012831176589369407,0.18663751836764322
Hellstugubreen,2034-06-01,0.16789875919457933,0.04520834117451939,0.22031920861840315
Hellstugubreen,2034-07-01,-0.07690589133423952,0.2107592878358586,-0.0006232900061023486
Hellstugubreen,2034-08-01,-0.1296537522303826,0.23476706500834657,0.0008345516801988954
Hellstugubreen,2034-09-01,0.09938204339693711,-0.12170816086031012,0.10334067662863766
Hellstugubreen,2034-10-01,0.03842624924886944,-0.02781853339917935,0.049563846579722314
Hellstugubreen,2034-11-01,0.06704612939107607,0.046350171206027586,-0.3846764513304735
Hellstugubreen,2034-12-01,-0.135078371048805,0.3662118790171876,0.11169279429295303
Hellstugubreen,2035-01-01,0.3899573646004517,0.026191842120909376,0.36294549437202944
Hellstugubreen,2035-02-01,-0.04064159875213338,-0.01456292287886935,0.04514570672215235
Hellstugubreen,2035-03-01,-0.06260700092725878,0.013794901013880695,0.1414207469154534
Hellstugubreen,2035-04-01,0.25152452410729137,-0.11047430237070854,-0.07699538621489689
Hellstugubreen,2035-05-01,-0.12100343337093854,0.08101295960182134,0.048329973990382365
Hellstugubreen,2035-06-01,-0.0053724429717050244,-0.09757897260687261,0.23646666312487427
Hellstugubreen,2035-07-01,-0.17244922581762448,-0.0633571502830157,-0.0027988461792160606
Hellstugubreen,2035-08-01,0.006533848802648251,-0.009113132681475298,0.09783677648565138
Hellstugubreen,2035-09-01,-0.08468176407465507,-0.038468952899576345,0.02993881491862076
Hellstugubreen,2035-10-01,0.13917986433503673,-0.010463470122163712,0.1816110974552451
Hellstugubreen,2035-11-01,0.2359606271977203,-0.04834015491194835,0.35571343900810953
Hellstugubreen,2035-12-01,-0.06090020446251184,-0.1262272733528563,-0.19569393277852734
Hellstugubreen,2036-01-01,-0.003688444925864278,-0.07724931213249486,0.04514752769244875
Hellstugubreen,2036-02-01,-0.25931859256041223,-0.33137605036118806,-0.5112709546231868
Hellstugubreen,2036-03-01,0.37446029952159665,-0.3999671217813677,-0.12450122751080013
Hellstugubreen,2036-04-01,0.43168199509470967,0.017665260087162075,-0.13853747716548856
Hellstugubreen,2036-05-01,-0.04430359064466725,0.023642955324314808,0.14179827289163574
Hellstugubreen,2036-06-01,0.04027105828983212,-0.008270290753187285,0.03382800723762775
Hellstugubreen,2036-07-01,0.07014349615991039,0.1870254913698389,0.005851253212417386
Hellstugubreen,2036-08-01,-0.021236210752614986,0.08304551290387069,-0.05769893446692357
Hellstugubreen,2036-09-01,0.02362181767325991,0.21995705941765806,-0.19437706329501403
Hellstugubreen,2036-10-01,0.10427009152110471,-0.06086473373661583,-0.060382009016815875
Hellstugubreen,2036-11-01,-0.234087118953939,0.06911463917613517,0.00425114205939803
Hellstugubreen,2036-12-01,-0.07514781752392632,0.21347203829081493,0.016354268099410308
Hellstugubreen,2037-01-01,-0.10937108375556633,0.22370846285441037,0.18658304175463236
Hellstugubreen,2037-02-01,0.4220181216069019,-0.23154569389963386,-0.09080669406485198
Hellstugubreen,2037-03-01,0.6819472482192964,0.31233361864901493,0.2127146113905305
Hellstugubreen,2037-04-01,0.18752358583047066,0.3165264761304232,-0.2031948858051628
Hellstugubreen,2037-05-01,0.07566969480329445,0.032121438439946394,0.10210285692494336
Hellstugubreen,2037-06-01,0.16948203379589685,0.013431854638693784,0.008360768425762485
Hellstugubreen,2037-07-01,0.11540457502439445,-0.07795744061020135,-0.008011718996075959
Hellstugubreen,2037-08-01,-0.03532124612258938,0.024846152171900948,-0.16140766575810916
Hellstugubreen,2037-09-01,-0.16668781047981648,-0.06377407806549358,0.12685704206629478
Hellstugubreen,2037-10-01,0.1307289440450615,0.03956382782082278,0.18661084373767867
Hellstugubreen,2037-11-01,0.11241394341084936,0.018738532402065924,-0.34090015735706797
Hellstugubreen,2037-12-01,-0.038298774746264995,0.2187131899155086,0.03174678293464206
Hellstugubreen,2038-01-01,0.08766342661782489,0.15303545357961099,0.02525257793899854
Hellstugubreen,2038-02-01,0.23384504368241846,-0.16166434787505624,0.08030569976095632
Hellstugubreen,2038-03-01,0.4314668952039214,-0.06911364011877565,0.20973974961336025
Hellstugubreen,2038-04-01,-0.028569477981199024,-0.12065022984282826,0.7583812015906091
Hellstugubreen,2038-05-01,0.06818801992708357,-0.004862167605868578,-0.08285475378808173
Hellstugubreen,2038-06-01,0.037715013012378396,0.08930190240471113,0.03038792405186348
Hellstugubreen,2038-07-01,-0.028059931695836652,0.08355772631876486,0.003351037278400171
Hellstugubreen,2038-08-01,0.1433471023836098,0.24477710472424233,-0.13512691700359225
Hellstugubreen,2038-09-01,0.2890505354768426,-0.06166678051739479,0.11448905243776471
Hellstugubreen,2038-10-01,0.09648834476637273,-0.015771920974229695,0.11058302644233527
Hellstugubreen,2038-11-01,0.42946757799392543,0.32716536952627084,-0.09309488222638247
Hellstugubreen,2038-12-01,-0.332787293643606,-0.2702364897458805,0.21216771054795824
Hellstugubreen,2039-01-01,0.17199619583158052,-0.043642567906750335,0.10274448403627388
Hellstugubreen,2039-02-01,-0.004969580341858099,-0.12625876888848372,-0.142692540842264
Hellstugubreen,2039-03-01,-0.000966976511819107,-0.08362880586825076,-0.4758061068581081
Hellstugubreen,2039-04-01,0.3558794502886769,0.02585049141000112,-0.3868640507013155
Hellstugubreen,2039-05-01,0.19021768333385336,0.09261129075620898,-0.0640967305237236
Hellstugubreen,2039-06-01,0.007910242012485628,0.11079467155386213,-0.11288382363986132
Hellstugubreen,2039-07-01,-0.004309739422954172,-0.030489945225841617,0.049047768348116395
Hellstugubreen,2039-08-01,-0.09877816089914898,-0.13611195466462506,-0.0854211243664571
Hellstugubreen,2039-09-01,-0.1892410944742623,0.03324219287495908,-0.001534635088912474
Hellstugubreen,2039-10-01,-0.16884903169727108,0.18420781208452128,0.05307276263321622
Hellstugubreen,2039-11-01,-0.04069823200551933,0.14755854653646205,0.3072544776816328
Hellstugubreen,2039-12-01,0.12083098111144831,-0.07147743498105506,-0.11295538944612865
Hellstugubreen,2040-01-01,-0.15293011975314652,-0.17982482628224958,0.6272517251215155
Hellstugubreen,2040-02-01,-0.13904553149289473,-0.00578184344288394,0.7264319853184397
Hellstugubreen,2040-03-01,-0.10538754784888106,-0.1756184850518893,0.169020930503878
Hellstugubreen,2040-04-01,0.25169388644205953,-0.1748474625482128,0.20178203890777502
Hellstugubreen,2040-05-01,-0.15464171997713305,0.03926294604104718,0.012305929526886202
Hellstugubreen,2040-06-01,-0.02765182359959564,0.10499176676545552,0.16562941323437444
Hellstugubreen,2040-07-01,0.017062705937109526,-0.046284015719259754,0.05723574378700852
Hellstugubreen,2040-08-01,0.31531183447087513,0.18253823319783335,-0.18584631485530645
Hellstugubreen,2040-09-01,-0.09840441160390716,0.08897083426438161,-0.17197938531696647
Hellstugubreen,2040-10-01,-0.0725250043282153,-0.02562939124552929,0.06693638544370115
Hellstugubreen,2040-11-01,0.28930100694744765,0.009200681798378971,0.058893220680289744
Hellstugubreen,2040-12-01,0.3445465557584206,-0.180670798411654,0.2862656235983951
Hellstugubreen,2041-01-01,-0.007131663040390518,0.11055576126123517,-0.185683703264612
Hellstugubreen,2041-02-01,-0.06481825475855735,-0.06818786346119897,-0.09696979184307856
Hellstugubreen,2041-03-01,0.05131455875585198,-0.14335104006426014,0.4171019070416387
Hellstugubreen,2041-04-01,0.07800106336210492,0.012601412555896115,-0.1774786984804079
Hellstugubreen,2041-05-01,0.015534678044564725,0.014218024534325307,-0.022606704775425812
Hellstugubreen,2041-06-01,-0.2342300612862894,0.31600718762973184,-0.11885301465542668
Hellstugubreen,2041-07-01,0.07024132321187539,0.2238858387149817,-0.018879609390932178
Hellstugubreen,2041-08-01,-0.03347631699743925,0.0340350166165496,-0.24615117046582383
Hellstugubreen,2041-09-01,-0.37841778747644894,0.14435869066208656,-0.029652329420233745
Hellstugubreen,2041-10-01,-0.16702511761702388,-0.06872522152438916,0.023483830240514963
Hellstugubreen,2041-11-01,-0.021882314135363404,0.21893738485031664,0.02054835502987968
Hellstugubreen,2041-12-01,-0.040626869149672874,-0.03431545074276476,-0.02746542464639982
Hellstugubreen,2042-01-01,-0.014479521190268732,0.20466868478615116,0.4030208140537916
Hellstugubreen,2042-02-01,0.043242678054137285,0.39702154124737793,-0.3083667966903411
Hellstugubreen,2042-03-01,-0.08795567326231853,0.13490547146033574,-0.17325840598931638
Hellstugubreen,2042-04-01,0.0014994862418293588,0.012690399878386197,-0.01594092906897299
Hellstugubreen,2042-05-01,-0.16156002891046556,0.08670078332249491,-0.02675818002205105
Hellstugubreen,2042-06-01,-0.10017557034314778,0.0707499864564181,0.06786545503400654
Hellstugubreen,2042-07-01,0.20545812971243346,0.15942288122548223,-0.08095492578936136
Hellstugubreen,2042-08-01,-0.13093351852583976,-0.0544141780877681,0.00666302641951196
Hellstugubreen,2042-09-01,-0.15924544473984534,0.05680188353531187,-0.25919035636849036
Hellstugubreen,2042-10-01,0.24705987493041207,0.2552017740645934,0.0914510844420637
Hellstugubreen,2042-11-01,-0.21720105554982513,-0.04526843885547219,-0.22965802624573795
Hellstugubreen,2042-12-01,0.4632652811380716,0.21767298878293953,-0.27642693769663385
Hellstugubreen,2043-01-01,0.2661842205157647,-0.10345378930539706,-0.3491725924317544
Hellstugubreen,2043-02-01,0.4397764357460514,-0.3627854151213364,0.25752464406722636
Hellstugubreen,2043-03-01,-0.06404836079934141,0.0071879867448212745,0.36778878271624715
Hellstugubreen,2043-04-01,0.05273774616813717,0.24321522688697436,0.05285949748626562
Hellstugubreen,2043-05-01,-0.06487563103882577,0.2819833735565151,-0.05543124681608801
Hellstugubreen,2043-06-01,-0.1875287384798591,0.09326014477811,-0.22517020146065925
Hellstugubreen,2043-07-01,0.04324626910837769,0.05184835064267829,-0.29694859427693193
Hellstugubreen,2043-08-01,0.0655323731937185,0.13424940443460195,-0.15068604875552152
Hellstugubreen,2043-09-01,-0.07126770433205287,0.12522982739922242,-0.00757056298566567
Hellstugubreen,2043-10-01,0.10839382585033726,0.216232769165794,0.33217667321645256
Hellstugubreen,2043-11-01,0.1503881444504386,0.12746363519296242,0.09314731485725082
Hellstugubreen,2043-12-01,0.5456026220274994,-0.3045788136073795,0.433581846817839
Hellstugubreen,2044-01-01,0.27014493648081667,-0.24925807904330397,0.4182711754978812
Hellstugubreen,2044-02-01,0.456082442853266,0.20541387932363286,0.23001942057543365
Hellstugubreen,2044-03-01,0.031179200677421654,-0.20512315879379447,-0.2661333998297057
Hellstugubreen,2044-04-01,0.20426532348152807,-0.019446168969923166,-0.11472610973573909
Hellstugubreen,2044-05-01,0.00795212875202129,-0.17653460536047225,-0.17026084709312786
Hellstugubreen,2044-06-01,0.08289656223658788,0.09375858042074091,-0.14547099427855753
Hellstugubreen,2044-07-01,0.12875819619260012,0.05079577493073444,0.010097661544616656
Hellstugubreen,2044-08-01,0.07790704496042487,0.011609373259390529,-0.07423356413646524
Hellstugubreen,2044-09-01,-0.1929960841222537,0.09723359874116937,-0.011824849437103309
Hellstugubreen,2044-10-01,-0.07654236617849035,-0.046299349878574265,-0.18598919236180342
Hellstugubreen,2044-11-01,0.23685761245049042,-0.13175721559140577,-0.1222295702927599
Hellstugubreen,2044-12-01,0.5091352036328911,0.01047766398443136,-0.16712719347859484
Hellstugubreen,2045-01-01,0.20435253898273373,-0.06830525364530259,-0.2535243231474806
Hellstugubreen,2045-02-01,0.5886285668108932,-0.30207415895516093,0.15735070393720071
Hellstugubreen,2045-03-01,0.11691739280585156,-0.11099210303789653,0.24708994754811964
Hellstugubreen,2045-04-01,0.15785306859334478,0.04433386935825261,-0.048708465911675165
Hellstugubreen,2045-05-01,0.10022871560349456,0.11016311529689761,-0.09533277193479545
Hellstugubreen,2045-06-01,0.08588901156386536,0.1096402302528735,0.09143885523250905
Hellstugubreen,2045-07-01,0.0009250388848023178,0.11091494382209914,0.20472382558091692
Hellstugubreen,2045-08-01,0.12243621644209919,0.12291952037896002,0.18972478991592126
Hellstugubreen,2045-09-01,0.16712516236666838,0.13392893558801686,-0.1689433127704203
Hellstugubreen,2045-10-01,0.0317200408719407,0.1364227718878003,0.16147948019744682
Hellstugubreen,2045-11-01,0.057729107190234184,0.04321234293224788,0.17401447749265828
Hellstugubreen,2045-12-01,-0.27398463015915925,0.05377378423947902,0.21918616562886872
Hellstugubreen,2046-01-01,0.12434598271440082,-0.1745137536597985,0.05635207333089844
Hellstugubreen,2046-02-01,-0.28646319262730596,-0.3418806875247809,0.5609798365867342
Hellstugubreen,2046-03-01,-0.2237035031553173,-0.22637481475065346,-0.08031537690293748
Hellstugubreen,2046-04-01,0.0904500292056888,0.1025823054295197,-0.1440580782373694
Hellstugubreen,2046-05-01,0.18464928293536176,0.10805056322228657,0.16706389368443672
Hellstugubreen,2046-06-01,0.09186239336270596,-0.0484396378150301,0.05135287567324392
Hellstugubreen,2046-07-01,0.11644119932794804,0.10375649436546325,-0.15116226488636808
Hellstugubreen,2046-08-01,0.15192063255298227,0.03656667181507383,0.2584011988621946
Hellstugubreen,2046-09-01,-0.08786410936384585,-0.05805971834646301,-0.11250559241825941
Hellstugubreen,2046-10-01,0.2806902475770383,-0.008471934286536654,-0.19789387620355484
Hellstugubreen,2046-11-01,-0.1019752194326659,0.32282171786875485,0.2786268596501689
Hellstugubreen,2046-12-01,-0.025940749051517387,-0.16755281580325065,0.3356758167706419
Hellstugubreen,2047-01-01,-0.15752215278062784,0.2357966890397941,0.5983368969191555
Hellstugubreen,2047-02-01,-0.4051090230086128,-0.22851192418655045,0.6322470659057561
Hellstugubreen,2047-03-01,0.22163735503221949,-0.1369345967421477,0.21368736525692592
Hellstugubreen,2047-04-01,-0.1664446392955038,0.3353640099342581,0.08494527247238333
Hellstugubreen,2047-05-01,-0.019144898956307492,-0.04192241731572182,-0.1448501165209663
Hellstugubreen,2047-06-01,0.00508081752102961,0.11480434631458919,-0.08269369666300479
Hellstugubreen,2047-07-01,0.22015189822467862,0.05999970253782396,0.09481680255161473
Hellstugubreen,2047-08-01,-0.06782463230455896,0.15938940682371494,-0.07368398026692681
Hellstugubreen,2047-09-01,0.17933167273930187,-0.06181003381536495,0.10955234594540986
Hellstugubreen,2047-10-01,-0.02259488455832868,-0.13220694623266577,0.05965848781510994
Hellstugubreen,2047-11-01,-0.003810298575798179,-0.0603888453399255,-0.13701397163060355
Hellstugubreen,2047-12-01,0.31594815414787153,0.21841421042101297,0.06400954094364171
Hellstugubreen,2048-01-01,0.0645514083541844,0.2846563778128927,0.6303583199667636
Hellstugubreen,2048-02-01,-0.012687696194907677,0.21846361859821664,0.3463319003841485
Hellstugubreen,2048-03-01,0.2624259699014953,0.29759504754223853,-0.05191072666769505
Hellstugubreen,2048-04-01,0.01599848726882773,0.1980496430781696,-0.04244136071155676
Hellstugubreen,2048-05-01,-0.08430147315661085,0.043820085121449644,-0.21694572352173913
Hellstugubreen,2048-06-01,-0.051401906937260385,0.07132048108040666,-0.050388896932869964
Hellstugubreen,2048-07-01,0.03015623026975731,0.1545651527250213,-0.1126569042496031
Hellstugubreen,2048-08-01,0.0738893484380619,0.17706126643722997,-0.05393202560371294
Hellstugubreen,2048-09-01,-0.05013344880935525,0.13885475866249905,-0.07883819063745222
Hellstugubreen,2048-10-01,0.3307491216765846,-0.09864793476879728,-0.09165132590052012
Hellstugubreen,2048-11-01,-0.03404099861541617,-0.06776365841384263,0.07320914294991372
Hellstugubreen,2048-12-01,0.19405330606523627,0.2522403952868389,-0.3042500323815346
Hellstugubreen,2049-01-01,0.23392799917740073,0.2702377473955458,-0.27806682267025995
Hellstugubreen,2049-02-01,0.45385654809783665,0.12237484737163158,-0.07117637591121745
Hellstugubreen,2049-03-01,0.38045161325653143,0.2835766206005758,-0.05061577283234336
Hellstugubreen,2049-04-01,0.24079526968143772,0.23835572090874346,-0.05294062704846791
Hellstugubreen,2049-05-01,-0.07584699218011771,0.04587976628167345,-0.07013232531237296
Hellstugubreen,2049-06-01,0.36702427539851606,-0.1121362744137782,0.09752238308653664
Hellstugubreen,2049-07-01,0.021656453272220866,0.08629644556868103,0.04584774074155643
Hellstugubreen,2049-08-01,0.20000536556776802,0.003827950170096054,0.1283868521348123
Hellstugubreen,2049-09-01,0.14709663470726936,-0.08876531175856206,-0.1309045764584658
Hellstugubreen,2049-10-01,0.2862278316608669,0.13311471802746525,1.1083894980677226e-05
Hellstugubreen,2049-11-01,0.10465966762859957,0.009255423419008294,-0.005811890071573278
Hellstugubreen,2049-12-01,-0.014905517074367035,-0.012948596559436143,-0.0403012498691962
Hellstugubreen,2050-01-01,-0.16027565322047121,-0.21151334673685926,0.19839562834094596
Hellstugubreen,2050-02-01,0.008537997506919824,-0.053786328429459386,-0.01254809895471979
Hellstugubreen,2050-03-01,-0.16171866904099505,-0.07420580430470289,0.14365752575664475
Hellstugubreen,2050-04-01,-0.19747140946272745,-0.09591355161872787,0.16999059444441844
Hellstugubreen,2050-05-01,0.10198862579001348,-0.10185770352911139,0.11406629795763219
Hellstugubreen,2050-06-01,-0.027786062712562343,-0.1687902236256924,-0.19725642420108427
Hellstugubreen,2050-07-01,0.10161073278029482,0.0074851326723705675,-0.15593858432244054
Hellstugubreen,2050-08-01,-0.09157358875236765,0.10745461167915178,-0.09607667706133483
Hellstugubreen,2050-09-01,0.13202633569782796,-0.08347854467748579,-0.015455898007145428
Hellstugubreen,2050-10-01,0.2535528861500817,0.02433365227571116,-0.08162054646585241
Hellstugubreen,2050-11-01,-0.09490985976372092,0.08963640179690495,-0.10037162412687728
Hellstugubreen,2050-12-01,0.49361358221841334,0.33075175225069464,0.10919038793536699
Hellstugubreen,2051-01-01,0.7636207906434495,0.03303973465644242,0.06776299358235337
Hellstugubreen,2051-02-01,-0.13410430765627815,-0.19158026291591543,-0.1632136905877932
Hellstugubreen,2051-03-01,0.33320914623369835,0.03596775347138318,0.10134551648388594
Hellstugubreen,2051-04-01,-0.16893939646619996,0.2755790499449526,-0.24916794884869672
Hellstugubreen,2051-05-01,0.2224195891800248,0.03958977999951718,-0.2794279096486803
Hellstugubreen,2051-06-01,-0.008258117985249017,0.0354233554218602,-0.07123695677367885
Hellstugubreen,2051-07-01,0.05292209923747271,-0.040181177791257607,-0.09470801739118255
Hellstugubreen,2051-08-01,0.0890674685846663,-0.0830781211664752,0.07072200998999471
Hellstugubreen,2051-09-01,0.2621991441710431,0.04854488970946074,-0.2870120168277827
Hellstugubreen,2051-10-01,0.23921446815168426,0.04835161417511682,-0.038463792621048286
Hellstugubreen,2051-11-01,0.05783838512087996,-0.1302659788809196,0.3384939353010125
Hellstugubreen,2051-12-01,-0.014757801301629278,-0.12013334547955794,0.09865373665102206
Hellstugubreen,2052-01-01,-0.15485669063676344,0.32346081744033023,-0.3861246600157952
Hellstugubreen,2052-02-01,-0.1586200205999971,0.13502505115815197,-0.45435938712634183
Hellstugubreen,2052-03-01,0.32722702692148714,0.1472054986905107,-0.3903112125804349
Hellstugubreen,2052-04-01,0.48417993439594015,0.17995457292512218,-0.12565017688524757
Hellstugubreen,2052-05-01,-0.11154369276528799,-0.013746435990313296,0.19197813697171862
Hellstugubreen,2052-06-01,0.05895363390614546,0.044525585736366724,0.026453001247666762
Hellstugubreen,2052-07-01,0.161169510830214,-0.006141625066846674,0.0849486453300801
Hellstugubreen,2052-08-01,0.11205036322099442,-0.07518125548901454,0.016639334820955098
Hellstugubreen,2052-09-01,0.05735074071273891,-0.08811756611965582,0.08869432990188847
Hellstugubreen,2052-10-01,0.027304634896752628,0.04322921093784846,0.2549751414942879
Hellstugubreen,2052-11-01,-0.22563230334433815,-0.06633029139141398,0.1648203993587668
Hellstugubreen,2052-12-01,-0.06972810542294412,0.20769701728045276,-0.27699448590753883
Hellstugubreen,2053-01-01,0.49134543260608865,0.2057115817145092,-0.07939718871223618
Hellstugubreen,2053-02-01,0.06785334114848383,-0.15193655644220658,0.560678244092975
Hellstugubreen,2053-03-01,-0.25276278865034385,0.051646395660543,0.2821071107108701
Hellstugubreen,2053-04-01,0.06668883437057639,0.051026547263681034,-0.05560127019434876
Hellstugubreen,2053-05-01,-0.015834683850035162,0.12726180600266293,0.16738874896002695
Hellstugubreen,2053-06-01,0.23976707168839365,0.02461025851539958,-0.15748981403444098
Hellstugubreen,2053-07-01,0.1235356403724151,0.038627061501078155,-0.019354095833170774
Hellstugubreen,2053-08-01,0.22359413257946806,0.07412682968749425,-0.05319625025361568
Hellstugubreen,2053-09-01,0.10257566206649711,-0.11519872706618343,-0.031675908586229914
Hellstugubreen,2053-10-01,0.03720382967623032,-0.12281371930175537,0.11378425724919317
Hellstugubreen,2053-11-01,-0.05816043361633386,0.03410171974302068,-0.25764960890128985
Hellstugubreen,2053-12-01,-0.04174999081212493,-0.0889574988016032,-0.0779201498958712
Hellstugubreen,2054-01-01,0.19190090591622758,0.09196139567501226,-0.03304021238668923
Hellstugubreen,2054-02-01,-0.017802906934688768,0.11486747615206493,-0.06590807604306181
Hellstugubreen,2054-03-01,-0.1582170828492571,0.2337589524350372,0.14712344855740514
Hellstugubreen,2054-04-01,0.22979205818224155,-0.02280203072282838,-0.14374449427387415
Hellstugubreen,2054-05-01,0.05827187931198637,-0.1307727636609682,-0.050438908151991146
Hellstugubreen,2054-06-01,0.11178931153926834,-0.08751142205923224,-0.10748502824590045
Hellstugubreen,2054-07-01,-0.061264082044158,-0.05159618438116589,-0.009522975727867635
Hellstugubreen,2054-08-01,0.12749145715273966,0.16164725565660215,-0.0390053093991726
Hellstugubreen,2054-09-01,0.024453157213975615,0.1987128813772758,0.274088268752579
Hellstugubreen,2054-10-01,0.09422951682529435,0.1551269823116664,0.15963143531523935
Hellstugubreen,2054-11-01,0.12294263710107084,-0.23305867238084324,-0.05243572925783266
Hellstugubreen,2054-12-01,0.09572536842282671,0.07715817394491709,-0.39332267209977906
Hellstugubreen,2055-01-01,0.4858052282726904,0.1810298142161051,0.2401132335435514
Hellstugubreen,2055-02-01,0.3530760762138973,-0.08780465345603755,0.3303845391883141
Hellstugubreen,2055-03-01,0.16172288759000633,-0.16709562324405133,-0.010349680278492118
Hellstugubreen,2055-04-01,-0.06465246685024335,0.08931774424835191,-0.17153178919255355
Hellstugubreen,2055-05-01,-0.027721185240300084,0.12965925614277554,0.17032988789815115
Hellstugubreen,2055-06-01,-0.06558391229734824,0.0989242175065473,0.11437140121091714
Hellstugubreen,2055-07-01,0.07011420340110987,-0.16207690976435474,0.11041456955778411
Hellstugubreen,2055-08-01,0.04809100922826232,-0.10766026975571351,0.1020344653972546
Hellstugubreen,2055-09-01,0.12610224279867022,0.14713877505020725,0.2668687108701186
Hellstugubreen,2055-10-01,-0.08296504367112315,0.09707689955214073,-0.10681670103905024
Hellstugubreen,2055-11-01,0.18392076458378703,0.000415713984007642,0.21768053962746917
Hellstugubreen,2055-12-01,-0.007615953547368384,0.44429939234193255,0.4276991392642459
Hellstugubreen,2056-01-01,0.08782078842982992,0.1153286542395748,0.25396963058618904
Hellstugubreen,2056-02-01,0.0713595032374399,-0.07862602772871978,0.2467255292654167
Hellstugubreen,2056-03-01,-0.14999113276860865,-0.011964291158215365,-0.009302564527763414
Hellstugubreen,2056-04-01,-0.35048006849287483,0.036918086319660336,-0.049781681856277064
Hellstugubreen,2056-05-01,-0.11825329660949087,0.1282326532243763,0.04808330531963892
Hellstugubreen,2056-06-01,0.13262605554532458,0.014813733076102377,0.11300779506860732
Hellstugubreen,2056-07-01,0.26469280935071676,-0.0021493266569072487,0.05201939805590788
Hellstugubreen,2056-08-01,0.00210375286074937,-0.012054994471690263,0.03319435326937944
Hellstugubreen,2056-09-01,0.0007929136033795631,0.05070163503863134,0.059670824260182914
Hellstugubreen,2056-10-01,0.0939072930594056,0.0003073041436967977,0.16122321914617352
Hellstugubreen,2056-11-01,0.12087248315055765,0.1850465935371881,0.059374788747653263
Hellstugubreen,2056-12-01,-0.49477782918023777,0.1726300494577928,-0.09602789983680038
Hellstugubreen,2057-01-01,-0.346500582665731,0.4625972694288946,-0.12170592704260506
Hellstugubreen,2057-02-01,-0.5978946464303264,0.2752758162074616,0.1845571755970635
Hellstugubreen,2057-03-01,-0.4336466774544904,0.11905618791199372,-0.07112712022591496
Hellstugubreen,2057-04-01,-0.04042360171684993,-0.214435510446589,-0.04487701363366035
Hellstugubreen,2057-05-01,0.07353455634160747,-0.043544547003731914,-0.17010346574080706
Hellstugubreen,2057-06-01,-0.07821860931986632,-0.017577907363835507,0.03909844697867106
Hellstugubreen,2057-07-01,-0.1861782395502284,-0.058521199064024275,0.09012011191781061
Hellstugubreen,2057-08-01,0.05029565419266232,0.1334450638183575,-0.1294786901447945
Hellstugubreen,2057-09-01,0.00224901178815487,0.05984481283847787,0.06864890770414721
Hellstugubreen,2057-10-01,0.017525631191344638,0.12121145930481488,0.12397808763874846
Hellstugubreen,2057-11-01,-0.03017887760630004,-0.026397737088828144,0.40936038465790664
Hellstugubreen,2057-12-01,-0.22501637493287055,0.2719119140443273,0.14192647852006615
Hellstugubreen,2058-01-01,-0.21928524003416783,-0.10104478023960146,-0.46676504761965365
Hellstugubreen,2058-02-01,-0.26927191888130925,0.23435738721464616,-0.5286226428008288
Hellstugubreen,2058-03-01,-0.42678436010983783,0.06609177764015856,-0.2647701457488925
Hellstugubreen,2058-04-01,0.04600135666514125,0.1516977826043591,-0.28702637998093605
Hellstugubreen,2058-05-01,0.06716657141677353,0.04616710681758596,0.028168870579401855
Hellstugubreen,2058-06-01,-0.07365178492749334,-0.014999756589771684,-0.02839782456545027
Hellstugubreen,2058-07-01,0.03542014387028068,-0.03576169739111527,-0.016269638815121227
Hellstugubreen,2058-08-01,0.18280088760607635,0.01740285905640696,0.06857961798857459
Hellstugubreen,2058-09-01,0.05213051070860131,0.09263612452030802,-0.11372459981688388
Hellstugubreen,2058-10-01,-0.028958364123398802,0.08625872107276589,0.24329626458235531
Hellstugubreen,2058-11-01,-0.000944300987680931,0.04411980984477102,0.16214126234082804
Hellstugubreen,2058-12-01,0.23230045520783046,0.23386248893815473,-0.18420428385749252
Hellstugubreen,2059-01-01,0.2895473101858062,0.21610188109846404,0.2089187026275793
Hellstugubreen,2059-02-01,0.18962056680055306,0.09977785693759722,-0.026192735606833842
Hellstugubreen,2059-03-01,-0.6558893403979272,0.1687908132253881,0.22124780054565077
Hellstugubreen,2059-04-01,0.0865736673293791,0.3088611997144533,-0.09335935809972044
Hellstugubreen,2059-05-01,0.27014040902001873,0.1908553189438785,0.06022077683237772
Hellstugubreen,2059-06-01,0.012904162419717658,0.27828320058630507,0.025706481555327954
Hellstugubreen,2059-07-01,-0.09347096152278755,0.13596943025173647,0.025940252388192992
Hellstugubreen,2059-08-01,-0.064707314705348,-0.009851558997333124,0.1289658012227162
Hellstugubreen,2059-09-01,0.2810184103482715,0.024602984882815898,0.08796095629736399
Hellstugubreen,2059-10-01,0.2750231579342134,-0.06438567180695799,0.26394807166535966
Hellstugubreen,2059-11-01,0.19082774688427348,-0.11650678408624178,-0.008705391812090344
Hellstugubreen,2059-12-01,0.21012959694652808,0.4461977216972625,-0.19281352697561227
Hellstugubreen,2060-01-01,0.5831639052818297,0.1005670147298644,0.5056616638246502
Hellstugubreen,2060-02-01,0.661903368908896,0.2354337577629968,0.061455998754693465
Hellstugubreen,2060-03-01,0.18858365427841237,-0.08368363926109233,-0.1556998585269245
Hellstugubreen,2060-04-01,0.05254885044846389,-0.17109814652923463,0.003983345358475759
Hellstugubreen,2060-05-01,-0.02911067330757638,0.05769978437424154,0.24753529024153362
Hellstugubreen,2060-06-01,0.1888188322257719,-0.01061432856631444,0.00020890011179104315
Hellstugubreen,2060-07-01,0.08270470820511264,0.04266984539709389,-0.07786027916427138
Hellstugubreen,2060-08-01,0.1721023331118822,0.010931346028547917,0.10870212602444278
Hellstugubreen,2060-09-01,0.19702330151687067,0.0659644492083209,0.14733142504278154
Hellstugubreen,2060-10-01,-0.015809409935087105,-0.12151529382594724,0.0785136287513809
Hellstugubreen,2060-11-01,-0.03091187695703304,0.036019786116890426,0.014074199405011511
Hellstugubreen,2060-12-01,0.6434124118699077,0.30861136017816154,0.08632483700937231
Hellstugubreen,2061-01-01,0.04744640375997696,0.18031137859194887,-0.1884136873170875
Hellstugubreen,2061-02-01,-0.2040499080956301,0.13854911726662186,-0.37471060318614785
Hellstugubreen,2061-03-01,-0.08995437791596013,-0.04107067145135859,0.13259397374110451
Hellstugubreen,2061-04-01,-0.14520959314089724,0.019334834849738497,0.03609247895442403
Hellstugubreen,2061-05-01,0.08768578212513993,0.03211019819202871,0.100008604168078
Hellstugubreen,2061-06-01,0.20735913814049053,0.2753205060467135,0.04014608846104063
Hellstugubreen,2061-07-01,0.00483531211198257,0.026302982587023165,0.12457415969257979
Hellstugubreen,2061-08-01,0.06840851569659546,0.038043006417115256,0.15613982611271654
Hellstugubreen,2061-09-01,0.09349386712199657,-0.11035178573878497,-0.05641714022590988
Hellstugubreen,2061-10-01,0.33728429230781637,-0.024774233708796056,-0.2065176866729801
Hellstugubreen,2061-11-01,-0.06902876411961299,-0.00852045161737104,0.01309583351454672
Hellstugubreen,2061-12-01,-0.3433090516365113,-0.12099750796341313,-0.05963765609991503
Hellstugubreen,2062-01-01,0.09825790223392439,-0.09012120069977313,0.24461768690347693
Hellstugubreen,2062-02-01,-0.40051278941360974,0.06253233078184013,0.7306658202553556
Hellstugubreen,2062-03-01,0.07190108456264145,0.09370314864422154,0.04528600872779808
Hellstugubreen,2062-04-01,0.04261636170163885,0.3546674273607577,0.12975090226808342
Hellstugubreen,2062-05-01,0.09661710846958273,-0.16156462702453953,0.07149743630560411
Hellstugubreen,2062-06-01,0.12686809448148606,-0.017666149941981513,-0.14577682090978278
Hellstugubreen,2062-07-01,0.23818487993696413,0.010700737573472808,0.08501803305623586
Hellstugubreen,2062-08-01,0.016593983764865993,-0.051259461419835305,-0.022945795390523004
Hellstugubreen,2062-09-01,0.11599974902392428,0.19018934146551306,0.062429524205699576
Hellstugubreen,2062-10-01,-0.14736914335549398,0.016845843360124655,-0.29868396110317946
Hellstugubreen,2062-11-01,-0.41646275088352064,0.014873340541858756,0.10824661763297588
Hellstugubreen,2062-12-01,-0.058975070320022104,-0.2890586107772642,0.10578402267876345
Hellstugubreen,2063-01-01,0.4589893769696632,-0.18522283127239167,-0.15789730967218174
Hellstugubreen,2063-02-01,-0.37611235545807803,-0.005674087004379019,-0.03475580064951933
Hellstugubreen,2063-03-01,-0.4116179705822123,0.03780502976117819,0.11230800753571384
Hellstugubreen,2063-04-01,0.09040577043677867,0.2627351655231171,0.01359241544392794
Hellstugubreen,2063-05-01,-0.008362006002686153,0.12101611074758493,0.11069009116452933
Hellstugubreen,2063-06-01,0.12744466430720394,0.0913599254625966,0.1772526286568361
Hellstugubreen,2063-07-01,-0.022853304756499992,0.03267062028460313,0.07039751584640845
Hellstugubreen,2063-08-01,0.37695123642565137,0.07982624610967654,0.00026022494657704
Hellstugubreen,2063-09-01,0.04339625613723547,0.07648544664345396,0.10683943978541621
Hellstugubreen,2063-10-01,0.053755946652435695,-0.16607479911018608,0.0372431295015243
Hellstugubreen,2063-11-01,0.03518877008952617,0.09883188112483161,0.10729131229560702
Hellstugubreen,2063-12-01,0.30215349034994327,0.2733595961025664,-0.23568537756311703
Hellstugubreen,2064-01-01,-0.058169950022292444,0.10554519502701237,-0.34684984993774015
Hellstugubreen,2064-02-01,0.2761013172441968,-0.1961524316459585,-0.3235033597406856
Hellstugubreen,2064-03-01,0.4258935561718893,-0.08698154317330642,0.3225357574771901
Hellstugubreen,2064-04-01,0.3064665281266021,-0.08163266708301366,0.5417248566512166
Hellstugubreen,2064-05-01,0.007392503775309585,-0.15948582414316925,-0.14170406963842505
Hellstugubreen,2064-06-01,0.020355208125378856,-0.0015216632076059482,0.0633794127645443
Hellstugubreen,2064-07-01,-0.017867653650798294,-0.05493950550676103,0.1501213481437473
Hellstugubreen,2064-08-01,0.13320074421984177,0.12993964073718192,0.03888010245255923
Hellstugubreen,2064-09-01,-0.16446956815195082,-0.057758069592077764,-0.12386027224076186
Hellstugubreen,2064-10-01,-0.19367296338411463,0.20337995893541952,0.08071587218020253
Hellstugubreen,2064-11-01,-0.10465119063945318,0.24954248571386142,-0.13701814000315968
Hellstugubreen,2064-12-01,-0.06437350658194817,0.08037032118022695,-0.21255835517795243
Hellstugubreen,2065-01-01,-0.26661039335708386,0.33916407876714877,-0.37966446577067076
Hellstugubreen,2065-02-01,0.2954294061274356,0.2386979162476941,-0.359454146901032
Hellstugubreen,2065-03-01,-0.16681143982566127,-0.10457589486228025,0.14689332910896008
Hellstugubreen,2065-04-01,0.06305185055317555,0.044797286608576514,-0.029126130257543115
Hellstugubreen,2065-05-01,0.14382892928671812,0.0014759146369656372,0.25872778681312836
Hellstugubreen,2065-06-01,-0.07846869509752148,0.04133303385221313,-0.002438207123057541
Hellstugubreen,2065-07-01,0.07158853598114284,-0.04753241481824962,0.10181366394340598
Hellstugubreen,2065-08-01,0.0549390908714042,0.09398627059569405,-0.10467889744010443
Hellstugubreen,2065-09-01,0.09235399326240863,-0.21199036470280616,0.04402421269393864
Hellstugubreen,2065-10-01,-0.01773149076811374,0.12309341362798558,0.04445724559197056
Hellstugubreen,2065-11-01,-0.19257254083631437,0.07383497686550364,0.16342993750551466
Hellstugubreen,2065-12-01,0.2139074373991908,-0.0833028908485321,-0.19647184011164567
Hellstugubreen,2066-01-01,-0.2847566731494366,-0.22457001077016595,0.5508130481502101
Hellstugubreen,2066-02-01,-0.2511170327152583,0.05494597331864783,-0.031070269135162722
Hellstugubreen,2066-03-01,0.11334888512477503,0.14155518356515642,-0.3543071800588435
Hellstugubreen,2066-04-01,-0.08827801764010522,-0.07689943608589328,-0.1059227238671729
Hellstugubreen,2066-05-01,0.0830028090048684,0.08984445057458557,0.1623603199634133
Hellstugubreen,2066-06-01,0.23094039205156772,0.13588562273241625,0.20263969321969358
Hellstugubreen,2066-07-01,0.011992413267387729,0.18448792711174744,0.15304406253990133
Hellstugubreen,2066-08-01,0.06128437726684613,-0.0697398708406995,0.0782554198950899
Hellstugubreen,2066-09-01,-0.18026477539164812,0.007046813493311728,0.027588060484761822
Hellstugubreen,2066-10-01,-0.005573662943806848,0.07739371372898761,0.02709374057598236
Hellstugubreen,2066-11-01,0.3969256788677557,-0.029664157620566345,-0.07443082676627626
Hellstugubreen,2066-12-01,-0.10535454886360396,-0.13234773307922976,-0.0933951861077912
Hellstugubreen,2067-01-01,0.1501190009941857,-0.1007759991320638,-0.20056706319857867
Hellstugubreen,2067-02-01,0.26844868674119426,-0.11816997361530483,0.1632504515936304
Hellstugubreen,2067-03-01,0.1960998846496269,0.16768074940343525,0.16631759514427533
Hellstugubreen,2067-04-01,-0.10598309582870491,0.07710532490396288,-0.11649705250724268
Hellstugubreen,2067-05-01,-0.014696676886591412,-0.25735938284863424,-0.007375996402878876
Hellstugubreen,2067-06-01,-0.005899120131953266,0.2642349187373384,-0.05588025306991231
Hellstugubreen,2067-07-01,5.836581515085079e-05,0.059617374088987894,0.017273897115925637
Hellstugubreen,2067-08-01,-0.03145661061342533,0.09439136659183439,-0.09087998077363092
Hellstugubreen,2067-09-01,-0.041559340023122344,0.13175564349039873,0.2061289648893677
Hellstugubreen,2067-10-01,-0.013222261380204423,0.22854997674045538,0.2217591449780052
Hellstugubreen,2067-11-01,-0.23278379202586486,-0.07491956550025777,-0.273738009716229
Hellstugubreen,2067-12-01,0.06664860299186236,0.09409645268790767,0.5294257094303931
Hellstugubreen,2068-01-01,-0.04407832721130588,0.3422515782813224,0.1667523211268188
Hellstugubreen,2068-02-01,0.11289641019620127,0.5342453686607039,-0.15235744548827757
Hellstugubreen,2068-03-01,-0.004891043870995519,0.2629301260590586,-0.1356974749648043
Hellstugubreen,2068-04-01,0.13975338444993804,0.08341300368244225,0.4115069259124093
Hellstugubreen,2068-05-01,0.05005667840182288,0.11119875270711466,0.24386251548075008
Hellstugubreen,2068-06-01,0.13852589067404777,0.04616761032932672,0.08422251666773017
Hellstugubreen,2068-07-01,0.1569821219389421,0.0838706095377676,-0.14847229135142215
Hellstugubreen,2068-08-01,0.09919849345243431,0.06395482826160963,0.05215757542633292
Hellstugubreen,2068-09-01,0.06834251711662133,-0.10472978804917848,0.005691687505374343
Hellstugubreen,2068-10-01,0.49086723493501966,-0.0033938362010745306,-0.002752793277238564
Hellstugubreen,2068-11-01,0.20482016886696433,-0.031175661880520126,-0.289438282409881
Hellstugubreen,2068-12-01,-0.24478801645597925,-0.021670649813400555,-0.21603957494566148
Hellstugubreen,2069-01-01,0.02944920999491915,-0.04532452612133445,-0.045390319970462445
Hellstugubreen,2069-02-01,0.40044447654567805,0.25660946236682713,0.33844280497861745
Hellstugubreen,2069-03-01,-0.032055471216037794,0.3352898495860896,0.3427866461596625
Hellstugubreen,2069-04-01,-0.10244485484624687,0.14229594472424364,-0.34448059873806897
Hellstugubreen,2069-05-01,0.036032979093086615,0.05332365812801491,0.16474479677795198
Hellstugubreen,2069-06-01,0.28427699874221907,-0.024687992454312874,-0.15496602880201873
Hellstugubreen,2069-07-01,0.14418806701417688,0.001006940573791364,0.08439603116978568
Hellstugubreen,2069-08-01,-0.024093363197385784,0.08519584167692242,0.1690920266617568
Hellstugubreen,2069-09-01,0.049637210158374745,-0.07989200252631014,-0.12591784120594296
Hellstugubreen,2069-10-01,0.12287797058029586,-0.020310691181275112,-0.15070526149370175
Hellstugubreen,2069-11-01,0.0579788295043217,0.15483091966298132,-0.12138530476810805
Hellstugubreen,2069-12-01,0.14147424668266437,0.10351515777762561,-0.06449148764446525
Hellstugubreen,2070-01-01,-0.11517019820586892,0.19217001239755294,-0.004589204870815816
Hellstugubreen,2070-02-01,0.41486154001348896,-0.17705611256293322,0.2005231248331855
Hellstugubreen,2070-03-01,-0.06619115329335236,0.23408757794800503,0.5151392432360881
Hellstugubreen,2070-04-01,0.1927978822672892,-0.21182901201008653,0.1796752069747741
Hellstugubreen,2070-05-01,-0.11819315656972218,-0.10470889474527906,-0.05712045791559852
Hellstugubreen,2070-06-01,0.18331081867355584,-0.1009716105534268,-0.00744924866394793
Hellstugubreen,2070-07-01,0.15699570211677813,-0.009193773276808254,0.007741337590554069
Hellstugubreen,2070-08-01,0.1269062307087684,0.02416727635793962,-0.05887426078050755
Hellstugubreen,2070-09-01,0.14949192317033252,0.1210156850448561,0.09650593609530105
Hellstugubreen,2070-10-01,0.12662868852149753,-0.03528377067441627,0.3547062023635634
Hellstugubreen,2070-11-01,0.4651737047975013,0.196375540326807,0.09499098852661826
Hellstugubreen,2070-12-01,0.2553830524296296,0.022367658545074498,-0.12120593580596693
Hellstugubreen,2071-01-01,-0.10033912197427038,-0.1841471975499607,0.043569770965009115
Hellstugubreen,2071-02-01,-0.16389407030976688,0.3934696336248071,-0.08172843230527323
Hellstugubreen,2071-03-01,-0.4215169837802572,0.12934900998678636,-0.21407419727586263
Hellstugubreen,2071-04-01,0.20454849518326676,-0.1889887625398479,0.3732747538095374
Hellstugubreen,2071-05-01,-0.151104000393114,0.013706742548799758,-0.028863921357199104
Hellstugubreen,2071-06-01,0.045423899268931915,0.003043924992362241,0.0661051694178665
Hellstugubreen,2071-07-01,0.03067177179814685,0.04506523656693013,0.13123415078282288
Hellstugubreen,2071-08-01,-0.09612613939562827,-0.10255845099473233,0.2120104779664853
Hellstugubreen,2071-09-01,-0.10955581429030543,-0.045907613052630934,0.37224432708557975
Hellstugubreen,2071-10-01,0.009365278471845373,-0.03280361004283867,-0.13539324751207812
Hellstugubreen,2071-11-01,-0.37059324898006923,-0.0075104258347233775,0.1293548591449589
Hellstugubreen,2071-12-01,-0.02524071659950236,0.21167527203261235,-0.2077480313436941
Hellstugubreen,2072-01-01,0.308933697383256,0.2682040490100078,0.003338166314503612
Hellstugubreen,2072-02-01,0.593790201729749,0.0625962948184484,-0.7339758439985316
Hellstugubreen,2072-03-01,0.4492728831346713,-0.13735052455376953,-0.3119923483279134
Hellstugubreen,2072-04-01,-0.18543446834216396,0.1089105336544174,0.12278629978452262
Hellstugubreen,2072-05-01,0.09408085726293618,-0.044570506108315366,0.32778094543737213
Hellstugubreen,2072-06-01,-0.16202995449675103,-0.003693353197026489,0.34039679133715534
Hellstugubreen,2072-07-01,0.19039846263420357,-0.04021775259149079,0.2832137628620838
Hellstugubreen,2072-08-01,-0.07651454123742062,-0.10992285940312856,0.24070722000505151
Hellstugubreen,2072-09-01,-0.07360591604847126,0.03991770448628849,0.5209102240648269
Hellstugubreen,2072-10-01,-0.2673478294195836,-0.04727535210125817,0.20396092239951402
Hellstugubreen,2072-11-01,0.012670150252610597,0.19187287235311837,0.08948902698602751
Hellstugubreen,2072-12-01,0.17342835912094032,-0.21935992894994202,0.5069930404413195
Hellstugubreen,2073-01-01,-0.22726405861101853,-0.1895795615233574,0.10470915129358059
Hellstugubreen,2073-02-01,-0.02641160018085244,-0.129898816368173,-0.1881826366693491
Hellstugubreen,2073-03-01,-0.04331836913853084,-0.3265186746021707,-0.10066153235862331
Hellstugubreen,2073-04-01,0.3331752944822631,-0.14032910278719773,-0.06298629457670225
Hellstugubreen,2073-05-01,0.08156120588947686,0.25444490591141705,0.015193967651847724
Hellstugubreen,2073-06-01,-0.07320845443108587,-0.010394618666884991,0.15333686265567026
Hellstugubreen,2073-07-01,-0.0019987366908950977,0.15997151935126108,0.1803548439502214
Hellstugubreen,2073-08-01,0.06932255060859285,0.009704682187340158,0.07067793590354551
Hellstugubreen,2073-09-01,0.06857466684529123,-0.07186211527742843,0.2148736527109474
Hellstugubreen,2073-10-01,0.022411233901005967,0.3042361138145562,0.10773523102808297
Hellstugubreen,2073-11-01,0.3222363862878842,0.05946737673165423,0.11436778656929458
Hellstugubreen,2073-12-01,-0.06690476010747365,-0.015463274875102137,-0.35849174777608456
Hellstugubreen,2074-01-01,-0.10937757755517463,0.3199989964210101,0.03042810180255845
Hellstugubreen,2074-02-01,-0.016646937304802458,0.005659604690672356,0.0026376711142580187
Hellstugubreen,2074-03-01,-0.21409695428385658,-0.1851687014469032,0.20701545218532655
Hellstugubreen,2074-04-01,-0.3496563960476186,-0.12584751253514737,0.20023583394977904
Hellstugubreen,2074-05-01,-0.20041713899581892,-0.3525996553875525,-0.12767726007254435
Hellstugubreen,2074-06-01,-0.10120284200663221,0.04596613078005862,0.08823901985523537
Hellstugubreen,2074-07-01,0.08195948419356786,0.03622205541697021,0.010899305840243546
Hellstugubreen,2074-08-01,0.1696347284537613,-0.043535338241347955,-0.01047031130974687
Hellstugubreen,2074-09-01,0.060746933388566036,-0.07666628309452306,0.02627856889241792
Hellstugubreen,2074-10-01,0.13799092586137543,-0.0012877635247771472,0.2889476371356006
Hellstugubreen,2074-11-01,0.2720055659059318,0.27626040057463197,0.3260196932011951
Hellstugubreen,2074-12-01,0.02433566081770579,-0.056474369451918006,-0.034000001150819366
Hellstugubreen,2075-01-01,0.05055806270666474,0.08939287862632313,0.10019193118813809
Hellstugubreen,2075-02-01,0.01960941974962908,-0.0027301266753021144,-0.33663016193837764
Hellstugubreen,2075-03-01,-0.04159576956618339,0.17957122410235948,-0.11596440886027289
Hellstugubreen,2075-04-01,0.15275942837807632,0.25522060069634295,0.24141221502749857
Hellstugubreen,2075-05-01,-0.053452919113593934,-0.07897323865054047,0.2315660416892457
Hellstugubreen,2075-06-01,0.24370095579112303,0.13468018150376984,-0.01790906177030864
Hellstugubreen,2075-07-01,0.18010574790486353,0.1598774608438038,0.05718060415301582
Hellstugubreen,2075-08-01,-0.039769730133910414,0.04560772803717924,0.20424230225544168
Hellstugubreen,2075-09-01,0.3569129992134898,0.0707184584069543,0.04267262556966967
Hellstugubreen,2075-10-01,0.14751873472195745,0.17450493571504658,-0.17826395268633366
Hellstugubreen,2075-11-01,-0.1089435188965142,0.11423004747926746,-0.4522917062385072
Hellstugubreen,2075-12-01,0.13549718125226792,0.10673877243629022,-0.2714164895729314
Hellstugubreen,2076-01-01,-0.46657179658425346,-0.14870429332896676,-0.4764320251424514
Hellstugubreen,2076-02-01,-0.006473922979973355,0.18582885492124568,-0.16393262548073573
Hellstugubreen,2076-03-01,-0.0451280638165224,-0.10803442801810066,-0.04644163831293168
Hellstugubreen,2076-04-01,0.28791832539023193,-0.30450814663213743,0.008697913943135028
Hellstugubreen,2076-05-01,-0.0804553948804108,0.03507412887748701,0.17663210347238975
Hellstugubreen,2076-06-01,0.04867405358284219,0.023757202319631448,0.0758118970337856
Hellstugubreen,2076-07-01,0.15336303682354496,0.015340114768921798,0.018418299535603633
Hellstugubreen,2076-08-01,-0.09119700941131405,0.03953171980099837,0.13175976815120272
Hellstugubreen,2076-09-01,-0.2305482159661806,0.0805315020649736,0.056985679844400505
Hellstugubreen,2076-10-01,0.13087375845347166,-0.04263100223348861,-0.10395846471634129
Hellstugubreen,2076-11-01,0.3359340524240184,0.16449199598307607,-0.0892811755774603
Hellstugubreen,2076-12-01,0.0579022132291728,-0.07070189213586416,-0.04809141616772746
Hellstugubreen,2077-01-01,-0.40397101217847275,-0.287381838281541,0.48184877973760515
Hellstugubreen,2077-02-01,-0.39222932993976894,-0.1691386283217932,0.36561285683214334
Hellstugubreen,2077-03-01,-0.2861931755974416,-0.3151981855683149,0.16824332594377714
Hellstugubreen,2077-04-01,-0.08312096995931113,0.07760404272551125,0.27413393423381643
Hellstugubreen,2077-05-01,-0.03593470241029262,0.10776844608535106,-0.015462224071917163
Hellstugubreen,2077-06-01,-0.04795591343944607,-0.2322541867333167,0.12397806284207658
Hellstugubreen,2077-07-01,-0.08401533161944641,0.02799358235938752,0.17339644782979066
Hellstugubreen,2077-08-01,0.09054713914573305,-0.006700046897532649,0.01901320788080136
Hellstugubreen,2077-09-01,-0.11996889248644647,-0.14397624808732462,0.09935450990658708
Hellstugubreen,2077-10-01,-0.27650702329347404,0.0800433048262466,0.3268914616185343
Hellstugubreen,2077-11-01,-0.06799730745900164,0.32434189775577743,0.38789932306034824
Hellstugubreen,2077-12-01,0.09463147795411804,-0.004746660764296311,-0.14256204778996948
Hellstugubreen,2078-01-01,0.14998631943277513,-0.1357386164230018,0.28069576836288224
Hellstugubreen,2078-02-01,-0.12831915297601196,0.05744102205217416,0.44188882111249245
Hellstugubreen,2078-03-01,-0.20671453560038208,-0.11497424583076998,0.44911700184794173
Hellstugubreen,2078-04-01,-0.06810859342358247,-0.008076562759118944,0.01083768233968968
Hellstugubreen,2078-05-01,0.03005710788094229,0.09293101671675356,-0.19911313752626572
Hellstugubreen,2078-06-01,-0.08314406524930025,0.040203427022129555,0.03512215522551856
Hellstugubreen,2078-07-01,-0.047870628906058754,0.025666684464120088,0.17761169555856904
Hellstugubreen,2078-08-01,0.04366697699375588,0.03323655818280975,0.1017748815468712
Hellstugubreen,2078-09-01,-0.08030211679394189,-0.04298335779749959,0.2163771452965242
Hellstugubreen,2078-10-01,0.11778027466646422,0.012477413312030816,0.20555036027047022
Hellstugubreen,2078-11-01,0.5432334117398879,0.03497794699792663,0.21421375236247223
Hellstugubreen,2078-12-01,-0.12547275304281552,-0.10983750422655603,-0.0146777285127855
Hellstugubreen,2079-01-01,0.045276334012576504,-0.0297850569701977,0.4066751460539231
Hellstugubreen,2079-02-01,0.39276445782242614,-0.21352818766751294,-0.07016465185379038
Hellstugubreen,2079-03-01,0.40495829810115036,-0.00518238610294824,0.2200332884429427
Hellstugubreen,2079-04-01,-0.07677651059185557,-0.0383601363263434,0.12123662115107903
Hellstugubreen,2079-05-01,0.2746690381246603,0.1697084746152735,0.11598125651040124
Hellstugubreen,2079-06-01,-0.0010708706867095612,-0.00734022399353106,0.1294804714359728
Hellstugubreen,2079-07-01,0.060676901281619865,-0.09899721052929877,0.08580386262292117
Hellstugubreen,2079-08-01,0.024764543526500715,-0.00010562794144941313,0.11573686781436539
Hellstugubreen,2079-09-01,0.017550563652628207,-0.055213643155715454,0.2725333692610615
Hellstugubreen,2079-10-01,-0.26106365176608465,-0.027007612009282724,-0.043135398753163745
Hellstugubreen,2079-11-01,0.17239196203073437,0.09414673219947463,-0.21190461911004518
Hellstugubreen,2079-12-01,-0.29420364612778455,0.18797142901278305,0.2981276118754892
Hellstugubreen,2080-01-01,-0.2341618260404549,-0.014076298550469981,0.4641608050504071
Hellstugubreen,2080-02-01,0.12085333200221071,-0.19175792149249493,0.6749585516638357
Hellstugubreen,2080-03-01,-0.08779682127303201,0.000520208052078285,0.010149102780155973
Hellstugubreen,2080-04-01,-0.21635212851565408,-0.2407702892845204,-0.11489840388458254
Hellstugubreen,2080-05-01,0.05324499031667687,-0.05064413156046663,-0.047780920104796835
Hellstugubreen,2080-06-01,-0.13592274322669776,0.09266794313084296,0.15589841379091726
Hellstugubreen,2080-07-01,0.12782822424825394,-0.06274685672563977,-0.0655921678509677
Hellstugubreen,2080-08-01,-0.03626733527778734,-0.03470470754989186,0.21787029630537244
Hellstugubreen,2080-09-01,0.26269325193881216,-0.02425373865243263,0.22980662956119535
Hellstugubreen,2080-10-01,-0.18841310528291885,-0.053229986398958117,0.2715946313452951
Hellstugubreen,2080-11-01,0.39425964394840635,-0.20253717116318615,0.08888753100535045
Hellstugubreen,2080-12-01,0.23311092389668386,0.49337985975166004,-0.16149391238459146
Hellstugubreen,2081-01-01,0.11053026512474766,0.30995980278565405,-0.23475120198807445
Hellstugubreen,2081-02-01,0.24744596432115842,0.13889480380422833,0.15028281938288665
Hellstugubreen,2081-03-01,0.6674483109687559,-0.0006240703992553739,0.0077440319724823665
Hellstugubreen,2081-04-01,-0.035979227718268385,0.1862926215872257,-0.15072241520752414
Hellstugubreen,2081-05-01,0.18567948938091847,-0.16952144234267555,-0.05246478127879992
Hellstugubreen,2081-06-01,0.30426939783128576,0.02934081818351725,0.21052260007999868
Hellstugubreen,2081-07-01,0.118294346817076,0.28558647525228614,0.08272315217884484
Hellstugubreen,2081-08-01,0.18485341868483326,0.08024130662412327,0.17472829435504547
Hellstugubreen,2081-09-01,0.03161245541626011,-0.097632147666582,0.06140946852168258
Hellstugubreen,2081-10-01,0.26339692508403545,0.015818911422325953,0.17850682882214278
Hellstugubreen,2081-11-01,0.35608294144677505,-0.05537297508513839,0.4340651290362809
Hellstugubreen,2081-12-01,0.018890372231720593,0.12713128383090652,0.20029767435055312
Hellstugubreen,2082-01-01,-0.4312140768826091,-0.0886664170066832,-0.15096154152999922
Hellstugubreen,2082-02-01,-0.07237830225024919,-0.031244577543322216,-0.5510760161132313
Hellstugubreen,2082-03-01,0.2368604458000346,0.17276424604815976,0.228135771101131
Hellstugubreen,2082-04-01,0.14154916645810556,0.2800446698954306,0.02420355129636913
Hellstugubreen,2082-05-01,-0.07420361811243127,-0.020178882245823843,0.06061221918698543
Hellstugubreen,2082-06-01,-0.09215384965567437,0.20600484536027105,0.04491359033875142
Hellstugubreen,2082-07-01,0.0685101679231287,0.08630382701416228,0.11846628552789513
Hellstugubreen,2082-08-01,0.15116763403269132,0.1918181118574863,0.11887070615077262
Hellstugubreen,2082-09-01,0.29356032188861453,0.2182744672886132,0.025202614186073603
Hellstugubreen,2082-10-01,0.1297517103903775,0.024565316722975867,0.03853877948156109
Hellstugubreen,2082-11-01,0.33848792098418534,-0.06078114065329291,0.31780363958187574
Hellstugubreen,2082-12-01,0.2565046479675864,-0.059590402165276696,0.04892579395980346
Hellstugubreen,2083-01-01,0.34620616526062203,0.04228295366733428,0.01623256961050613
Hellstugubreen,2083-02-01,0.2840566390913346,0.6157379363831814,0.024196584203245813
Hellstugubreen,2083-03-01,0.5550116802477171,0.4069296527292449,-0.12265827158858182
Hellstugubreen,2083-04-01,0.14022434076016055,0.4582465809236165,0.4159070833020277
Hellstugubreen,2083-05-01,0.09772909341807558,0.20096349722181195,-0.03731624835945959
Hellstugubreen,2083-06-01,0.0578990024765384,0.01870488475131335,0.19528033323754354
Hellstugubreen,2083-07-01,-0.010041314206878963,0.08089196362746283,0.11314801310937915
Hellstugubreen,2083-08-01,0.058363996500929466,-0.030354150774318425,0.15069464676008074
Hellstugubreen,2083-09-01,0.012002718028172777,-0.04189244468243244,0.1795903026755552
Hellstugubreen,2083-10-01,-0.07139416838574913,-0.057597306213347,0.01162167091565352
Hellstugubreen,2083-11-01,-0.09423223882675603,0.19621258772334396,0.008536775708301284
Hellstugubreen,2083-12-01,-0.2863968821410148,0.10800160858739455,-0.0007250417691853408
Hellstugubreen,2084-01-01,-0.169704807624017,0.0019030251896890032,-0.09180251891231972
Hellstugubreen,2084-02-01,-0.26199991579242016,0.14308398385803203,-0.16250292493589177
Hellstugubreen,2084-03-01,0.029540979513992482,0.23620694854730603,0.02828119929175742
Hellstugubreen,2084-04-01,0.015822593838240574,-0.19123590383181321,0.5705224820832835
Hellstugubreen,2084-05-01,0.19623745113071042,-0.01962370644425784,-0.034171469317301806
Hellstugubreen,2084-06-01,0.17740004955607347,-0.07311554807730898,-0.028773428391657266
Hellstugubreen,2084-07-01,0.07067563451987945,0.01079264278890991,-0.03429736261561225
Hellstugubreen,2084-08-01,0.1156807152272924,0.08854762872942801,0.02505282863984731
Hellstugubreen,2084-09-01,-0.10387114078625442,0.11738378485739569,0.20430140428737964
Hellstugubreen,2084-10-01,0.024188146792497898,0.09417861193262776,0.012043722182506933
Hellstugubreen,2084-11-01,-0.15071037012396407,0.012147158011316097,0.408355563062591
Hellstugubreen,2084-12-01,0.4666937953828662,0.10610813748358057,0.1997916874589507
Hellstugubreen,2085-01-01,-0.17514871154956255,0.19661940596559413,-0.07570286464726922
Hellstugubreen,2085-02-01,-0.19381843379380226,0.364108075416626,0.01001277437779701
Hellstugubreen,2085-03-01,0.18576993354941015,0.16344206347526594,0.31690422283902575
Hellstugubreen,2085-04-01,0.015673182715426472,-0.021676164247372048,-0.037716217348307234
Hellstugubreen,2085-05-01,0.09922216297335013,0.14800763817386706,0.19077866916687214
Hellstugubreen,2085-06-01,-0.049011761288682835,0.11604958014827245,0.026840865649684315
Hellstugubreen,2085-07-01,-0.06364770336790003,-0.03947888134564718,0.10754638795342282
Hellstugubreen,2085-08-01,-0.09647392500409067,-0.06318912183925847,0.13578698051201646
Hellstugubreen,2085-09-01,0.06347591888207528,-0.03149952140146829,0.15700034871011456
Hellstugubreen,2085-10-01,0.03428200063407296,0.03780354641091744,0.0414784910692965
Hellstugubreen,2085-11-01,-0.0225730499127709,0.020080813876868175,0.4157897827510304
Hellstugubreen,2085-12-01,0.3665926383320137,-0.21670185475970194,-0.08268402861574789
Hellstugubreen,2086-01-01,-0.04656391530094702,-0.342306746320697,0.04055466578052667
Hellstugubreen,2086-02-01,-0.149693636071455,0.25085381037936233,0.2174981165323977
Hellstugubreen,2086-03-01,0.046593793448300225,0.1358241963533852,0.2976369956434826
Hellstugubreen,2086-04-01,-0.10177617975617419,0.12496715166814482,0.23703273452539098
Hellstugubreen,2086-05-01,0.10616478463594263,0.13535278465065037,0.22694122536019937
Hellstugubreen,2086-06-01,0.1374898060597071,-0.24952140643652954,0.10700968933350487
Hellstugubreen,2086-07-01,-0.1558989510485553,0.07026558873326938,0.09988148804905228
Hellstugubreen,2086-08-01,-0.06599130740878999,0.07952328431529461,0.08193819687752553
Hellstugubreen,2086-09-01,-0.1788908825866721,0.03730867830944091,0.08362028958509615
Hellstugubreen,2086-10-01,0.24781364108923887,0.038312773264241394,0.07102581770403521
Hellstugubreen,2086-11-01,0.4161771076861757,-0.20119402052129942,0.08577764950006839
Hellstugubreen,2086-12-01,-0.21556880833409556,-0.3283859871679681,0.31901586949621685
Hellstugubreen,2087-01-01,-0.15943327178847458,0.0846320378253297,-0.3362184801117274
Hellstugubreen,2087-02-01,-0.12379433421594921,0.10367790665358877,0.5979571324470462
Hellstugubreen,2087-03-01,-0.17753170873984567,0.16405187655438414,-0.02621374274836914
Hellstugubreen,2087-04-01,-0.12032030953276036,0.06415991541954187,-0.10996148800076089
Hellstugubreen,2087-05-01,-0.03920241933436789,0.1834386546040585,0.04359545969719186
Hellstugubreen,2087-06-01,-0.017187313198529782,0.1569581149645007,0.027783140945614224
Hellstugubreen,2087-07-01,-0.0018678150179196606,0.022850948336267444,0.19037994247532117
Hellstugubreen,2087-08-01,0.04482220958555349,-0.017975012929184523,0.21498948704541918
Hellstugubreen,2087-09-01,-0.14292119496583827,0.023861106359395413,0.1812755504566862
Hellstugubreen,2087-10-01,0.07784542028289536,-0.10611560438415409,-0.20908001895756848
Hellstugubreen,2087-11-01,-0.21384864515753732,-0.3407456815407257,-0.22595935047449447
Hellstugubreen,2087-12-01,0.337847437861885,0.13057815436247072,0.03712620971540558
Hellstugubreen,2088-01-01,0.267162619070648,-0.011203384829801674,0.04900577140641096
Hellstugubreen,2088-02-01,0.4600299169078325,-0.20947697108446475,-0.2735912555122275
Hellstugubreen,2088-03-01,0.10501305810726518,-0.19532264341788053,0.23843507380901707
Hellstugubreen,2088-04-01,0.27402456088937166,0.1014734865675042,0.3195012956108535
Hellstugubreen,2088-05-01,0.1934761932914462,0.13179417693605114,0.19049757431326775
Hellstugubreen,2088-06-01,-0.080166777747376,0.14935179040232,-0.08851151984873445
Hellstugubreen,2088-07-01,-0.07740573057731774,0.03398264643658653,0.1508762774538884
Hellstugubreen,2088-08-01,-0.07179291828427185,0.06066549672280158,0.07933471286269117
Hellstugubreen,2088-09-01,-0.1700498934063178,0.17021169655968194,0.15889383457400008
Hellstugubreen,2088-10-01,-0.14330411066037127,0.3193341981626039,-0.10432816098049703
Hellstugubreen,2088-11-01,0.08617415848011144,-0.030871946405949063,0.38735134328322557
Hellstugubreen,2088-12-01,-0.0653306670569603,-0.046930004526428204,0.1552331721512699
Hellstugubreen,2089-01-01,0.070165263947661,-0.28075387699456944,0.2787305779596751
Hellstugubreen,2089-02-01,-0.05179416268024815,-0.18158844099247196,0.2534632924746402
Hellstugubreen,2089-03-01,0.19788642213485028,-0.19055381390732937,0.2843750730383647
Hellstugubreen,2089-04-01,-0.002371652954695422,-0.14754730803601393,-0.2208002907736454
Hellstugubreen,2089-05-01,-0.18671114333660302,-0.18983365999620436,0.12297883046382453
Hellstugubreen,2089-06-01,0.06127083377400247,0.037289481657674116,-0.03492572487592156
Hellstugubreen,2089-07-01,-0.02834173408771709,0.05254562952000785,0.04016949984546611
Hellstugubreen,2089-08-01,-0.19993887451148304,0.008604755790942225,0.1503736731519537
Hellstugubreen,2089-09-01,0.04928466063543546,0.13094924548572592,0.1737424949627794
Hellstugubreen,2089-10-01,0.3446480797282962,0.017699060601320243,0.04191184942510123
Hellstugubreen,2089-11-01,-0.17148020695010435,-0.07876653137023344,0.18600744173070657
Hellstugubreen,2089-12-01,0.22112849436838458,0.23636540996234032,0.11058178559171834
Hellstugubreen,2090-01-01,-0.16522285380420512,-0.16929627018437832,0.07654521197950118
Hellstugubreen,2090-02-01,0.49653140799393974,-0.07716134381648114,-0.13723656136851783
Hellstugubreen,2090-03-01,0.17881907205990635,-0.1343001390546719,0.07531540265025632
Hellstugubreen,2090-04-01,-0.23477125250106332,0.26346819456191506,0.25964317698955514
Hellstugubreen,2090-05-01,-0.06502638976671271,-0.08405433583588127,0.18518814778976297
Hellstugubreen,2090-06-01,-0.11496489361987779,-0.14700313861224518,0.024313630982859376
Hellstugubreen,2090-07-01,-0.03607285400028924,-0.013691238471002112,0.10963505262009754
Hellstugubreen,2090-08-01,0.10179864293135638,0.1299796980305086,0.26020145116286875
Hellstugubreen,2090-09-01,0.005191092012523944,0.016116261231136724,0.15864717967643913
Hellstugubreen,2090-10-01,0.0789694887686996,-0.01282208629572868,0.33482909412958994
Hellstugubreen,2090-11-01,-0.004493943036080087,0.05319998471985751,-0.018385616736490713
Hellstugubreen,2090-12-01,-0.2309249542385244,-0.020280016282049725,-0.263131100216053
Hellstugubreen,2091-01-01,0.13202292175873445,-0.0761841912466019,0.017165681626344742
Hellstugubreen,2091-02-01,0.040860716019885786,-0.22383222234988642,-0.3205102013274071
Hellstugubreen,2091-03-01,-0.41182328802031226,0.16834971806794233,-0.3894872753108935
Hellstugubreen,2091-04-01,0.17914258516273604,-0.07758031864132124,0.03542774178906408
Hellstugubreen,2091-05-01,0.1678149134273803,0.16881426245683037,0.10514411525681568
Hellstugubreen,2091-06-01,-0.13687770024621346,-0.13689010902120727,0.1493953918180049
Hellstugubreen,2091-07-01,0.059389751640915124,-0.0508661649220045,0.17814300773670302
Hellstugubreen,2091-08-01,0.231766330611342,0.10460073576195321,0.1676470944285584
Hellstugubreen,2091-09-01,0.053348071283786595,-0.10075057010829214,0.2503283485084235
Hellstugubreen,2091-10-01,0.004234497372558771,-0.00877845672866913,0.10604136639678968
Hellstugubreen,2091-11-01,0.3463279504750627,0.018513645370406673,0.09234700548539439
Hellstugubreen,2091-12-01,-0.01737295460651035,0.3786255055138545,0.5111462066987938
Hellstugubreen,2092-01-01,0.04425287713606164,-0.3072332217748394,-0.00011452530912227481
Hellstugubreen,2092-02-01,0.29306476917553903,-0.338792953968383,-0.3237948511554592
Hellstugubreen,2092-03-01,0.07573526971553941,0.302771656249751,-0.16189924478307502
Hellstugubreen,2092-04-01,-0.042745173207154645,0.26478960507360955,0.15427023971767548
Hellstugubreen,2092-05-01,-0.26512909101161064,0.04850436627496094,0.024736183791823973
Hellstugubreen,2092-06-01,-0.06864624607674395,0.036195285574254825,0.2409706398575399
Hellstugubreen,2092-07-01,0.014135825407618062,-0.05157661388073371,0.2113974433959689
Hellstugubreen,2092-08-01,0.04428898584243196,0.035270082156416936,0.06382458447158151
Hellstugubreen,2092-09-01,0.21348485750362448,-0.14801894011632488,0.12867096305686296
Hellstugubreen,2092-10-01,-0.10841117547055228,-0.11416985618113558,0.07497441722036655
Hellstugubreen,2092-11-01,-0.21527661815434906,0.24602517354996079,0.2725641225222129
Hellstugubreen,2092-12-01,-0.04205185211455601,0.08306365456095527,0.004173002369253162
Hellstugubreen,2093-01-01,0.4195531226348182,0.38867701145933004,0.006546529432493296
Hellstugubreen,2093-02-01,-0.18072788847029195,0.13570319444441564,-0.05676577668607371
Hellstugubreen,2093-03-01,0.40418933454166356,0.20001050372526694,-0.23464050420344099
Hellstugubreen,2093-04-01,0.07557920781359309,-0.1441938702411312,0.1458146922597305
Hellstugubreen,2093-05-01,-0.014523877133060881,-0.018097691908301208,0.33690340130176527
Hellstugubreen,2093-06-01,-0.06049346626638633,-0.06899037703098541,0.3121210837945459
Hellstugubreen,2093-07-01,-0.020337164747569577,0.08006355463117304,0.3497949160508855
Hellstugubreen,2093-08-01,0.045970106310683635,-0.026128563945273336,0.19567599900094645
Hellstugubreen,2093-09-01,0.027769386988540933,-0.03363747519086444,0.0957430927996804
Hellstugubreen,2093-10-01,0.2778272057955019,0.04777740685675521,0.12245544213916937
Hellstugubreen,2093-11-01,-0.0527979389715309,0.053209331582416634,-0.004900020314340031
Hellstugubreen,2093-12-01,-0.03921087149370056,0.07922202074443989,-0.10227726402757571
Hellstugubreen,2094-01-01,-0.02176364027756583,0.26333961459137006,-0.16334182671938852
Hellstugubreen,2094-02-01,0.11070617721558372,0.5491152621290157,-0.34877036982397963
Hellstugubreen,2094-03-01,-0.08724137467241622,0.30408941858505595,0.37274423920709915
Hellstugubreen,2094-04-01,0.26418188211793187,-0.18797249453849188,0.16529392201005363
Hellstugubreen,2094-05-01,0.20057781004691563,-0.14614502436421242,-0.0314468304963776
Hellstugubreen,2094-06-01,0.10590105885552652,0.08735098769028256,0.06407220310682273
Hellstugubreen,2094-07-01,0.057812942117238975,0.06973054766906803,-0.025428260291766397
Hellstugubreen,2094-08-01,0.21564647377148552,-0.023682860247775824,0.18886534502080524
Hellstugubreen,2094-09-01,0.07919833708399092,0.1501549075431288,0.2284362789893073
Hellstugubreen,2094-10-01,0.24892377064649684,0.03558980549623133,-0.09089133851984217
Hellstugubreen,2094-11-01,-0.07684257699351223,-0.0837800993937644,-0.03013551607717439
Hellstugubreen,2094-12-01,0.10638040897078423,-0.04648858618895443,0.4275745341862711
Hellstugubreen,2095-01-01,0.025111635490585555,0.2184561411387523,-0.17115699128429707
Hellstugubreen,2095-02-01,-0.830496422479884,0.27997634499704693,0.1761657516546232
Hellstugubreen,2095-03-01,-0.13713154026744004,-0.13611905092732232,0.11503589907501754
Hellstugubreen,2095-04-01,-0.20700686966392282,0.09863803383800333,-0.04744460640338941
Hellstugubreen,2095-05-01,-0.07803406250984628,0.07967869887169705,0.03489334479353847
Hellstugubreen,2095-06-01,0.1525836309705408,0.1032668705935474,-0.04847866152031752
Hellstugubreen,2095-07-01,0.1051676590415493,0.09291492177931665,0.12078340025381436
Hellstugubreen,2095-08-01,-0.00156136097860182,0.010826556340003131,0.054394391663860175
Hellstugubreen,2095-09-01,0.018504915056465964,0.15630482539166227,-0.09437629209157854
Hellstugubreen,2095-10-01,-0.07938190431109675,-0.021460114267778347,0.03453511318637093
Hellstugubreen,2095-11-01,-0.04509195046940839,-0.18274981368347712,-0.018132729606689355
Hellstugubreen,2095-12-01,-0.14819965630624973,0.24745172837490936,-0.06938381497058989
Hellstugubreen,2096-01-01,-0.12702764693609012,-0.0743181913185486,-0.12565270168965306
Hellstugubreen,2096-02-01,-0.3737855780855574,0.062287571057988426,-0.21855466993875497
Hellstugubreen,2096-03-01,-0.3051171468580231,0.3716601157360748,0.15502592074423857
Hellstugubreen,2096-04-01,0.34473056393161355,0.098993550469144,-0.290934242250666
Hellstugubreen,2096-05-01,-0.04206765741816889,-0.0975981961673504,0.13405666987158413
Hellstugubreen,2096-06-01,-0.0048640619979910356,-0.03329567034883138,0.04583543992137817
Hellstugubreen,2096-07-01,0.03298964529839116,-0.007565417704374504,0.16643310280728527
Hellstugubreen,2096-08-01,-0.05449232170611865,-0.07619087497471379,0.07307558766663322
Hellstugubreen,2096-09-01,0.06948085750741308,-0.004721960463764792,-0.011538736747400172
Hellstugubreen,2096-10-01,-0.16659042338662863,-0.05040439773961739,-0.05152316004008719
Hellstugubreen,2096-11-01,-0.16215886628599718,0.1366664102993168,0.06275396901266879
Hellstugubreen,2096-12-01,-0.6031844528075004,-0.08547263488789329,-0.04880169352218703
Hellstugubreen,2097-01-01,0.45481090521602746,0.19439721247058164,-0.33820066380451125
Hellstugubreen,2097-02-01,-0.3070386926145144,0.16386887443212914,0.03406736159255109
Hellstugubreen,2097-03-01,0.17198042553570736,-0.14466058942358415,-0.08653895970424737
Hellstugubreen,2097-04-01,0.2117777789467059,-0.05628636623953468,-0.1154796859391336
Hellstugubreen,2097-05-01,-0.1830443063460839,0.10054147668076037,0.0034489058144297944
Hellstugubreen,2097-06-01,-0.08928950001832929,-0.1455920277061876,0.20653494419905336
Hellstugubreen,2097-07-01,-0.029007357718362575,-0.08997330588362534,0.20420128120296385
Hellstugubreen,2097-08-01,-0.172696977431127,0.011850062613201512,0.3046046726499823
Hellstugubreen,2097-09-01,-0.3715309552264772,0.0372358350898169,0.054648451373345196
Hellstugubreen,2097-10-01,-0.1480089037766731,-0.06698320062826989,0.1480604880120194
Hellstugubreen,2097-11-01,-0.04194545308112613,-0.23632649286612836,-0.18287251554072712
Hellstugubreen,2097-12-01,0.06702666305500837,-0.32048170611472687,0.2428119090313867
Hellstugubreen,2098-01-01,-0.13366748461743586,0.08978299571165095,0.2782449061784618
Hellstugubreen,2098-02-01,0.49837883626628693,0.1469579034316625,0.4034053752502859
Hellstugubreen,2098-03-01,-0.06718222502233619,-0.0933291381621147,0.18291866602085802
Hellstugubreen,2098-04-01,0.1879598398544207,-0.030311619755105542,0.2397331897553514
Hellstugubreen,2098-05-01,0.1715304449072661,0.11487292001591791,0.14825886415025646
Hellstugubreen,2098-06-01,0.06932496356421568,0.15275952234046467,0.15858904675610533
Hellstugubreen,2098-07-01,-0.029425426484360473,0.06993492959262045,0.04356440500888944
Hellstugubreen,2098-08-01,-0.0027462167105228815,-0.2165280065099501,0.18707273365235055
Hellstugubreen,2098-09-01,-0.16375545172430128,-0.035014842969333576,0.07529236963744568
Hellstugubreen,2098-10-01,-0.13470996842122926,-0.1003085002760392,-0.011102346274844521
Hellstugubreen,2098-11-01,0.4281002394490683,0.19475711551077016,-0.2729984898912717
Hellstugubreen,2098-12-01,-0.0026844905596945987,0.22512697257372846,-0.14994736522726612
Hellstugubreen,2099-01-01,-0.0037980943676086537,-0.09028858578923249,0.06466962813606804
Hellstugubreen,2099-02-01,0.09609998163652689,-0.26078422501407234,0.5332474919890771
Hellstugubreen,2099-03-01,0.12371747000836321,0.05701095804170923,0.39251660635341085
Hellstugubreen,2099-04-01,-0.01733267400437517,-0.07713119982178596,0.2806691466571288
Hellstugubreen,2099-05-01,-0.016685297654190037,0.055668365268298194,0.2770336344755893
Hellstugubreen,2099-06-01,0.10426630929375418,-0.32742966626009684,-0.10776143082396505
Hellstugubreen,2099-07-01,-0.09260823070152129,0.146640533698685,0.2713225936670451
Hellstugubreen,2099-08-01,-0.02744764522026932,0.08117066458087642,0.23032158210583717
Hellstugubreen,2099-09-01,-0.173254857774963,-0.017957776722558164,0.244671779946486
Hellstugubreen,2099-10-01,-0.10696428980696877,0.00880712929032361,0.04817674568298364
Hellstugubreen,2099-11-01,-0.30409166747663846,0.11122119569151552,0.39138592886694035
Hellstugubreen,2099-12-01,-0.4767928793585628,-0.15167387525854167,-0.03366154722965114
Hellstugubreen,2100-01-01,-0.021888747076162094,0.15284204728583364,0.10762037142863225
Hellstugubreen,2100-02-01,-0.23816787662878955,0.07635690455790084,-0.04361031928037349
Hellstugubreen,2100-03-01,0.3078416512287537,0.04730353249055089,0.004055956861121123
Hellstugubreen,2100-04-01,0.19178125571466945,0.09351321467710588,-0.00931060678306266
Hellstugubreen,2100-05-01,0.08602375076266218,-0.035834830375822996,0.0883464230058233
Hellstugubreen,2100-06-01,0.05931662887986941,0.06639161458675186,0.06591021205161235
Hellstugubreen,2100-07-01,-0.04553015310532508,0.014645739119924813,0.25161739334183664
Hellstugubreen,2100-08-01,-0.16400720098597138,-0.08188578642508636,0.3098952185949069
Hellstugubreen,2100-09-01,0.029303923946247302,0.022770547894614534,0.1551617478587948
Hellstugubreen,2100-10-01,-0.23900056183858923,0.00078949098793185,0.00357741555319623
Hellstugubreen,2100-11-01,0.16812634028744392,0.12931997925665942,-0.19802563534400042
Hellstugubreen,2100-12-01,0.35313969953840857,-0.04491884860862563,0.1507343505279435
Langfjordjokelen,2015-01-01,-0.8141392488144584,0.45990975221889524,-0.4584708366657957
Langfjordjokelen,2015-02-01,0.37108186622356093,0.04425530517544555,-0.29313055333970583
Langfjordjokelen,2015-03-01,0.0034819000826098365,-0.2036882925317646,0.06597966712709166
Langfjordjokelen,2015-04-01,-1.3793557336459397,-0.11906284085581627,0.6678724241153441
Langfjordjokelen,2015-05-01,-0.3204719914727718,-0.6641079220983465,0.01744492628936788
Langfjordjokelen,2015-06-01,-0.1735019247970747,-0.05940525395099297,-0.11966375906569497
Langfjordjokelen,2015-07-01,-0.01979587843174771,-0.32431295753010186,-0.450384260004905
Langfjordjokelen,2015-08-01,-0.19467460608418588,-0.42733464423847467,0.1476125449431888
Langfjordjokelen,2015-09-01,-0.4061055802707472,-0.005899505120378901,0.243376675021895
Langfjordjokelen,2015-10-01,0.6230857139910405,-0.5456969755572095,0.1199143077464729
Langfjordjokelen,2015-11-01,-0.014086002630775899,-0.5009108549227927,-0.4030214154754865
Langfjordjokelen,2015-12-01,0.744216826967957,-0.11175449821339327,-1.3312335504695947
Langfjordjokelen,2016-01-01,0.06465211377127725,-0.30177504214282963,-0.4367134314315122
Langfjordjokelen,2016-02-01,0.1108837236481773,-0.3664306622935496,-0.8288588623461398
Langfjordjokelen,2016-03-01,-0.2596538880477996,-0.09255579904575316,0.8421450822831562
Langfjordjokelen,2016-04-01,-0.27012789223802275,-0.5371570005463756,0.30458969884468595
Langfjordjokelen,2016-05-01,-0.10128407685122594,0.4425566307230045,-0.10006465004453031
Langfjordjokelen,2016-06-01,-0.26841548537046594,-0.0007037951166134343,-0.041179947834129815
Langfjordjokelen,2016-07-01,-0.2493068311104554,-0.06301931347812915,0.34205387596385917
Langfjordjokelen,2016-08-01,0.142941859873672,0.011789575933023452,0.028158376018619518
Langfjordjokelen,2016-09-01,-0.21367798988861267,-0.07960681803743459,0.4795835547570471
Langfjordjokelen,2016-10-01,-0.5553041953872083,-0.7082540042561112,-0.6933803987461792
Langfjordjokelen,2016-11-01,-0.9882379844983937,0.6600319292674723,0.5154917220747839
Langfjordjokelen,2016-12-01,-0.6030365258492374,0.4329333612225225,-0.11882425244992006
Langfjordjokelen,2017-01-01,-0.7562810028982021,1.2008621810703515,0.28554769870164953
Langfjordjokelen,2017-02-01,-1.2496681021997904,1.0122029106267316,-0.12936335648037436
Langfjordjokelen,2017-03-01,-0.6386522930412136,0.9722806055341016,-0.5146685467140258
Langfjordjokelen,2017-04-01,-0.024824106549681774,-0.6143486879821769,-0.8336636102155689
Langfjordjokelen,2017-05-01,-0.07126074858206607,0.26183988020528565,0.17748778351605943
Langfjordjokelen,2017-06-01,0.011367191057603532,-0.36280054357252856,-0.10725442717623607
Langfjordjokelen,2017-07-01,-0.1615902505506236,-0.7233396979225709,0.1544877805502314
Langfjordjokelen,2017-08-01,0.06971953414148561,-0.3228822530005467,0.2842603963584381
Langfjordjokelen,2017-09-01,-0.44886331612720615,-0.4174929276756259,0.004803689860360255
Langfjordjokelen,2017-10-01,-0.7246682802632104,-1.2544669285475825,0.7309748629431811
Langfjordjokelen,2017-11-01,0.8861252175864903,0.05407443914641899,0.40515884602896673
Langfjordjokelen,2017-12-01,-0.4686717727716208,0.575929180646694,-0.7455220434540694
Langfjordjokelen,2018-01-01,0.21560410351344902,-1.3723215453194992,0.21578835904143065
Langfjordjokelen,2018-02-01,-0.5893927119057402,-0.4840857998827372,1.0396157716711738
Langfjordjokelen,2018-03-01,0.18813255022616035,-0.27742040021024983,0.09834558736641302
Langfjordjokelen,2018-04-01,-0.08775846156467733,0.5881760755928225,0.2488501432210981
Langfjordjokelen,2018-05-01,-0.6175915114781341,-0.4112972828868246,-0.29091794690058026
Langfjordjokelen,2018-06-01,0.007640478118972671,-0.8024637501256903,0.2596876713507281
Langfjordjokelen,2018-07-01,-0.10616657406068526,-0.1871827977033944,0.44831022537453197
Langfjordjokelen,2018-08-01,-0.12806102902389663,-0.20297316572285004,0.38316037361746486
Langfjordjokelen,2018-09-01,-0.29474504513651845,-0.45549738367931303,0.6261808756298178
Langfjordjokelen,2018-10-01,0.11778475983821779,-0.41391301926741164,0.6306990110053915
Langfjordjokelen,2018-11-01,-0.6171397860169927,-0.15753164426918945,0.6570231093108848
Langfjordjokelen,2018-12-01,-0.07605563799400697,0.2898150638242628,0.14626436525440656
Langfjordjokelen,2019-01-01,-0.06774786204173973,-1.791504270592453,0.5268940056355129
Langfjordjokelen,2019-02-01,0.08976004652917215,-0.38842828548881975,0.5595329713707627
Langfjordjokelen,2019-03-01,-0.26945958599139025,0.7721974910380304,0.0011318292604073632
Langfjordjokelen,2019-04-01,0.06135949362632556,-0.11374552508071616,0.18180828905451865
Langfjordjokelen,2019-05-01,-0.0974259119310566,-0.6894772787103204,-0.5035406250509161
Langfjordjokelen,2019-06-01,0.2095715917737031,-0.4251972397264477,-0.23593821048612176
Langfjordjokelen,2019-07-01,-0.17158075976237486,0.1800494787378396,0.28477511310846876
Langfjordjokelen,2019-08-01,0.1570494729802197,-0.21207109307648872,0.24557244384200308
Langfjordjokelen,2019-09-01,-0.43113999716404,-0.13493161554564884,0.20711880244400996
Langfjordjokelen,2019-10-01,-0.17923349459986573,0.0770149506438964,0.5901795805066063
Langfjordjokelen,2019-11-01,-0.025573684913373446,0.1542565230725802,-0.26621969057519795
Langfjordjokelen,2019-12-01,-0.7293489329650512,0.021089530354668724,0.16845991860330498
Langfjordjokelen,2020-01-01,-1.4605102833257113,0.1490625587571622,0.8102706910791347
Langfjordjokelen,2020-02-01,-1.0908706622660782,0.28482982649886296,0.7928699177563696
Langfjordjokelen,2020-03-01,-0.2246414512476945,-0.37256229253818707,-0.6971504412674769
Langfjordjokelen,2020-04-01,0.10656822672503367,-0.41555647961623493,-1.046588407392699
Langfjordjokelen,2020-05-01,0.1718683921237877,-0.39654978494921195,0.04616945917493614
Langfjordjokelen,2020-06-01,-0.3479809439461428,-0.11975449255602157,0.03171846577992691
Langfjordjokelen,2020-07-01,-0.37732528851399855,-0.7833323656888829,-0.26843753133636833
Langfjordjokelen,2020-08-01,-0.3403246626033079,-0.35503684136012287,-0.12095594804528757
Langfjordjokelen,2020-09-01,-0.5954644385454233,-0.4943266197487566,0.39257051016881156
Langfjordjokelen,2020-10-01,-0.13159273238413716,0.5625995375776446,0.9405791434818279
Langfjordjokelen,2020-11-01,-0.7948183556295944,0.005311942001902691,0.8344505988711289
Langfjordjokelen,2020-12-01,-0.12530107532175083,0.018536905706453805,-1.6898713107851637
Langfjordjokelen,2021-01-01,-0.318304297638158,-0.6193716088493698,0.0438150179697522
Langfjordjokelen,2021-02-01,-0.011365757416162794,0.0831030379538749,-0.3678390252868584
Langfjordjokelen,2021-03-01,-0.9994581260738666,-0.31184830927959706,-0.9682643576762445
Langfjordjokelen,2021-04-01,0.5179542056179572,-0.2670734276937783,-0.8103313828073171
Langfjordjokelen,2021-05-01,-0.43958215609914647,-0.08012735547536663,-0.5185524128001747
Langfjordjokelen,2021-06-01,0.05254517448152493,-0.09546701599034772,-0.04378216715381684
Langfjordjokelen,2021-07-01,-0.22568271685275057,-0.4495115906891652,0.21696978627235372
Langfjordjokelen,2021-08-01,-0.3291704930994089,-0.6794971153515528,0.07564984213643275
Langfjordjokelen,2021-09-01,-0.6710128108410918,-0.9014534226353178,0.6034939127479344
Langfjordjokelen,2021-10-01,-0.24010158600398937,-0.20951954108569182,-0.6922034369376521
Langfjordjokelen,2021-11-01,0.5870346876417823,-0.41317782722221025,-1.1291622058364414
Langfjordjokelen,2021-12-01,0.5357847861687928,-0.33060408578806083,-0.7013241750075636
Langfjordjokelen,2022-01-01,0.23710118757046103,0.06444715481173557,-0.20521510595799666
Langfjordjokelen,2022-02-01,-0.17029235277674348,-1.0452521109877724,-0.7373249994959653
Langfjordjokelen,2022-03-01,0.5373811487871845,-0.6570822013852549,-0.6238044880231088
Langfjordjokelen,2022-04-01,0.30724800654769535,-0.5931303822658841,0.1140006747971835
Langfjordjokelen,2022-05-01,0.04441642296420825,-0.5662973108759995,0.3075204262489937
Langfjordjokelen,2022-06-01,0.13541968686675324,-0.205842481357992,0.007065762453892316
Langfjordjokelen,2022-07-01,-0.1360814972841337,-0.32931282967679154,-0.0765343541404712
Langfjordjokelen,2022-08-01,0.06084297790926373,-0.1116399418235976,0.8782363475937686
Langfjordjokelen,2022-09-01,0.3690255766848818,-0.13780835246465092,-0.34871664324019686
Langfjordjokelen,2022-10-01,-0.598651009045479,-0.3046953735696148,-0.3349057913078541
Langfjordjokelen,2022-11-01,0.6593216094640219,-1.1750565828278845,-0.34814949133718565
Langfjordjokelen,2022-12-01,-0.025421324564692937,-0.5543592030738885,0.6750799783217437
Langfjordjokelen,2023-01-01,-0.6302370069993758,0.2501018806527725,0.820876642695889
Langfjordjokelen,2023-02-01,-0.5632197945732386,0.344996681231899,0.033982862554609104
Langfjordjokelen,2023-03-01,0.2513406042755974,-1.2014278414545079,-0.08662028311845864
Langfjordjokelen,2023-04-01,-0.4951872535795314,-0.394351390660965,-0.05592388219817196
Langfjordjokelen,2023-05-01,-0.12092326992618714,-0.21876768595368637,0.2527947217837717
Langfjordjokelen,2023-06-01,-0.22504893303300696,0.10203848341437609,-0.09823054729863619
Langfjordjokelen,2023-07-01,-0.21355442110661915,-0.301612162454956,-0.0716405134290151
Langfjordjokelen,2023-08-01,-0.3235809855414556,-0.5026845895122939,-0.25314530507224337
Langfjordjokelen,2023-09-01,-0.5989202233742189,-0.4838026508167889,0.5141189536462231
Langfjordjokelen,2023-10-01,-0.1474544775967035,0.1355343725379798,0.5523059230942718
Langfjordjokelen,2023-11-01,-0.45601197724634396,-0.4035212597595061,0.2937900710777113
Langfjordjokelen,2023-12-01,-0.24922618432815322,-0.1482727281504632,-0.4122600342210332
Langfjordjokelen,2024-01-01,-0.5295880348463549,1.2402677492990193,-1.1283023420983185
Langfjordjokelen,2024-02-01,-1.005383869759348,-1.708551211326311,-0.08094947864183565
Langfjordjokelen,2024-03-01,-0.7239930982285813,-0.05239929986957929,-0.04409362333069389
Langfjordjokelen,2024-04-01,-0.7164218700609225,0.37684276391629173,0.5516640618065162
Langfjordjokelen,2024-05-01,-0.3427987202674705,0.12137818923987775,-0.19664525695118895
Langfjordjokelen,2024-06-01,-0.3045273931974563,-0.37137937072642874,0.20570202909104504
Langfjordjokelen,2024-07-01,-0.38339653754931974,-0.09922921500675104,-0.347810928830405
Langfjordjokelen,2024-08-01,-0.2864249513482316,-0.3023145297424415,-0.3924985754475295
Langfjordjokelen,2024-09-01,-0.6162859961088872,0.08278254034020252,-0.13808922050412054
Langfjordjokelen,2024-10-01,0.32940882793749987,-0.5232083466193872,-0.4950225633322347
Langfjordjokelen,2024-11-01,-0.49956922416494026,-0.46801994989721574,0.5999767982514362
Langfjordjokelen,2024-12-01,0.44940640807860516,-0.5341747152272857,-0.5335673850145837
Langfjordjokelen,2025-01-01,-0.05069923047864263,0.0018906823096292065,0.4755214558791067
Langfjordjokelen,2025-02-01,-1.2235006910094004,-0.205655707424419,1.2056546323211783
Langfjordjokelen,2025-03-01,-0.361104906593672,0.9954156085874947,0.1735154118401576
Langfjordjokelen,2025-04-01,0.7012603088119399,-0.7373445758133159,-0.23198251609704665
Langfjordjokelen,2025-05-01,0.23131649350841146,-0.0502040836822368,-0.453771663830468
Langfjordjokelen,2025-06-01,0.03040410752757754,-0.22892721272931227,-0.19846873693130226
Langfjordjokelen,2025-07-01,-0.4039024971448539,0.5627930197961893,-0.25705554293181654
Langfjordjokelen,2025-08-01,-0.20792288596191852,-0.6137450293323402,-0.3982636030102278
Langfjordjokelen,2025-09-01,-0.5789111807131286,-0.46005391235959614,-0.14641123317096807
Langfjordjokelen,2025-10-01,0.4354141443813564,-0.9650041800840894,0.3637337597978412
Langfjordjokelen,2025-11-01,0.02477748239079619,0.3182841625527013,-0.011132574522085362
Langfjordjokelen,2025-12-01,0.29024808507686667,0.5076688812986544,-0.2908478380522161
Langfjordjokelen,2026-01-01,-0.06918837876211383,-0.3483390525965418,0.14331454451874442
Langfjordjokelen,2026-02-01,0.2743350659722948,-0.23355967056055804,0.7733917658554156
Langfjordjokelen,2026-03-01,0.3580669810467001,0.039036303233461606,-0.09040053897995083
Langfjordjokelen,2026-04-01,-0.5068546320355455,-0.4552983227175167,0.17186982479655813
Langfjordjokelen,2026-05-01,-0.6445168996225451,-0.45374169788322166,-0.4986914037654346
Langfjordjokelen,2026-06-01,-0.2637385090318707,-0.5246240704222443,-0.21383250249328123
Langfjordjokelen,2026-07-01,-0.21406596584976065,-0.14560413178886844,-0.2569429547987936
Langfjordjokelen,2026-08-01,-0.5091742791322676,-0.024525750341802082,0.009845030440731761
Langfjordjokelen,2026-09-01,-0.37636567315231245,-0.19027765366781782,0.1663863520569943
Langfjordjokelen,2026-10-01,-0.26738843238516313,-0.4808353209524812,-0.6714084971628141
Langfjordjokelen,2026-11-01,-0.4332792118587956,-0.17792992257316087,-0.5387310574841286
Langfjordjokelen,2026-12-01,-1.1888149185013652,-0.07345568168710098,0.7422196583674601
Langfjordjokelen,2027-01-01,-0.3883065979268423,-1.2388737869695736,0.27991484863732335
Langfjordjokelen,2027-02-01,0.1626911772805839,0.6049718867340772,0.7284467497492093
Langfjordjokelen,2027-03-01,-0.6177935971310101,-0.10018319070177302,-0.8442861701569266
Langfjordjokelen,2027-04-01,-0.1853004814539915,-0.5180411335476378,-0.23272460294837227
Langfjordjokelen,2027-05-01,-0.2996290130154552,0.06639620645082486,0.3447123748287844
Langfjordjokelen,2027-06-01,-0.08634160881078524,-0.23743607498308386,-0.1394276804341144
Langfjordjokelen,2027-07-01,-0.18017144476291724,-0.07488836717716256,0.46633801116976925
Langfjordjokelen,2027-08-01,0.11767087881708409,-0.4477851963121189,-0.06412953485426891
Langfjordjokelen,2027-09-01,-0.04851710942527574,-0.0759737158249369,0.31310333617044356
Langfjordjokelen,2027-10-01,-0.29456619868968986,-0.9289578385857894,-0.0892525488463702
Langfjordjokelen,2027-11-01,-0.926409930647926,-0.3360549508771304,0.5870425998126385
Langfjordjokelen,2027-12-01,0.5060322025150676,0.40034331264099904,0.19843496616605638
Langfjordjokelen,2028-01-01,-1.2181239016584942,1.3835241907544262,0.10215468161922069
Langfjordjokelen,2028-02-01,-0.7343144717500639,1.252966076528814,-0.18036505623733426
Langfjordjokelen,2028-03-01,-0.427057484280905,-1.0420398820882275,0.3190617383891986
Langfjordjokelen,2028-04-01,-0.4216239999512828,-0.16986635866245514,0.6887500205487994
Langfjordjokelen,2028-05-01,0.3190505353082318,0.1322934136666609,0.052008535353542495
Langfjordjokelen,2028-06-01,-0.5343690071366387,-0.4301980785761394,0.20583302372660964
Langfjordjokelen,2028-07-01,-0.15791768138286089,-0.5611450449623572,0.02162480383889916
Langfjordjokelen,2028-08-01,-0.018612103387694395,-0.5275377440085871,-0.05717119060248101
Langfjordjokelen,2028-09-01,-0.3062275886851192,-0.5299644460001072,0.6725720644941426
Langfjordjokelen,2028-10-01,-0.3810545723504479,-0.2273321095479025,-0.23728502762360174
Langfjordjokelen,2028-11-01,-0.22410302809208762,-0.24147877092766037,-0.32969112777374926
Langfjordjokelen,2028-12-01,-0.5987994762257016,0.02357000422485513,0.7519607637900169
Langfjordjokelen,2029-01-01,-0.1262282877010085,-0.5925250764474701,0.3477148702330768
Langfjordjokelen,2029-02-01,0.3556418918903799,-0.4700053804604794,-0.47279175877161267
Langfjordjokelen,2029-03-01,-0.6171878540986141,-0.5693563640830568,0.34026235932912546
Langfjordjokelen,2029-04-01,-1.116334705073374,0.2572389255126993,0.49174336699409454
Langfjordjokelen,2029-05-01,-0.3296446680658107,-0.21304831325171283,-0.23400020602138435
Langfjordjokelen,2029-06-01,0.18419097433493428,-0.33185872703205893,0.0007974368098687771
Langfjordjokelen,2029-07-01,0.007910071828046253,-0.32840424553658965,-0.41717266736944064
Langfjordjokelen,2029-08-01,0.15966617665311872,-0.2708471777978149,-0.008557667212174288
Langfjordjokelen,2029-09-01,-0.3039282753427857,-0.5750941587950957,0.16441149454881943
Langfjordjokelen,2029-10-01,0.072220429147951,-0.3524671614912927,0.29894432746512994
Langfjordjokelen,2029-11-01,0.27857167547857986,-0.19577454111955625,0.4750348845154733
Langfjordjokelen,2029-12-01,-0.8839324540242587,-0.06916315462773423,0.2185023457115857
Langfjordjokelen,2030-01-01,-0.4568510243660164,-0.36317530342325927,0.4342752731708525
Langfjordjokelen,2030-02-01,-0.304363835401485,-0.5200623328630276,-0.1821595813420681
Langfjordjokelen,2030-03-01,-0.46460575544288574,-0.2144115926816522,-0.0041094574969401014
Langfjordjokelen,2030-04-01,-0.042714926548820066,-0.9295618011518313,0.3085515693190514
Langfjordjokelen,2030-05-01,-0.9659176427992647,0.254475222806476,-0.20976859325776132
Langfjordjokelen,2030-06-01,0.08750830420679682,-0.5390282568959309,0.11866122316296414
Langfjordjokelen,2030-07-01,-0.016312867130786352,-0.11725470311949593,-0.05345054416853892
Langfjordjokelen,2030-08-01,-0.4875172123932763,-0.12797039161296922,-0.8438658456146202
Langfjordjokelen,2030-09-01,0.10180028747710963,0.4631735614859875,0.04543084183116616
Langfjordjokelen,2030-10-01,-0.26923517204740305,0.1263539544275509,-0.11706747399131524
Langfjordjokelen,2030-11-01,-0.789271924973212,0.5459550923628306,0.047421348923223715
Langfjordjokelen,2030-12-01,-0.8569419431584184,0.5157463803783772,0.11900450067189627
Langfjordjokelen,2031-01-01,0.5629241030698126,0.9742436856988124,0.1954335513367015
Langfjordjokelen,2031-02-01,-0.5610706717597577,0.20030055058507015,-0.7272920332472399
Langfjordjokelen,2031-03-01,-0.2437615354381816,-0.17226235697062076,0.04279136763912916
Langfjordjokelen,2031-04-01,-0.20736438752320305,-0.8045534343731441,-0.37428749000071626
Langfjordjokelen,2031-05-01,-0.37281733521808696,-0.15010483802866617,0.7988602721933499
Langfjordjokelen,2031-06-01,-0.3697763460426075,-0.6576827965146613,0.28895504982052395
Langfjordjokelen,2031-07-01,-0.3382623831563177,-0.14035508243587558,0.1522484191905187
Langfjordjokelen,2031-08-01,-0.3896430696613306,-0.24896231603381871,0.15334019880112798
Langfjordjokelen,2031-09-01,0.0948802182318167,-0.32502274103032,0.3655465099052489
Langfjordjokelen,2031-10-01,-0.3714240854499305,-0.7709037755451164,0.8314630731967307
Langfjordjokelen,2031-11-01,0.5221737132563824,-0.19483878750606187,0.07397094724489031
Langfjordjokelen,2031-12-01,0.45351584589767097,-0.6905693135648244,0.17441948947097616
Langfjordjokelen,2032-01-01,0.31510064232168383,-0.15860055689793495,0.20260713426753119
Langfjordjokelen,2032-02-01,0.4374678261070127,-0.15154404844120736,-0.3488100104235159
Langfjordjokelen,2032-03-01,0.4567230963025388,-0.09924453070511485,0.48254256511091137
Langfjordjokelen,2032-04-01,0.22588579967757583,-0.10686447275237221,-0.8340820200969482
Langfjordjokelen,2032-05-01,-0.3540243896360257,-0.10384203729307068,0.40783304525811453
Langfjordjokelen,2032-06-01,-0.4143716710606166,-0.6168411317938348,0.15019474172325467
Langfjordjokelen,2032-07-01,-0.2639506665879551,-0.3627689562868343,0.13077056051943622
Langfjordjokelen,2032-08-01,-0.43784769320232925,-0.29974397865136415,0.22577943853227478
Langfjordjokelen,2032-09-01,0.10644522958129184,-0.5781129161934182,0.28070277353739687
Langfjordjokelen,2032-10-01,0.11637525717545456,-0.16250073457155706,0.052338258093166605
Langfjordjokelen,2032-11-01,-0.4969254975682557,-0.1908632657398672,0.16328761788847931
Langfjordjokelen,2032-12-01,0.06700024848792256,1.0236640979696199,-0.08893555601125204
Langfjordjokelen,2033-01-01,0.310933651912254,0.41779626961001465,-0.7113491313526535
Langfjordjokelen,2033-02-01,-0.1800615216781273,-0.8603182143763313,-0.6162549075243976
Langfjordjokelen,2033-03-01,0.15187967939774102,0.8552537533811942,-0.6699114656896579
Langfjordjokelen,2033-04-01,0.6446644716749584,0.037795927048965366,0.0595343180896813
Langfjordjokelen,2033-05-01,0.2327461534395554,-0.38210734193153634,-0.6331396062281393
Langfjordjokelen,2033-06-01,-0.32318024341496493,-0.0016546527899816144,-0.12787168551980962
Langfjordjokelen,2033-07-01,0.2190397722958294,-0.3548440437146499,-0.054991601583087656
Langfjordjokelen,2033-08-01,-0.41255434295155413,-0.2922408245566938,-0.46401566067997435
Langfjordjokelen,2033-09-01,-0.5601950450234471,-0.8193243515148018,-0.5154746106285868
Langfjordjokelen,2033-10-01,-0.16935991578216456,-0.7551834973499144,-0.4467489820840595
Langfjordjokelen,2033-11-01,0.10577004707988591,-0.09737336383896389,-0.32767353543753874
Langfjordjokelen,2033-12-01,0.2202930815335522,-0.43270359635354416,0.014181488261339517
Langfjordjokelen,2034-01-01,0.7291996380964614,0.2749643539768177,-0.6635241772878918
Langfjordjokelen,2034-02-01,0.7345185211224928,-0.03801796900502013,0.37636615951380176
Langfjordjokelen,2034-03-01,-0.5544727823726829,-1.0036992780319103,-0.06691547806000359
Langfjordjokelen,2034-04-01,-0.10570271095630597,0.6002354307854962,-1.74286724674474
Langfjordjokelen,2034-05-01,-0.48660868468543955,-0.525628749069115,-0.5619362163036962
Langfjordjokelen,2034-06-01,-0.46356715974127755,-0.08761343222769336,0.05015081949158417
Langfjordjokelen,2034-07-01,-0.01309501596470238,-0.5326386689177562,-0.27435504632075175
Langfjordjokelen,2034-08-01,-0.014644221412704281,-0.479188777084651,0.02560456816386224
Langfjordjokelen,2034-09-01,-0.3836920177259906,-0.2409487492940514,0.052909587572787097
Langfjordjokelen,2034-10-01,-0.14028370974717372,0.13984653479514134,-0.036184777420122015
Langfjordjokelen,2034-11-01,-0.5839299524594083,0.3339551124688626,0.8555557291430341
Langfjordjokelen,2034-12-01,-0.2658987312967906,-0.7904113807664518,0.19823515327745478
Langfjordjokelen,2035-01-01,-0.9453299896025991,-1.0726704767105641,-0.47745798611898466
Langfjordjokelen,2035-02-01,0.045809323757022534,-0.7218346401058682,0.38506423189158956
Langfjordjokelen,2035-03-01,0.03305764976991004,-0.6606047758503286,0.0007029589526483202
Langfjordjokelen,2035-04-01,0.4244486825084779,-0.5828224485513657,-0.6619879341478893
Langfjordjokelen,2035-05-01,-0.25012811233489257,-0.21323292701034324,-0.11816036592620786
Langfjordjokelen,2035-06-01,-0.08305887337536437,-0.09168193873265212,-0.5570724015715766
Langfjordjokelen,2035-07-01,-0.1912452899482825,0.028877477916320494,-0.17214465729088005
Langfjordjokelen,2035-08-01,0.11817052995164819,-0.13043421029113111,0.08755693775364437
Langfjordjokelen,2035-09-01,-0.03762175370459477,0.07958565667311192,-0.07213611700576966
Langfjordjokelen,2035-10-01,0.3695935635024936,0.3810233477060369,-0.8451316698009341
Langfjordjokelen,2035-11-01,0.46498687572648145,0.43713360879377766,-1.3001762929730398
Langfjordjokelen,2035-12-01,0.31452449756641193,-1.4191969345725994,-0.15057807232854487
Langfjordjokelen,2036-01-01,-0.5921415829431439,-0.5337117662133269,-0.16848328326471662
Langfjordjokelen,2036-02-01,-0.22422681342967898,0.1157101739353336,0.3204976550315182
Langfjordjokelen,2036-03-01,-0.4625985171170777,0.7328265621975995,0.5696331433168423
Langfjordjokelen,2036-04-01,-0.25976083765980856,0.5839707927814085,0.5124502528813303
Langfjordjokelen,2036-05-01,0.44861676509545956,-0.5317765208750824,-0.33356940827505355
Langfjordjokelen,2036-06-01,-0.5033647231773105,-0.2533162356176708,-0.19617400235144664
Langfjordjokelen,2036-07-01,-0.14974192360435037,0.20650211915719244,0.15985045163767345
Langfjordjokelen,2036-08-01,0.5107852504772491,0.001431137355202237,0.29179658899250194
Langfjordjokelen,2036-09-01,0.32673857176932425,-0.09583531121851613,-0.3534486475919408
Langfjordjokelen,2036-10-01,-0.25155358983508386,0.6703719383515615,-0.09726742222871826
Langfjordjokelen,2036-11-01,0.28369309392219766,-0.2521882030100911,0.12746292138898616
Langfjordjokelen,2036-12-01,0.7379339448793608,-0.25534797746248583,-0.054396552345734824
Langfjordjokelen,2037-01-01,0.5067593882602984,0.27802779013392037,-0.08395462068765212
Langfjordjokelen,2037-02-01,-1.1921335097362677,0.7188225384952763,-0.13378705558745785
Langfjordjokelen,2037-03-01,-0.9056578090188259,-0.6776248690255592,-0.8695507506271775
Langfjordjokelen,2037-04-01,-0.5103796385678312,-0.2391314851123162,0.564458651371571
Langfjordjokelen,2037-05-01,-0.271370208436094,-0.8332174999581232,-0.51268561710637
Langfjordjokelen,2037-06-01,-0.32815434978707625,0.23095130290462854,0.2648875517839874
Langfjordjokelen,2037-07-01,-0.28628402430390193,-0.14078761563156408,0.03166968003029021
Langfjordjokelen,2037-08-01,-0.024715350850352053,-0.0006627576380648925,0.7158492508728559
Langfjordjokelen,2037-09-01,-0.21251385687450486,0.31445770192134087,0.34388014536860484
Langfjordjokelen,2037-10-01,-0.4022697582897717,1.0250363036143408,-0.5353419891073502
Langfjordjokelen,2037-11-01,-0.5137676646112518,-0.11853695562600579,0.8194368870088886
Langfjordjokelen,2037-12-01,0.6097218345976937,-0.1402850525773487,-0.17344297829405178
Langfjordjokelen,2038-01-01,-0.45646741285821196,0.08142886203000015,-0.43358153524942455
Langfjordjokelen,2038-02-01,-0.6307745039435287,-0.07880101168049351,-1.177893513537548
Langfjordjokelen,2038-03-01,-0.17751878909053906,0.09549698352355158,-1.4324748475488658
Langfjordjokelen,2038-04-01,0.37190145848348805,-0.3747072059139461,-0.8848368513783358
Langfjordjokelen,2038-05-01,-0.04988304649124148,0.24283942548277967,-0.15042093424098704
Langfjordjokelen,2038-06-01,-0.37809315408980354,-0.11969562074108693,0.25177343615195685
Langfjordjokelen,2038-07-01,-0.15062626880647037,-0.08018366934558568,-0.3105570175427471
Langfjordjokelen,2038-08-01,-0.4869802348204944,-0.5242644478026056,0.06512805478355305
Langfjordjokelen,2038-09-01,-0.5451653776733518,0.5670268152231438,-0.1353925132391346
Langfjordjokelen,2038-10-01,-0.35518562938691184,-0.436296690579601,0.13435574274911907
Langfjordjokelen,2038-11-01,-0.9012088414575418,-0.4687903520507173,0.8459457044307022
Langfjordjokelen,2038-12-01,-0.3826584522272076,0.9642756032183106,-0.9747990694535257
Langfjordjokelen,2039-01-01,-0.45483774280745415,1.1848207338691452,-1.1176452670073875
Langfjordjokelen,2039-02-01,-1.1816019536170683,-0.7987900886201267,0.8449705934563253
Langfjordjokelen,2039-03-01,-0.14352389971237453,-1.7605952685590534,0.9266048689154537
Langfjordjokelen,2039-04-01,-0.48073065579855595,-1.2862506619847707,0.2890517792919054
Langfjordjokelen,2039-05-01,-0.013019424920709205,-0.4084257464388285,0.17727268263111431
Langfjordjokelen,2039-06-01,-0.19157681525976222,0.22560197735061818,-0.050078868081095955
Langfjordjokelen,2039-07-01,-0.037302867193193937,-0.10668278018396432,-0.37344088187514757
Langfjordjokelen,2039-08-01,-0.1025170788817256,0.30179354541818565,-0.30512578347390457
Langfjordjokelen,2039-09-01,0.09738398106219877,-0.6479930214185691,-0.1001179635089215
Langfjordjokelen,2039-10-01,-0.5683181321368014,-0.2746684162882503,0.13778394689464302
Langfjordjokelen,2039-11-01,-0.43585587788307273,-0.49932791990374464,0.262886749676606
Langfjordjokelen,2039-12-01,-1.0398616889499819,0.8062814926257015,1.0720185123678097
Langfjordjokelen,2040-01-01,-0.33938779578323847,0.3839694669115364,0.27040995910662086
Langfjordjokelen,2040-02-01,-0.3713764509793028,-0.5469015745479872,-1.216123081468359
Langfjordjokelen,2040-03-01,-0.4410913388539619,0.7778313636266825,0.1974869893319097
Langfjordjokelen,2040-04-01,0.006189187213689236,-0.12419071323168644,-0.4616311221740026
Langfjordjokelen,2040-05-01,-0.09579850507430372,-0.805394309412702,-0.3287476649525753
Langfjordjokelen,2040-06-01,0.025221868429151955,-0.1872306357066528,-0.46538924357834316
Langfjordjokelen,2040-07-01,0.3573719356590391,-0.14362373656472338,-0.3706742639327227
Langfjordjokelen,2040-08-01,-0.40960650561833983,-0.23244076027498414,0.3501492160850063
Langfjordjokelen,2040-09-01,0.04055912471395729,-0.5767932408089365,0.31045257954728295
Langfjordjokelen,2040-10-01,-0.19211136098052492,-0.09105272213200244,-0.2855706346881244
Langfjordjokelen,2040-11-01,-0.4423683122084731,0.4947467761516308,0.849619222571013
Langfjordjokelen,2040-12-01,-1.1431046215068983,-0.7773742355788964,-0.3995727304889242
Langfjordjokelen,2041-01-01,-1.0859207880405377,-0.24644846413566793,0.5017872083977999
Langfjordjokelen,2041-02-01,-0.9357642958231676,0.20437771899490267,-0.45245962023883485
Langfjordjokelen,2041-03-01,-0.2726583594300458,-1.0368824562725643,-0.38588422331121186
Langfjordjokelen,2041-04-01,-0.05686273076089457,-0.052837556557244564,0.6427489091795288
Langfjordjokelen,2041-05-01,-0.1466510853571318,-0.13292252380526112,-0.14787492334890284
Langfjordjokelen,2041-06-01,-0.04907842138983708,-0.7237043688541845,0.2758118204953615
Langfjordjokelen,2041-07-01,-0.2542488733479997,-0.7568494294304999,0.007887193798761979
Langfjordjokelen,2041-08-01,-0.13429792686820938,-0.5383271542737308,0.22689435737574395
Langfjordjokelen,2041-09-01,0.10840177990839343,-0.5248607078536268,0.0322779000910663
Langfjordjokelen,2041-10-01,-0.11049407409966862,-0.5622866876729125,-0.061253642684084175
Langfjordjokelen,2041-11-01,-1.0089172137826665,-0.05937004546015843,0.2235614106460321
Langfjordjokelen,2041-12-01,-1.1207407185122529,-0.4895270044796813,0.4908567261552956
Langfjordjokelen,2042-01-01,0.46472184671232714,0.32814965369692833,-0.46164185995436857
Langfjordjokelen,2042-02-01,-0.2298865863516475,0.42807109851486763,-0.7173609161414983
Langfjordjokelen,2042-03-01,-0.4725927876338248,0.3993116548764908,0.03687111725904058
Langfjordjokelen,2042-04-01,-0.3732515920120109,-0.36741075090983966,-0.9702987921763152
Langfjordjokelen,2042-05-01,0.1416697351766557,0.24059543065529096,-0.08853113218244336
Langfjordjokelen,2042-06-01,0.29274251784379945,-0.259756662630178,0.013313273371583603
Langfjordjokelen,2042-07-01,-0.045267395801272516,-0.6059158488185613,-0.07899923907224678
Langfjordjokelen,2042-08-01,-0.06767581411351038,-0.49393008254089166,-0.20320361461892647
Langfjordjokelen,2042-09-01,0.06231051510288473,-0.5651204746338835,0.5685347641183751
Langfjordjokelen,2042-10-01,-0.36798927941529475,-0.25183738986924303,-0.2151583407884244
Langfjordjokelen,2042-11-01,-0.4015895096110426,-0.26403192576926676,0.5823748692809488
Langfjordjokelen,2042-12-01,-1.1238079841732085,-0.44822467080238654,0.8687248773863679
Langfjordjokelen,2043-01-01,0.14867675591929347,0.2347478934653632,0.9559030408788378
Langfjordjokelen,2043-02-01,-0.5951516230007328,-0.12532517190435746,0.4544721612652031
Langfjordjokelen,2043-03-01,-0.012252022581853483,0.2850737903372171,0.9745502336093445
Langfjordjokelen,2043-04-01,0.03736271351518814,0.33387564496859223,-0.33849854303451316
Langfjordjokelen,2043-05-01,-0.34810327000812613,-0.28348322668429843,0.33306463517797774
Langfjordjokelen,2043-06-01,0.09013295490769362,-0.22346137999202212,0.17732953154924527
Langfjordjokelen,2043-07-01,-0.2672662101563882,-0.39207307627536797,0.48858983861555094
Langfjordjokelen,2043-08-01,-0.5224816614963705,-0.5124204820381285,0.04286760213789801
Langfjordjokelen,2043-09-01,-0.1790255408482826,-0.21736778560755798,-0.2466424424784707
Langfjordjokelen,2043-10-01,-0.440558421011052,0.7605433315696678,-0.8959396126343204
Langfjordjokelen,2043-11-01,-0.11206718525097592,0.3005504953356423,-0.5102009988606934
Langfjordjokelen,2043-12-01,-0.03190105879535349,0.20205765178770618,-0.6523401393287845
Langfjordjokelen,2044-01-01,-0.20137747681341858,-0.9104650664689894,-1.317232311664272
Langfjordjokelen,2044-02-01,0.10921325683417704,-0.6260289076719768,-0.03495580849413424
Langfjordjokelen,2044-03-01,-0.14458813081667551,-0.9905999552855712,0.1305238002165144
Langfjordjokelen,2044-04-01,-0.6163054989517723,-0.04594623017014363,-0.005007408050656859
Langfjordjokelen,2044-05-01,0.1440819882422678,-0.2485299952437073,0.403219150958486
Langfjordjokelen,2044-06-01,-0.29612869834794836,-0.1573452270397803,-0.2496793054232329
Langfjordjokelen,2044-07-01,-0.06041065669742299,-0.20188407938248998,0.15415339292227206
Langfjordjokelen,2044-08-01,-0.44927051170881577,-0.05005662041446016,-0.09026471895749817
Langfjordjokelen,2044-09-01,-0.37301054241407333,-0.13568093795465874,-0.4935681882381225
Langfjordjokelen,2044-10-01,-0.46897116667171573,-0.22327423067481544,0.17347715498247462
Langfjordjokelen,2044-11-01,-0.7850868935429457,-0.02819752186515347,-0.5855295440599192
Langfjordjokelen,2044-12-01,-0.22186548114549123,-0.6467591881305511,-0.6471570796641878
Langfjordjokelen,2045-01-01,-0.31124164112948877,-0.7834628681679833,0.045228007835237984
Langfjordjokelen,2045-02-01,-1.149224367227349,-0.23199154742900188,-0.45548935162055976
Langfjordjokelen,2045-03-01,-0.9102506050155252,-0.181270508381738,-0.5999169707951363
Langfjordjokelen,2045-04-01,-0.3284438831048853,-0.4547421720687637,0.17596105180796706
Langfjordjokelen,2045-05-01,0.28413012275602145,-0.9318756930913935,0.4993660843238839
Langfjordjokelen,2045-06-01,-0.4803561665933289,-0.23485561691864656,-0.34690562158140165
Langfjordjokelen,2045-07-01,-0.25629887265124446,0.14702704321104051,-0.6106296185850179
Langfjordjokelen,2045-08-01,-0.44145393346370904,-0.03377123149254607,-0.48937623815355374
Langfjordjokelen,2045-09-01,-0.09063643407732846,0.21831162870756374,0.7511457977073323
Langfjordjokelen,2045-10-01,-0.33285583944417946,0.6319672002259534,-0.3276927193007711
Langfjordjokelen,2045-11-01,0.2992847509442654,-0.8534213288785004,-0.20794937583183312
Langfjordjokelen,2045-12-01,0.24664260078641073,-0.3242424161082406,-0.61895714675888
Langfjordjokelen,2046-01-01,-0.7451098334753925,0.3219413581292088,0.8282458973418342
Langfjordjokelen,2046-02-01,-0.503592219724862,-0.7277811997159974,-0.5130659314588417
Langfjordjokelen,2046-03-01,-0.21661014737651565,-1.0800224969903687,0.3048292592474557
Langfjordjokelen,2046-04-01,-0.8335956915386308,0.5974134725558614,0.6281220427638349
Langfjordjokelen,2046-05-01,-0.05422444822145767,0.029758976897441603,-1.1839493317182854
Langfjordjokelen,2046-06-01,-0.053828908614536874,-0.12308557574026846,0.17433828226223202
Langfjordjokelen,2046-07-01,-0.1292152139676737,0.08018185083998398,-0.16052195777629988
Langfjordjokelen,2046-08-01,0.0322633800481908,0.2064886476600644,-0.5130710340425514
Langfjordjokelen,2046-09-01,0.15407703608762127,-0.15420582074768893,-0.0687143143906957
Langfjordjokelen,2046-10-01,0.301601581449286,-0.012715872084184602,-0.17677612736949544
Langfjordjokelen,2046-11-01,-0.1323155365071416,-0.3646315176160139,-1.2420930563835366
Langfjordjokelen,2046-12-01,-0.025594466110477943,0.24136041818577328,-0.7239346911097145
Langfjordjokelen,2047-01-01,0.10737097697130756,-1.0426603823463132,0.04996742052724482
Langfjordjokelen,2047-02-01,0.6066617536146556,1.5527300123891294,-0.5387746015399184
Langfjordjokelen,2047-03-01,-0.857460443531694,-0.09860171059153361,0.190932565373498
Langfjordjokelen,2047-04-01,-0.35149789872796394,-0.415049423577665,0.5887109380096835
Langfjordjokelen,2047-05-01,0.19181808797864444,-0.21230976562128037,0.11521419061885448
Langfjordjokelen,2047-06-01,-0.5886195191373923,-0.530200064412218,-0.5366747546548108
Langfjordjokelen,2047-07-01,-0.5310814224388819,-0.19983991813076107,0.07978436936381549
Langfjordjokelen,2047-08-01,0.6006835050261579,-0.9067077306532347,-0.29838785558561237
Langfjordjokelen,2047-09-01,-0.4196276506045867,-0.17931110910024062,-0.506166510982086
Langfjordjokelen,2047-10-01,-0.8866873163213796,0.01323311616489701,-0.5224063344356853
Langfjordjokelen,2047-11-01,0.26323168635105915,0.388903169758326,0.2599715110894832
Langfjordjokelen,2047-12-01,-0.32658262764999013,0.2374693830501474,-1.2735300861827985
Langfjordjokelen,2048-01-01,-0.44060580721309434,-0.34859221209153235,0.10491475509952275
Langfjordjokelen,2048-02-01,-0.24178453819076748,0.9542742411298021,1.0914866844310283
Langfjordjokelen,2048-03-01,-0.1887048172219746,0.4504841836471501,-0.12983941780207364
Langfjordjokelen,2048-04-01,-0.1970567211296909,0.21646267645377618,-0.31315187033597797
Langfjordjokelen,2048-05-01,0.2813501706893582,-0.6868155749083934,0.326295046716823
Langfjordjokelen,2048-06-01,-0.21929632371620933,-0.3853195939377448,-0.03226500385058497
Langfjordjokelen,2048-07-01,0.11522663409591194,-0.47933090751444124,-0.4334670210563045
Langfjordjokelen,2048-08-01,0.15794636029065126,-0.20910505798809229,-0.0906973465471826
Langfjordjokelen,2048-09-01,-0.20874439820961851,-0.013330323094001464,-0.5033068047118784
Langfjordjokelen,2048-10-01,-0.1509771529423792,-0.6593415430860069,0.48818862457743356
Langfjordjokelen,2048-11-01,-0.020484201981255796,-0.38993641576962057,-0.37848187291412855
Langfjordjokelen,2048-12-01,0.30484238483509507,0.08956270042137239,0.806637962859356
Langfjordjokelen,2049-01-01,-0.1190396794204031,0.23315397403276006,-0.04429553641931461
Langfjordjokelen,2049-02-01,0.3030980972450591,-0.5705220031279693,-0.420884949275417
Langfjordjokelen,2049-03-01,-0.12170789979596737,-0.025506376853288087,0.07747046174386335
Langfjordjokelen,2049-04-01,0.5542695183520429,-0.5458638544847193,0.17362342936921382
Langfjordjokelen,2049-05-01,-0.18612277547603875,-0.37793561859145114,-0.13914102083285904
Langfjordjokelen,2049-06-01,-0.47609005534831716,-0.08889556271835486,-0.3183262331615025
Langfjordjokelen,2049-07-01,-0.3403454535045043,-0.6288252138738933,-0.07011010353235374
Langfjordjokelen,2049-08-01,-0.3900443480828943,-0.013924865366831593,-0.1342451126411903
Langfjordjokelen,2049-09-01,-0.20273691330887944,-0.41247913781719464,-0.31345807879735926
Langfjordjokelen,2049-10-01,-0.4358822330031112,-0.3450858536386863,-0.08771367148715643
Langfjordjokelen,2049-11-01,-0.8196236640603763,0.02417673010904071,-0.03685792888543001
Langfjordjokelen,2049-12-01,-0.16314499800789894,-0.24980175782411407,0.02852309990000897
Langfjordjokelen,2050-01-01,-0.3115313139344596,1.2571414334770232,-0.4420863745638684
Langfjordjokelen,2050-02-01,0.6651928331561375,0.11319908420344682,0.4928483774159373
Langfjordjokelen,2050-03-01,0.3819169054637668,-0.4883208557235088,0.39762035682858804
Langfjordjokelen,2050-04-01,-0.26103381461950165,-0.17234124059580883,-0.40045907619464877
Langfjordjokelen,2050-05-01,-0.6134333798736943,-0.23769913711761045,0.22287543892361983
Langfjordjokelen,2050-06-01,-0.3000945979386528,-0.06198548761632561,-0.3326682441978927
Langfjordjokelen,2050-07-01,-0.17757667191293403,-0.42107714012203373,-0.055256867223880755
Langfjordjokelen,2050-08-01,-0.30344129975756196,-0.16099554061934793,0.21305453018332043
Langfjordjokelen,2050-09-01,-0.08813532198310405,0.4760086377072759,-0.2320818964188204
Langfjordjokelen,2050-10-01,-0.052232765562265915,-0.6220619730294931,0.01922850039150258
Langfjordjokelen,2050-11-01,0.06194916753437554,-0.5750106701001155,-0.0869500929239634
Langfjordjokelen,2050-12-01,-1.2116386907151764,-0.11137498188074176,0.5429441584287052
Langfjordjokelen,2051-01-01,-1.0708693184159588,-0.7478790108731636,0.31310819950675167
Langfjordjokelen,2051-02-01,0.16775326964187895,-1.0107920843659766,-0.7727387163755127
Langfjordjokelen,2051-03-01,0.48503645625690495,0.13595775590361303,0.07818090807923489
Langfjordjokelen,2051-04-01,-1.1838017259260987,-0.15731965394251812,0.11669461473594249
Langfjordjokelen,2051-05-01,0.11971546028263276,0.19824263600010741,-0.30887007733855687
Langfjordjokelen,2051-06-01,-0.11728394167702676,-0.0864448548104619,0.19262521896451457
Langfjordjokelen,2051-07-01,-0.29727893543138706,0.024867679285079592,0.3518876354005666
Langfjordjokelen,2051-08-01,-0.5130115294711763,-0.12753177823271086,-0.15801037795711215
Langfjordjokelen,2051-09-01,0.08532220201019362,-0.4494779670965751,1.0322166201460592
Langfjordjokelen,2051-10-01,-0.1864227428517556,0.024871868328293068,-0.6937428997663885
Langfjordjokelen,2051-11-01,-0.42746063260654843,-0.9955867058733086,-1.2507881580678568
Langfjordjokelen,2051-12-01,0.33501738009549725,0.055280707015528376,0.7944801118004404
Langfjordjokelen,2052-01-01,0.40630423509887703,0.5232821656854736,0.6663572091679448
Langfjordjokelen,2052-02-01,-0.8214369818695607,-0.23144362899026105,0.6957030289506028
Langfjordjokelen,2052-03-01,-0.39405307586803245,-0.6477570480147717,0.18728047747892215
Langfjordjokelen,2052-04-01,0.0171597577993985,0.15225523598974494,-0.13447688668617322
Langfjordjokelen,2052-05-01,-0.3736774270926799,0.30443177830764007,-0.4132876508000747
Langfjordjokelen,2052-06-01,-0.20828032168269864,-0.23180038582682552,-0.12145137519634523
Langfjordjokelen,2052-07-01,-0.16412517505408508,-0.6180769870233048,-0.2080900126269839
Langfjordjokelen,2052-08-01,-0.2813060333680046,0.3410481019901246,-0.2995796212567426
Langfjordjokelen,2052-09-01,-0.4684166087561759,-0.3595081115108574,-0.9288915513985785
Langfjordjokelen,2052-10-01,-1.0239230404244306,0.05101943073654846,-0.34289652626463907
Langfjordjokelen,2052-11-01,-0.15993517128590584,-0.8068251475299532,-0.587063541357238
Langfjordjokelen,2052-12-01,-0.9924162776457893,-0.9720378885269838,-0.2580726117521594
Langfjordjokelen,2053-01-01,-0.2489901854618445,-0.827692210793352,-0.37425549305307443
Langfjordjokelen,2053-02-01,0.11191364317646645,-0.6152663386716812,-1.2545423883345728
Langfjordjokelen,2053-03-01,0.2579970147920877,-0.3323953266759349,0.08797084341693528
Langfjordjokelen,2053-04-01,-0.20095696496604956,-0.005369654830084614,-0.28022267970915776
Langfjordjokelen,2053-05-01,-0.30099122497257147,0.2388090317446733,-0.6095127804084179
Langfjordjokelen,2053-06-01,-0.1673050431612997,-0.10357399264257793,0.08100461613134786
Langfjordjokelen,2053-07-01,-0.2056355827394991,-0.01775183762345997,-0.44458737478743665
Langfjordjokelen,2053-08-01,-0.7328306208252128,-0.18295802089909655,-0.45560113264333046
Langfjordjokelen,2053-09-01,-0.35450837511958544,-0.46511569685765725,-0.24472568563569594
Langfjordjokelen,2053-10-01,-0.22625722109343271,-0.5486799277705297,-0.288267535559297
Langfjordjokelen,2053-11-01,-0.18857588430769265,0.48795107106962643,0.6853099711894037
Langfjordjokelen,2053-12-01,-0.007508975571934158,0.8093586248997471,0.42652737664521884
Langfjordjokelen,2054-01-01,-0.06477669756727181,-0.10788460051509186,0.7165135181566212
Langfjordjokelen,2054-02-01,-0.23569168876331278,-0.3115910981804317,-0.14951023295326882
Langfjordjokelen,2054-03-01,-0.7919514162908041,-0.925319074186902,0.4907980881298217
Langfjordjokelen,2054-04-01,-0.7556884712401085,-0.11469277019958002,0.32606161587682964
Langfjordjokelen,2054-05-01,0.04168640281673496,-0.04974867949934172,-0.04990362964444937
Langfjordjokelen,2054-06-01,-0.7931268907090111,-0.004960318127410046,0.28141999487185615
Langfjordjokelen,2054-07-01,-0.024606714734924484,0.07484985514892319,-0.4056036360226131
Langfjordjokelen,2054-08-01,0.0786359607307061,-0.4558188027385985,-0.02059020038459893
Langfjordjokelen,2054-09-01,-0.2157088339673833,-0.010025507705640207,-0.2847530536352323
Langfjordjokelen,2054-10-01,-0.5136250811541481,-0.3559724047427472,0.17061558637920218
Langfjordjokelen,2054-11-01,-0.5524563461702515,-0.11097490516253794,0.6778124781614503
Langfjordjokelen,2054-12-01,-0.2442438396878747,-0.827459749327773,0.6284913528072159
Langfjordjokelen,2055-01-01,-0.3153171172959689,0.3169151387657429,-0.5722721506768187
Langfjordjokelen,2055-02-01,0.3771373661796467,0.4849732719544124,0.009669819941472887
Langfjordjokelen,2055-03-01,-0.4289821953828801,0.32647828585253963,0.14503868399807773
Langfjordjokelen,2055-04-01,0.2576592496634744,-0.6821293118830319,-0.33741397931854317
Langfjordjokelen,2055-05-01,-0.34503888392697624,0.4014119261110765,0.03455363669982616
Langfjordjokelen,2055-06-01,-0.21998769315166877,-0.199572342537349,-0.3593095754586976
Langfjordjokelen,2055-07-01,-0.0979002988806978,0.30073246288158,-0.17360418158521176
Langfjordjokelen,2055-08-01,-0.304457012592835,0.14012986485810003,-0.1656906454760943
Langfjordjokelen,2055-09-01,-0.7229272138134624,0.028895915887552,-0.6045861622562888
Langfjordjokelen,2055-10-01,-0.1754949986861414,-0.6708764792989572,0.1362056627618318
Langfjordjokelen,2055-11-01,0.11577740417022249,0.6130688261149276,-0.4971590568108129
Langfjordjokelen,2055-12-01,-0.04901227965475429,-0.7201840936651344,-0.5265323238898912
Langfjordjokelen,2056-01-01,0.909652604718923,-0.8967238016182958,-1.4380328755268668
Langfjordjokelen,2056-02-01,0.40162988210874073,-0.6499277497868089,0.02435630029438853
Langfjordjokelen,2056-03-01,0.30052549778163246,-0.3494189432466266,-0.02545755541462899
Langfjordjokelen,2056-04-01,-0.4143269657180513,-0.028200524307914334,0.20907436795849307
Langfjordjokelen,2056-05-01,-0.36413152145308464,0.5425365132600266,-0.1395620222265521
Langfjordjokelen,2056-06-01,-0.29648674808449643,-0.049494091864985566,-0.1316010013418261
Langfjordjokelen,2056-07-01,-0.18155804246442053,-0.1129261524587657,-0.48273535451006183
Langfjordjokelen,2056-08-01,0.0008811169548876563,0.4381927802831149,-0.07525568341436796
Langfjordjokelen,2056-09-01,-0.35997435488460533,-0.07471313830126838,0.06961482954277556
Langfjordjokelen,2056-10-01,0.022887561762908515,-0.03427896330978228,0.5215974730339291
Langfjordjokelen,2056-11-01,-0.7905920698037147,-0.03126649352820257,0.5658710552629649
Langfjordjokelen,2056-12-01,0.0771736335662887,0.9385489537065631,-0.1950326266673179
Langfjordjokelen,2057-01-01,-0.4791695955796154,-0.1377576071376316,-0.4391885063554066
Langfjordjokelen,2057-02-01,0.3709162629485085,-0.36310880234469267,0.3774714179932359
Langfjordjokelen,2057-03-01,-0.5413544826538875,-0.06033947796979646,-0.47950631787206777
Langfjordjokelen,2057-04-01,-0.11327388786214015,0.7050321166975685,-0.0993446384909552
Langfjordjokelen,2057-05-01,-0.1633189267190303,-0.2254746546958443,-0.3084552193066527
Langfjordjokelen,2057-06-01,0.40695898192401553,0.20524247945580773,0.16612843276601727
Langfjordjokelen,2057-07-01,-0.10076928814033242,0.12237483195004224,-0.18471242064420001
Langfjordjokelen,2057-08-01,-0.12755633957789622,-0.0031708257511780156,-0.24910088443366699
Langfjordjokelen,2057-09-01,-0.052737361599460436,0.49274589389443363,-0.44737668627820143
Langfjordjokelen,2057-10-01,-0.16628425220318516,0.05334289531165934,-0.7702728714969714
Langfjordjokelen,2057-11-01,-0.19492707813275514,0.2654596262337819,-1.2216654122655488
Langfjordjokelen,2057-12-01,0.551693224124281,0.5002893625302787,-1.1794594727473844
Langfjordjokelen,2058-01-01,0.14299941531140822,0.15303300852014756,-0.12368328882512632
Langfjordjokelen,2058-02-01,0.23766004949189365,-1.7014183729829135,0.03048893598875301
Langfjordjokelen,2058-03-01,-0.7297862708980395,0.6221503290232413,-0.4457792546124429
Langfjordjokelen,2058-04-01,-0.07910064273129651,-0.07743476220086111,-0.751600186987868
Langfjordjokelen,2058-05-01,-0.08857070619063279,0.0004065834760442015,-0.1290766793202459
Langfjordjokelen,2058-06-01,-0.4211160283989055,0.16105824255527615,-0.2663977323615019
Langfjordjokelen,2058-07-01,-0.40633466110374705,-0.1861430804379051,-0.07746477367631242
Langfjordjokelen,2058-08-01,-0.34329282271597167,-0.5841662151803549,-0.3270331773727276
Langfjordjokelen,2058-09-01,-0.6235979223823968,0.2223149874711032,0.122809948019595
Langfjordjokelen,2058-10-01,-0.03874790635031584,0.4969933350645593,-0.3082827976043369
Langfjordjokelen,2058-11-01,-0.0373874631578188,0.1502326764749243,-0.12826443517279087
Langfjordjokelen,2058-12-01,-0.5435783994371483,-0.5423475307393361,-0.19130937843599902
Langfjordjokelen,2059-01-01,0.2578073627165885,-1.665361859926885,-0.42124474318517485
Langfjordjokelen,2059-02-01,-0.16974341415469008,-0.2753078812546929,-1.40280311444424
Langfjordjokelen,2059-03-01,-0.5364758819605754,-1.1282061108386257,-0.07073528087919485
Langfjordjokelen,2059-04-01,-0.18252330166927178,-0.1541807824284562,0.25096846880700246
Langfjordjokelen,2059-05-01,-0.4748245181905442,-0.326680607227466,-0.35429888575595436
Langfjordjokelen,2059-06-01,0.2398542873588327,-0.2654369472621575,-0.08423622277595662
Langfjordjokelen,2059-07-01,-0.10127757104733405,-0.5210204860683745,-0.21704050900494032
Langfjordjokelen,2059-08-01,-0.18230482243660917,-0.31665245993407704,-0.22418221005067848
Langfjordjokelen,2059-09-01,-0.07054624697443276,-0.5447405845527837,-0.1444715366027484
Langfjordjokelen,2059-10-01,-0.18070285168354203,-0.44401753881692024,-0.9733348310180704
Langfjordjokelen,2059-11-01,-0.43604804851064555,0.7545224436673369,-0.6533878935946252
Langfjordjokelen,2059-12-01,-0.13734230353194724,-0.6935933736264817,0.8985190344700017
Langfjordjokelen,2060-01-01,-1.3333026656107887,-0.5421020800688785,-0.9107637278371993
Langfjordjokelen,2060-02-01,-0.7030983718092574,-0.058094463228404364,0.6167462212030087
Langfjordjokelen,2060-03-01,-0.2760846078930825,0.28584974172457717,0.6868835461692777
Langfjordjokelen,2060-04-01,0.4222106812804986,0.02742326508455047,-0.7004893377104334
Langfjordjokelen,2060-05-01,-0.044997937649992936,-0.5105283960901021,-0.6528943441919858
Langfjordjokelen,2060-06-01,-0.31777824851953235,0.3768736171241808,-0.14218048527388194
Langfjordjokelen,2060-07-01,-0.242197615836894,0.16171495036747724,-0.4113716685783717
Langfjordjokelen,2060-08-01,-0.2302451859108751,-0.2620979179260466,0.10916703441010212
Langfjordjokelen,2060-09-01,-0.13915831956231203,0.1940955317444825,-0.8436428357322671
Langfjordjokelen,2060-10-01,-0.5073099945640008,-0.7268520243711798,-0.3761388276227508
Langfjordjokelen,2060-11-01,-0.6963578442922129,-0.911616925339979,0.3156198935591323
Langfjordjokelen,2060-12-01,-1.1790135003643787,0.03218784529683446,-1.1139746260844137
Langfjordjokelen,2061-01-01,-0.9293671659802124,-0.8297293678722367,-0.26950232713213534
Langfjordjokelen,2061-02-01,0.29998050969910256,-0.7307714499753679,-0.2087739450405045
Langfjordjokelen,2061-03-01,-0.15376110968676723,-0.25254461117425975,-0.02105311128283131
Langfjordjokelen,2061-04-01,-0.30447016853069214,0.03890198119116675,0.6496704648397233
Langfjordjokelen,2061-05-01,-0.45290606569813424,-0.30893815452061874,0.0894914360779107
Langfjordjokelen,2061-06-01,-0.2584622586116365,-0.09414454374851634,-0.5775831425625176
Langfjordjokelen,2061-07-01,-0.24986252587217836,0.08429627223812097,-0.4539446957129913
Langfjordjokelen,2061-08-01,-0.39796536812565875,-0.3935371767001774,-0.9377063152522344
Langfjordjokelen,2061-09-01,-0.32746537896139416,-0.051909161792875025,-0.43753247072129015
Langfjordjokelen,2061-10-01,-0.5341095520324867,0.19291142223888183,-0.06341643442668823
Langfjordjokelen,2061-11-01,-0.30230272461611546,-0.3425991960100505,0.34035150637242345
Langfjordjokelen,2061-12-01,-0.3400175882572157,0.17679021163517103,0.8537014424945805
Langfjordjokelen,2062-01-01,-0.3966774625701425,-0.18696050670650477,-0.3504232798654578
Langfjordjokelen,2062-02-01,0.4907201227772453,-0.30654031973366186,-0.5239214050136038
Langfjordjokelen,2062-03-01,-0.28296542314701806,0.0863717330333343,-0.21392630316305913
Langfjordjokelen,2062-04-01,-0.5782426571399651,-0.034557099138234855,-0.1726437877639634
Langfjordjokelen,2062-05-01,-0.051731187098836305,0.14110735658592707,-0.17688185150217117
Langfjordjokelen,2062-06-01,-0.21967129322250187,-0.20821997284853003,0.23351217882943218
Langfjordjokelen,2062-07-01,-0.3248687640753975,-0.298283457952893,-0.2202793808197316
Langfjordjokelen,2062-08-01,-0.18873003638397023,-0.19263813251525438,-0.5087073927723779
Langfjordjokelen,2062-09-01,-0.7991608575987953,-0.2265633977738112,-0.1597873253717184
Langfjordjokelen,2062-10-01,0.350074418032222,0.3611918536389747,0.9241155698800569
Langfjordjokelen,2062-11-01,0.12105781206935189,0.0320465540792261,-0.06393219431222708
Langfjordjokelen,2062-12-01,-0.09086659677513752,0.2232578525131388,-0.7933396278232526
Langfjordjokelen,2063-01-01,0.23944267465128344,-0.44008850032922214,-0.1696856500974865
Langfjordjokelen,2063-02-01,0.0006750309365581297,0.8321343010770458,0.11976711401551038
Langfjordjokelen,2063-03-01,-0.24188288628672105,0.6856237536297357,-1.1914466694696313
Langfjordjokelen,2063-04-01,0.1652972079209191,-0.9672278362134802,-0.49430014159357266
Langfjordjokelen,2063-05-01,-0.7578841413334537,-0.48645348650257586,-0.3019815144356831
Langfjordjokelen,2063-06-01,-0.6257225047631073,-0.45119294144419747,-0.30763456208467777
Langfjordjokelen,2063-07-01,-0.6561901281693553,-0.21540207212295104,-0.0406965451681412
Langfjordjokelen,2063-08-01,-0.6065004841329231,-0.5724609539929759,-0.08941604874633745
Langfjordjokelen,2063-09-01,-0.2396159330714395,-0.639753634134936,-0.36943552616256964
Langfjordjokelen,2063-10-01,-0.5393690660236797,-0.5882578705126299,0.27799600381985984
Langfjordjokelen,2063-11-01,0.4535437593686182,-0.09123942278748214,-0.5267544694500539
Langfjordjokelen,2063-12-01,-0.24130505220605772,-1.4950642733614607,0.7063876280263269
Langfjordjokelen,2064-01-01,-0.4648089074534895,-0.19850851981935358,0.28867542216764536
Langfjordjokelen,2064-02-01,0.32482998901491283,0.4881307565623712,0.020338291231109612
Langfjordjokelen,2064-03-01,-0.40549819705665663,-0.5516696617832149,-0.7339860177649125
Langfjordjokelen,2064-04-01,0.3139752333979149,0.12767383960790632,-1.0469727617781974
Langfjordjokelen,2064-05-01,-0.3013350377285697,-0.24487187005804434,-0.22543816267473973
Langfjordjokelen,2064-06-01,-0.10784786711291088,-0.5388965297975201,-0.35004017232940315
Langfjordjokelen,2064-07-01,-0.2923382607792067,0.11902141916305686,-0.3328358519005733
Langfjordjokelen,2064-08-01,-0.3414157354665246,-0.3932370199362316,-0.6144706747371386
Langfjordjokelen,2064-09-01,-0.3286420513539579,-0.28132223487239244,0.12646479897241691
Langfjordjokelen,2064-10-01,-0.11066067143663727,-0.6105637174969321,-0.5381251791420457
Langfjordjokelen,2064-11-01,-0.347508536650773,-0.27026504694835135,-0.9681645590131628
Langfjordjokelen,2064-12-01,-0.7035802574422322,-0.9117351736104554,-0.0402018664299065
Langfjordjokelen,2065-01-01,-0.030276360177408302,-0.08466786000111405,-0.4087986795374173
Langfjordjokelen,2065-02-01,-0.3303042981591292,0.13975089835600307,-0.3008674922058532
Langfjordjokelen,2065-03-01,-0.17212186286627565,-1.3526673345645233,-0.9677755287513117
Langfjordjokelen,2065-04-01,0.8179145456026187,-0.5052171477822648,-0.6623165060896633
Langfjordjokelen,2065-05-01,0.026159929861960834,0.29587039835610524,-0.7237431858952451
Langfjordjokelen,2065-06-01,-0.35091862578294447,-0.17843517328615385,-0.13816003798095075
Langfjordjokelen,2065-07-01,-0.2348799980814369,-0.07568384609594483,-0.3156787592459273
Langfjordjokelen,2065-08-01,-0.02756726764286947,-0.35536115079964753,-0.05985703023224448
Langfjordjokelen,2065-09-01,0.002071068989215339,-0.1213803372805284,-0.3972095551641588
Langfjordjokelen,2065-10-01,-0.43084648060106784,-0.24435286714525684,-0.5331250951971843
Langfjordjokelen,2065-11-01,0.4582726959726619,-0.8431617672381101,-0.29708688892780527
Langfjordjokelen,2065-12-01,-0.28614025386966196,-0.7351339720330414,0.14394390678167354
Langfjordjokelen,2066-01-01,0.16623260279611005,-0.10314192414060437,-0.7454202154913873
Langfjordjokelen,2066-02-01,0.44653463450602343,-0.9423370947976512,-0.44759374677160774
Langfjordjokelen,2066-03-01,-0.03547026635476367,0.04783393641480796,-0.25098693833344937
Langfjordjokelen,2066-04-01,0.4136224703949163,-1.109075811673492,0.16317232259527228
Langfjordjokelen,2066-05-01,0.16718479597778302,-0.0696956691907188,-0.5763616887691432
Langfjordjokelen,2066-06-01,-0.27211410306149714,-0.49895772714531333,-0.4206096863300079
Langfjordjokelen,2066-07-01,-0.14086208903356273,-0.8215672591007129,-0.5063884745466578
Langfjordjokelen,2066-08-01,-0.43379877755131463,-0.26222220478174335,-0.28865648122035964
Langfjordjokelen,2066-09-01,-0.04847310941904676,0.09861649889893438,-0.21252735062331762
Langfjordjokelen,2066-10-01,0.14755196937780182,-0.28830124957650394,-0.417735185524806
Langfjordjokelen,2066-11-01,-0.14540235174862035,-0.7739904246546617,0.12057721725893157
Langfjordjokelen,2066-12-01,-0.3147200900144573,0.8308916512852494,-0.06224550558673577
Langfjordjokelen,2067-01-01,-0.3288102131601808,0.20282642503772227,-1.0602116043254757
Langfjordjokelen,2067-02-01,-0.6903698481094054,0.5961144034256044,0.13386216814677454
Langfjordjokelen,2067-03-01,0.21408336144365406,-0.22307839009896502,0.0054646773195317815
Langfjordjokelen,2067-04-01,0.19622082991025716,-0.4130039971009472,-0.3184100622004104
Langfjordjokelen,2067-05-01,-0.27325140313428636,-0.2745488829872748,-0.09001118385839398
Langfjordjokelen,2067-06-01,0.02659252448044941,-0.5347720617316112,-0.6405169685416635
Langfjordjokelen,2067-07-01,-0.041270234696582773,-0.1643223055330876,-0.5108922550004301
Langfjordjokelen,2067-08-01,-0.4215329520219875,-0.25386885474427806,-0.7257326213421814
Langfjordjokelen,2067-09-01,-0.2939406075712654,0.017127781452113928,-1.1448502480514113
Langfjordjokelen,2067-10-01,-0.39694946751618515,0.2851200326328432,-0.520298343821766
Langfjordjokelen,2067-11-01,-0.441342119596237,0.19049819365244192,-0.17682754354424968
Langfjordjokelen,2067-12-01,0.4808723847019707,-0.33050355314976715,-1.1593567501800963
Langfjordjokelen,2068-01-01,0.4443443591232068,0.0010625732183891835,-0.01782301613974289
Langfjordjokelen,2068-02-01,-0.11989463103422489,-0.3354067208138998,-0.27529762040501476
Langfjordjokelen,2068-03-01,-0.4946131816510489,-0.4691856995440498,-0.559444160653173
Langfjordjokelen,2068-04-01,-1.0050524401212952,-0.5715432105735891,-1.6782690270477854
Langfjordjokelen,2068-05-01,-0.2541909145853311,-0.6544048266706431,-0.24750278112654592
Langfjordjokelen,2068-06-01,-0.38271394464262826,-0.32962669434397746,-0.22666320514179084
Langfjordjokelen,2068-07-01,0.04564802577041533,-0.10388957010167221,-0.12252400214360339
Langfjordjokelen,2068-08-01,-0.37077840121816835,0.20602730154253404,-0.3786787178138363
Langfjordjokelen,2068-09-01,-0.28803675354495667,-0.21733318000098367,0.11396707195759063
Langfjordjokelen,2068-10-01,-0.48185613311460845,-0.229136968667958,-0.19246268811657263
Langfjordjokelen,2068-11-01,-0.6253170312268647,0.0831416168670572,0.8591225679730057
Langfjordjokelen,2068-12-01,-0.614151605402503,0.05886916658812843,-0.662361331388248
Langfjordjokelen,2069-01-01,-0.7652983134961749,-1.2010887909774375,-1.268593233250442
Langfjordjokelen,2069-02-01,-0.06780855170125895,-1.5689745113191325,-2.3797896748025216
Langfjordjokelen,2069-03-01,0.30856375770881816,-0.026971277580320845,-0.45058231207963434
Langfjordjokelen,2069-04-01,-0.3931657124757884,0.0940260482313743,-0.5438807209754254
Langfjordjokelen,2069-05-01,-0.1874244345044217,-0.04158360701176353,-0.11345843355531664
Langfjordjokelen,2069-06-01,-0.5629104543144342,-0.17613136765543672,-0.08634224022818321
Langfjordjokelen,2069-07-01,-0.9598748279467152,0.0965495165144535,-0.2388977619087432
Langfjordjokelen,2069-08-01,0.004379421943298813,-0.367823609567284,-0.191857074586393
Langfjordjokelen,2069-09-01,-0.013199172667415012,0.14578618127435775,0.12690848180217038
Langfjordjokelen,2069-10-01,-0.3554294167352074,-0.12150120312030277,-0.09090051404962529
Langfjordjokelen,2069-11-01,-0.5214057753131635,-0.6193783831312948,-0.06955250742678072
Langfjordjokelen,2069-12-01,0.07816652009870852,-0.25651392777351806,-0.9187804236164895
Langfjordjokelen,2070-01-01,-0.15349976114775477,0.19166357482606453,0.5078470893791559
Langfjordjokelen,2070-02-01,-0.48543705877290444,0.3492234629432966,-0.14254251653956182
Langfjordjokelen,2070-03-01,-0.3973045158400987,0.7562448829445138,-0.1597936628164203
Langfjordjokelen,2070-04-01,-0.20422842307669,-0.6454946542512706,0.5878181609756422
Langfjordjokelen,2070-05-01,0.09131076800359421,0.029117945642387084,-0.02695417271793904
Langfjordjokelen,2070-06-01,-0.31002529590775146,-0.25551310599443117,-0.1781755554984569
Langfjordjokelen,2070-07-01,-0.5417304018659791,-0.20372500738781082,0.22410832750108103
Langfjordjokelen,2070-08-01,-0.023758524437901076,-0.38579645329931395,-0.23221970305075446
Langfjordjokelen,2070-09-01,0.03812383582572012,-0.725913669034782,-0.5357914947981409
Langfjordjokelen,2070-10-01,0.08952635710874864,-0.04083772737957808,-1.0651502102189463
Langfjordjokelen,2070-11-01,-0.066909269145344,-0.5834549308244573,-0.37790970513071853
Langfjordjokelen,2070-12-01,-0.6156061513886073,0.3521249494838464,0.6466333954713787
Langfjordjokelen,2071-01-01,0.020964640073250215,0.47230784306103746,-0.9026477250675168
Langfjordjokelen,2071-02-01,-0.8010813234114676,-1.1647620305065982,-0.26199483300903004
Langfjordjokelen,2071-03-01,-0.07426729973347158,-0.20782207700734992,0.40707654533166854
Langfjordjokelen,2071-04-01,-0.38417188719365897,0.014790402873157285,-0.5614895905169102
Langfjordjokelen,2071-05-01,-0.23831926360637246,-0.15934305693375794,0.09226430156576626
Langfjordjokelen,2071-06-01,0.1014478965645732,-0.004837874867188878,-0.5548057201189361
Langfjordjokelen,2071-07-01,0.06132041580307631,-0.5498593867628147,-0.5896774349447057
Langfjordjokelen,2071-08-01,-0.1799964674737292,-0.44381506663216025,-1.0582909089993568
Langfjordjokelen,2071-09-01,-0.09142093805963807,-0.5431406541348659,-0.9175118478618242
Langfjordjokelen,2071-10-01,-0.0037735692805069463,-0.93942176450122,0.6820612593394794
Langfjordjokelen,2071-11-01,-0.08794627278497898,0.09374285010910421,-0.8393486204495297
Langfjordjokelen,2071-12-01,-0.03240088393080293,0.4338304932610728,-0.4016485116369754
Langfjordjokelen,2072-01-01,-0.5639505201123809,-0.5191316022894109,-0.27888835481586804
Langfjordjokelen,2072-02-01,-0.6718682912113763,-0.10974419751684687,0.8077283996183154
Langfjordjokelen,2072-03-01,0.11097525087154263,-0.09753858662607047,-0.6972599500273459
Langfjordjokelen,2072-04-01,-0.2953304995470345,-1.101833556393391,-0.633638656088264
Langfjordjokelen,2072-05-01,-0.18193776553626564,-0.08916816213399444,-0.5747074635376246
Langfjordjokelen,2072-06-01,0.25723670103135915,-0.3135224659502852,-0.11416683475555833
Langfjordjokelen,2072-07-01,-0.24502132745520688,-0.3973724851527926,-0.18313096927580927
Langfjordjokelen,2072-08-01,-0.28717149139297643,-0.2787534365329944,-0.6139130279375224
Langfjordjokelen,2072-09-01,-0.6702528464537574,0.06784378756719349,-0.5692764261513461
Langfjordjokelen,2072-10-01,-0.06864207006299587,0.5336187858086305,0.9955872881445739
Langfjordjokelen,2072-11-01,-0.7097137570859676,-0.5254953129811611,-0.5210187435065481
Langfjordjokelen,2072-12-01,-0.2496348757822726,-0.23117453172250735,-1.2927382897318258
Langfjordjokelen,2073-01-01,0.26906428516335135,-0.6767804390828146,0.07379517133096818
Langfjordjokelen,2073-02-01,-0.5339366929284386,-0.7324886568089076,0.04799679425716216
Langfjordjokelen,2073-03-01,0.1115257584340955,0.5574834291677405,-0.1369208064272233
Langfjordjokelen,2073-04-01,-1.1995144874617787,0.653242255237937,-0.3547719886140501
Langfjordjokelen,2073-05-01,-0.742800280472865,-0.5113525051773031,-0.22904012148338157
Langfjordjokelen,2073-06-01,-0.49375506705333216,-0.3462314631677581,-0.8733529112428619
Langfjordjokelen,2073-07-01,-0.014772307488794193,-0.7290739083853387,-0.35475810100534
Langfjordjokelen,2073-08-01,-0.29048136184523826,-0.29035013601160586,0.09973535531939748
Langfjordjokelen,2073-09-01,-0.2825205963183058,0.2901809373137041,-0.559875699223699
Langfjordjokelen,2073-10-01,-0.9867973429891187,-0.31010795346266845,-0.8528916607961993
Langfjordjokelen,2073-11-01,-0.3601214265412083,-0.33486319339974285,0.10293884014012529
Langfjordjokelen,2073-12-01,0.16081383976455685,-1.0671588576774005,1.1408632632671558
Langfjordjokelen,2074-01-01,-0.379327956377235,-1.1358063724079337,0.14274521689903394
Langfjordjokelen,2074-02-01,0.5522136373230444,-0.6848636463022152,-1.468571653107985
Langfjordjokelen,2074-03-01,0.23153360936776143,-1.0518562927791961,-0.8387436085767627
Langfjordjokelen,2074-04-01,-0.30296895971512167,-0.28764822805086704,0.1116333022619523
Langfjordjokelen,2074-05-01,0.38582287748007865,0.9207842079006553,-0.5499680144467917
Langfjordjokelen,2074-06-01,-0.29455632157350725,-0.9060727100506104,-0.6109419633702994
Langfjordjokelen,2074-07-01,-0.2309624329618876,-0.5499189423576526,-0.4054746087215803
Langfjordjokelen,2074-08-01,-0.08271433815420909,-0.11843144716874499,-0.362652805830222
Langfjordjokelen,2074-09-01,-0.30960685916045977,0.19808989931055007,-0.8337199199279715
Langfjordjokelen,2074-10-01,0.06994406768907548,-0.1934225826655606,-0.5369800062136153
Langfjordjokelen,2074-11-01,-0.24997528615049555,-0.1633037100927194,-0.9312439283712733
Langfjordjokelen,2074-12-01,-0.2469925243250799,-0.4587822089276247,-0.3137479404282797
Langfjordjokelen,2075-01-01,-0.007116159818962159,0.06845345223665585,-0.8651049377349881
Langfjordjokelen,2075-02-01,1.0388090525937017,0.1547854540741303,0.3027061452652507
Langfjordjokelen,2075-03-01,0.14227342245461758,-0.832197722740195,-0.17773932934049716
Langfjordjokelen,2075-04-01,0.5143666334900133,-0.2357829700329095,-0.18418278321902748
Langfjordjokelen,2075-05-01,-0.7447377722038394,-1.0676047542025469,-0.0028622850992884494
Langfjordjokelen,2075-06-01,-0.48485829569456734,0.08042723299646592,0.3303264529468097
Langfjordjokelen,2075-07-01,-0.21508758708772213,-0.8169888933834866,0.04559819386724077
Langfjordjokelen,2075-08-01,0.01648451556441685,-0.3394359746732905,-0.17235298484849015
Langfjordjokelen,2075-09-01,-0.7074901067119622,-0.5193588191947734,-0.2713134147765291
Langfjordjokelen,2075-10-01,-0.11966557204688599,-0.4780717065574525,0.2304306262274881
Langfjordjokelen,2075-11-01,0.45485940488864857,-0.057312803844046904,0.48671862748596323
Langfjordjokelen,2075-12-01,-0.2003811960641091,-0.009217279256954614,-0.8955703714750283
Langfjordjokelen,2076-01-01,0.21057863355960446,-0.09566617200540205,1.162440534242848
Langfjordjokelen,2076-02-01,-1.0767446414696251,-0.5411291393422596,0.03128922947150012
Langfjordjokelen,2076-03-01,-0.6847660220738909,-1.2195028707987456,-0.21113397304777673
Langfjordjokelen,2076-04-01,-0.643695626543458,-0.1855281705716726,0.22672606902995218
Langfjordjokelen,2076-05-01,0.07822028154897297,-0.5995256579081648,-0.9575515705200766
Langfjordjokelen,2076-06-01,-0.3979536655558135,-0.08354153823512962,-0.387315579630841
Langfjordjokelen,2076-07-01,-0.23442329722989386,-0.2682262874055829,-0.07964982408067982
Langfjordjokelen,2076-08-01,0.008074129867262256,0.410057334279629,-0.2635273163923909
Langfjordjokelen,2076-09-01,0.6427499741825979,-0.39232616416931104,0.46928212609620584
Langfjordjokelen,2076-10-01,0.08839203266983114,-0.7466713552679769,0.32790575434119457
Langfjordjokelen,2076-11-01,-0.6448765030946683,-0.11241408605762188,-0.16245808325549346
Langfjordjokelen,2076-12-01,-0.7058639540507311,-0.08645683800633601,0.224331456146882
Langfjordjokelen,2077-01-01,0.25064220529719,0.008078646150067523,-0.2155752438034413
Langfjordjokelen,2077-02-01,0.5466990135904074,0.1694190130163873,-0.4165517341203199
Langfjordjokelen,2077-03-01,0.08221382261976683,-0.4175234323305901,-1.084430757624332
Langfjordjokelen,2077-04-01,-0.5451957120615761,0.48093426321860894,-0.8289568176623523
Langfjordjokelen,2077-05-01,-0.17174745673144884,-0.34130854851266107,0.15320613697188887
Langfjordjokelen,2077-06-01,0.19916344204779482,0.20605137719697733,-0.5653086331261776
Langfjordjokelen,2077-07-01,0.0035031020223962595,-0.2076770042926237,-0.39837227655458957
Langfjordjokelen,2077-08-01,-0.652351069049257,0.23436104917875386,0.2787250633903207
Langfjordjokelen,2077-09-01,0.1462706137541996,0.09548672422287985,-0.5857117413601722
Langfjordjokelen,2077-10-01,-0.32787387932464096,-0.9266283932341312,-1.0858009656481864
Langfjordjokelen,2077-11-01,0.2172599437475012,-1.0586471768028403,-0.5131086985401067
Langfjordjokelen,2077-12-01,-0.030412771659205324,-0.7205704479462081,0.5671175383134396
Langfjordjokelen,2078-01-01,-0.44051914825988364,0.2043837191988859,0.25930905605290566
Langfjordjokelen,2078-02-01,-1.53581511828711,-0.8208964103897151,-0.24771132563467843
Langfjordjokelen,2078-03-01,-0.04245840918880797,-0.3022412194994817,-0.13175659921009075
Langfjordjokelen,2078-04-01,-0.12645236706333565,0.3054490475053598,-0.4340493656688286
Langfjordjokelen,2078-05-01,-0.08354391532672023,-0.46614984743653104,0.09143240835304169
Langfjordjokelen,2078-06-01,-0.09996734136837208,-0.3953289201013024,-0.3828096616257784
Langfjordjokelen,2078-07-01,-0.2638198826799265,-0.39602865416160427,-0.5065858692950201
Langfjordjokelen,2078-08-01,-0.4737718852336003,-0.5059147787197285,-0.6932383934524219
Langfjordjokelen,2078-09-01,-0.3260037836000695,-0.47364662768902305,-1.1619264676223353
Langfjordjokelen,2078-10-01,0.05565088053696981,0.6117372806412941,-0.9801797043610948
Langfjordjokelen,2078-11-01,-0.025635145030962463,-0.06598417281438712,-0.8850176562876633
Langfjordjokelen,2078-12-01,-0.7323036353318951,-0.8592619919391392,0.2531489424525281
Langfjordjokelen,2079-01-01,-0.2998274402425553,-1.591810251987298,-0.9995139037604286
Langfjordjokelen,2079-02-01,-0.09984422642167821,0.39445781420200215,0.760984732282607
Langfjordjokelen,2079-03-01,0.2547744198806153,-0.9031007727749986,-1.188530387041191
Langfjordjokelen,2079-04-01,0.02955319288385827,0.4675476322819952,-0.48820071695870104
Langfjordjokelen,2079-05-01,0.054648386428177514,-0.49528127930417126,-0.0767837737107812
Langfjordjokelen,2079-06-01,0.184482370617018,-0.1818075108250673,-0.4810011481736261
Langfjordjokelen,2079-07-01,-0.342711814003329,0.0671414484323065,-0.12725980936199396
Langfjordjokelen,2079-08-01,-0.3079993500882794,-0.4694676959624478,-0.07663488648554356
Langfjordjokelen,2079-09-01,-0.32371478132637016,0.15132605449508466,-0.33559335775761845
Langfjordjokelen,2079-10-01,0.02693964731957459,-0.6715106640343788,0.5438408290661275
Langfjordjokelen,2079-11-01,0.07326182705948332,-0.7626570401917078,-0.43219827446530434
Langfjordjokelen,2079-12-01,0.12448086170431893,-0.9294169280951426,-1.3808698308653142
Langfjordjokelen,2080-01-01,0.21350297560946385,-1.365493695500371,-1.4285890817819817
Langfjordjokelen,2080-02-01,-0.38687751556492245,-0.6693335367118648,-0.3354985604152374
Langfjordjokelen,2080-03-01,-0.24310370822603591,-0.08967911259775711,0.015805883508582946
Langfjordjokelen,2080-04-01,-0.5227053763759827,-0.10991928096511656,0.20418387698705046
Langfjordjokelen,2080-05-01,-0.2941757099831186,-0.13872219723721824,-0.10341882363245453
Langfjordjokelen,2080-06-01,0.07493850975864007,-0.3917678276273322,-1.0045756005884108
Langfjordjokelen,2080-07-01,-0.4255005519133596,0.204769480919206,-0.007792218082880785
Langfjordjokelen,2080-08-01,-0.3018411729622863,-0.1566627888242386,-0.6262382184105086
Langfjordjokelen,2080-09-01,-0.4058865318144338,-0.7021398633492764,-0.5564178011341706
Langfjordjokelen,2080-10-01,-0.4854115422728425,-0.5175130499253653,-1.2289289210995489
Langfjordjokelen,2080-11-01,-0.35316120065748363,-0.3932248467167532,-0.7017153043759299
Langfjordjokelen,2080-12-01,0.7140356612552362,-1.3530311058257027,-0.17706613805372248
Langfjordjokelen,2081-01-01,0.3896655162374134,-0.4814637914864905,0.2799649226980576
Langfjordjokelen,2081-02-01,0.030554535592082432,-0.11119831723518038,-0.17613736665344124
Langfjordjokelen,2081-03-01,-1.3207197007398868,-0.002801301403083637,-0.13099195586545673
Langfjordjokelen,2081-04-01,-1.4383168330313698,0.22367636328137683,0.1998016678425071
Langfjordjokelen,2081-05-01,-0.5238821695059913,0.28932605267849737,-0.3191257251487318
Langfjordjokelen,2081-06-01,-0.5814673664660464,-0.13072005027230726,-0.6695096122193934
Langfjordjokelen,2081-07-01,-0.20548955137852332,-0.3626279740571503,-0.37881811122231634
Langfjordjokelen,2081-08-01,-0.3361199553339434,0.11934574624664485,-0.268330631489287
Langfjordjokelen,2081-09-01,-0.20872205374179467,-0.001961655369379913,-0.4317006885191173
Langfjordjokelen,2081-10-01,-0.3293860327013277,-0.4938259588431264,-0.24741198518411658
Langfjordjokelen,2081-11-01,-0.8256584192644679,-0.10866658929046313,-0.7989812197947276
Langfjordjokelen,2081-12-01,0.3547016166296472,0.32824610062096576,-0.7964619266820491
Langfjordjokelen,2082-01-01,0.4313553951094431,0.02797802297244731,-0.108355455485175
Langfjordjokelen,2082-02-01,-0.7104276796099932,0.45079142869361966,0.19404019770979208
Langfjordjokelen,2082-03-01,-0.33058012135899006,0.25476624227245287,-0.8418599382101811
Langfjordjokelen,2082-04-01,-0.4637884287538266,-0.1239369054461696,-0.49472328914509106
Langfjordjokelen,2082-05-01,-0.28746003339303355,-0.5322361948893878,-0.2427936611214463
Langfjordjokelen,2082-06-01,-0.2952131094893464,-0.12194384184362002,-0.18814557821243136
Langfjordjokelen,2082-07-01,-0.011552524613752793,-0.6566105318446311,-0.28307420168947256
Langfjordjokelen,2082-08-01,-0.544640823640235,0.07731562845433287,-0.4424534542561258
Langfjordjokelen,2082-09-01,0.12270898440941436,-0.27926419892092263,-0.7560221172180329
Langfjordjokelen,2082-10-01,-0.5689491326036804,0.0059563248173709156,0.1443401306202318
Langfjordjokelen,2082-11-01,-0.03768103259614642,-0.12072051209556249,-0.20149416367842765
Langfjordjokelen,2082-12-01,-1.2095442955936784,-0.5319071311230077,-1.1895363983576355
Langfjordjokelen,2083-01-01,-0.8755766796411765,-0.7537968128842669,-1.3234612948725606
Langfjordjokelen,2083-02-01,-0.7017232775748937,0.7737526029739407,-0.5015984121811305
Langfjordjokelen,2083-03-01,-0.26507208878888405,-0.530260133492802,-0.5607098074458124
Langfjordjokelen,2083-04-01,0.4998016958813407,0.14979871805070358,0.16366086280988315
Langfjordjokelen,2083-05-01,0.3012171291063505,0.061102705022481295,-0.1517681778107621
Langfjordjokelen,2083-06-01,-0.34269326942054396,-0.10224613417671925,-0.5943166525691868
Langfjordjokelen,2083-07-01,-0.3472226567784131,-0.14991610428389382,-0.44897324346839956
Langfjordjokelen,2083-08-01,-0.7015771972438231,0.011040646352524488,-0.5109363859210573
Langfjordjokelen,2083-09-01,-0.030789904601833052,-0.1729149445278669,-0.9285905717018665
Langfjordjokelen,2083-10-01,-0.22735247031012099,-0.5516415077366088,-0.6103714908161967
Langfjordjokelen,2083-11-01,0.7202949448777645,-0.4120070267244434,-0.5060620028969688
Langfjordjokelen,2083-12-01,0.6224987506489669,-1.0680901594836265,-0.1864163226681769
Langfjordjokelen,2084-01-01,-0.2338588535854064,0.5925155989598073,-0.6843945768676599
Langfjordjokelen,2084-02-01,0.47125126575541376,0.34355590056810065,-0.2217339619746721
Langfjordjokelen,2084-03-01,-0.5342498492767737,-0.28185357658501725,-0.24019254534833503
Langfjordjokelen,2084-04-01,0.12541074892382797,-0.6350525129991706,-1.0659563599029231
Langfjordjokelen,2084-05-01,-0.7000850201295847,0.009842580453726315,-0.14957240528678353
Langfjordjokelen,2084-06-01,-0.27060265127036764,-0.02139187422392258,-0.1199679257718022
Langfjordjokelen,2084-07-01,-0.12014698866411344,0.09564580202741868,-0.01581515451636953
Langfjordjokelen,2084-08-01,-0.45865597569997396,0.06919481322815464,-0.4901972535245842
Langfjordjokelen,2084-09-01,-0.4367256670512291,0.08586601638104337,-1.1208755400310486
Langfjordjokelen,2084-10-01,0.5231798300765121,-0.655678924328211,-0.9634518078817709
Langfjordjokelen,2084-11-01,0.587426021676876,0.004815621450494227,-1.5501527639130244
Langfjordjokelen,2084-12-01,-0.17348493164449663,0.3421533091973059,-0.8920441511782151
Langfjordjokelen,2085-01-01,0.17393225691813033,-0.48390057819065563,-0.2308082873088264
Langfjordjokelen,2085-02-01,0.009010095640128021,-0.6317141074503513,-0.8127804842541063
Langfjordjokelen,2085-03-01,-0.8137533355643694,-0.4784755503921953,-1.420136839523084
Langfjordjokelen,2085-04-01,-0.45274119442170857,-0.5983566664844552,-0.7138255292075711
Langfjordjokelen,2085-05-01,-0.03411460702020427,-0.20938108583539083,-0.6837187231425128
Langfjordjokelen,2085-06-01,-0.7270188420910849,0.32150817488383415,-0.3455345633401157
Langfjordjokelen,2085-07-01,-0.40716254121814544,0.12413640667543425,-0.45505447507748914
Langfjordjokelen,2085-08-01,-0.44243067012240395,0.1968964968446595,-0.5066957320676163
Langfjordjokelen,2085-09-01,-0.33562009274138305,0.2680062242337219,-0.5221368594834211
Langfjordjokelen,2085-10-01,-0.1559712525555248,0.48256531185313706,0.011984863274726911
Langfjordjokelen,2085-11-01,-0.33782579631050885,0.5524438910238262,-1.1998840876600079
Langfjordjokelen,2085-12-01,-0.45721105130867573,-0.1204085197976736,0.7324902139696131
Langfjordjokelen,2086-01-01,-0.06542458295545232,0.06755754979626676,-0.4379315657164938
Langfjordjokelen,2086-02-01,0.6412478153144793,-1.0242697010459887,0.42141286906649045
Langfjordjokelen,2086-03-01,0.2826712681625218,-0.2807821135117226,0.3905473502314956
Langfjordjokelen,2086-04-01,-0.19451895889565943,-0.26525310317563094,-0.1991516341195879
Langfjordjokelen,2086-05-01,-0.11763531413206736,-0.2991829479055877,-0.2758651578142499
Langfjordjokelen,2086-06-01,-0.14576426740140405,0.35227270754709306,-0.23164831980734193
Langfjordjokelen,2086-07-01,-0.027873778315793175,-0.2875897145982295,-0.12233173749657189
Langfjordjokelen,2086-08-01,-0.08773229086977881,0.06594488816276729,0.036553510370322645
Langfjordjokelen,2086-09-01,0.24467385235373337,-0.11709481335026976,-0.1506208571086842
Langfjordjokelen,2086-10-01,0.03554491000747625,0.45636869097515215,-0.4432341172928149
Langfjordjokelen,2086-11-01,-0.43823458629965195,0.422520803252914,-0.44245670623889954
Langfjordjokelen,2086-12-01,0.8724833212957258,-0.07194432901291886,-0.7950963144862911
Langfjordjokelen,2087-01-01,0.7542884041919931,-0.367744703493402,-0.04536914886522411
Langfjordjokelen,2087-02-01,0.2373072125860535,0.7043481254994169,-1.408353923668628
Langfjordjokelen,2087-03-01,0.49466126099715363,-0.4282819196201469,0.5590409048588328
Langfjordjokelen,2087-04-01,0.3438120890398473,0.42413328391524113,-0.19385429328591205
Langfjordjokelen,2087-05-01,-0.7008133226063281,-0.47410015830775604,-0.4412058417665734
Langfjordjokelen,2087-06-01,-0.04490796467399719,-0.1905363550879746,4.745821225136485e-05
Langfjordjokelen,2087-07-01,-0.5104789883692695,-0.005122876124072935,-0.263781312670644
Langfjordjokelen,2087-08-01,-0.25008419135431936,0.018404529171773498,-0.5592622069501374
Langfjordjokelen,2087-09-01,0.03915100787844256,-0.34352205681781633,-0.9475301417228893
Langfjordjokelen,2087-10-01,-0.08343400743808067,-0.27375435945748355,0.33647098991408525
Langfjordjokelen,2087-11-01,-0.2994220922705029,-0.15520496788671548,0.19590359482512634
Langfjordjokelen,2087-12-01,-0.7470266942056775,-0.6750589172965932,-1.358649180262563
Langfjordjokelen,2088-01-01,-0.11929940720270797,-0.6272746994895021,0.11392318030601911
Langfjordjokelen,2088-02-01,-0.15411378796266031,-0.42033681846734994,0.48207010930336763
Langfjordjokelen,2088-03-01,0.2130405035130799,-0.2286015647274452,0.22712770380874173
Langfjordjokelen,2088-04-01,-0.6133816341569412,-0.6851368389762119,-0.48770758899286554
Langfjordjokelen,2088-05-01,-0.4090762788549709,0.08596521280189769,0.24299377600780028
Langfjordjokelen,2088-06-01,-0.006402321679534177,-0.1892779304112757,-0.05741720242803349
Langfjordjokelen,2088-07-01,-0.3951752361126606,-0.22735593025033182,-0.5508380592167752
Langfjordjokelen,2088-08-01,-0.04096751063250143,-0.05393988358607376,-0.3437342881395739
Langfjordjokelen,2088-09-01,0.36775153127788984,-0.7013506288308036,-0.5005021469714224
Langfjordjokelen,2088-10-01,-0.10867700886884273,-0.23654811981676996,-0.31846961811892394
Langfjordjokelen,2088-11-01,0.28215572494713587,-0.4069703884463281,-0.7742129362502386
Langfjordjokelen,2088-12-01,-0.6884562331724867,-0.878155778688312,-0.3388999048559931
Langfjordjokelen,2089-01-01,-1.4140105733740433,-0.609473269005252,-0.7600190404526218
Langfjordjokelen,2089-02-01,-0.9519483304852364,0.42557195429524475,-0.7244372544861865
Langfjordjokelen,2089-03-01,0.1099516016374561,0.5232680738642723,0.5837172938550078
Langfjordjokelen,2089-04-01,-0.7148863764675135,-0.3687472647332415,0.7774345089421476
Langfjordjokelen,2089-05-01,-0.5638615032564166,-0.3934226372762466,-0.8677771599484635
Langfjordjokelen,2089-06-01,-0.4159879618262583,-0.03684446324957857,-0.09466695511668766
Langfjordjokelen,2089-07-01,0.005952133863182866,-0.2009472030573564,0.09871148805964831
Langfjordjokelen,2089-08-01,-0.29519512411765075,-0.26923183605522666,-0.6064184703407782
Langfjordjokelen,2089-09-01,0.15244337061954838,-0.406176312512515,-0.1760096145593244
Langfjordjokelen,2089-10-01,-0.07020636128742967,0.31989398143930564,-0.6639334796641158
Langfjordjokelen,2089-11-01,-0.1414340661288345,-0.9231307063687337,-0.8904517655257548
Langfjordjokelen,2089-12-01,-0.01920987607437193,-0.9375156925298814,-0.23670117045186145
Langfjordjokelen,2090-01-01,1.183934185236452,0.08622498602347743,-1.2355977371088667
Langfjordjokelen,2090-02-01,-0.11082198773230441,-1.1026522919933917,-0.2689499449293063
Langfjordjokelen,2090-03-01,0.7002437318370682,-0.15429780026179774,-1.0433558003996766
Langfjordjokelen,2090-04-01,0.14543088874939858,0.2680307990742239,-0.41031868322502946
Langfjordjokelen,2090-05-01,-0.37921408364489023,-0.25053641121155973,-0.5393442707524173
Langfjordjokelen,2090-06-01,-0.5652324295606186,0.44822136602166446,0.0018071684941700916
Langfjordjokelen,2090-07-01,-0.2683076738996431,0.31094335518330135,-0.4303177624993281
Langfjordjokelen,2090-08-01,0.2560169897194621,-0.49351928253935534,-0.8970831987622221
Langfjordjokelen,2090-09-01,-0.14116689738571933,-0.2483567414419522,-0.5609351883380816
Langfjordjokelen,2090-10-01,-0.4383455212805749,0.0916221148886255,-0.42928154112499906
Langfjordjokelen,2090-11-01,-0.643459083435986,0.23735366340780858,-0.7478862279710531
Langfjordjokelen,2090-12-01,0.06965965232447258,-0.3855933758511931,-0.13017012283684662
Langfjordjokelen,2091-01-01,-0.5919046131419149,-0.5812254566734779,-0.5792139240797526
Langfjordjokelen,2091-02-01,-0.10241219722811058,0.6413955060968283,-0.11520981001125143
Langfjordjokelen,2091-03-01,-0.42019711449058184,0.7120265342213852,-0.32498223531658543
Langfjordjokelen,2091-04-01,-0.24875339851209188,-0.23863247477181204,0.01322452630284667
Langfjordjokelen,2091-05-01,-0.3608645668837056,-0.5409275827221846,-0.4128645936071484
Langfjordjokelen,2091-06-01,0.3575587652940153,-0.5771017711543706,-0.9721504412497696
Langfjordjokelen,2091-07-01,-0.10524399650400984,0.2697236763813356,-0.4386941256630436
Langfjordjokelen,2091-08-01,-0.21566037059855483,-0.21196448641551677,-0.25405412110960385
Langfjordjokelen,2091-09-01,-0.062475979153565016,0.2985205337088415,-0.5811829311957505
Langfjordjokelen,2091-10-01,-0.2530485759196556,0.2950384060972669,-0.6328408560597131
Langfjordjokelen,2091-11-01,-0.18702360603653845,0.04488544266975609,-1.2890988792459972
Langfjordjokelen,2091-12-01,-0.3771772784394374,-0.565729309858207,-0.7808182546699486
Langfjordjokelen,2092-01-01,0.2835875893399363,0.5293580418333048,0.17144410907162566
Langfjordjokelen,2092-02-01,-0.3052438418885974,0.06352218700750957,-0.08908424591715958
Langfjordjokelen,2092-03-01,-0.24031769764597452,0.25715069881625346,-0.6227659322815883
Langfjordjokelen,2092-04-01,-0.04400576636491579,-0.889632587321386,-0.8773518013362533
Langfjordjokelen,2092-05-01,0.35102949020095525,-0.06596686046826496,-0.36962563538498344
Langfjordjokelen,2092-06-01,0.10394105498288546,-0.8125801354447889,-0.4637955028058509
Langfjordjokelen,2092-07-01,-0.19880058681263704,-0.01686677206248709,-0.39491275620176625
Langfjordjokelen,2092-08-01,-0.0766042830559308,-0.11912259483687654,0.2790284292883647
Langfjordjokelen,2092-09-01,-0.5564364808980574,-0.12966362479941648,0.10671397626592737
Langfjordjokelen,2092-10-01,0.4785693940636285,-0.7016175167352475,-0.363242440629117
Langfjordjokelen,2092-11-01,0.0970877162321182,-0.3231817897664293,-0.8143320172120863
Langfjordjokelen,2092-12-01,0.1966519103291704,-0.23464765516885888,0.12642861354582657
Langfjordjokelen,2093-01-01,-0.1816821806191796,0.21147757404721798,-0.1540318000433987
Langfjordjokelen,2093-02-01,0.06310806247141258,0.37015346557732287,-0.4899553235441951
Langfjordjokelen,2093-03-01,-0.5500435924941264,0.22956825250422055,-0.570811307818066
Langfjordjokelen,2093-04-01,-0.2086672712479745,-0.5137136195406132,-1.4556764025850886
Langfjordjokelen,2093-05-01,-0.448910692321493,-0.6589361971168666,-0.39510966494361854
Langfjordjokelen,2093-06-01,-0.5635082693583254,-0.2677634209753481,-0.8813784538318004
Langfjordjokelen,2093-07-01,-0.39179659720330173,0.01562027125710567,-1.021322406469288
Langfjordjokelen,2093-08-01,-0.14868245762866228,-0.636750581822039,-0.3158483841229684
Langfjordjokelen,2093-09-01,-0.15339583195046932,-0.4917730918099141,-0.16389607751937918
Langfjordjokelen,2093-10-01,-0.5567779265245116,0.20609170578228897,-0.5184900992647283
Langfjordjokelen,2093-11-01,-0.045211143317747705,-0.4755546078610274,-1.0858711852488898
Langfjordjokelen,2093-12-01,0.35420933290292655,0.6464292284398111,1.450241831149973
Langfjordjokelen,2094-01-01,-0.7471146840973044,-1.4536024716288931,0.22931243621243902
Langfjordjokelen,2094-02-01,-0.48578119195716796,-0.5043621855760608,-0.32933049516530905
Langfjordjokelen,2094-03-01,-0.07028722071889627,-0.84063018230465,0.144152960371444
Langfjordjokelen,2094-04-01,-0.38134479755069317,-0.01605374290587421,-0.3202161999637479
Langfjordjokelen,2094-05-01,-0.174149407833729,-0.1942347848831754,0.07576666322926605
Langfjordjokelen,2094-06-01,-0.41683487344090836,-0.11897494918002198,-0.6364463014695108
Langfjordjokelen,2094-07-01,-0.3912179181458553,0.1495555142003129,-0.14991307232856604
Langfjordjokelen,2094-08-01,-0.229265202649114,0.06284797280925002,-0.11340039255986305
Langfjordjokelen,2094-09-01,-0.08355010806921721,-0.36707873456841167,-0.7271224475979174
Langfjordjokelen,2094-10-01,-0.08780021783663021,-0.5661614321333418,0.09495304484959766
Langfjordjokelen,2094-11-01,-0.44457772359628894,-0.8489334984632707,0.7632512239700165
Langfjordjokelen,2094-12-01,-0.27594372331741357,-0.4756565931625234,-1.9257619586051227
Langfjordjokelen,2095-01-01,-1.3455883441756775,0.5637166781868246,-0.45331478877577175
Langfjordjokelen,2095-02-01,0.6868918013081894,-1.2621449326905303,0.18380111584801542
Langfjordjokelen,2095-03-01,-0.6129328054963152,0.2025121074821424,-0.40047569586599274
Langfjordjokelen,2095-04-01,0.3059938735001749,-0.9524657633871606,0.45428838548127287
Langfjordjokelen,2095-05-01,0.048231151383582575,-0.6360454437792779,-0.052811139772637405
Langfjordjokelen,2095-06-01,-0.5064014156689,-0.2774792212193162,-0.1468390585685375
Langfjordjokelen,2095-07-01,-0.043400429007676766,-0.15252209788516782,-0.5494489440982725
Langfjordjokelen,2095-08-01,-0.15664624937106492,0.0412123916781304,-0.026465118494208323
Langfjordjokelen,2095-09-01,-0.4237745870463033,-0.014417655507812377,-0.12790633358218076
Langfjordjokelen,2095-10-01,0.011529832341176697,-0.42798814896430865,-0.9525165890433834
Langfjordjokelen,2095-11-01,0.4574960805403026,-0.1541809700554686,0.04117455739485148
Langfjordjokelen,2095-12-01,-0.5562492838191603,-0.07241037644495617,0.17929411228370143
Langfjordjokelen,2096-01-01,0.09017403866495143,0.0899212130079023,-0.49361069649500594
Langfjordjokelen,2096-02-01,-0.8373064805478027,-0.762600216750203,-0.5487064478065051
Langfjordjokelen,2096-03-01,-0.4040169962281727,-0.5677847233095586,-0.21232340545777895
Langfjordjokelen,2096-04-01,-0.6074897059099498,0.2875390307355572,-0.06708929448030304
Langfjordjokelen,2096-05-01,-0.2536083493017755,0.012812530512773387,-0.5896766528182088
Langfjordjokelen,2096-06-01,-0.14497340606412798,-0.32701913396243704,-0.6667319802659294
Langfjordjokelen,2096-07-01,-0.564681834563162,-0.45035454287948484,-0.7424651689924833
Langfjordjokelen,2096-08-01,-0.38512730851255933,-0.09077814596618138,-0.4022011858365195
Langfjordjokelen,2096-09-01,0.22495028569969677,-0.038381438315399995,-0.7458956800695731
Langfjordjokelen,2096-10-01,0.07185596785954014,0.05593236998736143,-1.086823149922204
Langfjordjokelen,2096-11-01,-0.12014917986874163,-0.7197783847646461,-1.259386699273242
Langfjordjokelen,2096-12-01,-0.2728195061591092,-0.8881072480482167,-0.9767705334300262
Langfjordjokelen,2097-01-01,-1.086321005614651,-0.5717936517959342,0.19162763046898487
Langfjordjokelen,2097-02-01,0.12372731203810423,-1.1704708254294105,-1.8207522373857135
Langfjordjokelen,2097-03-01,0.24831473187480635,0.08212314430032226,0.5036151376794211
Langfjordjokelen,2097-04-01,-0.478359297606104,-0.9371869000152419,-0.01964206447837563
Langfjordjokelen,2097-05-01,-0.6395825288856118,0.10548653676440915,-0.2964348592059058
Langfjordjokelen,2097-06-01,0.2579358311847579,-0.2509593785037498,-0.997270713005451
Langfjordjokelen,2097-07-01,0.16856261737129405,-0.20904355103450203,-0.3706194098081137
Langfjordjokelen,2097-08-01,0.13732154723503587,-0.33469134898521463,-1.0860287735744705
Langfjordjokelen,2097-09-01,0.3368600297578546,-0.33962653263137144,0.039429830836064626
Langfjordjokelen,2097-10-01,-0.49897948058814046,-0.12903973287213466,-0.14226816745520293
Langfjordjokelen,2097-11-01,-0.6514149417225513,-0.6281983614042722,-0.34723929907505013
Langfjordjokelen,2097-12-01,-0.3738207208848983,0.2409678911662875,-0.6279335238055926
Langfjordjokelen,2098-01-01,0.4570417158276128,-1.0302240575794774,-1.2947396570189296
Langfjordjokelen,2098-02-01,-0.9184724034620669,0.15528735937505986,-1.017513373025184
Langfjordjokelen,2098-03-01,0.2724700950411418,-0.3899879962036514,-1.343471449840002
Langfjordjokelen,2098-04-01,-0.4105686322394367,0.04200875933319806,-0.7679376451700692
Langfjordjokelen,2098-05-01,-0.51527059033876,-0.5091224472739255,-0.24763153953366937
Langfjordjokelen,2098-06-01,0.12997267225788678,0.23127003940643928,-0.35031648968563367
Langfjordjokelen,2098-07-01,-0.15657967941662845,0.25784851337479825,-0.13398227068835736
Langfjordjokelen,2098-08-01,0.12582657808853467,0.06788818178896112,-0.49264434829673914
Langfjordjokelen,2098-09-01,-0.525819488931018,-0.3592493472025562,-0.6299137662092481
Langfjordjokelen,2098-10-01,-0.3609167903362072,0.1408310282071866,-0.28761474542154963
Langfjordjokelen,2098-11-01,0.42143706607897813,-0.6516515972322802,0.8253738460196631
Langfjordjokelen,2098-12-01,-0.9870128638594662,-0.09244369052789984,0.6475301968755395
Langfjordjokelen,2099-01-01,-0.6112011507271525,0.09210659008423216,-0.4260595784126378
Langfjordjokelen,2099-02-01,0.3548539727136814,-0.2594164490456817,-1.8349764317783592
Langfjordjokelen,2099-03-01,-0.08370897582790297,-0.10848675904510896,-1.4197149737962107
Langfjordjokelen,2099-04-01,0.2556120578665287,-0.13168285602338528,-0.36730599982200646
Langfjordjokelen,2099-05-01,-0.35510258509747206,0.10216800162233423,-1.0361536438923478
Langfjordjokelen,2099-06-01,-0.39636201571649154,-0.010868664063483963,0.1585707237237445
Langfjordjokelen,2099-07-01,0.1530956592564996,-0.23287851667189638,-0.7459161847921014
Langfjordjokelen,2099-08-01,0.06259546154372671,0.1633206496526956,-0.3257538801970385
Langfjordjokelen,2099-09-01,-0.39689882337496935,-0.3548819180435651,-0.16999847993394415
Langfjordjokelen,2099-10-01,-0.3040548184279693,-0.22962545154789557,-1.0203999277807323
Langfjordjokelen,2099-11-01,-0.3139540170739012,-0.28965831147540794,-0.26060290430017746
Langfjordjokelen,2099-12-01,0.000752896797683524,-0.8085602501500238,-0.268664918701281
Langfjordjokelen,2100-01-01,0.20915284774614054,-0.3495512280541502,-0.3861154832218135
Langfjordjokelen,2100-02-01,-0.5700110775909762,-0.7443432044901676,-0.05088433902007115
Langfjordjokelen,2100-03-01,-0.14640445859780207,-0.3023549550058906,-0.7544409684763179
Langfjordjokelen,2100-04-01,-0.528457576304311,-0.14096645577555533,-0.7395099736961677
Langfjordjokelen,2100-05-01,-0.47342593777687125,-0.16268846519141852,-0.3092170075497054
Langfjordjokelen,2100-06-01,-0.18370930106953498,-0.4015886464292658,-0.35507090037386174
Langfjordjokelen,2100-07-01,-0.5129946920942593,-0.7090974152575025,-0.4643793094133711
Langfjordjokelen,2100-08-01,-0.19817859077539687,-0.27200642561990634,-0.281567451587111
Langfjordjokelen,2100-09-01,-0.12051952759418157,-0.5292472790314814,-0.6501136481344042
Langfjordjokelen,2100-10-01,-0.21219616461495594,-0.4197302930795195,-0.3247471495193431
Langfjordjokelen,2100-11-01,-0.8884217905653875,-0.4174122817538306,-1.0502330279743795
Langfjordjokelen,2100-12-01,-0.18092376734273252,0.018452534867219966,-1.254688590880697
Nigardsbreen,2015-01-01,-0.02430347498444979,0.3422934423017591,0.27041734536466316
Nigardsbreen,2015-02-01,-0.46985282971870773,0.1919988673806018,-0.11656112695809388
Nigardsbreen,2015-03-01,-0.12441861710012551,0.1420427751282531,-0.3086140886266713
Nigardsbreen,2015-04-01,-0.09533797745744016,-0.15298733298091863,0.0096863521935512
Nigardsbreen,2015-05-01,-0.20030824110348333,-0.04145291206877163,-0.1710085959259833
Nigardsbreen,2015-06-01,0.13862293683136395,0.05416449499609823,0.13432223882247965
Nigardsbreen,2015-07-01,0.11653906385356538,0.13925493324892602,0.0824386508744349
Nigardsbreen,2015-08-01,-0.06456299901949897,0.27333260412322297,-0.38349067429178235
Nigardsbreen,2015-09-01,-0.1974993845900479,0.3586023210937832,0.08209728618997603
Nigardsbreen,2015-10-01,-0.5086842964839023,0.051941939405539726,-0.4579285445968407
Nigardsbreen,2015-11-01,0.5010542213988486,0.08574320688713545,-0.18040602678572626
Nigardsbreen,2015-12-01,-0.17947546158164776,0.1304558103821232,0.2525694718516039
Nigardsbreen,2016-01-01,0.1319123123071271,0.28884389711132963,-0.029569697581312865
Nigardsbreen,2016-02-01,0.2329907612415406,0.14050556926616883,-0.025711554319588135
Nigardsbreen,2016-03-01,0.08466478949000056,0.18444718358567114,-0.20537460489126588
Nigardsbreen,2016-04-01,0.261808037332329,0.044320339503059546,0.07165195745663067
Nigardsbreen,2016-05-01,-0.014534776368874147,0.6500737734884185,0.0530620482542695
Nigardsbreen,2016-06-01,-0.15110010447325317,-0.14800439442441918,0.12310750344100523
Nigardsbreen,2016-07-01,-0.2780847575959163,-0.018525005325786176,0.14120707400636792
Nigardsbreen,2016-08-01,-0.1367935550129534,0.298437023910845,-0.23948395071604786
Nigardsbreen,2016-09-01,-0.29456002376454204,-0.17467376226462042,-0.3664853440994011
Nigardsbreen,2016-10-01,0.11107831492803599,-0.1477873848000241,0.3130057230500382
Nigardsbreen,2016-11-01,0.008868680110789576,0.08515231371603706,-0.33224723424461344
Nigardsbreen,2016-12-01,-0.0578442275893307,-0.07573914804564674,-0.2325203740985056
Nigardsbreen,2017-01-01,0.17718787804021144,0.41890558068230077,-0.20786722612201128
Nigardsbreen,2017-02-01,-0.019774850808151802,0.4076854404073975,0.26901637209886303
Nigardsbreen,2017-03-01,-0.4601044678079187,0.5973502798379958,-0.11010628054940318
Nigardsbreen,2017-04-01,-0.14069876809179402,0.07878720570411306,-0.043369712101305434
Nigardsbreen,2017-05-01,0.06102744199136726,0.24112617780537426,-0.019962015666134567
Nigardsbreen,2017-06-01,-0.12885815659631336,0.05377295470719543,0.37911928707269094
Nigardsbreen,2017-07-01,-0.18946554873784938,-0.09604188865729844,-0.007519243031693404
Nigardsbreen,2017-08-01,0.11822265993524289,-0.10475754348579402,0.023835840256756526
Nigardsbreen,2017-09-01,0.20669911832089816,0.24083076516022314,0.12452814793798828
Nigardsbreen,2017-10-01,0.09200677198563374,-0.5219016146406269,0.023594668358613912
Nigardsbreen,2017-11-01,-0.21691337995059623,0.08037270708530452,0.023740732960715688
Nigardsbreen,2017-12-01,-0.3907244360722168,-0.4526322127005827,-0.04189522437287454
Nigardsbreen,2018-01-01,-0.4107528025361362,-0.19636433628383407,0.4092117516032587
Nigardsbreen,2018-02-01,-0.06584126593543287,-0.1474047001762495,0.2576032015542756
Nigardsbreen,2018-03-01,-0.215344259533187,0.0376481598300833,0.30285840134783454
Nigardsbreen,2018-04-01,-0.07125416007688878,0.0648027706849676,-0.07532203679804593
Nigardsbreen,2018-05-01,-0.26892449411796354,-0.11900807490676664,-0.042194525753623736
Nigardsbreen,2018-06-01,0.3037943189424199,-0.042419443147411445,-0.020797771097909194
Nigardsbreen,2018-07-01,0.10333323654162684,0.13513074672963463,-0.23446042275414594
Nigardsbreen,2018-08-01,-0.0377114050524266,0.2612482510535472,-0.3568289138387167
Nigardsbreen,2018-09-01,-0.37654850971111037,-0.46622339387351425,-0.4105104185644383
Nigardsbreen,2018-10-01,-0.31442936161642004,0.20028003882520115,-0.049142019881128124
Nigardsbreen,2018-11-01,-0.10733552360481541,-0.08847486861389608,0.1927902713158579
Nigardsbreen,2018-12-01,0.2857531348970688,-0.40682926804277386,0.29703787230543405
Nigardsbreen,2019-01-01,-0.026744863809077517,-0.4471836983665409,-0.3593912663982775
Nigardsbreen,2019-02-01,0.11126881288838127,-0.25191488912157983,0.21684368964382986
Nigardsbreen,2019-03-01,0.011808095597626217,-0.0060441571589731095,-0.3407100730490678
Nigardsbreen,2019-04-01,-0.15437695043813932,0.020313696225079992,0.2452643092562128
Nigardsbreen,2019-05-01,-0.08922440504658828,-0.42563909822981544,0.41617258237135296
Nigardsbreen,2019-06-01,-0.07882544640537405,0.15405518357141165,0.3923005917818985
Nigardsbreen,2019-07-01,-0.19686750445892698,0.050710530389479536,-0.13913767432081794
Nigardsbreen,2019-08-01,-0.22602587176984903,-0.029848708460619298,-0.10073879388306621
Nigardsbreen,2019-09-01,0.18132708038403092,-0.07236926159405815,-0.18811879621915498
Nigardsbreen,2019-10-01,-0.1341425130845792,0.17148931383216728,0.18218699966576138
Nigardsbreen,2019-11-01,-0.040445951559825756,0.4550500838427629,-0.17029908960546916
Nigardsbreen,2019-12-01,-0.13071635043227345,-0.31630823107910955,-0.11713962374768598
Nigardsbreen,2020-01-01,0.255222265492091,0.24503594931943895,-0.23948631423083908
Nigardsbreen,2020-02-01,0.0279210769670336,0.6232617611603285,0.0164021673776498
Nigardsbreen,2020-03-01,-0.5472438562917922,0.09504159638873284,0.051546073519229414
Nigardsbreen,2020-04-01,-0.21930786344587117,0.10751232563294588,-0.09706753350459274
Nigardsbreen,2020-05-01,0.1345155577575658,0.08593305433927377,-0.20682529956525655
Nigardsbreen,2020-06-01,-0.20543955536631064,0.08984370672201526,0.12550314395863868
Nigardsbreen,2020-07-01,0.1653268884319297,-0.12301862449758065,-0.20264830859273272
Nigardsbreen,2020-08-01,-0.1044008719978835,0.029606997757683884,-0.08732692840068051
Nigardsbreen,2020-09-01,0.18532169936254414,-0.18397533492033724,0.41693656936049184
Nigardsbreen,2020-10-01,-0.6261663326986994,0.30316832082577466,0.13313694706893764
Nigardsbreen,2020-11-01,-0.27667525946345345,0.06804870275397217,-0.14826744604397787
Nigardsbreen,2020-12-01,-0.1013310523139845,0.16280836775668836,-0.3642422422959249
Nigardsbreen,2021-01-01,0.10151552620326909,-0.01487921593550874,0.46734340392452894
Nigardsbreen,2021-02-01,-0.23390450824942524,0.5154678224952376,0.3750399082643321
Nigardsbreen,2021-03-01,0.5177703248804265,0.461971801095498,-0.05157401655547214
Nigardsbreen,2021-04-01,-0.2480947537251755,-0.09752924307214202,0.3294813081125873
Nigardsbreen,2021-05-01,0.09924812933014782,0.1441350124035836,0.03420666412464209
Nigardsbreen,2021-06-01,-0.11335249369354268,0.1323642053783447,-0.11742128004131508
Nigardsbreen,2021-07-01,-0.054587667381121106,-0.2177526296667078,0.13637646773353995
Nigardsbreen,2021-08-01,0.06303879542909659,-0.28330165056408435,0.010341704012758633
Nigardsbreen,2021-09-01,0.19985379174857956,-0.2600216680519898,-0.06938376861835911
Nigardsbreen,2021-10-01,0.3633844257912111,-0.08647142217351456,-0.3964718569503171
Nigardsbreen,2021-11-01,-0.07710415394052757,-0.012910769436864845,0.0006847230291058166
Nigardsbreen,2021-12-01,0.43689354927288937,-0.27866484598818736,0.13657249962561804
Nigardsbreen,2022-01-01,-0.16446753492717595,-0.17918936337491484,-0.1552582053947186
Nigardsbreen,2022-02-01,0.12298819108180203,-0.4112137557628987,-0.07621248083667381
Nigardsbreen,2022-03-01,-0.4440081145380419,-0.2716510888218757,-0.6323352909565103
Nigardsbreen,2022-04-01,-0.20141076256207913,-0.35694184644833377,0.44179736053273516
Nigardsbreen,2022-05-01,0.047376239326908175,-0.19613050906613563,-0.22692597720527327
Nigardsbreen,2022-06-01,0.17003070029431577,-0.09285896483322319,-0.1634170318417439
Nigardsbreen,2022-07-01,0.22375287682672662,-0.040014533663692585,-0.02190159608431635
Nigardsbreen,2022-08-01,0.056080388609290543,0.011442862503488383,-0.38179291509757896
Nigardsbreen,2022-09-01,-0.021653513738667324,-0.2219619536300477,0.0012566527123794718
Nigardsbreen,2022-10-01,0.517528988399382,-0.27727405814234635,0.25610145513604604
Nigardsbreen,2022-11-01,-0.04511628694713978,-0.6508967416391628,0.12456247373454561
Nigardsbreen,2022-12-01,0.1558274070344338,0.0480565869298313,0.4365123758606462
Nigardsbreen,2023-01-01,0.40664097831532314,0.16778660450317448,0.3604631198528158
Nigardsbreen,2023-02-01,0.16081703751281254,0.05770868037867497,-0.020121364385017673
Nigardsbreen,2023-03-01,0.27398356696546006,-0.7197222697065175,0.07028433396782907
Nigardsbreen,2023-04-01,-0.374687748513655,-0.003475813289006112,0.08032670895514087
Nigardsbreen,2023-05-01,0.1548489951684628,0.010315472752730767,-0.145082458514873
Nigardsbreen,2023-06-01,-0.07498328445392564,-0.050998974963240566,-0.3105578981508847
Nigardsbreen,2023-07-01,-0.30648145433493,-0.08011103938038544,0.11764654252834983
Nigardsbreen,2023-08-01,0.16120774534376386,-0.079781609812465,-0.3417879487674285
Nigardsbreen,2023-09-01,0.5200782228258855,0.1818840816020455,0.2440868019341166
Nigardsbreen,2023-10-01,0.6044644368819554,0.5969674976450999,-0.2407260710324947
Nigardsbreen,2023-11-01,0.08902657053230308,-0.29806395119877344,-0.00737945355613009
Nigardsbreen,2023-12-01,0.14733683434434683,-0.06127034590630867,0.12035588182294817
Nigardsbreen,2024-01-01,0.039311358195936716,0.8335207563385644,-0.6119472181843202
Nigardsbreen,2024-02-01,0.41570242897820037,-0.3039640883448933,-0.030881857793708462
Nigardsbreen,2024-03-01,0.12213169264388472,-0.026729385102594688,-0.09093930029172165
Nigardsbreen,2024-04-01,-0.3028236213433959,0.29206866448183294,-0.07942199794517817
Nigardsbreen,2024-05-01,0.3188689025048272,0.4145086188084293,-0.24130969669552924
Nigardsbreen,2024-06-01,0.03203340064585342,0.037222697443878204,-0.27292121673466735
Nigardsbreen,2024-07-01,0.02640666523273698,0.10034914757367887,0.04956131461627369
Nigardsbreen,2024-08-01,-0.028701311739819824,0.1047875356879014,-0.144797786855589
Nigardsbreen,2024-09-01,0.435021750843492,0.281718032689336,-0.04953687903168024
Nigardsbreen,2024-10-01,-0.17699640863412744,0.14324953663579798,-0.13538519246354186
Nigardsbreen,2024-11-01,0.10049846971835853,0.03312604394837837,-0.11974589920872698
Nigardsbreen,2024-12-01,-0.15644384658918942,-0.058754782750725744,-0.46808836137124005
Nigardsbreen,2025-01-01,-0.02314362372707962,-0.1631129771399418,-0.10275477868929568
Nigardsbreen,2025-02-01,0.06237856141788958,-0.06287491779302774,0.23134523157018358
Nigardsbreen,2025-03-01,0.24684775103192944,-0.03937783826032283,0.14547981594221687
Nigardsbreen,2025-04-01,-0.1744173058846723,-0.4287381316365524,0.47708287694401785
Nigardsbreen,2025-05-01,-0.12360468119067551,-0.12981607347075616,-0.029436580932609268
Nigardsbreen,2025-06-01,0.24302791246246622,0.053521240644713336,0.20194939725276018
Nigardsbreen,2025-07-01,-0.26315079085070164,-0.07295367399237977,-0.03763910128994069
Nigardsbreen,2025-08-01,0.09097880132279396,-0.2587930486160066,0.2150135546589116
Nigardsbreen,2025-09-01,0.2934627789505075,-0.2347138216388318,0.25021063167468527
Nigardsbreen,2025-10-01,-0.043385642081657044,0.013381345954862062,0.11653858760893494
Nigardsbreen,2025-11-01,-0.03348409839803838,0.054454339340290314,-0.10348363890948027
Nigardsbreen,2025-12-01,-0.43112617736159464,0.1363189283334352,0.3905361954793911
Nigardsbreen,2026-01-01,-0.5832272739654324,-0.23329384354116958,0.49452915989046625
Nigardsbreen,2026-02-01,-0.34751237264292145,-0.04204352129547844,-0.4999767421939351
Nigardsbreen,2026-03-01,-0.5355792777402554,-0.07318246040375509,-0.25282343228679044
Nigardsbreen,2026-04-01,-0.37772696901894715,0.04393481650951401,-0.15856325249053976
Nigardsbreen,2026-05-01,0.04581203614176945,-0.06084408089279505,-0.20017862410460427
Nigardsbreen,2026-06-01,0.01927746287414548,-0.07389469521403624,-0.3187754893544745
Nigardsbreen,2026-07-01,0.17331326322255466,-0.18332197573391182,0.011291512230125264
Nigardsbreen,2026-08-01,-0.4815572769491498,0.11393491796178985,0.07443688825362312
Nigardsbreen,2026-09-01,0.07088468606927881,0.07276973808804447,0.10794980715692444
Nigardsbreen,2026-10-01,-0.2923203781331771,-0.29497850155999467,-0.16415883198140577
Nigardsbreen,2026-11-01,-0.1982963366246172,0.24008444706996487,-0.17607034914207498
Nigardsbreen,2026-12-01,0.3781408960145205,-0.5471385602129853,0.4651389337377771
Nigardsbreen,2027-01-01,0.4849095281160373,-0.7460916052541485,-0.1848042991171169
Nigardsbreen,2027-02-01,0.10534182107538559,0.2415880536340672,0.21665126165572132
Nigardsbreen,2027-03-01,0.07935914910865065,0.14212411707721384,-0.25184298372763575
Nigardsbreen,2027-04-01,-0.16277689241269103,-0.23465594563792455,0.31805608579111094
Nigardsbreen,2027-05-01,0.1365832272070753,0.2705890974836895,0.037607128870166644
Nigardsbreen,2027-06-01,-0.13357538452173784,-0.17875967822556904,-0.054096955171744475
Nigardsbreen,2027-07-01,-0.02886636368520824,-0.04111041397156822,-0.012352484093571654
Nigardsbreen,2027-08-01,-0.16179194326142413,-0.026674269917655907,0.05950312690029306
Nigardsbreen,2027-09-01,0.2000723746267207,-0.21528531246985008,-0.08583659510657266
Nigardsbreen,2027-10-01,-0.427884070842436,-0.17631381175346325,-0.13561250719461826
Nigardsbreen,2027-11-01,0.20373827315057805,-0.23916424909654768,0.06685896153482819
Nigardsbreen,2027-12-01,-0.08516118088554847,0.1591013904241171,0.344517606601413
Nigardsbreen,2028-01-01,0.4863517733081851,0.15111513305575397,0.7382444329244219
Nigardsbreen,2028-02-01,-0.005725592361015025,0.6034433335444207,0.19521912805713937
Nigardsbreen,2028-03-01,-0.12803161834617285,-0.27843264324909445,0.3637756338639974
Nigardsbreen,2028-04-01,0.33327734542205184,-0.05260224967513324,-0.15382105623117195
Nigardsbreen,2028-05-01,0.03646867555313096,-0.13602261362957255,0.13234985293294407
Nigardsbreen,2028-06-01,0.04630622177740118,0.06205685596033369,0.07268749280807128
Nigardsbreen,2028-07-01,0.19263576482163827,-0.08742109350139478,-0.24463196297947742
Nigardsbreen,2028-08-01,0.06156505469071553,-0.3687053066310753,0.13453798572094353
Nigardsbreen,2028-09-01,0.09021068404864052,-0.04150792002573803,0.11580554938839487
Nigardsbreen,2028-10-01,-0.06683382229742187,0.09837006895649274,0.30794330211015736
Nigardsbreen,2028-11-01,-0.09549471830352979,-0.011998639837287125,0.2445356441029971
Nigardsbreen,2028-12-01,-0.11525500973304766,0.3197018660107675,0.6554780018094964
Nigardsbreen,2029-01-01,-0.1643391600948821,-0.2557723345080993,-0.4383333168359264
Nigardsbreen,2029-02-01,-0.07260745519114055,-0.27385052027732043,0.5489023572469566
Nigardsbreen,2029-03-01,0.4088858626497623,-0.13029149298952883,0.4479422052553648
Nigardsbreen,2029-04-01,-0.12419070864494001,0.03723885911461191,0.26888290146373345
Nigardsbreen,2029-05-01,0.19376262798171195,-0.09317659124333522,0.18214597110332043
Nigardsbreen,2029-06-01,-0.05231199582190705,0.06373722829962711,0.056472530150196376
Nigardsbreen,2029-07-01,-0.05517178351850464,0.07388503142875223,-0.09533500528359352
Nigardsbreen,2029-08-01,-0.07010938483456985,0.049130485766857634,0.05708545366340237
Nigardsbreen,2029-09-01,0.1867651458713251,-0.1282295182254572,0.22158890977572562
Nigardsbreen,2029-10-01,-0.25082580267495264,-0.5025064998756278,-0.08143048074211942
Nigardsbreen,2029-11-01,-0.7276659950677704,0.1133088650460456,0.2587037358001136
Nigardsbreen,2029-12-01,-0.32758826783631173,0.019615540142751128,0.257077194693146
Nigardsbreen,2030-01-01,0.33454388966361304,0.3866165437462752,-0.10322227675573221
Nigardsbreen,2030-02-01,-0.2396123081102859,-0.3813930126193174,0.025299430178924682
Nigardsbreen,2030-03-01,-0.13210972327585904,-0.3885735524141057,0.3136927564824686
Nigardsbreen,2030-04-01,-0.5433093930825897,-0.6057894518898386,0.07620967612307883
Nigardsbreen,2030-05-01,0.09253943083526546,0.20650525625957483,0.21499801650489125
Nigardsbreen,2030-06-01,0.03754481015668749,-0.2412657807152848,0.009828650683079141
Nigardsbreen,2030-07-01,-0.23167725989385624,0.053772747721409254,-0.15660647523991736
Nigardsbreen,2030-08-01,-0.08530770458168208,-0.09756035586775214,0.05329014580580362
Nigardsbreen,2030-09-01,-0.037338100888275876,-0.24267628377994868,0.06832399217581625
Nigardsbreen,2030-10-01,-0.37451953835158763,-0.3778250007556741,-0.05408123810013987
Nigardsbreen,2030-11-01,-0.29005902587451193,-0.03485823498807778,0.5191563341971362
Nigardsbreen,2030-12-01,0.4413896368742858,0.3331219299509543,-0.0901930260971132
Nigardsbreen,2031-01-01,-0.4863252191397442,-0.07045492504107936,0.17179112862684587
Nigardsbreen,2031-02-01,-0.1052583165006662,0.16504360879209012,-0.43958729561826965
Nigardsbreen,2031-03-01,0.29618712405540665,0.34123861090455015,-0.3420886207622773
Nigardsbreen,2031-04-01,-0.1548888044204401,-0.05335506110908108,0.20140342441352063
Nigardsbreen,2031-05-01,0.06747224378925594,0.14044262494538465,-0.01575336563475941
Nigardsbreen,2031-06-01,0.06361437354657128,0.03837756530776298,-0.13179967189069788
Nigardsbreen,2031-07-01,0.18281926862727493,0.20045335955789864,-0.13147180987213414
Nigardsbreen,2031-08-01,-0.02979487766825196,-0.19988673773168328,0.03707282344894387
Nigardsbreen,2031-09-01,0.150002653774342,0.1572847702568299,-0.22083878419118205
Nigardsbreen,2031-10-01,-0.31759382720219126,-0.0714165255051837,-0.041432285099957875
Nigardsbreen,2031-11-01,-0.36195932792890434,0.0002274321943598843,-0.019401237669444737
Nigardsbreen,2031-12-01,-0.24230044406110288,-0.4490472555665477,-0.3437360851011276
Nigardsbreen,2032-01-01,-0.14724311014953115,0.09708452579380615,0.22642922884743635
Nigardsbreen,2032-02-01,0.3718213660037728,0.07619471607154356,0.6462926163390598
Nigardsbreen,2032-03-01,0.43376708477442577,0.17076835939601184,-0.193139768261546
Nigardsbreen,2032-04-01,0.0726340807665921,-0.14128195302532362,-0.4287485397941507
Nigardsbreen,2032-05-01,0.17233152579937916,-0.021504450188745246,0.1583501597071193
Nigardsbreen,2032-06-01,0.2145476619851178,0.07273801149074503,0.05083304493574992
Nigardsbreen,2032-07-01,-0.10901427774118473,-0.11352204393340881,0.008827816631283207
Nigardsbreen,2032-08-01,-0.030474733072590268,0.161388103727689,-0.033294012304761034
Nigardsbreen,2032-09-01,0.2425893775296739,-0.21281734736742997,-0.012809763277218411
Nigardsbreen,2032-10-01,-0.05004744853607685,-0.41141750688271356,0.030528471429322735
Nigardsbreen,2032-11-01,-0.3446519865910555,0.07302980781231865,-0.12417357610248199
Nigardsbreen,2032-12-01,-0.04858441825539228,0.3255751435336268,0.3007901846602264
Nigardsbreen,2033-01-01,-0.2647827527829459,-0.012705007472981018,0.07197005753217522
Nigardsbreen,2033-02-01,0.11924983509488603,-0.2715483672559429,-0.48742796777705505
Nigardsbreen,2033-03-01,-0.5108645032459731,0.5581203779454782,-0.422972134908462
Nigardsbreen,2033-04-01,0.12741766828529558,-0.022817158332530115,-0.14636749902404203
Nigardsbreen,2033-05-01,-0.014589205488631433,-0.2253708393961924,-0.258906912730259
Nigardsbreen,2033-06-01,0.21925673974548357,-0.38973965714419734,0.025099859884375356
Nigardsbreen,2033-07-01,-0.05085087017212688,0.19314313273869407,0.003717468737133975
Nigardsbreen,2033-08-01,-0.1874871479907393,-0.14349269233548104,-0.049714950473160525
Nigardsbreen,2033-09-01,0.028679915078329957,0.021261055777368375,-0.2673223808395196
Nigardsbreen,2033-10-01,0.163981013340219,-0.17857724445709822,-0.06275503794281972
Nigardsbreen,2033-11-01,-0.09198639698908796,0.02296591766321171,-0.38566401819621055
Nigardsbreen,2033-12-01,0.573243349031226,-0.059133097248654544,0.10320989984534686
Nigardsbreen,2034-01-01,0.19539381596978314,-0.23492593921257662,-0.1489823636299105
Nigardsbreen,2034-02-01,-0.34282703837232154,-0.3931217384220275,0.23713663555020145
Nigardsbreen,2034-03-01,0.221382871062891,-0.24779219495627416,-0.6943315399671182
Nigardsbreen,2034-04-01,-0.04400827627203138,0.2881974018584965,-0.052202920848525236
Nigardsbreen,2034-05-01,-0.3312517297513586,-0.1195984718907538,0.1467991018678141
Nigardsbreen,2034-06-01,0.2500809333936849,-0.019671865608974725,0.37155823404597416
Nigardsbreen,2034-07-01,-0.27907970138292454,0.25432854691185663,0.054926215184179915
Nigardsbreen,2034-08-01,-0.2930313064697831,-0.1077596491834556,0.028702708404497995
Nigardsbreen,2034-09-01,-0.002277827452779468,-0.40504725992156315,0.11382966703824852
Nigardsbreen,2034-10-01,-0.14057724120732434,-0.12902304234415973,0.08814995750226558
Nigardsbreen,2034-11-01,-0.012998423174698409,0.09675358674567709,-0.36606307685210565
Nigardsbreen,2034-12-01,-0.23500631907739244,-0.026908698093593687,0.06395851512921018
Nigardsbreen,2035-01-01,0.3278189432352752,-0.10149769927565101,0.43936131957534563
Nigardsbreen,2035-02-01,-0.11287984678600615,-0.31145249380762186,0.09177059938632899
Nigardsbreen,2035-03-01,-0.09997929299571144,-0.03674331359325123,0.443546801492731
Nigardsbreen,2035-04-01,0.2211775474743433,-0.2071295165982232,-0.08017348760323266
Nigardsbreen,2035-05-01,-0.3715269027150092,-0.23174428062007704,-0.12880304309336596
Nigardsbreen,2035-06-01,-0.046759923228055555,0.07362936785507677,0.27395285255052576
Nigardsbreen,2035-07-01,-0.23435912189342623,-0.04416257787866406,-0.09060346091838528
Nigardsbreen,2035-08-01,0.18859429178973489,0.08320729769302503,0.19005684461567926
Nigardsbreen,2035-09-01,-0.16994050915196848,-0.0867548843936277,0.20487110409399653
Nigardsbreen,2035-10-01,0.029657589627685776,0.13594410688764472,0.004785245990166303
Nigardsbreen,2035-11-01,0.23887847362992443,0.22582492893958891,0.21512586256106078
Nigardsbreen,2035-12-01,0.11469402576466044,-0.3255735455012285,-0.360487629048799
Nigardsbreen,2036-01-01,-0.2032599233746514,-0.012098701215973865,-0.05320437151952862
Nigardsbreen,2036-02-01,-0.35969518442774323,-0.04358292680301538,-0.3795209277061598
Nigardsbreen,2036-03-01,0.2991134296460119,-0.0340932023804471,0.39353121797633
Nigardsbreen,2036-04-01,0.3973034411282597,0.23734572357250236,-0.31163630353369437
Nigardsbreen,2036-05-01,-0.07960982707714681,-0.12605268862860983,-0.09271404690419272
Nigardsbreen,2036-06-01,-0.03711892820653661,0.07056466149115107,-0.23454844326087776
Nigardsbreen,2036-07-01,0.06754538706962498,0.2777509850289221,0.12288541460033009
Nigardsbreen,2036-08-01,-0.03854383273630025,-0.06043897596735572,-0.05733307730289831
Nigardsbreen,2036-09-01,-0.008068255641593046,0.2717565644177543,-0.33521900449013553
Nigardsbreen,2036-10-01,0.07988389823394922,0.3069915175857413,-0.07450699719087787
Nigardsbreen,2036-11-01,-0.16703401499391626,0.04629664057749539,-0.19632604956853136
Nigardsbreen,2036-12-01,-0.3125789127380882,0.22365735287143684,0.046131088301157856
Nigardsbreen,2037-01-01,-0.08793279071965747,0.22014492276553688,0.4092223689606678
Nigardsbreen,2037-02-01,0.4654988983343153,0.3630166346461161,-0.057721908104167295
Nigardsbreen,2037-03-01,0.8424454353253257,-0.06943247784417556,0.10435754797030046
Nigardsbreen,2037-04-01,0.004581297275996799,0.3873726868923515,-0.2557623979220123
Nigardsbreen,2037-05-01,0.04013858543721272,-0.1927985839354487,0.1557979319584473
Nigardsbreen,2037-06-01,0.2245862032077394,-0.04617953244498648,-0.0781171748976018
Nigardsbreen,2037-07-01,0.31261820722511663,-0.019830539765830452,-0.06615303852560227
Nigardsbreen,2037-08-01,-0.22159833324406206,0.05176660122825172,-0.043673706975140524
Nigardsbreen,2037-09-01,-0.4021635265752366,0.14760374170835752,0.07058208743828455
Nigardsbreen,2037-10-01,0.2663653722902106,0.7314046724048898,0.02675357978737969
Nigardsbreen,2037-11-01,0.050054653565474415,0.013459789244089712,-0.42919969438958416
Nigardsbreen,2037-12-01,-0.08994030906014439,0.12071146103396142,0.07225590260946123
Nigardsbreen,2038-01-01,-0.24330180789874611,0.3030895082075962,-0.13126778963122013
Nigardsbreen,2038-02-01,0.21221433048895322,-0.16691920074079566,0.021868719072363065
Nigardsbreen,2038-03-01,0.48905173660268436,0.1405857566716319,-0.05123394736323689
Nigardsbreen,2038-04-01,-0.07008208757133616,-0.4326691738047412,0.48723614971359225
Nigardsbreen,2038-05-01,-0.002656583919861496,-0.0318053667484535,-0.3252522447981883
Nigardsbreen,2038-06-01,0.101582387571511,0.029407888304357987,-0.024342851339730753
Nigardsbreen,2038-07-01,-0.044303304976311776,0.01343164803539605,-0.07145573357061658
Nigardsbreen,2038-08-01,0.1752000149524521,0.2630607990229036,-0.18759061330992655
Nigardsbreen,2038-09-01,0.3567211350590493,-0.005916361486646361,0.15028024361596584
Nigardsbreen,2038-10-01,0.04499106044586391,-0.12241486527955647,0.28412960165276485
Nigardsbreen,2038-11-01,0.5656944115737589,0.07607563488378259,0.24578618935284272
Nigardsbreen,2038-12-01,-0.551810336171815,0.4086755154349948,0.43292433483545717
Nigardsbreen,2039-01-01,-0.0067554761786300654,0.3215607731481942,0.1810951220978929
Nigardsbreen,2039-02-01,-0.07832954202811114,-0.35242562946370587,-0.02870784283406665
Nigardsbreen,2039-03-01,-0.08678079674294338,-0.4470099889947212,-0.4287827718869222
Nigardsbreen,2039-04-01,0.22995285634426668,-0.3210235215410221,-0.4344876299607144
Nigardsbreen,2039-05-01,0.15819479352399754,-0.19639595085269623,-0.10963010472370299
Nigardsbreen,2039-06-01,-0.0210443312967562,0.10070438936848104,-0.24551801046716423
Nigardsbreen,2039-07-01,-0.0075347688885412266,-0.04676985071977929,-0.011504764854926776
Nigardsbreen,2039-08-01,-0.13665907645985065,0.06840570575184335,-0.21468802736371462
Nigardsbreen,2039-09-01,-0.2845375677780089,0.03634859562122101,-0.026409792702887316
Nigardsbreen,2039-10-01,-0.2803087048619666,0.15518992030755044,0.17823610659620037
Nigardsbreen,2039-11-01,0.016417355528821332,-0.058173124631817764,0.2849560279321462
Nigardsbreen,2039-12-01,-0.017489440522786687,0.24395002400236507,0.0028158202857903347
Nigardsbreen,2040-01-01,-0.39757662567039215,0.15581417415900747,0.9782514978098469
Nigardsbreen,2040-02-01,-0.41750778040346775,-0.05429461612623204,0.4600856639480873
Nigardsbreen,2040-03-01,-0.06249532938786431,0.19603140830047439,0.42608898395180167
Nigardsbreen,2040-04-01,0.3377102294022751,0.06476690052849503,-0.06980246107470074
Nigardsbreen,2040-05-01,-0.08998814650211621,-0.10032633396191631,-0.062076114680042725
Nigardsbreen,2040-06-01,-0.058888324076001176,0.08506455608551948,-0.08327295374701733
Nigardsbreen,2040-07-01,0.020465723107237575,-0.24404225580262454,0.08283573240314884
Nigardsbreen,2040-08-01,0.2938654381336227,-0.03170294868171102,-0.0037420372902000347
Nigardsbreen,2040-09-01,-0.024723447080977554,0.09863090603046702,0.04827597060776829
Nigardsbreen,2040-10-01,-0.06285166917848685,0.2525290979896051,0.01771125667968197
Nigardsbreen,2040-11-01,0.2874282138789514,0.35651454309583713,0.12670920788709059
Nigardsbreen,2040-12-01,0.5350654029462221,-0.30091584535256594,0.3183574619165233
Nigardsbreen,2041-01-01,-0.048737801503727106,0.17155365706058182,-0.07006462550391436
Nigardsbreen,2041-02-01,-0.022019201250445635,0.09270774479046247,-0.2995030906731018
Nigardsbreen,2041-03-01,0.012100944063428381,-0.14828405248423782,0.13975269832950804
Nigardsbreen,2041-04-01,0.05386124725917244,0.17350440870126518,-0.21489577482414113
Nigardsbreen,2041-05-01,-0.10611344181424598,-0.1745643330051502,-0.012681840996602203
Nigardsbreen,2041-06-01,-0.3327002461642213,-0.0317348165461434,-0.14640066590935996
Nigardsbreen,2041-07-01,0.044382748685677625,-0.08733019736749852,0.03956932709208431
Nigardsbreen,2041-08-01,-0.11944305718066839,-0.10598840360895441,-0.23764558551994164
Nigardsbreen,2041-09-01,-0.7194873576694065,0.010814998018238832,0.10729443550085038
Nigardsbreen,2041-10-01,-0.1406620067071046,-0.09611267576191058,0.19154649609470822
Nigardsbreen,2041-11-01,0.003583266570086653,0.36115001343622294,-0.05497046284486059
Nigardsbreen,2041-12-01,-0.08989837629508497,-0.379875967009949,0.18527665390851053
Nigardsbreen,2042-01-01,0.15066789166503983,0.31399469369740735,0.26266368878645796
Nigardsbreen,2042-02-01,-0.08445879494372353,0.4392693578203651,-0.6998990570682787
Nigardsbreen,2042-03-01,-0.02158496542774548,0.13777742222795245,-0.11986129322464038
Nigardsbreen,2042-04-01,0.04576291494431408,-0.022553971093364756,-0.40893198803046077
Nigardsbreen,2042-05-01,-0.2207659925898143,0.04801580698634136,-0.1912064665000143
Nigardsbreen,2042-06-01,-0.10536625503893278,-0.11492359037902411,0.03972358962659139
Nigardsbreen,2042-07-01,0.3721235206808407,-0.023856196936803492,-0.04681549896524848
Nigardsbreen,2042-08-01,-0.21317939416368806,-0.18869070859661016,0.02426296393557467
Nigardsbreen,2042-09-01,-0.3445738838309363,0.21781284748376137,-0.21507084221878392
Nigardsbreen,2042-10-01,0.45425777047954535,0.26871324786100165,0.16097172677640736
Nigardsbreen,2042-11-01,-0.318133932578761,-0.49049036684029845,-0.09505566012380377
Nigardsbreen,2042-12-01,0.6299927932662938,0.025308000470240205,-0.16730280102454254
Nigardsbreen,2043-01-01,0.19562752576691875,0.2432622712795259,-0.15911354553042006
Nigardsbreen,2043-02-01,0.6595548059065885,-0.1695160017680104,0.2794975254000042
Nigardsbreen,2043-03-01,-0.020714982807961826,0.25301752341729383,0.4985008103084052
Nigardsbreen,2043-04-01,0.04348048863676884,0.020570901815633515,-0.28499017457740883
Nigardsbreen,2043-05-01,-0.3368698142134394,0.2450486320804075,0.04719151036695011
Nigardsbreen,2043-06-01,-0.2918760439590005,-0.015118087304931464,-0.10468764809065416
Nigardsbreen,2043-07-01,0.19480885834119077,-0.07119178623922827,-0.01589948846874634
Nigardsbreen,2043-08-01,-0.046316365517128616,-0.2137451862392473,0.08259570764709394
Nigardsbreen,2043-09-01,-0.02293727284937473,-0.05904378900833237,-0.11486416398789573
Nigardsbreen,2043-10-01,0.13450777174821302,0.466212885353482,0.4880537540023864
Nigardsbreen,2043-11-01,0.08660404672470808,0.2331897502447916,0.11920243550984512
Nigardsbreen,2043-12-01,0.4901722031699052,0.12664467394543957,0.3435132354681032
Nigardsbreen,2044-01-01,0.13106012626408342,-0.6618471619830689,0.35364249121978447
Nigardsbreen,2044-02-01,0.3756385878209885,-0.03579366860851461,0.44236362288478853
Nigardsbreen,2044-03-01,-0.2063015918518151,0.09158157088833707,-0.45134503412227805
Nigardsbreen,2044-04-01,0.1411186743770046,-0.056167466603274464,-0.16018794536297026
Nigardsbreen,2044-05-01,-0.012284594069319426,-0.22392834934338948,-0.19455158049454324
Nigardsbreen,2044-06-01,-0.09022669102934272,-0.15441238868232285,-0.2553061750341546
Nigardsbreen,2044-07-01,0.14306493266110357,-0.026156432275895928,0.17532577475082198
Nigardsbreen,2044-08-01,0.08168442945591138,-0.08207752884022844,-0.012368404393066669
Nigardsbreen,2044-09-01,-0.39811390712264555,0.16892915925471974,-0.06677907994830613
Nigardsbreen,2044-10-01,-0.2416824573287509,-0.193949505671443,-0.016328208424888208
Nigardsbreen,2044-11-01,0.1986291351423266,-0.03129841608308647,-0.2932087937333267
Nigardsbreen,2044-12-01,0.5393092781405221,-0.27180793232152417,0.00029321749504997624
Nigardsbreen,2045-01-01,0.1660775125649707,-0.13013478777819054,-0.2959813447416715
Nigardsbreen,2045-02-01,0.6082779155016143,-0.736979934253668,0.1661967441929172
Nigardsbreen,2045-03-01,0.09275687963065049,-0.03936902507316035,0.0651036991712918
Nigardsbreen,2045-04-01,0.11925945349427364,0.038490502462693664,-0.07039108896185158
Nigardsbreen,2045-05-01,0.23336260375304171,-0.1201461861327034,-0.15265131837070037
Nigardsbreen,2045-06-01,0.019064848556436448,-0.029225431368438692,0.0860700131015892
Nigardsbreen,2045-07-01,-0.19396947484896584,0.36503051778355494,0.11970435780444781
Nigardsbreen,2045-08-01,0.03937149965961377,0.21764996562266092,0.15224529173143395
Nigardsbreen,2045-09-01,0.22484605331642393,0.29009545590783065,-0.047028693143974815
Nigardsbreen,2045-10-01,0.014293643814895854,0.6499980848735661,0.1552766080763678
Nigardsbreen,2045-11-01,0.021388047813067874,-0.3858301455057644,0.2510843086906081
Nigardsbreen,2045-12-01,-0.42366699924527174,0.33796786959104635,-0.33973080026522867
Nigardsbreen,2046-01-01,0.0647406643003776,-0.1485355858887157,-0.018716521398482254
Nigardsbreen,2046-02-01,-0.4086265000939921,-0.44423619019125304,0.5089964527052423
Nigardsbreen,2046-03-01,-0.5469128688041112,-0.007318444931026197,-0.232576189284845
Nigardsbreen,2046-04-01,0.029264250441900296,0.5867698162104421,0.07712471959255733
Nigardsbreen,2046-05-01,0.20751301166510253,0.36401850677139685,-0.061018735012696945
Nigardsbreen,2046-06-01,0.021050798199350216,0.02593305237158774,0.10964507268953473
Nigardsbreen,2046-07-01,0.04038843359740238,0.06663758371567015,-0.3031647002811082
Nigardsbreen,2046-08-01,0.1718606512492579,0.25806843611950364,0.32725324935894823
Nigardsbreen,2046-09-01,-0.229799104892113,0.013317954428542006,-0.11094965289549369
Nigardsbreen,2046-10-01,0.35354162543334194,0.10620139107590938,-0.19423940487461536
Nigardsbreen,2046-11-01,-0.3140368988770969,0.32589672784929546,-0.015317767677956227
Nigardsbreen,2046-12-01,-0.08719768349419403,0.08173713201500625,0.055870054173588125
Nigardsbreen,2047-01-01,-0.08671388478998361,-0.1098221046400415,0.5969594849940467
Nigardsbreen,2047-02-01,-0.5442577177798572,0.348508692693232,0.4746206290620509
Nigardsbreen,2047-03-01,0.2971266683089777,-0.09937080758695077,0.31490363536350224
Nigardsbreen,2047-04-01,-0.2335091418244454,-0.014120229324380333,0.23995518325701712
Nigardsbreen,2047-05-01,0.06044800437975906,-0.2275450773173803,-0.10773069214767854
Nigardsbreen,2047-06-01,-0.04584462140016086,0.03287125360835145,-0.2592254912620571
Nigardsbreen,2047-07-01,0.2842231993837809,-0.024525092106965945,0.05786736969387559
Nigardsbreen,2047-08-01,-0.025794800575545996,-0.2391225055268672,-0.18133960766061816
Nigardsbreen,2047-09-01,0.12397011493301208,-0.3068009677027917,0.4173703806668369
Nigardsbreen,2047-10-01,-0.042832128251545254,0.05061154011932053,0.15587859666649484
Nigardsbreen,2047-11-01,-0.13797837632697155,0.43636317801045227,-0.24336089006549141
Nigardsbreen,2047-12-01,0.09644466160801037,0.14184815205130027,-0.28162016929648853
Nigardsbreen,2048-01-01,-0.055498658042006745,-0.11235813693905218,0.4084134042673091
Nigardsbreen,2048-02-01,-0.19292142226724737,0.3408020670615943,0.6135195355493422
Nigardsbreen,2048-03-01,0.0060546650587084555,0.2512474646032717,-0.023465923745804418
Nigardsbreen,2048-04-01,-0.16158418931862065,0.4054032439934064,-0.007136185324108782
Nigardsbreen,2048-05-01,-0.25144457281105964,-0.14592388258618386,-0.048662678784386404
Nigardsbreen,2048-06-01,-0.07562531962291487,-0.20536177339146752,-0.1411013391193078
Nigardsbreen,2048-07-01,-0.09511436132112173,-0.06637082534665306,-0.13113928458979698
Nigardsbreen,2048-08-01,0.13217086900745917,0.006502060033820523,-0.15217579109347087
Nigardsbreen,2048-09-01,-0.17752350887939308,0.1654859946002641,-0.1589860123310939
Nigardsbreen,2048-10-01,0.46344721913178644,-0.4173278775531328,0.0776812313918962
Nigardsbreen,2048-11-01,-0.03185778992091354,0.14991845658690325,-0.05868088091476181
Nigardsbreen,2048-12-01,0.2506942009466307,0.21762699853944203,-0.17252037841544018
Nigardsbreen,2049-01-01,0.15579746055591367,0.07089728695800829,-0.18736747969229428
Nigardsbreen,2049-02-01,0.5654490562192862,-0.3719997314354324,-0.12828752500881627
Nigardsbreen,2049-03-01,0.31167163539294535,0.19923626742434022,0.025915426886118417
Nigardsbreen,2049-04-01,0.27812987832737734,0.02803660775270621,0.06555414687277333
Nigardsbreen,2049-05-01,-0.13177590930581898,-0.14620260876511967,-0.11149105245812584
Nigardsbreen,2049-06-01,0.44172784623229955,-0.027531421367175568,-0.13611891342794796
Nigardsbreen,2049-07-01,-0.25320900608498076,-0.013438193205367122,0.18591465885238154
Nigardsbreen,2049-08-01,0.049208114814417676,-0.14218185386124763,0.2691181394841275
Nigardsbreen,2049-09-01,0.15947048846207687,-0.44928228525614394,-0.25946526323272495
Nigardsbreen,2049-10-01,0.16049951510938978,0.10538353046937869,-0.22767382958496915
Nigardsbreen,2049-11-01,0.13467104099156882,-0.026932423108146187,-0.3393949800726436
Nigardsbreen,2049-12-01,-0.15104173003475643,0.08800997092620959,-0.1457106833415316
Nigardsbreen,2050-01-01,-0.06603909383561124,0.39111456395669536,0.3802026819788289
Nigardsbreen,2050-02-01,-0.16131495175764501,-0.12799119013081892,0.17052383842539287
Nigardsbreen,2050-03-01,-0.2937920668787554,0.07374871340444208,-0.03449453157353211
Nigardsbreen,2050-04-01,-0.35282650892183476,-0.05756493693481774,0.13046961413489722
Nigardsbreen,2050-05-01,0.1726444912254674,-0.12320050965974305,0.36650069791585826
Nigardsbreen,2050-06-01,0.07470088413659427,0.04469009173848617,-0.27463995183544604
Nigardsbreen,2050-07-01,0.05192717319722336,0.029315456537641168,-0.0993338811167467
Nigardsbreen,2050-08-01,-0.12174879933756606,-0.07705226260648385,0.07163139558677735
Nigardsbreen,2050-09-01,0.047233098858200574,0.0731525608474653,-0.2887184874827901
Nigardsbreen,2050-10-01,0.30615036756258857,-0.397931611971315,-0.15677512324037632
Nigardsbreen,2050-11-01,-0.13512009922876309,-0.08444922545569884,0.024970932265694645
Nigardsbreen,2050-12-01,0.44692019925993537,0.3960948959964341,0.15137585069629367
Nigardsbreen,2051-01-01,0.8435292816838843,-0.3987670335603897,-0.1416476428190249
Nigardsbreen,2051-02-01,-0.2297702139005021,-0.3916422555179541,-0.34511857863668044
Nigardsbreen,2051-03-01,0.2007290225958546,0.18624587395073586,0.24723695444889812
Nigardsbreen,2051-04-01,-0.26355770596851774,0.1127728803983914,-0.07785604867408023
Nigardsbreen,2051-05-01,0.40018183324652173,0.19784689584525506,-0.5980315485750397
Nigardsbreen,2051-06-01,0.07158613714867638,-0.21375732650709336,0.18970884309899025
Nigardsbreen,2051-07-01,-0.05781054084668713,0.018371788388242185,-0.12708733198825928
Nigardsbreen,2051-08-01,0.04868989023563822,0.01671899554094031,-0.015398431853344047
Nigardsbreen,2051-09-01,0.31906395621416456,-0.038968452696341804,-0.13466727190805097
Nigardsbreen,2051-10-01,0.22371763704545003,0.04606337764506709,-0.3045409147746947
Nigardsbreen,2051-11-01,-0.06698198011308441,-0.4753156439093807,0.08093775868605087
Nigardsbreen,2051-12-01,-0.13599560970049143,-0.3168240802596761,0.3535149708669123
Nigardsbreen,2052-01-01,-0.2189057401375645,0.6990993614479386,-0.16740268129512234
Nigardsbreen,2052-02-01,-0.12222860788685579,0.3660675195511854,-0.2037395658601354
Nigardsbreen,2052-03-01,0.26871281024235033,-0.11738583691153592,-0.12456555285871085
Nigardsbreen,2052-04-01,0.4296481413381235,0.31965085206238003,-0.03072819227096736
Nigardsbreen,2052-05-01,-0.19725311772810508,-0.2794169735522187,0.07918051166683661
Nigardsbreen,2052-06-01,0.004795449420663039,-0.043391084395600465,-0.12551688066977118
Nigardsbreen,2052-07-01,0.17516378961206813,-0.19289024073268454,0.00790772968835563
Nigardsbreen,2052-08-01,0.31518582189184324,-0.0452229501396438,-0.13166110524921731
Nigardsbreen,2052-09-01,0.013039614258813262,-0.09158933380809126,-0.14923441123827944
Nigardsbreen,2052-10-01,-0.13203067252032094,-0.11501477889941185,0.3469249192427513
Nigardsbreen,2052-11-01,-0.30777073951979106,-0.09071234617471986,0.3011875704972298
Nigardsbreen,2052-12-01,0.04422650260925564,-0.04591657070294148,-0.026947676420629032
Nigardsbreen,2053-01-01,0.058533064270158384,-0.30189585124339163,0.05007209613078937
Nigardsbreen,2053-02-01,-0.15036095496455096,-0.6121329601082759,0.6944340635392923
Nigardsbreen,2053-03-01,-0.2791871144224116,-0.33544300271766997,0.3238327806041806
Nigardsbreen,2053-04-01,0.016703812758277748,-0.03379571282814789,-0.15819063410174383
Nigardsbreen,2053-05-01,0.05313143593340224,0.023149392500270417,-0.08926587556024956
Nigardsbreen,2053-06-01,0.17968472990866824,-0.1922232044594788,-0.28524277251025754
Nigardsbreen,2053-07-01,-0.07551715043918877,0.17428474250853465,-0.05350203404605808
Nigardsbreen,2053-08-01,0.28271387951003385,0.1743612254258796,-0.26042577712049414
Nigardsbreen,2053-09-01,-0.08835339589238767,-0.2614644775795915,-0.08170339167022343
Nigardsbreen,2053-10-01,-0.09084767999802706,-0.18945515810478927,0.11964218463780847
Nigardsbreen,2053-11-01,-0.025814201760299405,0.3138905212046899,-0.4387542231487733
Nigardsbreen,2053-12-01,-0.12000892305667933,0.5057415600846081,-0.1623063800067751
Nigardsbreen,2054-01-01,0.065405626482253,0.1039710975373273,-0.06600857634505036
Nigardsbreen,2054-02-01,-0.02169681804299373,-0.20097575385266223,-0.21404458780605526
Nigardsbreen,2054-03-01,-0.2542412285677207,-0.31155406671008073,0.03322004107619606
Nigardsbreen,2054-04-01,0.17164198812171963,0.26629258639208553,-0.11874444774439848
Nigardsbreen,2054-05-01,-0.066938098462807,0.1993660610766679,0.07902029811507441
Nigardsbreen,2054-06-01,0.16139798571380373,-0.280464574666438,0.04653711576247196
Nigardsbreen,2054-07-01,-0.0700602424313131,-0.04302593192128648,-0.21057429935857863
Nigardsbreen,2054-08-01,0.0392398578231547,-0.03080360034482668,0.11251831836300615
Nigardsbreen,2054-09-01,-0.09982872324254828,0.1295407798857918,0.4777457127152374
Nigardsbreen,2054-10-01,0.10056196149578495,-0.2655367138576038,0.18784015217423655
Nigardsbreen,2054-11-01,0.2616587377929233,-0.07860890601987375,0.1829578237857197
Nigardsbreen,2054-12-01,-0.035588636127156674,-0.020291253501763258,-0.2335498909247188
Nigardsbreen,2055-01-01,0.42460670121468186,0.528185556206573,0.12535150516052854
Nigardsbreen,2055-02-01,0.6242595301791897,0.32527601268370154,0.4575383003338953
Nigardsbreen,2055-03-01,0.19995055736801937,0.3100040256615794,0.11257899679001997
Nigardsbreen,2055-04-01,0.07097114841383946,0.13343207039883728,-0.019421499643236383
Nigardsbreen,2055-05-01,-0.0032191814696493353,0.002676283735370308,0.09732519122548654
Nigardsbreen,2055-06-01,-0.005549878003836532,0.10810444017030425,0.12299894189327742
Nigardsbreen,2055-07-01,0.13338097296920037,-0.13743975213199955,-0.09627809262309617
Nigardsbreen,2055-08-01,0.05899502683578047,-0.020199205171166787,-0.08015988161949479
Nigardsbreen,2055-09-01,0.16089106175425824,0.5182142511830655,0.3656367446468316
Nigardsbreen,2055-10-01,-0.022308243830642994,-0.3436812290285347,-0.06902545423602734
Nigardsbreen,2055-11-01,0.38605855443677023,0.0732237999930989,0.012996601285845498
Nigardsbreen,2055-12-01,-0.049789622345137896,0.08219586098296357,0.23301765721690396
Nigardsbreen,2056-01-01,0.21816560685198824,-0.41498467524444543,-0.12357867221660683
Nigardsbreen,2056-02-01,0.08053226989451548,-0.2865310882696173,0.25567650756683014
Nigardsbreen,2056-03-01,-0.12227810635228731,-0.10632868361416033,-0.21102471919891438
Nigardsbreen,2056-04-01,-0.48282074053603247,0.14777237309018962,0.03698356598658777
Nigardsbreen,2056-05-01,-0.16916320962563305,0.3360128008292859,-0.07216369688607306
Nigardsbreen,2056-06-01,-0.012321889766626815,0.053756549906741356,0.0668672864544461
Nigardsbreen,2056-07-01,0.349841428015173,0.09908248264977869,-0.2078728665925705
Nigardsbreen,2056-08-01,0.05382138138231263,0.0400051790594731,-0.12297273536898645
Nigardsbreen,2056-09-01,0.15731739660213623,0.23345516143448877,0.14138505154883904
Nigardsbreen,2056-10-01,0.2627767052201611,0.13278431698121948,0.5680418117648474
Nigardsbreen,2056-11-01,0.031094841332609865,0.28862346344657874,0.373479076356281
Nigardsbreen,2056-12-01,-0.5362124429257346,0.4914674534203704,0.044336513285103955
Nigardsbreen,2057-01-01,-0.32525107534510406,0.12109667247045856,-0.20428153276616046
Nigardsbreen,2057-02-01,-0.7148552485022904,-0.09834428228718173,0.1256821745531583
Nigardsbreen,2057-03-01,-0.5535777791186619,-0.21790236165819699,-0.09001694012728935
Nigardsbreen,2057-04-01,-0.22936732577710794,0.0908709887651048,-0.04359115266946458
Nigardsbreen,2057-05-01,-0.024222686296420586,-0.06562874724985003,-0.29824665514968635
Nigardsbreen,2057-06-01,-0.11772347285367842,0.16913958111745622,0.10922667816909948
Nigardsbreen,2057-07-01,-0.23517397671724236,-0.02869030689199954,-0.08318096928957223
Nigardsbreen,2057-08-01,0.11312152812377878,-0.013052837995249778,-0.30158779717172984
Nigardsbreen,2057-09-01,-0.0416533381644302,0.3624991214693301,0.03697464647110941
Nigardsbreen,2057-10-01,-0.030616086409269938,0.24036699781499413,0.24784112337774755
Nigardsbreen,2057-11-01,-0.09781792165038751,0.15405457289662852,0.34329501223871667
Nigardsbreen,2057-12-01,-0.4299984135524498,0.4374752989700808,-0.005959376438202661
Nigardsbreen,2058-01-01,-0.3626215956189853,0.23436185941213497,-0.4845500079488027
Nigardsbreen,2058-02-01,-0.32277651245115263,-0.4236595201302849,-0.5568118900424871
Nigardsbreen,2058-03-01,-0.4323903773551998,0.06792411554072088,-0.32602143710682313
Nigardsbreen,2058-04-01,0.22191991488271964,0.10296831579411457,0.11070377236820823
Nigardsbreen,2058-05-01,0.0425377211348081,0.052866184829518235,-0.07237402948929823
Nigardsbreen,2058-06-01,-0.09448246954050847,-0.09120924298429789,-0.07692958778907337
Nigardsbreen,2058-07-01,0.06991430362318096,-0.2897815409203312,-0.0035660344661150208
Nigardsbreen,2058-08-01,0.2844693911831038,-0.03641170340666689,-0.04812653344036986
Nigardsbreen,2058-09-01,0.08842454121261101,0.16316438913018005,-0.141234223532041
Nigardsbreen,2058-10-01,0.09933377713229101,0.28226953260027227,0.5761323550848193
Nigardsbreen,2058-11-01,0.036062350602770264,-0.2783158150247167,0.33994842213634957
Nigardsbreen,2058-12-01,0.31239968125061063,-0.0003683944638975418,0.02949025897409317
Nigardsbreen,2059-01-01,0.11748260410351018,-0.2991316592287269,0.12835714494510278
Nigardsbreen,2059-02-01,0.30721105374422564,-0.06001356401996461,-0.2948071736855854
Nigardsbreen,2059-03-01,-0.7507241312090831,-0.05464273648932278,0.072825409043935
Nigardsbreen,2059-04-01,0.1576060615269531,0.14570667102122684,-0.29644635620424337
Nigardsbreen,2059-05-01,0.39617689119534605,0.0868427874018758,0.1900192884118619
Nigardsbreen,2059-06-01,-0.09778776431264191,0.24005939569641166,0.0015497329906576766
Nigardsbreen,2059-07-01,-0.18620231847172497,0.01407527060754879,-0.04002471638588788
Nigardsbreen,2059-08-01,-0.07808255519291447,-0.01612693674817916,-0.03035242683432801
Nigardsbreen,2059-09-01,0.17450450638397466,-0.2653980358585637,0.3014848037857832
Nigardsbreen,2059-10-01,0.1979595481822317,-0.16618448439582856,0.03148307332324439
Nigardsbreen,2059-11-01,0.023032244602285343,0.09197454330418493,-0.10317581406380993
Nigardsbreen,2059-12-01,0.1047395545984513,0.1553662728045398,-0.042745287237768555
Nigardsbreen,2060-01-01,0.6465544273637206,0.02420500556840363,0.5548283235412372
Nigardsbreen,2060-02-01,0.6292370871680487,0.16504858484302928,0.44610787442372785
Nigardsbreen,2060-03-01,0.208510486569874,-0.2733819476412583,0.18183174176686168
Nigardsbreen,2060-04-01,0.012708150400964222,-0.2095878700821309,-0.3162415374747149
Nigardsbreen,2060-05-01,-0.0732877393171432,-0.003455318762807504,0.2578244919660469
Nigardsbreen,2060-06-01,0.1598594298058413,-0.01750005033777362,-0.003262217021566168
Nigardsbreen,2060-07-01,0.200489340787417,0.07414662776006535,-0.07211792956294556
Nigardsbreen,2060-08-01,0.15876824101412693,-0.005568141946096964,0.1833912948086587
Nigardsbreen,2060-09-01,0.2622208074735333,0.17367117625527326,0.06578292354001532
Nigardsbreen,2060-10-01,-0.2504733290241194,-0.10344607610300571,-0.1986704088588919
Nigardsbreen,2060-11-01,-0.14483147558808418,0.04608149029639599,0.10942244934196516
Nigardsbreen,2060-12-01,0.5098719484987592,-0.07160024631700718,-0.15005626630212907
Nigardsbreen,2061-01-01,0.11702114805828816,-0.18702150863900277,-0.20298411058280105
Nigardsbreen,2061-02-01,-0.16208934274234743,-0.02978644626460786,-0.1222751066113446
Nigardsbreen,2061-03-01,-0.3161276861654579,-0.04299480864315181,0.28256528419765875
Nigardsbreen,2061-04-01,-0.2006827718713972,-0.0810894900376671,0.04494931855214577
Nigardsbreen,2061-05-01,0.0860124931845267,0.026666043658302066,-0.13800040892649199
Nigardsbreen,2061-06-01,0.15244274572293284,0.2253818708456287,-0.13538606133782802
Nigardsbreen,2061-07-01,-0.08502641804487315,0.10872152187246505,-0.004956820289658561
Nigardsbreen,2061-08-01,0.0804391801092683,-0.12522050037488616,0.12902858954933374
Nigardsbreen,2061-09-01,0.13987727689456952,-0.12902313197789997,-0.1727909141914966
Nigardsbreen,2061-10-01,0.4803232844651881,0.15834632192629414,-0.3937207008316501
Nigardsbreen,2061-11-01,-0.06565708856805767,-0.023004439148299704,-0.07967364073662783
Nigardsbreen,2061-12-01,-0.3816807489668164,-0.18576212115600024,-0.2135971531848805
Nigardsbreen,2062-01-01,-0.08553100230132338,-0.36798351893541614,-0.016940694505060583
Nigardsbreen,2062-02-01,-0.4250144400052173,0.037246874986471216,0.6589678519462762
Nigardsbreen,2062-03-01,-0.002442276963041027,0.13896850498675983,-0.09336353866030385
Nigardsbreen,2062-04-01,0.05763970426778736,0.12131508484363024,0.13787600414400755
Nigardsbreen,2062-05-01,0.20861275764821033,-0.16611849330180267,0.13856387510978155
Nigardsbreen,2062-06-01,0.043130480346136764,-0.22128455334772146,-0.0664248497090334
Nigardsbreen,2062-07-01,0.23272516424636358,-0.07885621962062299,-0.004667805880043415
Nigardsbreen,2062-08-01,-0.06169555764203799,-0.3128076559808192,-0.027802307555392657
Nigardsbreen,2062-09-01,-0.02850717461342231,0.09728643459174492,0.03340181315180144
Nigardsbreen,2062-10-01,-0.10869319944800378,0.11374310747508697,-0.31634856995570243
Nigardsbreen,2062-11-01,-0.5952023572889535,0.10004981405954338,-0.012731261528097977
Nigardsbreen,2062-12-01,-0.2331363160825255,0.33731920867821447,-0.21680481612832647
Nigardsbreen,2063-01-01,0.8365588961420608,-0.287018958253035,0.011372088189776641
Nigardsbreen,2063-02-01,-0.5285907268271058,0.15326553619122046,-0.33644169452149564
Nigardsbreen,2063-03-01,-0.35792609139635295,0.019566955767146895,0.028180162601049902
Nigardsbreen,2063-04-01,0.33695689437419224,0.004169768714904565,-0.20176087871218187
Nigardsbreen,2063-05-01,-0.29071500319697763,-0.11505334093855228,0.1249237060964435
Nigardsbreen,2063-06-01,-0.10982568486087803,0.00585147241051136,0.1984661707597218
Nigardsbreen,2063-07-01,-0.2777349513117697,-0.2538094338142589,0.0670187675378106
Nigardsbreen,2063-08-01,0.3023498211661116,-0.016871619749255024,-0.0762373868721664
Nigardsbreen,2063-09-01,-0.03011864828254331,-0.16526070326800463,0.072463717774004
Nigardsbreen,2063-10-01,0.03932452723955721,-0.7947211629471648,-0.04752248890887433
Nigardsbreen,2063-11-01,0.08928324318930984,0.019996167930659278,0.04107752838868293
Nigardsbreen,2063-12-01,0.2528194409033862,-0.40483019248539726,-0.24809088751757288
Nigardsbreen,2064-01-01,-0.21134493139705215,-0.0054465083046004335,-0.24471680865250214
Nigardsbreen,2064-02-01,0.24257095719157706,0.05324801896130382,-0.4794674330410582
Nigardsbreen,2064-03-01,0.36962768465366236,0.14629153264685432,0.45668556638877505
Nigardsbreen,2064-04-01,0.2295796865042942,-0.18398529810318673,0.679304155608574
Nigardsbreen,2064-05-01,-0.006632459230738835,-0.07347216959149003,0.07494021585674326
Nigardsbreen,2064-06-01,-0.08806598393878384,-0.2041629282381816,0.23749438674812265
Nigardsbreen,2064-07-01,-0.09089947301506746,-0.25460534389345063,0.14791324857582377
Nigardsbreen,2064-08-01,0.12394412530248511,0.02924959320975462,-0.12206615863174324
Nigardsbreen,2064-09-01,-0.4370498955733269,0.00462321049764597,-0.2712613888220814
Nigardsbreen,2064-10-01,-0.3110736218470442,0.3023293784708663,0.16626540134812104
Nigardsbreen,2064-11-01,-0.05347393659232605,0.30181788396770676,-0.37483118753015154
Nigardsbreen,2064-12-01,-0.1010743179513202,-0.10319670667412234,-0.3505311242096442
Nigardsbreen,2065-01-01,-0.3384494475728526,-0.053170794453345584,-0.7664867414360671
Nigardsbreen,2065-02-01,0.08077400949686182,0.24894485813858727,-0.5409915942345872
Nigardsbreen,2065-03-01,-0.3535164755370875,-0.7292021161957036,0.35098653280679365
Nigardsbreen,2065-04-01,0.05500897261565809,0.04621114650920438,-0.05879639219698746
Nigardsbreen,2065-05-01,-0.07311073667515643,-0.1896974958028815,0.12330405914825497
Nigardsbreen,2065-06-01,-0.29915395835293973,-0.16410050467788193,-0.08065433021119323
Nigardsbreen,2065-07-01,-0.05304972060710308,-0.1434687953429412,-0.18326025602341214
Nigardsbreen,2065-08-01,0.04458804897244759,0.05344493775033193,-0.15876200023921394
Nigardsbreen,2065-09-01,0.0842895522818235,-0.27131098976117074,-0.009084532262752734
Nigardsbreen,2065-10-01,-0.042961234588262086,-0.043987923410861274,-0.0898174334293168
Nigardsbreen,2065-11-01,-0.17999320273675742,-0.4039448423180995,-0.04014033139663186
Nigardsbreen,2065-12-01,0.0011424884260124446,0.01036910969879313,-0.46981834813191387
Nigardsbreen,2066-01-01,-0.31342963178430483,-0.18907022067227341,0.3567737586234742
Nigardsbreen,2066-02-01,-0.3591702653845516,-0.5726487237975948,-0.07552608287315832
Nigardsbreen,2066-03-01,0.021254965767662486,0.3385722012976971,-0.40694318023804615
Nigardsbreen,2066-04-01,0.1414187522659394,-0.19843208488076894,-0.11540172443276746
Nigardsbreen,2066-05-01,0.11988406107170214,0.010998344360749474,0.4265091345114908
Nigardsbreen,2066-06-01,0.09219719121638419,0.0627375366188725,0.085322919169688
Nigardsbreen,2066-07-01,0.09633324890742921,-0.16600858324333503,0.1357420516590766
Nigardsbreen,2066-08-01,0.027093312542209813,-0.17461948608970293,0.10633201816497954
Nigardsbreen,2066-09-01,-0.2979218548745601,0.4040726150521901,-0.010564873503392835
Nigardsbreen,2066-10-01,0.1385848886778198,0.03704919312165683,-0.2584110145818039
Nigardsbreen,2066-11-01,0.42629389034175524,0.08982826648269965,-0.10591191508675167
Nigardsbreen,2066-12-01,-0.026758905877385563,-0.02910608338082406,-0.13184261231257144
Nigardsbreen,2067-01-01,0.1260244847658463,0.18286562019447297,-0.6072642745824864
Nigardsbreen,2067-02-01,0.24801531671729585,0.32454731293239253,-0.017795897312835065
Nigardsbreen,2067-03-01,-0.005160780602311623,0.13444712867610412,-0.03981273303252941
Nigardsbreen,2067-04-01,-0.07074756085019573,0.05905658312292541,-0.3866325222626785
Nigardsbreen,2067-05-01,-0.1016614064618608,-0.216825777309263,-0.14459406306055358
Nigardsbreen,2067-06-01,-0.14693168287293967,0.400340645084688,-0.29783308432910605
Nigardsbreen,2067-07-01,0.06599527392553546,-0.08721290673010029,-0.11853197528203492
Nigardsbreen,2067-08-01,-0.1254010184500335,0.14311868664344785,-0.276628377701458
Nigardsbreen,2067-09-01,-0.1733143596567288,0.17303162372956948,-0.1197451523328375
Nigardsbreen,2067-10-01,-0.05652539055968805,0.5620326874384911,0.5332696135082524
Nigardsbreen,2067-11-01,-0.3817409183825315,0.1614402871967221,-0.4072998113597817
Nigardsbreen,2067-12-01,-0.10513816360007355,-0.013242654742822046,0.17383599176718922
Nigardsbreen,2068-01-01,-0.14993874907637597,0.4151382208342591,0.2912275874903572
Nigardsbreen,2068-02-01,0.1323286540088093,0.17825408928157116,-0.36381950543499736
Nigardsbreen,2068-03-01,-0.09964053430318472,-0.18900687227260227,-0.09417796343757144
Nigardsbreen,2068-04-01,-0.091807157902236,-0.22476389041122447,0.024898100252706366
Nigardsbreen,2068-05-01,-0.01324950192099064,-0.255054703121459,0.1711191519771904
Nigardsbreen,2068-06-01,0.14297031089456366,-0.10106324508538485,-0.050815982498478886
Nigardsbreen,2068-07-01,-0.02704727700575102,-0.016049815750632305,-0.2318958449150136
Nigardsbreen,2068-08-01,0.09301652986082191,0.08787714448439055,0.07512498916141301
Nigardsbreen,2068-09-01,-0.002524114785768311,-0.07975685441609623,0.09793620414644129
Nigardsbreen,2068-10-01,0.49030703123603675,0.04965898239769765,-0.14108597287234792
Nigardsbreen,2068-11-01,0.1983602497263662,-0.11184855175982755,0.07605507456063722
Nigardsbreen,2068-12-01,-0.34369452688704233,-0.029801665974962654,-0.22718921292452224
Nigardsbreen,2069-01-01,0.2290842151510083,-0.3327773651437573,-0.22248548467469753
Nigardsbreen,2069-02-01,0.4057128205701499,-0.36647703949473254,-0.2829262280331845
Nigardsbreen,2069-03-01,-0.047780076557581326,-0.029396330623783395,0.5840679798956295
Nigardsbreen,2069-04-01,-0.08977268066337755,-0.03607167161351108,-0.3919098723870483
Nigardsbreen,2069-05-01,-0.0036701805373070533,-0.09024235580403296,0.19246849427422089
Nigardsbreen,2069-06-01,0.3077281532611173,-0.30732609274724926,-0.2993174409292831
Nigardsbreen,2069-07-01,0.06392544556416159,0.06500068918722912,0.004438155328630352
Nigardsbreen,2069-08-01,-0.08256964791681982,0.057294892492114335,0.14519539942680715
Nigardsbreen,2069-09-01,0.0009220821556354657,-0.044755617650859926,-0.20023991499979854
Nigardsbreen,2069-10-01,0.15183332493999324,-0.262129820457939,-0.30089595640192573
Nigardsbreen,2069-11-01,-0.016190064093484485,-0.2226598255601705,-0.20935369963115572
Nigardsbreen,2069-12-01,0.16635354614277684,-0.5228765097210882,-0.3812934121584206
Nigardsbreen,2070-01-01,-0.051913650545771496,-0.16690469809736322,0.0055693312531890455
Nigardsbreen,2070-02-01,0.16984027785729636,-0.25643205145610287,0.4713628527493156
Nigardsbreen,2070-03-01,-0.06739073486809088,0.42017721887388076,0.6467664543000752
Nigardsbreen,2070-04-01,0.28032289490377926,-0.5140859421891464,0.17336205189177822
Nigardsbreen,2070-05-01,-0.10206965622634652,-0.23799075796880934,-0.062881826530665
Nigardsbreen,2070-06-01,0.009028944784077973,-0.05421016730731976,-0.2789908488949202
Nigardsbreen,2070-07-01,0.1666849528796538,-0.048247177275049756,-0.0619573462723401
Nigardsbreen,2070-08-01,0.20800526998942467,0.056657478552217845,-0.172388210309846
Nigardsbreen,2070-09-01,0.28865719931817385,-0.10902244250346532,-0.29006773976536165
Nigardsbreen,2070-10-01,0.07520825429799238,0.025914028292177944,0.26784122083385836
Nigardsbreen,2070-11-01,0.5381181107710055,-0.2552903020410451,0.30100800002337164
Nigardsbreen,2070-12-01,0.20808837116247858,0.19576905207065265,0.1046838731811544
Nigardsbreen,2071-01-01,-0.3622077804975163,0.09623878353722744,0.26267227126125453
Nigardsbreen,2071-02-01,-0.32462446712220666,-0.02402412456405069,-0.11223512805267703
Nigardsbreen,2071-03-01,-0.3237741540744999,0.2533769600097655,-0.09614531874573788
Nigardsbreen,2071-04-01,0.28654024041769927,-0.21577430839700917,0.07544102330770612
Nigardsbreen,2071-05-01,-0.20859170967597465,-0.04737423458382547,0.14366803992447216
Nigardsbreen,2071-06-01,-0.2662703835721572,0.16539482820259885,-0.06217615249583743
Nigardsbreen,2071-07-01,-0.12006086140372285,-0.03611661078156931,-0.028261048064721284
Nigardsbreen,2071-08-01,-0.07166527097973706,-0.3395145268161788,0.0015272054685085336
Nigardsbreen,2071-09-01,-0.22043493215927476,-0.077514199044439,0.11111151607251434
Nigardsbreen,2071-10-01,-0.11228808845447585,-0.5734599426076623,-0.12876110099795915
Nigardsbreen,2071-11-01,-0.7153062955130354,0.028960301021805523,-0.05764376790006228
Nigardsbreen,2071-12-01,0.08761377523100565,0.4631479844218766,-0.24196413876780318
Nigardsbreen,2072-01-01,0.17403908795301204,-0.0207381588691462,0.14204686401773123
Nigardsbreen,2072-02-01,0.7007234684558484,0.3332689857305389,-0.3929187757556842
Nigardsbreen,2072-03-01,0.35123916862013865,0.1655848937428951,-0.3117292389170529
Nigardsbreen,2072-04-01,-0.18469551444708646,-0.42194570534975995,0.15791016115691422
Nigardsbreen,2072-05-01,-0.10480297404465766,0.28101365961429187,0.06121671101297619
Nigardsbreen,2072-06-01,-0.30545703936470225,-0.18891213731066606,0.4088369937110478
Nigardsbreen,2072-07-01,0.266299528191573,-0.18162978855840176,0.251556366009517
Nigardsbreen,2072-08-01,-0.24543812923865058,-0.013206144136305595,0.06722663901890365
Nigardsbreen,2072-09-01,-0.16836154918767507,0.07133886817249994,0.38227212370721153
Nigardsbreen,2072-10-01,-0.5153549469795883,-0.08657481060956725,0.5028823687244781
Nigardsbreen,2072-11-01,-0.10737248429114155,0.15968555682132451,-0.25071398484982815
Nigardsbreen,2072-12-01,-0.048746573954486866,0.12064083021672434,0.3395120511113352
Nigardsbreen,2073-01-01,-0.448103937232272,-0.4749809653053947,0.2802686488828019
Nigardsbreen,2073-02-01,-0.07451231706990687,-0.20637877807574165,-0.5591149210387648
Nigardsbreen,2073-03-01,-0.26234025850096465,0.03474629566878134,-0.2556426855085417
Nigardsbreen,2073-04-01,0.48575316518984496,-0.07828521857032983,-0.046291233753581094
Nigardsbreen,2073-05-01,0.10537781805515611,-0.12496532407715018,0.0015905633647426444
Nigardsbreen,2073-06-01,-0.1750466428794802,0.06836985467062623,0.05539518797030022
Nigardsbreen,2073-07-01,0.14175986914860741,-0.06483872003690296,-0.022971903872010608
Nigardsbreen,2073-08-01,0.05708268612455388,0.12421191553638218,-0.0394146167300588
Nigardsbreen,2073-09-01,-0.003905407471742721,0.04297796667101695,0.2099488421852098
Nigardsbreen,2073-10-01,-0.14149494053406456,0.08229836302278092,-0.13139191071007694
Nigardsbreen,2073-11-01,0.26975374733224594,0.1460440291406715,-0.16084089937818724
Nigardsbreen,2073-12-01,-0.11078579221655027,-0.23262027256087156,-0.10893382686839222
Nigardsbreen,2074-01-01,-0.23493520803277698,0.05752096142679116,0.20865766013250972
Nigardsbreen,2074-02-01,-0.03454707479805764,-0.14894421404553096,-0.3584179146036341
Nigardsbreen,2074-03-01,-0.1428210924235749,-0.4171579581825573,-0.13580283591625683
Nigardsbreen,2074-04-01,-0.5914641160935673,0.14687654142145137,0.0279210092682735
Nigardsbreen,2074-05-01,-0.14313272889415882,-0.10781336993067181,-0.3830120621352977
Nigardsbreen,2074-06-01,-0.29896088792010395,-0.3024115392714862,0.05860377814552701
Nigardsbreen,2074-07-01,-0.00019199318820731283,0.005901217829232257,0.0932501136676166
Nigardsbreen,2074-08-01,0.18014533328006396,-0.035449881446300215,0.05578547246573099
Nigardsbreen,2074-09-01,0.0738735188994623,0.1598785165843655,-0.3799145435721661
Nigardsbreen,2074-10-01,-0.07885784771068037,-0.1222543250377569,0.4219299913955567
Nigardsbreen,2074-11-01,0.2364704058052867,0.11168222049097143,0.42986292559253925
Nigardsbreen,2074-12-01,0.05006882309317712,-0.18232036136529586,0.21925300921726976
Nigardsbreen,2075-01-01,-0.1612775191601529,0.3171200492686865,-0.05925568302847678
Nigardsbreen,2075-02-01,-0.046271643726318645,-0.0352947826213637,-0.22627452990806818
Nigardsbreen,2075-03-01,-0.13336178195826862,-0.3035808450764006,-0.15729639625945474
Nigardsbreen,2075-04-01,-0.008633126880644276,-0.06440575191501668,0.3707800993348645
Nigardsbreen,2075-05-01,-0.25129928153412134,-0.13618654325264798,0.07522556458086589
Nigardsbreen,2075-06-01,0.30047340035827474,0.31588784068461356,-0.14046265225106372
Nigardsbreen,2075-07-01,0.2915653843405019,-0.06894416576357208,-0.08558205135680204
Nigardsbreen,2075-08-01,0.015333714021693543,-0.01896327654096133,0.2444245125483062
Nigardsbreen,2075-09-01,0.2844696001531746,-0.029947867867629763,-0.052776493507422674
Nigardsbreen,2075-10-01,-0.043816592762726536,-0.4934888501576764,-0.6474720074470671
Nigardsbreen,2075-11-01,-0.21934420307315863,-0.1136166247330959,-0.6129776436619837
Nigardsbreen,2075-12-01,0.06552483759418452,0.18946776130118428,-0.5249131195778963
Nigardsbreen,2076-01-01,-0.5728046537658612,0.2559066239018427,-0.5398346363059098
Nigardsbreen,2076-02-01,0.051821483775478995,0.1856743767618018,-0.268587243765755
Nigardsbreen,2076-03-01,-0.16742794851586015,-0.3009846540181153,0.044580199871805726
Nigardsbreen,2076-04-01,0.18046661538242867,-0.2937835299796933,-0.20884582374363414
Nigardsbreen,2076-05-01,0.0448384406015695,0.0003353949594997914,-0.10179358314191106
Nigardsbreen,2076-06-01,-0.08056051314793686,-0.0013999557009925039,0.1315913874338191
Nigardsbreen,2076-07-01,0.08963739612927574,0.11944752636498734,-0.07728876787975077
Nigardsbreen,2076-08-01,-0.23706844124891113,0.227635045375523,-0.030518366598266344
Nigardsbreen,2076-09-01,-0.22966474562308403,0.09214576651006752,-0.08895122102046721
Nigardsbreen,2076-10-01,0.07341604633789058,-0.10052509530444749,0.036399550483395444
Nigardsbreen,2076-11-01,0.21323959838052906,0.2645762120154316,-0.07837272512362964
Nigardsbreen,2076-12-01,0.018407434182693427,-0.08263206418520036,-0.007790491337014839
Nigardsbreen,2077-01-01,-0.6702950321906012,0.014877962616233779,0.19494612589040786
Nigardsbreen,2077-02-01,-0.702992693794655,0.23675491835931098,0.282510726660842
Nigardsbreen,2077-03-01,-0.4528427629082204,-0.3358068325089382,0.174481031748257
Nigardsbreen,2077-04-01,-0.13326814731005696,-0.05989442566851013,-0.20446939613031592
Nigardsbreen,2077-05-01,-0.017589529836510936,0.09535504368070809,-0.2847986740534392
Nigardsbreen,2077-06-01,0.016666224997809675,-0.24905369056534332,-0.014827255149006778
Nigardsbreen,2077-07-01,-0.03884334001989512,0.06768946221915123,0.11930929584978595
Nigardsbreen,2077-08-01,0.020779224755376097,0.1996841965326126,-0.04001549030045654
Nigardsbreen,2077-09-01,-0.20372618866176428,-0.2187532852088557,0.10384852158374636
Nigardsbreen,2077-10-01,-0.339559619737454,-0.3449146995171268,0.31208965462640276
Nigardsbreen,2077-11-01,-0.13174744847588105,-0.22506444617620555,0.8564181927907576
Nigardsbreen,2077-12-01,0.20783229772853398,-0.44267524348828635,-0.04333003551423928
Nigardsbreen,2078-01-01,0.09024808172341876,-0.10047694961002361,0.07595785783037257
Nigardsbreen,2078-02-01,-0.4354828196778433,-0.6321070406894544,0.23569992194473866
Nigardsbreen,2078-03-01,-0.19170808066897815,-0.23140498148662514,0.2300338622148317
Nigardsbreen,2078-04-01,-0.23632867873868543,0.010928027200036277,-0.17370019966137815
Nigardsbreen,2078-05-01,0.13179023888310235,-0.047642759310771395,-0.2925657340237751
Nigardsbreen,2078-06-01,-0.08016950196971499,-0.0812848185102857,0.14563023218863835
Nigardsbreen,2078-07-01,-0.23983652446759782,-0.06104452545200301,0.18857642632156668
Nigardsbreen,2078-08-01,-0.014577608766287576,-0.06566477621385607,-0.10160221092381734
Nigardsbreen,2078-09-01,-0.1640379037924037,0.11220184002487255,-0.054805503531955235
Nigardsbreen,2078-10-01,0.25973771776901816,0.3079242185725813,-0.3260697928040846
Nigardsbreen,2078-11-01,0.4510273090559889,-0.04451410686049443,0.2827338893116565
Nigardsbreen,2078-12-01,-0.19754171609360163,-0.2428295068336882,0.02145127556710022
Nigardsbreen,2079-01-01,-0.040185300894699065,-0.31818613430287884,0.14102579840869964
Nigardsbreen,2079-02-01,0.3272614237180264,-0.10457724034929762,-0.015794198431197313
Nigardsbreen,2079-03-01,0.34383880894446167,-0.5073146486971374,0.0671361142589471
Nigardsbreen,2079-04-01,-0.18507130278758702,0.06300448525021556,-0.005876209367665346
Nigardsbreen,2079-05-01,0.22017158900637926,-0.14790750443564118,-0.030587726411965676
Nigardsbreen,2079-06-01,-0.22152038698247808,-0.14784190248918852,0.016624528427614364
Nigardsbreen,2079-07-01,-0.046589132581983494,-0.048914276076315544,0.16776767843064447
Nigardsbreen,2079-08-01,-0.16113902051292994,-0.09430639318858897,0.08581475060902055
Nigardsbreen,2079-09-01,-0.020073998131558052,0.2836944771939774,0.2472255424232291
Nigardsbreen,2079-10-01,-0.4575277993348699,-0.1325711105773508,-0.005818750170174895
Nigardsbreen,2079-11-01,0.2160530209685043,-0.0134920043957285,-0.4657407891980814
Nigardsbreen,2079-12-01,-0.3268778532311113,-0.11601759060579203,-0.006495548535274097
Nigardsbreen,2080-01-01,-0.33977572662472294,-0.4677464382237706,-0.30209483006527144
Nigardsbreen,2080-02-01,-0.0010310833851903817,-0.2646650857689076,0.48403784451119575
Nigardsbreen,2080-03-01,-0.055053423853208494,0.2602353966843098,-0.19929301281522957
Nigardsbreen,2080-04-01,-0.36796448600301995,0.0038411378418158983,-0.2898470488298247
Nigardsbreen,2080-05-01,0.017986292057035936,0.13988320111636698,0.13319654693698724
Nigardsbreen,2080-06-01,-0.2156270893742492,0.081794845751443,0.001597035623567233
Nigardsbreen,2080-07-01,0.06706818933949704,0.01668136685350848,-0.177229994476208
Nigardsbreen,2080-08-01,-0.026649894840854966,-0.1250762603621692,0.19380856447928108
Nigardsbreen,2080-09-01,0.29673072552543983,-0.1632545919792572,0.06671168717281349
Nigardsbreen,2080-10-01,-0.45488048607879134,-0.20947323965568573,0.10463903187425039
Nigardsbreen,2080-11-01,0.48655437059246687,-0.5253908975632933,-0.2810044222088206
Nigardsbreen,2080-12-01,0.2274045400721154,-0.31951994132671674,-0.23975615611602985
Nigardsbreen,2081-01-01,-0.01726618506865985,-0.08507299367639243,-0.20147815788530232
Nigardsbreen,2081-02-01,0.15875622842767628,-0.1445828320310887,-0.20343499737850168
Nigardsbreen,2081-03-01,0.760244715518156,-0.29593060517108155,-0.14024295305803086
Nigardsbreen,2081-04-01,-0.24369013129521377,0.20917364746007863,-0.2682167476381952
Nigardsbreen,2081-05-01,0.18949578124921354,0.18181769869171202,-0.08963999046324024
Nigardsbreen,2081-06-01,0.22022144060545093,0.20687901474577022,0.23531654795247858
Nigardsbreen,2081-07-01,0.1796109916395521,0.21148308233457877,-0.07022169904808538
Nigardsbreen,2081-08-01,0.24563840021669928,-0.10863447016036482,0.11161156241152104
Nigardsbreen,2081-09-01,-0.24368254971957215,-0.1745275075132254,-0.04910230936488933
Nigardsbreen,2081-10-01,0.346127092220307,0.05557934040486064,0.20843815639642646
Nigardsbreen,2081-11-01,0.41039198166449187,-0.3719381310370175,0.3234428431104312
Nigardsbreen,2081-12-01,0.10478923143751488,0.21123642627523945,0.1942006036564042
Nigardsbreen,2082-01-01,-0.5180411383923889,0.07551640263792646,-0.1939484023327472
Nigardsbreen,2082-02-01,-0.11178650062036888,0.3383874549377075,-0.5886382119612332
Nigardsbreen,2082-03-01,0.157106891078408,-0.04653770350816478,0.29984691807596575
Nigardsbreen,2082-04-01,0.04353305201970553,0.07693001499157537,-0.09916852516158046
Nigardsbreen,2082-05-01,0.025741986160224287,-0.4717422718338555,-0.03467515267091803
Nigardsbreen,2082-06-01,-0.1905005508161041,0.12571666384680028,0.026903627823633102
Nigardsbreen,2082-07-01,-0.1521528459135225,0.05022690954001504,-0.0001601840743330063
Nigardsbreen,2082-08-01,-0.007863475059585746,0.09561605556562781,-0.02153505203192671
Nigardsbreen,2082-09-01,0.40546101861273637,0.05042193513944487,-0.4939904973202653
Nigardsbreen,2082-10-01,0.07816254988526126,0.288620612728885,0.06612387890840359
Nigardsbreen,2082-11-01,0.45636953871617286,-0.10874908230653658,0.5006557680804665
Nigardsbreen,2082-12-01,0.08654083306364076,-0.2838084461472579,-0.29476486155575715
Nigardsbreen,2083-01-01,0.42948527169481104,-0.11055263276419136,-0.4748121963543916
Nigardsbreen,2083-02-01,0.05709800462890995,0.8433322074755921,0.2675969549009435
Nigardsbreen,2083-03-01,0.4275242773012846,-0.10449425994865234,-0.446612892196571
Nigardsbreen,2083-04-01,0.17310923164655775,0.17233457903414562,0.3240662217049863
Nigardsbreen,2083-05-01,0.040858464260069914,0.2985273406816941,-0.15809059620367835
Nigardsbreen,2083-06-01,0.023010455014637166,0.03497363716814026,-0.03129129154575794
Nigardsbreen,2083-07-01,-0.13485498800425522,-0.05769432417454062,0.120337772106395
Nigardsbreen,2083-08-01,0.004146179351213854,0.020861207280592462,-0.04442470159075066
Nigardsbreen,2083-09-01,0.013809429931860373,-0.20426600748861615,0.03559579095365894
Nigardsbreen,2083-10-01,-0.14805615957088306,-0.20680063049858935,0.18261628874073324
Nigardsbreen,2083-11-01,-0.12445984706710428,0.08017632230566397,-0.31848396068070456
Nigardsbreen,2083-12-01,-0.28636782885219686,-0.43055242869002225,-0.1619289528836472
Nigardsbreen,2084-01-01,-0.3130166208489825,0.6477043040677684,0.09093092168282375
Nigardsbreen,2084-02-01,-0.15311326999001565,0.4455962184121267,-0.15722867991919873
Nigardsbreen,2084-03-01,-0.10230375030478818,0.2854232424154893,-0.12276218142080335
Nigardsbreen,2084-04-01,-0.11291432837609348,-0.3985353410630979,0.21888535978074333
Nigardsbreen,2084-05-01,0.09259558609151985,-0.04383773533353045,-0.1892124487581651
Nigardsbreen,2084-06-01,0.09118350017126947,-0.20403518562231474,0.03298935840381995
Nigardsbreen,2084-07-01,-0.025761818613415633,0.0009525790686297867,-0.32556764302266367
Nigardsbreen,2084-08-01,0.22550662862670953,-0.01263244824666758,-0.12084802499470382
Nigardsbreen,2084-09-01,-0.20282908978542283,-0.10168853175357166,-0.20401775588808432
Nigardsbreen,2084-10-01,0.05730656774566464,-0.13393922788244547,-0.2828224791286035
Nigardsbreen,2084-11-01,-0.18748988782741807,-0.18533148754683446,0.2812253100390813
Nigardsbreen,2084-12-01,0.3195607245189952,0.2021569953673564,0.354775452196843
Nigardsbreen,2085-01-01,-0.05608120414247675,-0.17722184422468532,-0.2808132752033848
Nigardsbreen,2085-02-01,-0.19256227759486752,0.0098687227567363,-0.009063115379217737
Nigardsbreen,2085-03-01,0.21757984496036006,-0.27356425826452563,-0.08441452589127274
Nigardsbreen,2085-04-01,0.16858024370979086,-0.1396183537852546,-0.031058870131782868
Nigardsbreen,2085-05-01,0.019833447917602585,0.07631617564246408,0.02344372973541291
Nigardsbreen,2085-06-01,-0.23610907996636218,0.18260534308102608,-0.14977724548952
Nigardsbreen,2085-07-01,-0.27380815027152966,0.11986023369392867,-0.07333206773423157
Nigardsbreen,2085-08-01,-0.3201245732789479,-0.13367665564073358,0.08605889936713333
Nigardsbreen,2085-09-01,0.1032222527931077,0.04401718432263682,0.02413665270346989
Nigardsbreen,2085-10-01,0.017486372019725176,0.22656961331034356,0.211513647403939
Nigardsbreen,2085-11-01,0.113084288504723,0.47562210562027296,0.16893267483373345
Nigardsbreen,2085-12-01,0.3228158393597553,0.13038063374957928,0.21154794446086322
Nigardsbreen,2086-01-01,0.0828461395140605,-0.19826933067743177,-0.1950737968543903
Nigardsbreen,2086-02-01,-0.28929705544463274,-0.04147305849035621,0.06130301842724961
Nigardsbreen,2086-03-01,-0.08938412971990473,-0.03128394003484366,0.3061989896382542
Nigardsbreen,2086-04-01,-0.23582382903337903,-0.05036703665107815,0.4537627283134529
Nigardsbreen,2086-05-01,0.06337162464044131,0.13512483507833195,0.11455373343146842
Nigardsbreen,2086-06-01,0.14649135910703867,-0.0940367614039248,0.0955345691006206
Nigardsbreen,2086-07-01,-0.14202684130734836,-0.080967406034412,0.04333122475036962
Nigardsbreen,2086-08-01,-0.1553802115793763,0.04417566392420733,0.005591551556963119
Nigardsbreen,2086-09-01,-0.3287856118575467,0.21766224125357367,0.025342959717141053
Nigardsbreen,2086-10-01,0.36342107843926813,-0.018855865712989296,-0.01611623989156646
Nigardsbreen,2086-11-01,0.34558065031425594,0.024998068337153557,-0.18631784171683216
Nigardsbreen,2086-12-01,-0.02689494195946061,-0.18084571833429586,0.18549116458239667
Nigardsbreen,2087-01-01,-0.06513127806765563,-0.22885517765863406,-0.48983836770966604
Nigardsbreen,2087-02-01,-0.30258622808797603,0.18169884176183793,0.2126106692606585
Nigardsbreen,2087-03-01,-0.17907670423561295,0.15602830929002434,-0.012667252765357268
Nigardsbreen,2087-04-01,-0.0844709698080711,0.6206225381350116,0.1747587081191444
Nigardsbreen,2087-05-01,-0.21448424286267379,0.026420607854343636,-0.09287138431941418
Nigardsbreen,2087-06-01,0.25138799043841603,0.10745221758975533,0.039325617151619786
Nigardsbreen,2087-07-01,-0.11620518163053173,0.03508293641044063,0.173237092166217
Nigardsbreen,2087-08-01,-0.11766436229669015,0.10609815201933497,0.20724224467042104
Nigardsbreen,2087-09-01,-0.23318747426634956,-0.20374644224654911,-0.09531388620431747
Nigardsbreen,2087-10-01,-0.15559578338363841,0.09638352470934862,-0.565589147301267
Nigardsbreen,2087-11-01,-0.27454835636210856,-0.33072847107197906,-0.172536337205388
Nigardsbreen,2087-12-01,0.2534119166756575,-0.25917379777728083,-0.28014325936710094
Nigardsbreen,2088-01-01,0.12540145245807235,-0.025243058256581435,-0.15827897978036473
Nigardsbreen,2088-02-01,0.4224358668107766,-0.16454390190106025,-0.35376546837088113
Nigardsbreen,2088-03-01,0.2848454417293416,-0.2594532934078159,0.3525382903909833
Nigardsbreen,2088-04-01,0.14317316942228,-0.2228393457572182,0.34212456153040033
Nigardsbreen,2088-05-01,0.01977562003599251,0.3119279478949973,0.456606721501906
Nigardsbreen,2088-06-01,0.11626245947868795,-0.20705048932205491,-0.07231218838370483
Nigardsbreen,2088-07-01,-0.19504031416239906,0.11001418356336116,0.04120191001467427
Nigardsbreen,2088-08-01,-0.11123262077996733,0.10363508003637656,-0.029435090298385338
Nigardsbreen,2088-09-01,-0.16367332413678157,0.17352593259196555,-0.1568342259461812
Nigardsbreen,2088-10-01,-0.0991165285924217,0.2080006167027292,-0.41071054807778956
Nigardsbreen,2088-11-01,0.14419385853297179,-0.3176933383370604,0.4061280088442789
Nigardsbreen,2088-12-01,-0.2022080025646078,-0.2540024161561326,0.06585737106588845
Nigardsbreen,2089-01-01,0.14633245309892737,-0.14392394705360764,0.17944281413295138
Nigardsbreen,2089-02-01,-0.01879117986985362,-0.06103071186364639,0.08922993360395515
Nigardsbreen,2089-03-01,0.12387295116912705,0.07717210637294174,0.2982946301001857
Nigardsbreen,2089-04-01,-0.00263004110969641,-0.35402086053802706,-0.19802304897932768
Nigardsbreen,2089-05-01,-0.35008288877461685,-0.3683820349929179,-0.010659860761395355
Nigardsbreen,2089-06-01,-0.010577194848149929,-0.05676500292761281,-0.07211154651088098
Nigardsbreen,2089-07-01,-0.04930726635787234,0.16889442859586815,-0.0034937999555361633
Nigardsbreen,2089-08-01,-0.3939180823366845,-0.18902151653286733,0.011621380505545712
Nigardsbreen,2089-09-01,0.00201040673695008,0.12335901812447891,0.15370255315229708
Nigardsbreen,2089-10-01,0.3473109687316344,0.2615605452477437,0.07855558947377796
Nigardsbreen,2089-11-01,-0.3528061624739474,-0.4529243902568287,0.07742088448144566
Nigardsbreen,2089-12-01,0.21227099867309543,-0.17412923896077137,-0.2411468408573468
Nigardsbreen,2090-01-01,-0.17347653331454357,-0.0376338819867096,-0.03846576713329348
Nigardsbreen,2090-02-01,0.6387678893058555,-0.15630757815957375,-0.09687223603439903
Nigardsbreen,2090-03-01,0.06359145581503241,-0.025355626478141036,-0.2651651512886273
Nigardsbreen,2090-04-01,-0.33707464694153794,0.5316108970550721,-0.03351070307610247
Nigardsbreen,2090-05-01,-0.16963621323165645,0.06001649608813334,0.29618682487525444
Nigardsbreen,2090-06-01,-0.3397598734548273,0.0013788631393282479,0.14649406030301335
Nigardsbreen,2090-07-01,-0.14308623632766732,0.08190470723158781,-0.06956429077812525
Nigardsbreen,2090-08-01,-0.08463289006143204,0.10087546489277759,0.12459353236382871
Nigardsbreen,2090-09-01,0.02447944879817891,0.009765341520784523,0.037070866721049804
Nigardsbreen,2090-10-01,-0.0637268868896478,-0.30338687156786187,0.5900976767030083
Nigardsbreen,2090-11-01,0.13102078873722833,0.3442760607420768,-0.043706744440576116
Nigardsbreen,2090-12-01,-0.44634767594211106,-0.05997439389240539,-0.4388829882526004
Nigardsbreen,2091-01-01,-0.10480742500950428,0.3507897604691159,-0.31689241863622913
Nigardsbreen,2091-02-01,0.023604494249190606,0.5836755481918123,-0.06185620787962822
Nigardsbreen,2091-03-01,-0.27220196332673713,0.3589306934794625,-0.6647694372732272
Nigardsbreen,2091-04-01,0.37396694236526457,-0.20440447780290372,0.22032470567601478
Nigardsbreen,2091-05-01,0.16578812048812533,-0.18392398350336991,0.09277578463482881
Nigardsbreen,2091-06-01,-0.234286731411397,-0.25269847697027714,-0.1914233138740964
Nigardsbreen,2091-07-01,0.1292369067602571,-0.059130917106472315,0.02675938638061451
Nigardsbreen,2091-08-01,0.249592147496023,0.10006894595370104,0.10420470486785549
Nigardsbreen,2091-09-01,-0.10672261370111168,-0.0568659409128315,0.19538974414736368
Nigardsbreen,2091-10-01,0.0662848995497279,-0.08227608088896583,0.020573331522653993
Nigardsbreen,2091-11-01,0.37993409658194643,0.10165083593767843,-0.5650099889331394
Nigardsbreen,2091-12-01,-0.07953778407396046,-0.1655947745080174,0.24229190881309806
Nigardsbreen,2092-01-01,-0.24509683113831873,-0.18786470585532275,-0.2401956461665072
Nigardsbreen,2092-02-01,0.29327917647317436,-0.15703399163090273,-0.3332196703744587
Nigardsbreen,2092-03-01,-0.029851802013633938,0.3554501153824779,-0.0892534514765021
Nigardsbreen,2092-04-01,-0.031840174383814375,0.09517808415379116,-0.012579654108317379
Nigardsbreen,2092-05-01,-0.2141442508092329,0.1186284501839651,-0.006759908111664618
Nigardsbreen,2092-06-01,-0.002612419332080356,-0.20340013340117102,0.10835924628794857
Nigardsbreen,2092-07-01,-0.03988494097184432,-0.1898626900377858,0.06783785318354697
Nigardsbreen,2092-08-01,0.05345018726009352,-0.000666639103142855,0.08413347039701324
Nigardsbreen,2092-09-01,0.24772560954400755,-0.35299150638081533,-0.022322034367334626
Nigardsbreen,2092-10-01,-0.10757758047405057,-0.050535335757063427,-0.0665822976221201
Nigardsbreen,2092-11-01,-0.3350194444145498,-0.009637855566860608,-0.006500810218439834
Nigardsbreen,2092-12-01,-0.04511601634417458,-0.09484653071054965,-0.06599272906021093
Nigardsbreen,2093-01-01,0.36788434883289534,0.22500049315378826,0.158038274906337
Nigardsbreen,2093-02-01,-0.12571849416222666,0.47351446449461393,-0.09939624751536563
Nigardsbreen,2093-03-01,0.44135143597169857,0.16575711001829485,-0.32740552835476183
Nigardsbreen,2093-04-01,-0.1414477225059246,0.0720794722991543,0.18006726743742182
Nigardsbreen,2093-05-01,-0.12872830837314309,0.16472160730755916,0.48382497190626333
Nigardsbreen,2093-06-01,-0.12542706252375632,0.09146865593638653,0.23557087961651524
Nigardsbreen,2093-07-01,-0.05212475034562461,-0.22045265571327302,0.2267554105430402
Nigardsbreen,2093-08-01,-0.07626350889302257,-0.20912952289082506,0.07772685472332551
Nigardsbreen,2093-09-01,-0.10315108927377518,-0.2858210850455032,0.13730493770942534
Nigardsbreen,2093-10-01,0.3836083173934428,0.18909567815658504,-0.4020208671198202
Nigardsbreen,2093-11-01,0.10442738998805512,-0.17066075444601356,-0.3153532365417742
Nigardsbreen,2093-12-01,-0.023204973062802715,0.40440556364659486,-0.05337252840892078
Nigardsbreen,2094-01-01,-0.04762081720443684,-0.3353512104664295,-0.28009185069386144
Nigardsbreen,2094-02-01,0.17447179674213356,0.5514409314635506,-0.47554977856810393
Nigardsbreen,2094-03-01,-0.17011440854351337,-0.0667582633463451,0.21833376612838132
Nigardsbreen,2094-04-01,0.2682137917139631,0.06250374718598088,-0.06725568733062673
Nigardsbreen,2094-05-01,0.20756001538625593,0.06652787890720116,-0.08154924555306681
Nigardsbreen,2094-06-01,-0.014246049988456072,0.2256723746097475,-0.19900668728389662
Nigardsbreen,2094-07-01,0.004596416144441753,-0.04032698222218207,-0.16708372873056532
Nigardsbreen,2094-08-01,0.1524536935250167,0.16169108233270624,0.22669272504162508
Nigardsbreen,2094-09-01,0.14421561697014104,-0.13285414234301962,0.2460585924372595
Nigardsbreen,2094-10-01,0.24487551561932266,0.06625005787724038,-0.23221683708935417
Nigardsbreen,2094-11-01,-0.3446101068611093,-0.3167833440378808,0.1372596645056998
Nigardsbreen,2094-12-01,0.12903843117240257,0.11665516141917177,-0.0975011697947241
Nigardsbreen,2095-01-01,-0.08612982740441966,0.24535202338414716,-0.2645124360977543
Nigardsbreen,2095-02-01,-0.8147372189760241,-0.21645198808090219,0.21251335114705694
Nigardsbreen,2095-03-01,-0.2552015670087477,0.12657293824789492,-0.19598744853226582
Nigardsbreen,2095-04-01,-0.2723667317061926,-0.08006499706177271,0.010400583630921828
Nigardsbreen,2095-05-01,-0.13121218168851492,0.042856866990446725,-0.22844291607891165
Nigardsbreen,2095-06-01,0.16562360063288117,0.17146305223774863,-0.009442036171435351
Nigardsbreen,2095-07-01,-0.015102049914628114,0.15757543354301604,0.04860917281838243
Nigardsbreen,2095-08-01,-0.15330876004707392,-0.06983251527167463,0.04763826877621082
Nigardsbreen,2095-09-01,0.0016551230081773092,0.21272988645330324,-0.2911159089403958
Nigardsbreen,2095-10-01,-0.04746177236205688,-0.11061414804814018,-0.4833572139936136
Nigardsbreen,2095-11-01,-0.09806647716131246,0.3001973697715456,-0.03923852923516938
Nigardsbreen,2095-12-01,-0.3738464912293559,0.36159693898930917,-0.01876339543911108
Nigardsbreen,2096-01-01,-0.15548074634925865,0.011771233735858005,-0.3108289643045849
Nigardsbreen,2096-02-01,-0.462672404981834,0.07362116376548254,-0.4973795475437952
Nigardsbreen,2096-03-01,-0.38316223558705387,-0.19565535974099868,0.07317130945466452
Nigardsbreen,2096-04-01,0.2581054374739265,-0.05667923882388735,-0.3353260918799943
Nigardsbreen,2096-05-01,-0.13077083990876645,-0.19787903075907473,-0.034367047361029024
Nigardsbreen,2096-06-01,-0.10721243984090745,0.051549009131973134,-0.12157887358289599
Nigardsbreen,2096-07-01,-0.07332142315475955,-0.07135615997068669,-0.0014123665699172852
Nigardsbreen,2096-08-01,0.09946343496732983,-0.015034099818950895,-0.1418524405342599
Nigardsbreen,2096-09-01,0.2134755074605522,-0.10815500973574273,-0.516848381749823
Nigardsbreen,2096-10-01,-0.3377455778333402,0.14704161843841024,-0.6195631326118768
Nigardsbreen,2096-11-01,-0.08112009989573936,-0.1300519677451829,0.17659190313280496
Nigardsbreen,2096-12-01,-0.6421799988400319,-0.15458092352017683,-0.14692410082324667
Nigardsbreen,2097-01-01,0.3789368585215664,-0.2671442535870753,-0.22585324911367363
Nigardsbreen,2097-02-01,-0.24437404722735587,-0.18979829173348914,-0.652427106609606
Nigardsbreen,2097-03-01,0.21002920044859552,0.04670995239215143,-0.21984356867003582
Nigardsbreen,2097-04-01,0.16007936418903088,-0.35630954850322843,-0.3213021391395753
Nigardsbreen,2097-05-01,-0.2752460837143755,0.17158678801598917,-0.057847565778498124
Nigardsbreen,2097-06-01,-0.1211406352263981,-0.008500972525553893,-0.017886411910337418
Nigardsbreen,2097-07-01,-0.1557318680422012,-0.04565738975055783,0.1824298673319499
Nigardsbreen,2097-08-01,-0.44948889529635944,0.09982608951567429,-0.0010103989520721067
Nigardsbreen,2097-09-01,-0.609789241279206,0.1981199688230829,0.004688472320313836
Nigardsbreen,2097-10-01,-0.22704975424050935,0.2636846925242181,0.16077695857914445
Nigardsbreen,2097-11-01,-0.18928530867177484,-0.5013031209899123,-0.16916836259840182
Nigardsbreen,2097-12-01,0.00909991210247947,-0.13592175500699852,0.18693489337931898
Nigardsbreen,2098-01-01,-0.13450319107427347,-0.16485645444836564,0.20276713996537057
Nigardsbreen,2098-02-01,0.5138452703804023,0.18443019333148247,0.25059104946749894
Nigardsbreen,2098-03-01,-0.11435773665856212,0.056379689500742854,-0.34092652200808654
Nigardsbreen,2098-04-01,0.29447995385104525,0.11717965864598663,-0.10913880004244296
Nigardsbreen,2098-05-01,0.13145412047588714,-0.14574887420763852,0.08780472319452459
Nigardsbreen,2098-06-01,0.07678803926457438,0.21176429059164933,0.0727385406438906
Nigardsbreen,2098-07-01,-0.06698434598575358,0.16481250637694236,0.04817061140420947
Nigardsbreen,2098-08-01,-0.036715922384999065,-0.24986251285466643,0.10980712610823695
Nigardsbreen,2098-09-01,-0.24530659813746558,-0.04666630313929975,-0.06043369008276075
Nigardsbreen,2098-10-01,-0.3672306861837676,-0.11725388093323146,-0.1570082994758544
Nigardsbreen,2098-11-01,0.38221754636989713,-0.21678037356036003,-0.03484929238561088
Nigardsbreen,2098-12-01,-0.19283179417278049,0.2376897896351665,-0.13809686394085155
Nigardsbreen,2099-01-01,0.05106105467977728,-0.3648768126181534,-0.15545228672815867
Nigardsbreen,2099-02-01,0.24081966890894546,-0.06067727954865603,0.35629502970011834
Nigardsbreen,2099-03-01,0.2815003699981881,-0.0885270460558672,0.33241706694822404
Nigardsbreen,2099-04-01,-0.09930985762612542,-0.06762783394846157,0.18477229818117805
Nigardsbreen,2099-05-01,-0.0962291601974502,0.4114950572448494,-0.03816699111654665
Nigardsbreen,2099-06-01,-0.13324156120624533,0.08105228222387123,-0.09948853554901708
Nigardsbreen,2099-07-01,-0.21784765471182518,0.1526073396428472,0.12745625060688548
Nigardsbreen,2099-08-01,-0.17068900077549962,0.18590367779254002,0.07547903162649681
Nigardsbreen,2099-09-01,-0.28888905714222674,-0.07903909757769637,0.19040649404342844
Nigardsbreen,2099-10-01,-0.09622823097241288,-0.17130349811668466,-0.6209836137703593
Nigardsbreen,2099-11-01,-0.40242320073720234,0.046762577870040976,0.29563582283384
Nigardsbreen,2099-12-01,-0.6373878978738171,-0.31871257311401746,-0.14336760982020721
Nigardsbreen,2100-01-01,-0.012315961391517529,-0.15906709125822407,-0.18020636723566538
Nigardsbreen,2100-02-01,-0.45707935168142927,-0.6124036274781316,-0.4143868259395445
Nigardsbreen,2100-03-01,0.45189950723218164,-0.19716171005409242,-0.1076843873464197
Nigardsbreen,2100-04-01,0.21708496870543326,0.18271561650614054,-0.2890095187471977
Nigardsbreen,2100-05-01,0.017168601238968535,0.012773997652142247,-0.09692028821983827
Nigardsbreen,2100-06-01,-0.152334013657935,0.11354105227126245,-0.039704501889087675
Nigardsbreen,2100-07-01,-0.08391731509015411,-0.2346283038968733,0.06862105191560595
Nigardsbreen,2100-08-01,-0.15154092223624382,-0.13493406039211495,0.14843259679599372
Nigardsbreen,2100-09-01,0.07058857398792895,-0.3728414938607836,-0.14064689348306628
Nigardsbreen,2100-10-01,-0.29895632002015515,0.020925390021250836,-0.40207862462381866
Nigardsbreen,2100-11-01,-0.28649788515765473,0.05622721383740729,-0.3816037420404858
Nigardsbreen,2100-12-01,0.17512605112188984,0.21202214627359217,-0.12592545696266075
Rembesdalskaka,2015-01-01,0.3712575077544667,0.9387875925506456,0.8252837065274092
Rembesdalskaka,2015-02-01,-0.7289494823704867,0.3275170324141619,0.651365986890081
Rembesdalskaka,2015-03-01,-0.31694472997136575,0.2115995399722347,-0.4241810502653219
Rembesdalskaka,2015-04-01,0.5683437912750255,-0.3457935352557266,-0.285985315409919
Rembesdalskaka,2015-05-01,0.15628782450453027,-0.15731119914031533,-0.26343642935457706
Rembesdalskaka,2015-06-01,0.3101622066001858,0.07811103433104033,0.19448321241135882
Rembesdalskaka,2015-07-01,0.16239047561696407,0.11929673634536912,-0.037381329310257914
Rembesdalskaka,2015-08-01,-0.21300536813021811,-0.07806700987657426,-0.8524164858092357
Rembesdalskaka,2015-09-01,-0.5112316055385825,0.0619070324229696,0.2294766593377613
Rembesdalskaka,2015-10-01,-0.9924844436585571,0.38478557252980083,-0.6529987637650647
Rembesdalskaka,2015-11-01,0.6519007098449578,0.38824987025957625,-0.1612395526605572
Rembesdalskaka,2015-12-01,-0.06891311049152553,0.36774729757391,0.9964797245447811
Rembesdalskaka,2016-01-01,-0.108748614512922,0.9518650697589055,0.2186973097387986
Rembesdalskaka,2016-02-01,-0.43606388202366914,-0.5285397011355327,0.9780771040211326
Rembesdalskaka,2016-03-01,-0.09101596416869236,0.18801540446569928,-0.7067799479400657
Rembesdalskaka,2016-04-01,0.3492659025699019,0.3838101784463206,-0.4223018448812231
Rembesdalskaka,2016-05-01,-0.22522982672252656,1.016722345158893,0.21545057054226768
Rembesdalskaka,2016-06-01,-0.25231128414884707,-0.5092371177447531,-0.01938734203779668
Rembesdalskaka,2016-07-01,-0.5212244549935529,-0.14672700926960872,0.1576359913007411
Rembesdalskaka,2016-08-01,-0.17752511564523457,0.044228710123258165,-0.3440970324231443
Rembesdalskaka,2016-09-01,-0.4366115511063535,-0.7282356265379516,-0.5407886657844213
Rembesdalskaka,2016-10-01,0.05830989293629815,-0.3395213082038709,0.7998287487973209
Rembesdalskaka,2016-11-01,0.42437603403955637,-0.13109618786466237,-0.4011634812702465
Rembesdalskaka,2016-12-01,0.5605661088131968,-0.10850513992498852,-0.3046183749157277
Rembesdalskaka,2017-01-01,0.08234055102337837,0.19217879407987626,-0.635683039070211
Rembesdalskaka,2017-02-01,0.14372117762012426,0.3361330982649889,0.4764991605311777
Rembesdalskaka,2017-03-01,0.23514611023112955,0.18299351865469135,-0.23743463383511776
Rembesdalskaka,2017-04-01,-0.14048499989956,-0.20526984697764702,0.12946229626622177
Rembesdalskaka,2017-05-01,-0.0913750560965783,0.3298625898638296,-0.40367360305412786
Rembesdalskaka,2017-06-01,-0.33779789048924386,-0.12061318214686602,0.4068032476741667
Rembesdalskaka,2017-07-01,-0.4637559340033108,-0.13179599849779824,-0.045769673282096496
Rembesdalskaka,2017-08-01,0.2522973389128869,-0.2515464705996468,-0.055358215904287154
Rembesdalskaka,2017-09-01,0.4003521550753289,0.5926121670933395,0.24525544974724953
Rembesdalskaka,2017-10-01,0.4028837074335829,-0.6398918854186668,-0.49231666698044624
Rembesdalskaka,2017-11-01,-0.16983988787266394,0.35474416697471595,-0.46106910878175017
Rembesdalskaka,2017-12-01,-0.4066235305048825,-1.297013090943735,0.06583028056205646
Rembesdalskaka,2018-01-01,-0.3123925323680989,0.17912092414217598,-0.04819268772011781
Rembesdalskaka,2018-02-01,0.897349414672188,-0.1020944845527314,-0.321656887677038
Rembesdalskaka,2018-03-01,-0.49136855293022325,0.3285593016424689,0.14944255053011593
Rembesdalskaka,2018-04-01,-0.5257351337382334,-0.1142717359052865,-0.3971216551812429
Rembesdalskaka,2018-05-01,-0.41036383902061885,-0.09328288654056675,-0.12123101221114248
Rembesdalskaka,2018-06-01,0.17166539659059185,0.23924703240199255,-0.4364676442076802
Rembesdalskaka,2018-07-01,0.20143715285453764,0.33035399311264846,-0.5373527451362295
Rembesdalskaka,2018-08-01,0.18330396049684014,0.43897417969458047,-0.3323532828349954
Rembesdalskaka,2018-09-01,-0.4926724327172936,-0.8333858091284826,-0.6575790960257958
Rembesdalskaka,2018-10-01,0.06653037066097295,0.2051591760410878,0.16903031515980552
Rembesdalskaka,2018-11-01,0.11301090584007974,0.3109044918677601,0.5383317751303237
Rembesdalskaka,2018-12-01,0.39102270094719277,-0.6670625577767194,0.7089061594207943
Rembesdalskaka,2019-01-01,-0.1432392012423234,-0.7612726959952482,-0.6486980415399474
Rembesdalskaka,2019-02-01,-0.19902203002863494,-0.7145998135013665,0.05352036265811274
Rembesdalskaka,2019-03-01,0.23728982177886207,-0.38114384050465283,-0.7140447594387963
Rembesdalskaka,2019-04-01,-0.5363945750222213,-0.07249708736388794,0.07241085194603024
Rembesdalskaka,2019-05-01,0.24324126122946277,-0.6096071456400042,0.7879119619798697
Rembesdalskaka,2019-06-01,-0.3590950353138527,0.350258523037454,0.7614588052770003
Rembesdalskaka,2019-07-01,-0.1885784046218523,0.15946100906855679,-0.23894328719842228
Rembesdalskaka,2019-08-01,-0.43885544679516936,-0.2292883650227345,-0.3192015166162709
Rembesdalskaka,2019-09-01,0.26037220460375354,-0.1626532380575866,-0.19481755870813433
Rembesdalskaka,2019-10-01,-0.0424820119252999,0.3299577224237578,-0.028383504386694194
Rembesdalskaka,2019-11-01,-0.20817624833609902,0.8466708959258932,-0.2846666436416205
Rembesdalskaka,2019-12-01,0.30104640524760534,-0.4754244491933866,0.21141956687442928
Rembesdalskaka,2020-01-01,1.2340304671988591,-0.1368961417047582,-0.7480983947937728
Rembesdalskaka,2020-02-01,0.5740054526398038,0.1472940091448142,0.5056394158246157
Rembesdalskaka,2020-03-01,-0.7034030005999762,-0.2128522684775862,0.4470202183185301
Rembesdalskaka,2020-04-01,-0.6814325507426942,0.3353508415716914,0.3233488677055955
Rembesdalskaka,2020-05-01,0.025011059267116217,0.4563624787065004,-0.30197355518813646
Rembesdalskaka,2020-06-01,-0.32892159307808705,-0.007050123826227124,-0.011017280363221077
Rembesdalskaka,2020-07-01,0.00881335274413454,-0.2899278942060721,-0.2543235278015579
Rembesdalskaka,2020-08-01,-0.0565558706472076,0.09900788775359808,-0.02053771700758135
Rembesdalskaka,2020-09-01,0.4854898115421007,-0.3657847017314035,0.6173741365978134
Rembesdalskaka,2020-10-01,-0.8678970202101466,0.13133815736651086,-0.026245400022701555
Rembesdalskaka,2020-11-01,-0.15604098700583227,0.07179479582648934,-0.5128507759003235
Rembesdalskaka,2020-12-01,-0.12543521518249992,-0.14947587422846695,-0.3080925156090165
Rembesdalskaka,2021-01-01,0.08305474681742951,-0.4066883814689912,1.0216412236593542
Rembesdalskaka,2021-02-01,-0.3200935435776335,0.40801994092258975,0.2580143000770425
Rembesdalskaka,2021-03-01,0.8298271791023627,0.6737260911675998,0.32725070941141504
Rembesdalskaka,2021-04-01,-0.8743572722856876,-0.09935363158985411,0.9727304554815358
Rembesdalskaka,2021-05-01,0.3621199875400796,0.3266508156771098,0.32608844753231325
Rembesdalskaka,2021-06-01,-0.108428487328033,-0.20303542069371536,-0.11229076019735956
Rembesdalskaka,2021-07-01,0.003895610084659136,-0.47319610764364767,0.06153871175723758
Rembesdalskaka,2021-08-01,0.05754906523331649,-0.7104420661901414,-0.12234020505723302
Rembesdalskaka,2021-09-01,0.23061808437775896,-0.215511034178311,-0.2800819676327943
Rembesdalskaka,2021-10-01,0.2939859981507433,-0.7301976013694752,-0.38866389524868517
Rembesdalskaka,2021-11-01,-0.36974758484127435,0.24839879546022514,0.05414904235918186
Rembesdalskaka,2021-12-01,-0.07969000606395758,-0.4087865154071171,1.1165856254312454
Rembesdalskaka,2022-01-01,-0.15771460900222323,-0.4560696675395641,0.18356300503158227
Rembesdalskaka,2022-02-01,0.10687415038647537,0.21293705203262026,-0.009146892353246136
Rembesdalskaka,2022-03-01,-1.2059051795285314,-0.2105053164478475,-0.44989154999738273
Rembesdalskaka,2022-04-01,0.047606813191880065,-1.0176126016093452,0.27511782373880095
Rembesdalskaka,2022-05-01,-0.17007243119944207,-0.43677076818247795,-0.30956446859313214
Rembesdalskaka,2022-06-01,-0.015143993947260112,-0.32008759679417076,-0.16311113018764323
Rembesdalskaka,2022-07-01,0.37380398831362555,-0.1726179481654032,-0.0366896090132892
Rembesdalskaka,2022-08-01,0.12062054822201583,0.15637097216341195,-0.6896402569895974
Rembesdalskaka,2022-09-01,-0.18506467946702762,-0.5368973598699722,-0.22659760934902126
Rembesdalskaka,2022-10-01,0.17600385145784547,-0.23252180781590392,0.5462679600131719
Rembesdalskaka,2022-11-01,-0.3591547301818043,-0.8312487306893551,0.3655378486087751
Rembesdalskaka,2022-12-01,0.1291452058430097,0.7814491198731552,0.3258316724930648
Rembesdalskaka,2023-01-01,0.7390747938883034,-0.08356041123190495,-0.0682035438217454
Rembesdalskaka,2023-02-01,0.316352230601923,-0.3569207792653586,-0.4078494209347278
Rembesdalskaka,2023-03-01,0.035373583421812925,-1.0731600930031824,0.5307993407388848
Rembesdalskaka,2023-04-01,-0.2723607478090182,-0.4037255533737943,-0.1674732572740294
Rembesdalskaka,2023-05-01,0.37747623129635,0.2278964661000853,-0.2324555793693559
Rembesdalskaka,2023-06-01,0.027738390550671854,-0.2752308438440442,-0.387745511503964
Rembesdalskaka,2023-07-01,-0.5334964896549701,-0.27889492380646025,0.39083490134104554
Rembesdalskaka,2023-08-01,0.07334809597067381,-0.18716748250652074,-0.5480671739826666
Rembesdalskaka,2023-09-01,0.48085984803496773,0.6923233911891082,0.443806450493283
Rembesdalskaka,2023-10-01,0.14584774104766085,1.1812604281308914,-0.24618965168140264
Rembesdalskaka,2023-11-01,0.02350903025519134,-0.5094484122880621,-0.04647152185061109
Rembesdalskaka,2023-12-01,-0.09758910292471053,-0.31472104916641086,-0.126128887701373
Rembesdalskaka,2024-01-01,-0.002600576534635778,0.7601054746872092,-0.8232369853018673
Rembesdalskaka,2024-02-01,0.5853543811714963,-0.4807428676638767,0.06841701155878026
Rembesdalskaka,2024-03-01,0.17513403486194687,0.14084496977571048,-0.19839527765583617
Rembesdalskaka,2024-04-01,-0.0751819408889399,0.04906365027411311,0.07872854207607997
Rembesdalskaka,2024-05-01,0.5622856258225063,0.5760077941867947,-0.5477043484675121
Rembesdalskaka,2024-06-01,0.07127576534462123,0.012301145530050031,-0.2587100930687255
Rembesdalskaka,2024-07-01,-0.1754248547369456,0.23272546459584476,0.20868493101751165
Rembesdalskaka,2024-08-01,-0.2678482245648312,0.2797311514635679,-0.052516935041969776
Rembesdalskaka,2024-09-01,0.5282507505388739,0.1575131720969615,0.013309770288171874
Rembesdalskaka,2024-10-01,-0.5154149661738631,0.19872276784868378,-0.7062902898558124
Rembesdalskaka,2024-11-01,0.17135122251302135,0.6651549534131077,-0.5073098611143035
Rembesdalskaka,2024-12-01,0.24022972661664044,0.3689326047601235,-0.5508319962312228
Rembesdalskaka,2025-01-01,-0.2849421903893821,0.10179430933970106,-0.047961814726671805
Rembesdalskaka,2025-02-01,0.5744234476327547,-0.24629822718082228,-0.4679553394852219
Rembesdalskaka,2025-03-01,0.8115610189659453,-0.5941381469582224,0.21882149387665573
Rembesdalskaka,2025-04-01,-0.4452285875699435,-0.830979933872074,0.8597915258298494
Rembesdalskaka,2025-05-01,-0.40405293823297,-0.2434217067933833,0.112575063644283
Rembesdalskaka,2025-06-01,0.53919343087852,0.01203748757975887,0.37077125257667437
Rembesdalskaka,2025-07-01,-0.20324784977067978,-0.16285110699879,-0.007747918627915671
Rembesdalskaka,2025-08-01,0.006056797777315122,-0.22946243311351458,0.2899161832846357
Rembesdalskaka,2025-09-01,0.5749843099061452,-0.5511024200562077,0.6465719003981626
Rembesdalskaka,2025-10-01,-0.22002935535284318,0.3158596630015077,0.004430105044497229
Rembesdalskaka,2025-11-01,-0.19476121393028492,-0.44176560533825054,0.0368372757116653
Rembesdalskaka,2025-12-01,-0.7404328297183073,-0.3999324637743093,-0.2701719809956129
Rembesdalskaka,2026-01-01,0.04462371304864288,-1.0558948827614947,-0.0471120141816585
Rembesdalskaka,2026-02-01,-0.23613924416950294,0.19001343190758876,-1.0426854835459938
Rembesdalskaka,2026-03-01,-0.46812844825414973,0.33037718680762945,0.0804247431826708
Rembesdalskaka,2026-04-01,-0.5857700807264622,0.3678948377081759,0.026318674129488757
Rembesdalskaka,2026-05-01,0.25620484318173564,0.12760132575088154,-0.022339760396413128
Rembesdalskaka,2026-06-01,-0.1307974187371617,0.11682945544708227,-0.535577964033591
Rembesdalskaka,2026-07-01,0.0938936190750776,-0.1412770915020742,-0.057507491715246266
Rembesdalskaka,2026-08-01,-0.6755122358229965,0.2032667936572866,0.16118659551770287
Rembesdalskaka,2026-09-01,0.21204862637496977,0.3809918327342461,0.2218692208708275
Rembesdalskaka,2026-10-01,-0.5309855342425157,-0.6823155792191903,-0.08743845736767049
Rembesdalskaka,2026-11-01,-0.1618986778491019,-0.17760620217152226,-0.2810739543030682
Rembesdalskaka,2026-12-01,0.4239178529521433,-0.9805739729884978,0.02434310160014863
Rembesdalskaka,2027-01-01,0.5890474012654668,-0.9868165644965022,-0.3246866021752292
Rembesdalskaka,2027-02-01,-0.35250747079665395,0.6788834081696348,-0.0466243756199364
Rembesdalskaka,2027-03-01,0.6375068101530067,0.0785946937570685,-0.501674723795852
Rembesdalskaka,2027-04-01,-0.1917642246606407,-0.17227966442439824,0.7074205282520798
Rembesdalskaka,2027-05-01,-0.03470155140202782,0.19659378003758285,-0.16827989785281647
Rembesdalskaka,2027-06-01,-0.16904742986145246,-0.3229276470850018,0.013191116581431801
Rembesdalskaka,2027-07-01,0.17009023405369575,-0.21433579863010585,-0.2907065820491123
Rembesdalskaka,2027-08-01,-0.03176490571459901,0.08795608575376773,0.11280207015259536
Rembesdalskaka,2027-09-01,0.34976312853346947,-0.6067871178924547,-0.3035688487822643
Rembesdalskaka,2027-10-01,-0.27480831340063977,0.15153701309264167,-0.3356300308308262
Rembesdalskaka,2027-11-01,0.5427406647017908,-0.4396867711713696,-0.5844101201505131
Rembesdalskaka,2027-12-01,-0.17350726732771357,-0.32322339842211784,-0.202412585736611
Rembesdalskaka,2028-01-01,0.9467715564060851,0.07613175224985448,0.4949263526808001
Rembesdalskaka,2028-02-01,0.4865653209611763,1.3388485774976695,-0.5933932038123212
Rembesdalskaka,2028-03-01,0.6207172862071894,0.010892358983917947,0.34493622598469953
Rembesdalskaka,2028-04-01,0.7403615197763824,0.1010695047048476,-0.24154826807053476
Rembesdalskaka,2028-05-01,-0.23756720215325788,-0.2517445233315467,0.17390036852631943
Rembesdalskaka,2028-06-01,0.3038367195648724,0.3479330189549885,0.048490098257644054
Rembesdalskaka,2028-07-01,0.3234619286522291,-0.08102785248797936,-0.23688505446598243
Rembesdalskaka,2028-08-01,0.05602633351653432,-0.6655546406364945,0.2670434586683984
Rembesdalskaka,2028-09-01,0.1289986330533788,-0.41304938692043053,0.08318079043165663
Rembesdalskaka,2028-10-01,0.2493199472694619,0.38199613436173935,0.9595512918678178
Rembesdalskaka,2028-11-01,0.2504808808727899,0.19042922338749912,0.9524150849918035
Rembesdalskaka,2028-12-01,-0.2703992251078146,1.073400945644499,0.6560912585070297
Rembesdalskaka,2029-01-01,-0.3571814909861308,-0.3238436384753207,-0.849076697333706
Rembesdalskaka,2029-02-01,-0.21929498493190866,-0.7904012398053574,0.8476699920000056
Rembesdalskaka,2029-03-01,0.5800075023408694,-0.6299520977520058,0.18657857835091587
Rembesdalskaka,2029-04-01,0.10809581963637742,0.010698253024387141,0.5645921421409434
Rembesdalskaka,2029-05-01,0.6863476055253459,-0.3038615818437157,0.24179363328105877
Rembesdalskaka,2029-06-01,-0.3691896314563885,-0.07282517844292467,-0.03029929455459504
Rembesdalskaka,2029-07-01,-0.05091543539420652,0.21288881252800831,-0.07310168680268851
Rembesdalskaka,2029-08-01,-0.1226514499015714,0.14938971324357064,0.3183358965164673
Rembesdalskaka,2029-09-01,0.340663433401389,-0.20668134566701238,0.08437797072215066
Rembesdalskaka,2029-10-01,-0.2247814701801196,-1.4158353236008772,-0.49240488739342864
Rembesdalskaka,2029-11-01,-1.0704317897453466,0.11722062823533179,0.24490633169312823
Rembesdalskaka,2029-12-01,-0.014510362184220976,-0.3108715564263477,-0.10560716042679559
Rembesdalskaka,2030-01-01,0.28019283733355915,0.5946416434738869,0.2326958687798264
Rembesdalskaka,2030-02-01,0.2940028806617268,-1.0472846800096345,-0.43883522579417317
Rembesdalskaka,2030-03-01,0.3312638747874764,-0.2684435851065758,-0.041975830593098194
Rembesdalskaka,2030-04-01,-0.8167752686621418,-0.9343806106467746,-0.28212016801921685
Rembesdalskaka,2030-05-01,0.4357871543876047,0.362881853406052,0.32421530765406686
Rembesdalskaka,2030-06-01,0.013593894133145087,-0.03306459522669093,0.0006042205595501495
Rembesdalskaka,2030-07-01,-0.317670053288665,0.2464311211978766,-0.20710212387713986
Rembesdalskaka,2030-08-01,0.03404471436587423,-0.1495590452564486,0.32998694468242734
Rembesdalskaka,2030-09-01,0.09614300566502008,-0.7755480976933735,0.28711787360714364
Rembesdalskaka,2030-10-01,-0.20736928646573516,-1.0263935266823188,0.06340803824302892
Rembesdalskaka,2030-11-01,0.310741403757498,-0.36111478227146265,0.19493969313979176
Rembesdalskaka,2030-12-01,0.45422453598437884,0.556940112994495,0.1194332518614054
Rembesdalskaka,2031-01-01,-0.9558380783754258,-0.21066243672594367,-0.10539086012063921
Rembesdalskaka,2031-02-01,-0.03161343012160736,0.21471666249824206,-1.2989651341197668
Rembesdalskaka,2031-03-01,0.14649377667473737,0.8096181736336696,-0.5823241948368868
Rembesdalskaka,2031-04-01,-0.5529882831086566,0.15960211950218794,-0.006315337556358241
Rembesdalskaka,2031-05-01,0.39469607590785394,0.017774822961523412,-0.22541214891231376
Rembesdalskaka,2031-06-01,-0.02723940795757283,0.007939427974772118,0.01304134731031833
Rembesdalskaka,2031-07-01,0.38026008876344314,-0.005354337795543788,-0.2954455380127702
Rembesdalskaka,2031-08-01,0.058158180421851564,-0.20558898859222807,-0.11722640461109395
Rembesdalskaka,2031-09-01,-0.3304924211117741,0.4901256036151324,-0.6513290212981989
Rembesdalskaka,2031-10-01,-0.3940298161858394,-0.1775953257989755,-0.23030631685955363
Rembesdalskaka,2031-11-01,-0.5969269247288638,0.13326033158835374,0.18836910609909588
Rembesdalskaka,2031-12-01,-0.8246012828553232,-1.0429548478744515,-0.4366411781129739
Rembesdalskaka,2032-01-01,-0.4755853861362038,0.14079671423079387,0.6683524965512047
Rembesdalskaka,2032-02-01,-0.16080073487814642,-0.6089799857437979,0.601208202106179
Rembesdalskaka,2032-03-01,-0.06236373187545576,-0.11208499183437914,-0.46876602699683034
Rembesdalskaka,2032-04-01,-0.3794327028664557,-0.0811924435415922,-0.5212887529453999
Rembesdalskaka,2032-05-01,-0.3344896449252568,-0.01043703474145014,0.066742041953609
Rembesdalskaka,2032-06-01,0.0985389608960931,0.27165354227100114,-0.18695871073557999
Rembesdalskaka,2032-07-01,-0.13697177851525766,-0.18054470153254978,-0.06973012421758475
Rembesdalskaka,2032-08-01,0.2663600280296396,0.21461338337450908,0.07485621290519613
Rembesdalskaka,2032-09-01,0.15907881488559653,-0.33008525855056176,-0.27215229372842137
Rembesdalskaka,2032-10-01,-0.3230379313848744,-1.0797117316158547,-0.3459309709783309
Rembesdalskaka,2032-11-01,-0.4728881951095591,-0.1357898388941498,-0.17669749351329256
Rembesdalskaka,2032-12-01,0.18580896142706757,0.16646228424477771,0.40814587121855456
Rembesdalskaka,2033-01-01,-0.08550090901529546,0.42275655117441246,0.4868327345148007
Rembesdalskaka,2033-02-01,-0.10859490014959201,-0.320597671820351,-1.033931573551845
Rembesdalskaka,2033-03-01,-0.914998241832976,0.1533926648568032,-0.02176537596634001
Rembesdalskaka,2033-04-01,0.3679176253140133,0.38289586470782755,0.5066865356670817
Rembesdalskaka,2033-05-01,-0.06767828241920852,-0.5917382392412789,-0.22871442514098494
Rembesdalskaka,2033-06-01,0.23000777699324626,-0.5117783057359307,0.14010460367432975
Rembesdalskaka,2033-07-01,-0.07545646361654139,0.3542627196227482,0.10767609189461406
Rembesdalskaka,2033-08-01,-0.21903171749446368,-0.33065700340748716,0.019461699569188
Rembesdalskaka,2033-09-01,0.09042517513455502,0.45466485817027696,-0.24985156044566373
Rembesdalskaka,2033-10-01,-0.267337578203031,-0.20715314598591605,0.007601714904666
Rembesdalskaka,2033-11-01,-0.28764662111442685,0.43616264742457617,-0.5395353849619126
Rembesdalskaka,2033-12-01,0.061348397357796104,-0.1525970987706738,0.37454959244145924
Rembesdalskaka,2034-01-01,-0.4203525297928783,-0.5776730229653618,-0.37782816723248297
Rembesdalskaka,2034-02-01,-0.6627499770298012,-0.985685951192851,0.5675391928826999
Rembesdalskaka,2034-03-01,0.6936789841228981,-0.14958437932924282,-0.5788490227466024
Rembesdalskaka,2034-04-01,-0.30607883363467964,0.2846288044300166,0.2369199020152223
Rembesdalskaka,2034-05-01,-0.47124394110758044,-0.04116610866769368,0.1098102867488127
Rembesdalskaka,2034-06-01,0.32038336612406537,-0.11780270767633688,0.5287151820209154
Rembesdalskaka,2034-07-01,-0.582322277039528,0.5344460057814586,-0.01380001350606614
Rembesdalskaka,2034-08-01,-0.6224936172489821,0.04981358299122458,0.09796373700276577
Rembesdalskaka,2034-09-01,0.12196341179870603,-1.1858051608783962,0.3295588900897706
Rembesdalskaka,2034-10-01,-0.3887492794103071,-0.7615003740462608,-0.32346426171556164
Rembesdalskaka,2034-11-01,0.05999632356673735,0.2959398559837617,-0.5354061572731029
Rembesdalskaka,2034-12-01,-0.23071528372177297,-0.010999586033859804,-0.7150882687770782
Rembesdalskaka,2035-01-01,0.6774257926688003,0.28474080933485596,0.9656127456499618
Rembesdalskaka,2035-02-01,0.019425761969518073,-0.49694466037244567,0.06581861156696249
Rembesdalskaka,2035-03-01,-0.20191699979951896,-0.14009944605267952,0.5128719399804819
Rembesdalskaka,2035-04-01,0.1805226974911461,-0.04246038013654746,0.2761332206933951
Rembesdalskaka,2035-05-01,-0.6278566796374213,-0.581528682155684,-0.08173184721469873
Rembesdalskaka,2035-06-01,0.022703652394590296,0.13926129497415127,0.5329048808806276
Rembesdalskaka,2035-07-01,-0.614536437517082,-0.33878082609008336,-0.060655277553326205
Rembesdalskaka,2035-08-01,0.3614325198371211,0.11749808583816146,0.3315966058591679
Rembesdalskaka,2035-09-01,0.014778351538560322,-0.2749435348956197,-0.05949441573259123
Rembesdalskaka,2035-10-01,-0.10540921374412128,0.6058732280285247,0.26116528543623013
Rembesdalskaka,2035-11-01,-0.035056819246186914,0.45735547437188045,0.1016660207649119
Rembesdalskaka,2035-12-01,0.18780884207954154,0.20412117663618126,-0.2028432754759976
Rembesdalskaka,2036-01-01,0.19759762682830595,0.33314546545677964,-0.3176457533700148
Rembesdalskaka,2036-02-01,0.0838709898521252,0.7359108364823425,0.2617685600939735
Rembesdalskaka,2036-03-01,0.11274746244205185,0.11627875225313498,1.0250645675676948
Rembesdalskaka,2036-04-01,0.2908778457347883,0.21213041371424968,-0.35100392653639706
Rembesdalskaka,2036-05-01,-0.08456662512010804,-0.07667921218103312,-0.2517746206127842
Rembesdalskaka,2036-06-01,0.16105912861472685,0.31060103990924404,-0.20295141912903114
Rembesdalskaka,2036-07-01,0.07937379434746655,0.4628376927439688,0.09371263303925492
Rembesdalskaka,2036-08-01,-0.19663031564774824,-0.04263203171451494,-0.16815784322771646
Rembesdalskaka,2036-09-01,-0.4923960335485806,0.404381667894729,-0.5507404201421401
Rembesdalskaka,2036-10-01,-0.21138096655470387,0.23040259654384063,0.08583014566925705
Rembesdalskaka,2036-11-01,-0.4092979062700393,0.15085234280154378,-0.4439580514459786
Rembesdalskaka,2036-12-01,-0.7699783222423457,0.6400244576565534,-0.04403492187252069
Rembesdalskaka,2037-01-01,-0.1556486377355765,0.06753492984803137,0.4109892500311252
Rembesdalskaka,2037-02-01,0.6425233789249308,0.7594468596745395,0.07782525483765704
Rembesdalskaka,2037-03-01,1.307429542807698,-0.33375000157429535,0.27623871195002947
Rembesdalskaka,2037-04-01,0.04981927293360533,0.23242423527852807,-0.24435073477659422
Rembesdalskaka,2037-05-01,0.31878814088111646,-0.46872680807528416,0.0481161960035739
Rembesdalskaka,2037-06-01,0.3383200306495779,-0.18820924845157813,-0.041310059405004
Rembesdalskaka,2037-07-01,0.5711593347464414,0.02372476139548006,-0.1742785171657277
Rembesdalskaka,2037-08-01,-0.54241803032085,0.26910548196178,-0.15245359334938657
Rembesdalskaka,2037-09-01,-0.6914323111830747,0.36908800696041205,0.02379768818464569
Rembesdalskaka,2037-10-01,0.46530499139896553,1.0825278869119395,-0.27873161773358107
Rembesdalskaka,2037-11-01,0.5745206254366418,0.06365942348738848,-0.5582280205307303
Rembesdalskaka,2037-12-01,-0.6236437481800173,-0.10794473708207951,0.4836695599066183
Rembesdalskaka,2038-01-01,0.05754821784541551,0.39217979155792815,-0.14649438411491741
Rembesdalskaka,2038-02-01,0.6414781427002975,0.22180342565943598,0.34911972808056135
Rembesdalskaka,2038-03-01,0.47690017663071266,0.14118601436517106,-0.05376792680686706
Rembesdalskaka,2038-04-01,-0.17711579267652985,-0.6917395618716334,0.5376512165463629
Rembesdalskaka,2038-05-01,-0.017486811840477505,-0.5640527694672751,-0.4536350019176876
Rembesdalskaka,2038-06-01,0.22530976546393644,0.3315121210600149,-0.002000827664136814
Rembesdalskaka,2038-07-01,-0.12704098493459434,-0.03010222127901127,0.06741852611836176
Rembesdalskaka,2038-08-01,0.23449010172956863,0.6117533553326789,-0.18288073023603904
Rembesdalskaka,2038-09-01,0.6271402155000363,-0.2792871912657215,0.5096576143533763
Rembesdalskaka,2038-10-01,0.18282359338216878,0.14603876967858,0.5033404234772821
Rembesdalskaka,2038-11-01,0.8865500689690013,0.38389763361146784,0.01693877474236777
Rembesdalskaka,2038-12-01,-0.5946235826492282,0.8785493480810113,1.2676306551743413
Rembesdalskaka,2039-01-01,-0.3763731957367114,0.31250072224921926,0.5950295834532625
Rembesdalskaka,2039-02-01,0.5407112188207402,-0.18496460720718622,-0.7777873161338219
Rembesdalskaka,2039-03-01,-0.5097844169647834,0.39465402380515585,-0.42182506617046683
Rembesdalskaka,2039-04-01,0.24459800381757013,-0.33191754460022044,-0.6905619158261479
Rembesdalskaka,2039-05-01,0.11738448680474771,-0.158472573462884,-0.3393480712910601
Rembesdalskaka,2039-06-01,-0.21389909466708387,0.14343960409526657,-0.44291338145557707
Rembesdalskaka,2039-07-01,-0.12454625517585,-0.185299150505024,0.02155717219586548
Rembesdalskaka,2039-08-01,-0.07851459782579424,0.184047132118201,-0.1006640554769732
Rembesdalskaka,2039-09-01,-0.7214233254095026,0.33298575375102235,-0.4046246639584497
Rembesdalskaka,2039-10-01,-0.20667534416312408,0.5732501883326914,0.005939923526436127
Rembesdalskaka,2039-11-01,0.5130520461528973,0.13218995019352572,-0.2654931044321772
Rembesdalskaka,2039-12-01,0.3959590651451311,0.033212394849683496,0.032793445345905094
Rembesdalskaka,2040-01-01,-0.2186932390149341,0.34692247499993084,0.8544546288545051
Rembesdalskaka,2040-02-01,-0.6101213211158751,0.2527272220555363,0.2688163370830711
Rembesdalskaka,2040-03-01,0.3535530157295423,0.10121643820709851,0.31381722290990344
Rembesdalskaka,2040-04-01,0.4923108579200448,0.6218337404202003,-0.41587844899681164
Rembesdalskaka,2040-05-01,-0.38177230266857426,0.1333111494350799,-0.1347571384631604
Rembesdalskaka,2040-06-01,0.13008527711808585,0.06193894685745507,-0.1503113417253261
Rembesdalskaka,2040-07-01,-0.02426030909854404,-0.2324654534478574,-0.03310570466872554
Rembesdalskaka,2040-08-01,0.5307099523237825,-0.30987829318545274,0.04252957977960665
Rembesdalskaka,2040-09-01,-0.23228688958681576,-0.06491475983090282,0.07887768192549015
Rembesdalskaka,2040-10-01,-0.10983898503334777,0.5911183351822041,-0.2954649577800444
Rembesdalskaka,2040-11-01,0.3535128606180369,0.7933161108518515,-0.5652389759354447
Rembesdalskaka,2040-12-01,0.8612758387787566,-0.46728078912570137,0.4536451212979013
Rembesdalskaka,2041-01-01,1.0885858282472556,0.2972872861773566,-0.34866360071006935
Rembesdalskaka,2041-02-01,1.0885585096980765,0.24910716517361756,-0.22592417202328452
Rembesdalskaka,2041-03-01,0.00959833243135495,0.5551594939402443,-0.4617632845351798
Rembesdalskaka,2041-04-01,0.1575922560848863,0.07777335935566332,-0.36357240873899893
Rembesdalskaka,2041-05-01,-0.4503370011296776,-0.11799056308168289,-0.02933608723248064
Rembesdalskaka,2041-06-01,-0.5512749940257182,0.13409126062785606,-0.2776200171517478
Rembesdalskaka,2041-07-01,0.19794388739977756,0.00245538984166222,0.22536415843420018
Rembesdalskaka,2041-08-01,-0.03954579764198105,-0.17685347273135077,-0.24598926312065905
Rembesdalskaka,2041-09-01,-1.0320062539431598,0.007306981376820096,0.297537997052278
Rembesdalskaka,2041-10-01,-0.22265942999078667,0.32932745360841187,0.3082133587931169
Rembesdalskaka,2041-11-01,0.863167787913581,0.469401661942102,-0.003351378810039163
Rembesdalskaka,2041-12-01,0.6272120028409214,-0.8563607782172228,-0.09853936750495774
Rembesdalskaka,2042-01-01,0.4287854890715732,0.10264579551746729,-0.6302700073931337
Rembesdalskaka,2042-02-01,-0.1688633103811081,0.3337872109358215,-0.5093996542367555
Rembesdalskaka,2042-03-01,0.4299673677186746,-0.2896799385124011,-0.2661119309595114
Rembesdalskaka,2042-04-01,0.3146953914071188,-0.4925125728277496,-0.4413473096542881
Rembesdalskaka,2042-05-01,-0.2626810828432918,-0.1448351575740032,-0.4830630330805086
Rembesdalskaka,2042-06-01,-0.05745134901214576,-0.29093040879457815,0.2672288652115758
Rembesdalskaka,2042-07-01,0.5292098932135594,0.01315202960091788,0.07958125716297966
Rembesdalskaka,2042-08-01,-0.20115269993257046,-0.17224345250849227,0.24353082653573843
Rembesdalskaka,2042-09-01,-0.36215526591786223,0.46858869856592594,-0.3396901224213343
Rembesdalskaka,2042-10-01,0.6506704801565556,0.45743701732054215,0.01174228618210695
Rembesdalskaka,2042-11-01,-0.15279865984816365,-1.3882374713110963,-0.1478776325732949
Rembesdalskaka,2042-12-01,1.1022515948170541,0.02985712696969915,0.17065081300090465
Rembesdalskaka,2043-01-01,-0.6158561983896659,0.41268429602349926,-0.1639800929356405
Rembesdalskaka,2043-02-01,0.7582714831187998,0.2303816728688588,0.15810215238580136
Rembesdalskaka,2043-03-01,-0.12294962223054322,0.3991860240486554,0.5259033077549821
Rembesdalskaka,2043-04-01,0.09303094521067985,-0.23132347610259307,-0.6022308170292311
Rembesdalskaka,2043-05-01,-0.2356899628051015,0.3042174187631314,-0.04553851284266124
Rembesdalskaka,2043-06-01,-0.6425155414054965,0.07625071668954324,-0.14942922647938406
Rembesdalskaka,2043-07-01,0.47329736941416406,0.22403249605443362,-0.20033359394870542
Rembesdalskaka,2043-08-01,0.3751253256274583,-0.2479002658089354,0.023783241583352627
Rembesdalskaka,2043-09-01,0.11165100915527267,-0.07245330498400464,0.07929642837657715
Rembesdalskaka,2043-10-01,0.23729956597795018,0.6087217732292144,0.7548607072036629
Rembesdalskaka,2043-11-01,0.187186442664627,0.13301137355773165,0.4246211703259255
Rembesdalskaka,2043-12-01,0.41636792218756424,0.9351264508919422,0.5982989820685353
Rembesdalskaka,2044-01-01,-0.3400706748956864,-1.1843496368564697,0.6818922677327458
Rembesdalskaka,2044-02-01,-0.32643088012094745,-0.3830033174922239,0.5930254452088485
Rembesdalskaka,2044-03-01,0.04865700331203327,0.5443606414952942,-0.35517033195502884
Rembesdalskaka,2044-04-01,0.4368945101715161,-0.33339506266188,-0.48145952488886573
Rembesdalskaka,2044-05-01,-0.28484043459979763,-0.3665375303718328,-0.45557958642106716
Rembesdalskaka,2044-06-01,-0.09631028756120064,-0.49249060535069994,-0.4794052181965444
Rembesdalskaka,2044-07-01,0.3983897622327519,-0.08341765996431559,0.21305887464618875
Rembesdalskaka,2044-08-01,0.3888385605498877,-0.05311419533818377,0.033260353945777296
Rembesdalskaka,2044-09-01,-0.322171892950128,0.6068236327308337,-0.2892241973118341
Rembesdalskaka,2044-10-01,0.07526947219102555,-0.42503970432241284,0.21846645879192617
Rembesdalskaka,2044-11-01,0.5689411687099355,-0.056611451148336996,-0.2992416905096457
Rembesdalskaka,2044-12-01,0.38735520459736267,-0.2236967068800866,0.8251352026834996
Rembesdalskaka,2045-01-01,0.2191068368315632,0.14631798084182904,-0.10410711225313342
Rembesdalskaka,2045-02-01,1.0436043125451129,-0.9208878979240013,0.12867137637358406
Rembesdalskaka,2045-03-01,0.7334819824063801,0.10662628879023006,0.18899918177810768
Rembesdalskaka,2045-04-01,0.36871511254604333,0.39172311132060966,0.5068800239235729
Rembesdalskaka,2045-05-01,0.054527317600733004,0.05733469712916478,-0.3809616878789712
Rembesdalskaka,2045-06-01,0.14893050201212102,0.06433309651376083,0.05536553807195858
Rembesdalskaka,2045-07-01,-0.2637978508510599,0.30736113424095063,0.30671883855773274
Rembesdalskaka,2045-08-01,0.3952760839953069,0.26175510233966115,0.3838719892138731
Rembesdalskaka,2045-09-01,0.15348462966305404,0.5484104232255346,-0.5577731720618458
Rembesdalskaka,2045-10-01,-0.08171855335621298,1.068110667677863,0.5881290993610989
Rembesdalskaka,2045-11-01,-0.2240566064012586,-0.48671498720947826,0.551258844855694
Rembesdalskaka,2045-12-01,-0.9562904667325559,1.1825759659860002,-1.0809879698942442
Rembesdalskaka,2046-01-01,0.22092910440630611,-0.02469209825764861,-0.6679778655874479
Rembesdalskaka,2046-02-01,0.2199966018077529,-0.07122164405907676,0.3760116253017097
Rembesdalskaka,2046-03-01,-0.7947037096317793,0.6085050910675712,-0.628390864521781
Rembesdalskaka,2046-04-01,0.551833733729857,1.280128915538383,0.1414432619900019
Rembesdalskaka,2046-05-01,0.3559331221234799,0.009885402006701655,0.17658177565814004
Rembesdalskaka,2046-06-01,0.11592410453740522,-0.0012560121731988866,0.25155561108525637
Rembesdalskaka,2046-07-01,0.09262322389975347,-0.03875216564765144,-0.4658539130783009
Rembesdalskaka,2046-08-01,0.003030544920266661,0.6388499925198184,0.3960275983946526
Rembesdalskaka,2046-09-01,-0.4613578306572273,-0.19305142374922402,-0.16165029453150073
Rembesdalskaka,2046-10-01,0.23910802968506237,0.3651481120844034,-0.32344198860040535
Rembesdalskaka,2046-11-01,-0.4720997928314559,0.09022833857986212,0.48890200780701365
Rembesdalskaka,2046-12-01,-0.328080518740308,0.44742781548190114,0.25160049093191555
Rembesdalskaka,2047-01-01,-0.11387756990593889,-0.4603626245178372,0.058537471634502763
Rembesdalskaka,2047-02-01,-0.8779397417001027,0.15706842916649166,0.21207857004547118
Rembesdalskaka,2047-03-01,0.5390568200532275,-0.5424641804026317,0.24458654340805452
Rembesdalskaka,2047-04-01,0.008173289340004585,-0.1468323343790325,-0.08050100236168892
Rembesdalskaka,2047-05-01,0.013584681935464074,-0.45835693963372864,-0.14329745209461928
Rembesdalskaka,2047-06-01,-0.12467867690150597,0.2039493826340799,-0.5417071384776877
Rembesdalskaka,2047-07-01,0.4627086505764743,-0.04207928795981148,0.07085753902614633
Rembesdalskaka,2047-08-01,-0.06903934452408768,-0.3740136230440568,-0.3278336461813693
Rembesdalskaka,2047-09-01,0.41911737413978906,-0.65116888859302,0.5623918867345531
Rembesdalskaka,2047-10-01,0.49976296255132246,0.19477790494672056,0.44878325898774235
Rembesdalskaka,2047-11-01,0.013863473229659825,0.8473290862802392,-0.5697934578262639
Rembesdalskaka,2047-12-01,-0.15529130520135173,-0.22755904949162142,0.019177844851715465
Rembesdalskaka,2048-01-01,0.28252159210302197,-0.7461625889483431,-0.3006436687885177
Rembesdalskaka,2048-02-01,0.0673750567569329,-0.4250779038026778,-0.04109201787689082
Rembesdalskaka,2048-03-01,-0.29321110688391294,-0.09868423259745791,-0.08383706241417212
Rembesdalskaka,2048-04-01,0.14871814213019827,0.4041274593211477,-0.20827879172694694
Rembesdalskaka,2048-05-01,-0.3806423154826956,-0.080361766404675,0.027725137542361656
Rembesdalskaka,2048-06-01,0.00466083749350613,-0.4762029398138819,-0.08137866622135004
Rembesdalskaka,2048-07-01,-0.050516645439449344,-0.34551302989240124,-0.2474165604611042
Rembesdalskaka,2048-08-01,0.2172852709435773,0.1392280179406222,-0.15507345239401313
Rembesdalskaka,2048-09-01,-0.14461427303597643,0.22768434907907834,0.06567852228345365
Rembesdalskaka,2048-10-01,0.004904686371487614,-0.647537417813726,-0.05813954329648106
Rembesdalskaka,2048-11-01,-0.14625171579294477,0.40169939558817913,-0.11800762125029345
Rembesdalskaka,2048-12-01,-0.1862171323632349,-0.10336713640676336,-0.1597636415556195
Rembesdalskaka,2049-01-01,-0.1894800559658675,-0.16928826368567593,-0.17289872725823063
Rembesdalskaka,2049-02-01,0.4665934284579678,-0.9973160314244575,-0.29980181798890376
Rembesdalskaka,2049-03-01,-0.19589528078833748,-0.0357539964893591,-0.5245612873302634
Rembesdalskaka,2049-04-01,0.484272449289369,-0.3354556713159753,-0.4766749348199804
Rembesdalskaka,2049-05-01,-0.019664625411574484,-0.11723149129225467,0.0017306406858927138
Rembesdalskaka,2049-06-01,0.7646756819992883,-0.2569726387190047,0.006679055587637925
Rembesdalskaka,2049-07-01,0.030220454081852227,-0.10898778346260658,0.13964546429590688
Rembesdalskaka,2049-08-01,0.16331395558055298,-0.39634983346835795,0.5322358256077562
Rembesdalskaka,2049-09-01,0.25707133197730664,-1.0401091622984826,-0.002917399337880791
Rembesdalskaka,2049-10-01,0.1727114101983435,-0.02057574711792699,-0.49441048572118435
Rembesdalskaka,2049-11-01,0.24639694085779876,-0.16474898952081474,-0.8443840734679787
Rembesdalskaka,2049-12-01,0.09701148889452738,0.4180243554985885,-0.4125138584707028
Rembesdalskaka,2050-01-01,-0.004370806084849933,0.9472603429037405,0.6477541934661852
Rembesdalskaka,2050-02-01,0.128446058528441,-0.8706688154510832,0.6089491704784974
Rembesdalskaka,2050-03-01,-0.6309904305212887,0.831431679435043,-0.6014424422821086
Rembesdalskaka,2050-04-01,-1.0286833077250785,0.4067519117096479,-0.09167539649795327
Rembesdalskaka,2050-05-01,0.18832565208478147,-0.09991089535520033,0.48981041164949835
Rembesdalskaka,2050-06-01,0.08059949432189593,-0.056484809622080794,-0.23498522936860056
Rembesdalskaka,2050-07-01,0.047757845421270394,0.06352561642551298,-0.21458145176077817
Rembesdalskaka,2050-08-01,-0.4161307361351046,-0.26402638498826575,-0.030671604390646243
Rembesdalskaka,2050-09-01,0.3520743215011148,0.34143564744974925,-0.7156166605210473
Rembesdalskaka,2050-10-01,0.08601208844659392,-0.6929060761598137,-0.07837603052391862
Rembesdalskaka,2050-11-01,-0.24071162028419169,-0.3306415465505854,0.12446592746647633
Rembesdalskaka,2050-12-01,0.855816719960782,0.5127526031250643,-0.4559198619216636
Rembesdalskaka,2051-01-01,1.34205618958954,-0.3607441139233043,-0.39050160516813825
Rembesdalskaka,2051-02-01,-0.014309497501184263,0.11584796093830985,0.021636141174796907
Rembesdalskaka,2051-03-01,0.08879119339064574,0.5675574723004438,0.3466068408521264
Rembesdalskaka,2051-04-01,0.4282378655806134,0.1235062314090768,-0.03269157938108131
Rembesdalskaka,2051-05-01,0.7001717357397933,0.18180411149247763,-1.0156112237717727
Rembesdalskaka,2051-06-01,0.1587349075904729,-0.049026177078773346,0.3509725401379928
Rembesdalskaka,2051-07-01,-0.06797709701209946,0.10142463230628977,-0.27816042824375947
Rembesdalskaka,2051-08-01,0.4102773591395836,0.03575110321485726,-0.05854016587622405
Rembesdalskaka,2051-09-01,0.3616565781055802,0.3938136372746907,-0.481861669609238
Rembesdalskaka,2051-10-01,-0.1382548135134817,-0.2041164787967065,-0.49901829353506066
Rembesdalskaka,2051-11-01,-0.22822959969046763,-0.5130019991363738,0.09500811086269169
Rembesdalskaka,2051-12-01,-0.36831147390516294,-0.5344618810415134,-0.006569047244779476
Rembesdalskaka,2052-01-01,-0.33092357210115586,1.1800428417207547,-0.6093415449070179
Rembesdalskaka,2052-02-01,-0.0692397429222274,0.5582708523836603,0.4378853827220901
Rembesdalskaka,2052-03-01,0.12641829157992782,-0.30178916879547885,0.25294544568051164
Rembesdalskaka,2052-04-01,0.15686059129067834,0.4385138628565137,-0.1852794462445091
Rembesdalskaka,2052-05-01,0.1058225364110753,-0.4034668258430109,0.03133300630543475
Rembesdalskaka,2052-06-01,0.10643394706312197,-0.2300253597803318,-0.5144569627803196
Rembesdalskaka,2052-07-01,0.599423521851499,-0.2599602718944752,0.27451935020607876
Rembesdalskaka,2052-08-01,0.5437238620389596,-0.19631568263743057,-0.3363793765185763
Rembesdalskaka,2052-09-01,-0.020736126796492633,0.011573135812506678,-0.14250248108698213
Rembesdalskaka,2052-10-01,0.23285599656405323,-0.2062575353394999,0.6207221568270556
Rembesdalskaka,2052-11-01,0.21175019167406617,0.4161237139426068,0.6335625996741062
Rembesdalskaka,2052-12-01,0.3679024513916133,0.22948306570424046,0.2486700425382399
Rembesdalskaka,2053-01-01,-0.7184257630616014,-0.08823368969976582,0.2385971335300512
Rembesdalskaka,2053-02-01,-0.4157016872354378,-0.8914630041547814,1.1301433542232957
Rembesdalskaka,2053-03-01,0.10332090596421034,-0.5064680499913782,0.11034675186355658
Rembesdalskaka,2053-04-01,0.39709371770098595,-0.12047069043498256,-0.04741119060971819
Rembesdalskaka,2053-05-01,0.06116756172528659,0.16578996672018975,0.028701301543572755
Rembesdalskaka,2053-06-01,0.46303343260910323,-0.35854387346211897,-0.312544034414993
Rembesdalskaka,2053-07-01,0.16186650204403072,0.30461438217273457,0.10761584512992155
Rembesdalskaka,2053-08-01,0.5508196508170299,0.33897923903782906,-0.35156513864708877
Rembesdalskaka,2053-09-01,0.19849254563321775,0.015737358324975054,0.0010997713705497656
Rembesdalskaka,2053-10-01,0.24684774579752303,-0.011787565354848319,0.45934863216253347
Rembesdalskaka,2053-11-01,-0.03901573361304093,0.3465181275050959,-0.9132195979700909
Rembesdalskaka,2053-12-01,-0.16254606422681642,0.5664799759838949,-0.8592548186359575
Rembesdalskaka,2054-01-01,0.12218030826144162,0.6637607251551915,-0.2732991681252311
Rembesdalskaka,2054-02-01,-0.25828071250152074,0.4438919313775656,-0.4794356608470533
Rembesdalskaka,2054-03-01,0.4983593697553949,0.08989208944101053,-0.5474229660765759
Rembesdalskaka,2054-04-01,0.3467866306371199,1.064936925254547,-0.2630821084470047
Rembesdalskaka,2054-05-01,-0.05677459796928828,0.3968066899634957,0.08275953718703076
Rembesdalskaka,2054-06-01,0.27086752102231554,-0.49664647529537076,-0.42967342893109883
Rembesdalskaka,2054-07-01,-0.1840682694269349,0.08461393871693974,-0.11942203915869853
Rembesdalskaka,2054-08-01,0.04603112145371707,0.1749460515408199,0.25695169122812384
Rembesdalskaka,2054-09-01,0.12489098921462682,0.019616570180480977,0.6639441593957255
Rembesdalskaka,2054-10-01,0.3957619208056631,-0.6628336140640748,0.5134611431562218
Rembesdalskaka,2054-11-01,0.6066215101976172,0.3853159263511498,-0.40017214990384886
Rembesdalskaka,2054-12-01,-0.4663323816391731,0.5342952787103133,-0.6846681013521566
Rembesdalskaka,2055-01-01,0.41252143931043017,0.7527043386343495,0.2806793923259361
Rembesdalskaka,2055-02-01,0.29620751538843204,0.5454620193314644,0.17165053619486578
Rembesdalskaka,2055-03-01,0.07073669254846532,0.4941652492398923,0.15042261031992743
Rembesdalskaka,2055-04-01,-0.14644787311586618,0.597224402964165,0.0624367225773855
Rembesdalskaka,2055-05-01,-0.012991358767101432,-0.13840322656532658,0.20926536363592874
Rembesdalskaka,2055-06-01,0.011128138803944185,0.30060870248007204,0.04299309722395561
Rembesdalskaka,2055-07-01,0.0996988544309899,-0.3525150509554904,-0.061178349674384624
Rembesdalskaka,2055-08-01,0.11103967438941327,0.1266423214980679,-0.19188774433095135
Rembesdalskaka,2055-09-01,0.1085464465565918,0.8999901324346146,0.6400809061187546
Rembesdalskaka,2055-10-01,-0.463167930851075,-0.6206126770839946,0.2463847554767913
Rembesdalskaka,2055-11-01,0.24377212530587763,-0.16820742755067744,-0.3771752835566315
Rembesdalskaka,2055-12-01,0.5034498985901878,-0.2538008339403856,0.08992066271886277
Rembesdalskaka,2056-01-01,-0.07365355828865562,-0.7026356664911279,-0.20064007446318502
Rembesdalskaka,2056-02-01,-0.46060151229382074,-0.5213150451644794,-0.250693301441021
Rembesdalskaka,2056-03-01,-0.5515090734950702,-0.17446751328142185,-0.35518461042724825
Rembesdalskaka,2056-04-01,-0.2904517768488604,0.08160940577356202,0.10222728180024371
Rembesdalskaka,2056-05-01,-0.2807596811761485,0.1765884339788144,-0.2661595834688769
Rembesdalskaka,2056-06-01,0.2828116231451613,0.26561417516633684,-0.010348012811449358
Rembesdalskaka,2056-07-01,0.6394104933653778,0.523267516339722,-0.5906773390467266
Rembesdalskaka,2056-08-01,0.13848828355716877,-0.5241004564833668,-0.1295330217438787
Rembesdalskaka,2056-09-01,-4.490708134399316e-05,0.5206970872966354,0.1300443157926009
Rembesdalskaka,2056-10-01,-0.015648943847883262,0.0646061120562581,0.4069425300246267
Rembesdalskaka,2056-11-01,0.19652494428290612,0.31226061716408177,0.15429126372206944
Rembesdalskaka,2056-12-01,-0.2033743529328882,0.44607453434840205,-0.09375833062998738
Rembesdalskaka,2057-01-01,0.1003145922889412,-0.7389972215544134,0.2494354053270884
Rembesdalskaka,2057-02-01,-0.4395141297183833,-0.23848229095059612,-0.21464829424826257
Rembesdalskaka,2057-03-01,-0.38100153333825243,-0.580240311712589,-0.24693689790923287
Rembesdalskaka,2057-04-01,-0.10361333491860585,0.22532113696791178,-0.07538683314469326
Rembesdalskaka,2057-05-01,-0.3127148167754576,-0.2502417879228362,-0.012773310056302509
Rembesdalskaka,2057-06-01,-0.2996009497678544,0.38969156777608904,0.22717738714060806
Rembesdalskaka,2057-07-01,-0.5358782919282792,-0.3578997537306838,-0.09493699999883516
Rembesdalskaka,2057-08-01,0.42757867718497367,0.22701723222285453,-0.3902244126840791
Rembesdalskaka,2057-09-01,-0.22999691438299988,0.5030471771146726,0.26953950673178273
Rembesdalskaka,2057-10-01,0.05338905380567164,0.23984135401446707,0.7959081728808858
Rembesdalskaka,2057-11-01,-0.20672412454446457,0.39752062459690524,0.2633321007348893
Rembesdalskaka,2057-12-01,-0.8040043541809756,0.70095709385153,0.0240135312980308
Rembesdalskaka,2058-01-01,-0.8307741270194743,0.196230745033918,-0.14534370313843156
Rembesdalskaka,2058-02-01,-0.8297104796986874,-0.3944343640469108,-0.12653306409857049
Rembesdalskaka,2058-03-01,-0.2958366137393664,-0.008122901473984034,-0.2611937007832952
Rembesdalskaka,2058-04-01,0.14755433533279458,-0.3555385003289535,0.5901418577398053
Rembesdalskaka,2058-05-01,0.09062133300087295,0.38315503762542935,-0.2723480323027712
Rembesdalskaka,2058-06-01,0.2769578810129207,-0.09540761583038547,-0.08458313125423289
Rembesdalskaka,2058-07-01,0.23188858296049478,-0.6171938041924546,0.024438604217404073
Rembesdalskaka,2058-08-01,0.41960498585707934,-0.11184869285779808,-0.0048634325173051276
Rembesdalskaka,2058-09-01,0.004068051189806354,0.42495410949965495,-0.365440197652324
Rembesdalskaka,2058-10-01,0.17420412186799258,0.44687949922335357,0.9056679027863505
Rembesdalskaka,2058-11-01,-0.22700699356575318,-0.5817185132536054,0.4494476339680647
Rembesdalskaka,2058-12-01,0.5367090069051651,-0.329827844002287,0.6092704389273287
Rembesdalskaka,2059-01-01,-0.24899898851005622,-0.35975806583976216,0.028818499302886626
Rembesdalskaka,2059-02-01,0.24768119323484375,-0.3384444279107371,0.219693721922145
Rembesdalskaka,2059-03-01,-0.533831799910843,-0.1736391246915189,-0.41877831970431867
Rembesdalskaka,2059-04-01,0.026661125426551444,0.046038561727078646,-0.6937786150517361
Rembesdalskaka,2059-05-01,0.621485403788137,0.318730917760597,0.4073456268923234
Rembesdalskaka,2059-06-01,-0.29283150206331104,0.2542969840028784,0.013468018430137452
Rembesdalskaka,2059-07-01,-0.20079283763338096,0.020402687376114642,-0.16388571722305603
Rembesdalskaka,2059-08-01,0.2157175618424497,0.09398686714374026,0.1408495486496618
Rembesdalskaka,2059-09-01,0.01632973777584279,-0.5328270809830254,0.41380138477910156
Rembesdalskaka,2059-10-01,0.5819382994780814,-0.01442937149760474,0.19815942583105647
Rembesdalskaka,2059-11-01,-0.15455966655536582,-0.38891326071164967,-0.14703100310241232
Rembesdalskaka,2059-12-01,0.12314471964247871,-0.16694818787466784,-0.6157655106132457
Rembesdalskaka,2060-01-01,0.7434429441240874,0.17250087081502516,0.5575356680610758
Rembesdalskaka,2060-02-01,0.5963795822078407,0.1674743661499436,0.3679525869753963
Rembesdalskaka,2060-03-01,0.2191333072983583,-0.9561383347802218,-0.12510618928913916
Rembesdalskaka,2060-04-01,0.11734345822917468,-0.41451193320847673,-0.22282537010605694
Rembesdalskaka,2060-05-01,-0.2148561424388704,0.10411573768450096,0.6064652997302473
Rembesdalskaka,2060-06-01,0.38015837525831414,-0.10142035922238034,-0.21675396847268558
Rembesdalskaka,2060-07-01,0.2906085772612033,0.19155772221408388,-0.07544105424751847
Rembesdalskaka,2060-08-01,0.27628467957924885,0.0642150264814525,0.274427809652676
Rembesdalskaka,2060-09-01,0.28952715381184396,0.27748377926776313,0.16677172448519947
Rembesdalskaka,2060-10-01,-0.16426041908926867,0.26118400376595047,-0.7479113720578913
Rembesdalskaka,2060-11-01,0.1676542609607904,0.47899816300623316,-0.07314334493195375
Rembesdalskaka,2060-12-01,0.6553532667191871,-0.6631564067559541,0.00151750712108988
Rembesdalskaka,2061-01-01,0.6698453875280653,-0.3777834810170364,-0.1373248258278915
Rembesdalskaka,2061-02-01,0.09610247564808362,0.16446473475023504,0.8511117914813898
Rembesdalskaka,2061-03-01,-0.4757088750611747,0.1667225809562047,0.3453167329001457
Rembesdalskaka,2061-04-01,-0.002797528105874659,-0.31696737185886104,-0.07315849125742006
Rembesdalskaka,2061-05-01,0.009820283579496873,0.19631262898305,-0.16191427569593228
Rembesdalskaka,2061-06-01,0.017618718957788423,0.687170949609174,-0.15177968939694939
Rembesdalskaka,2061-07-01,0.31131022397070834,-0.021685781055785124,0.1708179342573235
Rembesdalskaka,2061-08-01,-0.059141426868783875,-0.2143545781492405,0.14210860196674271
Rembesdalskaka,2061-09-01,0.20462288473476808,-0.1445457218400927,0.10614779578262812
Rembesdalskaka,2061-10-01,0.44504070384536915,0.3056665449354093,-0.8605609540829696
Rembesdalskaka,2061-11-01,0.3697338583036462,0.15667664588849273,-0.033931835404715276
Rembesdalskaka,2061-12-01,0.15287055009527178,-0.3711683325323214,-0.8048758884005126
Rembesdalskaka,2062-01-01,0.3315735760034714,-0.6591166499310511,-0.43165033174935075
Rembesdalskaka,2062-02-01,-0.7667391524152736,0.464431442790044,0.3870232990005084
Rembesdalskaka,2062-03-01,-0.06360128193419466,0.01375762164909449,-0.3504729493406716
Rembesdalskaka,2062-04-01,0.5322460196783209,-0.099107207330328,0.021548331204354773
Rembesdalskaka,2062-05-01,0.47668239818927627,-0.2984408005361923,0.23092235757079668
Rembesdalskaka,2062-06-01,0.15073541834240609,-0.1454037743766788,-0.1803536514690848
Rembesdalskaka,2062-07-01,0.4603263595910552,0.022601247643600466,-0.002232398423981653
Rembesdalskaka,2062-08-01,-0.443080297740256,-0.5159964225047865,-0.04020112601684727
Rembesdalskaka,2062-09-01,0.16068141749284834,0.05839755956108884,0.17441777852988238
Rembesdalskaka,2062-10-01,-0.14361768493369423,-0.23556762708290746,-0.6614706300670923
Rembesdalskaka,2062-11-01,-1.0353835255933332,0.7513301565352379,0.44724253042850776
Rembesdalskaka,2062-12-01,-0.7394632874676117,1.1722133480927288,-0.3939430246603373
Rembesdalskaka,2063-01-01,0.6266207437700156,-0.008153690460306279,0.5743372013965272
Rembesdalskaka,2063-02-01,-0.5475806831719259,0.28337450988684304,-1.1004843605698398
Rembesdalskaka,2063-03-01,-0.2688624585009795,-0.3666949522886309,0.6767393080031984
Rembesdalskaka,2063-04-01,0.2296797614460145,0.03251767570461874,-0.24652611578552605
Rembesdalskaka,2063-05-01,-0.41722334131066097,0.22661014095228324,0.25083402299184226
Rembesdalskaka,2063-06-01,-0.3156745131297625,0.13638469693835462,0.14952821837516328
Rembesdalskaka,2063-07-01,-0.3712380534248155,-0.33189985727067034,0.08213269395942739
Rembesdalskaka,2063-08-01,0.3404409480699024,-0.07067020346280452,-0.24595639001338787
Rembesdalskaka,2063-09-01,-0.25369833004475356,0.014980024555118418,0.15093472831265406
Rembesdalskaka,2063-10-01,-0.15682666291244526,-1.171348502368615,-0.6005423463768487
Rembesdalskaka,2063-11-01,0.4602897629537652,-0.5721587615726107,-0.12325253353106765
Rembesdalskaka,2063-12-01,0.049522717735852644,-0.5187664680944747,-0.6006595079711278
Rembesdalskaka,2064-01-01,-0.19057857623860833,0.37036734834043167,-0.2154164193309893
Rembesdalskaka,2064-02-01,-0.1851983589186668,0.24062434787287432,-0.1625025468224552
Rembesdalskaka,2064-03-01,0.18051793346552955,0.6727600163158746,1.1485574916826922
Rembesdalskaka,2064-04-01,-0.09385196753526102,-0.09077006632354208,0.902322390530527
Rembesdalskaka,2064-05-01,-0.22968752386801625,-0.13674278728117673,0.1397870521398789
Rembesdalskaka,2064-06-01,0.18223148051795354,-0.26445806124157484,0.17247790010021688
Rembesdalskaka,2064-07-01,-0.3339974204301719,-0.5314716246528267,0.19198920522925758
Rembesdalskaka,2064-08-01,0.289195460412937,0.20962916887256522,-0.1486069379594841
Rembesdalskaka,2064-09-01,-0.35946602670690414,-0.015442267661012435,-0.3131000037853236
Rembesdalskaka,2064-10-01,-0.5569728972570073,0.5853263676652006,0.607498253065408
Rembesdalskaka,2064-11-01,-0.30467410628047303,0.8654993455012683,-0.23710546903556853
Rembesdalskaka,2064-12-01,-0.3061466043013222,0.1733882906957238,-0.6760593044662002
Rembesdalskaka,2065-01-01,-0.05133798303824625,-0.5746989494406761,-0.9221476637074583
Rembesdalskaka,2065-02-01,0.07805734547446919,-0.14363826104177177,-0.4623126322495476
Rembesdalskaka,2065-03-01,-0.24160256988408566,-1.1365554919928773,1.1596199800726923
Rembesdalskaka,2065-04-01,-0.032338954689502986,0.1487678959365196,0.29442715369768047
Rembesdalskaka,2065-05-01,0.34114429128370655,-0.5420868636866275,0.050364837679694775
Rembesdalskaka,2065-06-01,-0.3967546867375738,-0.187079963345916,-0.16957536387990566
Rembesdalskaka,2065-07-01,-0.018066478203027744,-0.4247771536275808,-0.32899240308060634
Rembesdalskaka,2065-08-01,-0.3883848450198664,0.0893585246113434,-0.3606034449251981
Rembesdalskaka,2065-09-01,0.015765513969282125,-0.6866741545622691,-0.1879821950487598
Rembesdalskaka,2065-10-01,-0.08274330792625106,0.08124423374302758,-0.010598217836253554
Rembesdalskaka,2065-11-01,-0.5464005257328697,-0.7477293699949931,0.07205677163720725
Rembesdalskaka,2065-12-01,-0.25304328000745346,0.8022983544245852,-1.0094574369395284
Rembesdalskaka,2066-01-01,-0.6342652927718411,-0.10738822376921957,0.08862296436211163
Rembesdalskaka,2066-02-01,-0.7494552064091776,-0.7641673423446979,0.8608432213105074
Rembesdalskaka,2066-03-01,-0.5398717028426293,0.9306548138387672,-0.2456167756461233
Rembesdalskaka,2066-04-01,-0.1551270761519386,0.1816479699655558,-0.1864810204022134
Rembesdalskaka,2066-05-01,0.08852953709335976,-0.08501827291350544,0.4192799657689421
Rembesdalskaka,2066-06-01,0.14527577577704623,0.17920699194491138,0.3347335703560949
Rembesdalskaka,2066-07-01,0.04347746993718333,-0.0688473174075249,0.365585306728802
Rembesdalskaka,2066-08-01,0.07930867253542195,-0.27547178890903773,0.26085425983405813
Rembesdalskaka,2066-09-01,-0.3432774655438626,0.4763299576680051,0.022802939729825177
Rembesdalskaka,2066-10-01,0.6951769987530888,-0.037569184745119555,-0.9205459979543411
Rembesdalskaka,2066-11-01,0.23761063212711897,0.6558333035041968,0.48250481976678555
Rembesdalskaka,2066-12-01,0.25782998392001394,-0.10323415541941283,-0.31494962592443637
Rembesdalskaka,2067-01-01,0.36577583128194685,0.3015358482888086,-0.42172689861872764
Rembesdalskaka,2067-02-01,0.3570252261375903,0.5885902595872569,-0.5690198617859475
Rembesdalskaka,2067-03-01,0.09049595815892005,-0.019575595377926153,-0.5184191343506984
Rembesdalskaka,2067-04-01,-0.39142197458516254,0.40129898233284395,-0.19480609824204198
Rembesdalskaka,2067-05-01,0.09859720007845907,-0.42183605758442955,-0.12088649476575374
Rembesdalskaka,2067-06-01,-0.3664881850490467,0.5896876909144693,-0.6745259769602066
Rembesdalskaka,2067-07-01,0.12596338075018557,-0.3485476053895462,-0.10005330766219044
Rembesdalskaka,2067-08-01,-0.31618457484056856,0.07723923017878982,-0.6463838348094614
Rembesdalskaka,2067-09-01,-0.3335158098555891,-0.2677066433322904,-0.200844433711833
Rembesdalskaka,2067-10-01,-0.27013715046332765,0.820346180820204,0.9786292999783296
Rembesdalskaka,2067-11-01,-0.7344600709066027,0.014630102579102763,-0.2221270489676215
Rembesdalskaka,2067-12-01,-0.5694668180363549,0.14758512687707181,0.5474440760471198
Rembesdalskaka,2068-01-01,-0.5799649027236745,0.3854988351420789,0.4147887407239059
Rembesdalskaka,2068-02-01,-0.00879601508891853,-0.5903424927484032,-0.37438343590176143
Rembesdalskaka,2068-03-01,0.23994348170488608,-0.22110553536777258,0.06545350792833816
Rembesdalskaka,2068-04-01,0.06550029304986824,-0.049115582157985525,-0.1888198994287559
Rembesdalskaka,2068-05-01,0.3164001034822051,-0.11207662980594042,0.7212715163500256
Rembesdalskaka,2068-06-01,-0.3585192376249236,-0.14612316298990413,-0.07111999432444215
Rembesdalskaka,2068-07-01,0.21426594250472275,-0.03818006710689278,-0.4639797739125792
Rembesdalskaka,2068-08-01,-0.05714217393505483,-0.4119909888437003,0.2639467390365509
Rembesdalskaka,2068-09-01,0.1311626702625347,-0.21213453411625074,-0.006718487638324518
Rembesdalskaka,2068-10-01,0.5537856298795271,0.2906317938738961,-0.24273699754894248
Rembesdalskaka,2068-11-01,0.24852867154255673,-0.3350441095280053,0.07884142516541934
Rembesdalskaka,2068-12-01,-0.35201835417151806,-0.07601103610501103,0.003992118480391882
Rembesdalskaka,2069-01-01,0.9026089836050467,-0.2861854699045289,0.23205356691213128
Rembesdalskaka,2069-02-01,0.23320684623791066,-0.15320268140967977,-0.20574817400869214
Rembesdalskaka,2069-03-01,-0.4484020081398486,-0.7454193257966581,1.0606457469250374
Rembesdalskaka,2069-04-01,-0.18778363349795849,-0.369892037803661,-0.2560670374129437
Rembesdalskaka,2069-05-01,-0.07760924960580098,-0.41920806898892843,0.45923055360700005
Rembesdalskaka,2069-06-01,0.4883905006629235,-0.4433856452543963,-0.4707401935597994
Rembesdalskaka,2069-07-01,-0.14630843210266495,0.3206036745003062,-0.014419246705375121
Rembesdalskaka,2069-08-01,-0.3846008030995917,0.24359124410477803,-0.006167183243730963
Rembesdalskaka,2069-09-01,0.10559620637544191,-0.13320513235703377,-0.2403937381423975
Rembesdalskaka,2069-10-01,0.2527477934594478,-0.5807583622402167,-0.4176661642145267
Rembesdalskaka,2069-11-01,0.2361388278880386,-0.6918136980988973,0.3210747171702228
Rembesdalskaka,2069-12-01,-0.0845764938714173,-0.9944400229357641,-0.5508888710685417
Rembesdalskaka,2070-01-01,0.025876022472441407,0.03792927025805316,-0.30217300540513203
Rembesdalskaka,2070-02-01,0.2509197543570824,-0.3567034833921055,0.9358026073163495
Rembesdalskaka,2070-03-01,0.16736541530364832,0.14480228987338567,0.8883354173765631
Rembesdalskaka,2070-04-01,0.04856575492730263,-0.8901861459377849,-0.17897313173568866
Rembesdalskaka,2070-05-01,-0.0734233210427515,-0.08475849516127053,-0.23913242868979626
Rembesdalskaka,2070-06-01,0.43927709040890234,5.625649844423486e-05,-0.19167868887990866
Rembesdalskaka,2070-07-01,0.2821706593707391,-0.20486823333366003,-0.29973950498493757
Rembesdalskaka,2070-08-01,0.24511836381409643,-0.021440684655991426,0.07674913641787857
Rembesdalskaka,2070-09-01,0.40408558128857325,0.23944207614276067,-0.09786872906087413
Rembesdalskaka,2070-10-01,0.39235878844891436,0.1672431769306086,0.7925022592938838
Rembesdalskaka,2070-11-01,0.43496728069353724,-0.4943756047541861,0.8723610555072637
Rembesdalskaka,2070-12-01,-0.04390642224559671,0.2491186615733121,0.047641947236856795
Rembesdalskaka,2071-01-01,-0.9170234269454792,0.10295372276798098,0.9995534717402804
Rembesdalskaka,2071-02-01,-0.3170185630361313,-0.10724146865819274,0.5456189222279005
Rembesdalskaka,2071-03-01,-0.43937704707773645,0.18997888872698512,0.02895575123956889
Rembesdalskaka,2071-04-01,0.526953865969567,-0.5881208316881072,-0.02228100064152061
Rembesdalskaka,2071-05-01,-0.5711540745688769,-0.3098263511257317,0.5008631488610819
Rembesdalskaka,2071-06-01,-0.7233626681287859,-0.06050321234593614,-0.0762497823165429
Rembesdalskaka,2071-07-01,-0.301160262839628,-0.2944397998643729,0.06106068213355883
Rembesdalskaka,2071-08-01,0.03813655219265772,-0.35952603260896865,0.026372904519381745
Rembesdalskaka,2071-09-01,0.15320153866210465,0.07078104545551707,0.07858870698216237
Rembesdalskaka,2071-10-01,-0.4427637155672112,-0.9048472573531207,-0.1686974889116625
Rembesdalskaka,2071-11-01,-0.8024199570959368,-0.03981968497728031,-0.1925407695907735
Rembesdalskaka,2071-12-01,-0.16258134845761327,0.2889237984909366,-0.2951285597060814
Rembesdalskaka,2072-01-01,-0.0450134367402352,0.13498606001120703,0.3109385541805742
Rembesdalskaka,2072-02-01,0.5761393114039398,0.7959612486445563,-0.5868032116575302
Rembesdalskaka,2072-03-01,0.11764557883827224,0.8585616903628472,0.07890261621301857
Rembesdalskaka,2072-04-01,-0.21877701305277455,-0.45467222514869077,0.8432993715653279
Rembesdalskaka,2072-05-01,-0.3683611709777444,0.666869531990403,0.16268192812352927
Rembesdalskaka,2072-06-01,-0.20654693653446551,-0.5257411058447763,0.5859184168613226
Rembesdalskaka,2072-07-01,0.4926686877937017,-0.1250049008544125,0.24922704382848263
Rembesdalskaka,2072-08-01,-0.21695467878526453,-0.06621567053545696,0.06956212057876203
Rembesdalskaka,2072-09-01,-0.09757088833442218,0.1488650854930713,0.41579440077953334
Rembesdalskaka,2072-10-01,-0.749888126218487,-0.5132457343812805,0.053860558336152414
Rembesdalskaka,2072-11-01,-0.2554525856243793,0.27588616531667576,-0.1351735040754797
Rembesdalskaka,2072-12-01,-0.23275007483786622,0.9231509778239285,0.9279137518694748
Rembesdalskaka,2073-01-01,-0.7842200155348801,-0.5219039567303293,0.6847444567230375
Rembesdalskaka,2073-02-01,-0.0911139410884751,0.3061220963838825,-1.0250768144222342
Rembesdalskaka,2073-03-01,-0.6030738963949348,0.31709711346995983,-0.3212093164231942
Rembesdalskaka,2073-04-01,0.9923833532992802,-0.1187340174426717,-0.031588118067339396
Rembesdalskaka,2073-05-01,-0.05363628095080412,-0.24747936579142352,-0.190699163448487
Rembesdalskaka,2073-06-01,-0.05335308919035317,0.13976617218311282,0.18811306345393497
Rembesdalskaka,2073-07-01,0.17108121404982568,0.12137703695188325,-0.06194145217017818
Rembesdalskaka,2073-08-01,-0.06588762600531772,0.4202432257315067,-0.2317138033269767
Rembesdalskaka,2073-09-01,-0.5147116519499397,-0.4415259377463851,0.602112898801737
Rembesdalskaka,2073-10-01,0.13085108539642148,-0.07377145205647478,-0.08163488336460216
Rembesdalskaka,2073-11-01,0.4064529346978347,0.23223132505226315,-0.707173290542262
Rembesdalskaka,2073-12-01,-0.12830831087367853,0.3556938758101551,-0.5759411298821014
Rembesdalskaka,2074-01-01,-0.40693686351604036,0.1955187420458471,0.7293553525871909
Rembesdalskaka,2074-02-01,-0.1689174982698581,-0.10803927934620693,-0.013102017923549522
Rembesdalskaka,2074-03-01,-0.5226670958743286,-0.25764669256297673,-0.18449221713537614
Rembesdalskaka,2074-04-01,-0.43881974582965544,0.40684602985008933,-0.1339914814312623
Rembesdalskaka,2074-05-01,-0.19128809662857157,-0.21452880186811538,-0.4662372375543502
Rembesdalskaka,2074-06-01,-0.34822049551006967,-0.42140093771768855,0.39542835945525995
Rembesdalskaka,2074-07-01,0.06392603852686747,-0.07794204854432328,0.17064834693165454
Rembesdalskaka,2074-08-01,0.09453060402234174,-0.01388701885302003,0.0883943570427133
Rembesdalskaka,2074-09-01,0.27610721308833247,0.14091414449441939,-0.7166734275207234
Rembesdalskaka,2074-10-01,-0.21168376018178534,-0.6267334261375344,1.302064822867905
Rembesdalskaka,2074-11-01,0.02415735426265615,-0.18366544002426724,1.299194266078503
Rembesdalskaka,2074-12-01,0.214197589720636,-0.06768223330109464,0.5462395718934147
Rembesdalskaka,2075-01-01,-0.401656629591065,0.6024535683557719,0.4190697488499742
Rembesdalskaka,2075-02-01,-0.36769808346311644,-0.29963915918745393,-0.13841389094514023
Rembesdalskaka,2075-03-01,-0.1129946835119408,-0.6383003493330442,0.03225970772414422
Rembesdalskaka,2075-04-01,-0.035981161328836504,-0.39995725620617795,0.16895016714992248
Rembesdalskaka,2075-05-01,-0.21727890601283803,-0.16802551184294076,0.3487429564650877
Rembesdalskaka,2075-06-01,0.2879579474608971,0.2293868776144592,-0.20695601033927877
Rembesdalskaka,2075-07-01,0.41874934600552427,0.16495597276645277,-0.005952323283012266
Rembesdalskaka,2075-08-01,-0.24514285212993722,0.04213470799789625,0.3841615350221949
Rembesdalskaka,2075-09-01,0.47042870390317687,0.3674463548927991,-0.0940857274483627
Rembesdalskaka,2075-10-01,-0.32437404715287094,-0.9303224947820862,-1.1709159150114772
Rembesdalskaka,2075-11-01,-0.7069794649019592,-0.37895910319493437,-1.275097907738092
Rembesdalskaka,2075-12-01,-0.11052187217933886,0.03920860980693735,-0.45046638824098445
Rembesdalskaka,2076-01-01,-0.7751772961639761,0.8789168932805529,-0.5274519602819178
Rembesdalskaka,2076-02-01,0.5308036075519951,0.5134497312924161,-0.4688621255637367
Rembesdalskaka,2076-03-01,0.2926070495394561,-0.15661899246412922,-0.03320795786376918
Rembesdalskaka,2076-04-01,0.46235970388304587,-0.4519651538775246,-0.08883018783413889
Rembesdalskaka,2076-05-01,-0.14125199526514762,-0.013690792598644308,0.16126664475410776
Rembesdalskaka,2076-06-01,-0.43410687878782767,0.09939079692931464,0.3481458767651569
Rembesdalskaka,2076-07-01,0.1809107222616296,0.28821682818882866,-0.4586842567515654
Rembesdalskaka,2076-08-01,-0.43303597988872466,0.6242296940117711,-0.1614246877650193
Rembesdalskaka,2076-09-01,-0.5098479109147164,0.270111098679787,-0.4685952278315138
Rembesdalskaka,2076-10-01,0.008925202560239187,-0.03949687601460438,-0.09490991276694462
Rembesdalskaka,2076-11-01,0.8168150960253581,0.7534542994186452,-0.17722565652696157
Rembesdalskaka,2076-12-01,0.9064960811277337,-0.23914088901781153,0.0627832422379031
Rembesdalskaka,2077-01-01,-1.279086772838527,0.14464232406547142,-0.2162140057047396
Rembesdalskaka,2077-02-01,-1.455608007705175,0.6005336057265164,0.08134493672617599
Rembesdalskaka,2077-03-01,-0.6555737118148751,0.2220356585296721,0.7620007414451706
Rembesdalskaka,2077-04-01,0.19472520958054995,-0.38467434301597786,-0.47785050995034944
Rembesdalskaka,2077-05-01,0.21199777032804615,0.42529514031707943,-0.4880310236845164
Rembesdalskaka,2077-06-01,0.3132946863232033,-0.40914201760333896,0.0028614748078953853
Rembesdalskaka,2077-07-01,0.08440214717686141,0.18693182255844465,0.12817216907945042
Rembesdalskaka,2077-08-01,0.12020829926696071,0.3728379330465457,-0.1690356319515316
Rembesdalskaka,2077-09-01,-0.40796584858411555,-0.35446620414631785,0.10137350613354153
Rembesdalskaka,2077-10-01,-0.13800678661522486,-0.233298940068818,0.6746597360321105
Rembesdalskaka,2077-11-01,-0.44362725243636697,-0.5321894616864374,1.1431557434056343
Rembesdalskaka,2077-12-01,0.4201132010315523,-0.44112162612036915,-0.3916543583699899
Rembesdalskaka,2078-01-01,0.2967161024813516,-0.5671542372105316,-0.40331696935671063
Rembesdalskaka,2078-02-01,-0.10494783449993932,-1.0198079268896905,-0.1747974059507126
Rembesdalskaka,2078-03-01,0.0344971204799372,0.44285313450208386,0.03446497906898823
Rembesdalskaka,2078-04-01,-0.6407926959083596,-0.23920903372320904,-0.23893147524020275
Rembesdalskaka,2078-05-01,-0.07735110231752901,-0.11272249648475306,-0.31416191262123666
Rembesdalskaka,2078-06-01,-0.027250560354474495,0.00020103397670826294,-0.027401983533007407
Rembesdalskaka,2078-07-01,-0.6806364096231942,-0.16315685657460638,0.2325477092782695
Rembesdalskaka,2078-08-01,-0.06642230398968889,0.20820773589544206,0.22530706961902788
Rembesdalskaka,2078-09-01,-0.12468348091891897,0.5195058084731222,0.27569159746837074
Rembesdalskaka,2078-10-01,0.28038053102925947,0.18407918425367742,-0.370548687557994
Rembesdalskaka,2078-11-01,0.4215198924257472,0.1352520811605866,0.9350078073340354
Rembesdalskaka,2078-12-01,0.12528783049522962,-0.10768255692566643,-0.14964324011879623
Rembesdalskaka,2079-01-01,0.08034111289464264,0.24523005800100117,-0.24163096346498011
Rembesdalskaka,2079-02-01,-0.05585319023708748,0.1485907823576338,-0.17512215084732163
Rembesdalskaka,2079-03-01,0.21957859010677735,-0.5801391075429255,0.3105903249651604
Rembesdalskaka,2079-04-01,-0.5453892801228568,-0.05024790453556385,0.2050967414362285
Rembesdalskaka,2079-05-01,0.28548087126539085,-0.6758097828391834,-0.26348372915026874
Rembesdalskaka,2079-06-01,-0.3631321831657803,-0.34968684981079184,0.12662984600821628
Rembesdalskaka,2079-07-01,-0.06765729577935917,0.1744363963667163,0.13522009729864953
Rembesdalskaka,2079-08-01,-0.15037450687895373,-0.1143356504301513,0.2763159133232575
Rembesdalskaka,2079-09-01,-0.08788379421450691,0.23824325163516105,0.17947491057632647
Rembesdalskaka,2079-10-01,-0.2847183642986804,0.38747983618399257,-0.38333297390896215
Rembesdalskaka,2079-11-01,0.027620938017889684,0.4893055721149511,-0.5890748808319715
Rembesdalskaka,2079-12-01,-0.17126341339925677,-0.021703898461200997,-0.038286792921055385
Rembesdalskaka,2080-01-01,-0.435506479842709,-0.5961685844729043,-1.0120343852818319
Rembesdalskaka,2080-02-01,0.16724202827073942,0.04919694049981621,0.4215690722243302
Rembesdalskaka,2080-03-01,0.1724390105440747,0.4973722467571588,-0.4116618844860231
Rembesdalskaka,2080-04-01,-0.4563122765536464,0.5253530365173248,-0.5706637944613031
Rembesdalskaka,2080-05-01,0.016545311970005912,0.24823213099296845,0.19008507410138745
Rembesdalskaka,2080-06-01,-0.46977422726159707,0.2132936749347395,0.21252774634389413
Rembesdalskaka,2080-07-01,0.27092958730263655,0.05191230111222508,-0.36029517027908115
Rembesdalskaka,2080-08-01,-0.07420030034370767,-0.1533793075754343,0.4840280599728058
Rembesdalskaka,2080-09-01,0.6203586887352199,-0.01031477982493869,0.32472442717654254
Rembesdalskaka,2080-10-01,-0.5800933436728085,-0.13183576083167503,0.3755778985225151
Rembesdalskaka,2080-11-01,0.730018187536522,-0.4945106123168219,-0.4182806932243793
Rembesdalskaka,2080-12-01,-0.27578563141962104,-0.5650571177694116,-0.44463213454130246
Rembesdalskaka,2081-01-01,-0.20630529331402633,-0.538158179062003,-0.438517749968963
Rembesdalskaka,2081-02-01,-0.20582322807557066,-1.0130598050880646,-0.518076148171135
Rembesdalskaka,2081-03-01,0.8127899344501989,-0.8519618472872988,-0.11717226441332329
Rembesdalskaka,2081-04-01,-0.02559579142640568,0.15935336644385953,-0.5516122969475877
Rembesdalskaka,2081-05-01,0.7014128462030428,0.21894809313944139,-0.15727193983758236
Rembesdalskaka,2081-06-01,0.047714345791710945,0.5841260528601012,0.42975882476237454
Rembesdalskaka,2081-07-01,0.35916100198441264,0.4839576935672623,-0.35261076126925883
Rembesdalskaka,2081-08-01,0.26884590288340826,-0.24230085838592474,0.02656136898727665
Rembesdalskaka,2081-09-01,-0.0013551027217512575,-0.2601180688115054,0.38593238109817646
Rembesdalskaka,2081-10-01,0.19345498767452105,0.41432252123395186,0.5399813073640196
Rembesdalskaka,2081-11-01,0.5989403611199111,-0.8359759917277847,0.3334691660882452
Rembesdalskaka,2081-12-01,-0.28673915715734416,-0.28081137934531225,0.2996087513483296
Rembesdalskaka,2082-01-01,-0.2745088907192298,0.3926631743243476,-0.020499722637064902
Rembesdalskaka,2082-02-01,0.04638762021599391,0.589507599915572,-0.4092600645475066
Rembesdalskaka,2082-03-01,0.25139082707242616,-0.45198320416916343,1.0844261612184762
Rembesdalskaka,2082-04-01,0.24991198788615718,-0.05065070603507058,-0.02099931843939623
Rembesdalskaka,2082-05-01,0.02066694077099623,-0.9022847878928112,-0.21829304116904433
Rembesdalskaka,2082-06-01,-0.09623123581412245,0.32963540598040614,0.41955539540112524
Rembesdalskaka,2082-07-01,-0.5273519832507916,0.05204806130525286,0.33946279261646417
Rembesdalskaka,2082-08-01,0.01745537849024334,0.0671937466700278,-0.3085124830769485
Rembesdalskaka,2082-09-01,0.3956801997288782,0.1839090629977976,-0.8892662627159368
Rembesdalskaka,2082-10-01,0.0011842787000227312,0.44222487291222884,-0.23178130236165298
Rembesdalskaka,2082-11-01,0.5832830189170529,-0.07515818009106964,0.8058125993855997
Rembesdalskaka,2082-12-01,0.6563778495894103,-0.5102886621502657,-0.14636570897957749
Rembesdalskaka,2083-01-01,0.5635269532031643,-0.2781079923197007,-0.20672357207106493
Rembesdalskaka,2083-02-01,-0.20642034724330463,0.941563904017022,0.9109917014663016
Rembesdalskaka,2083-03-01,0.5110316533187212,-0.41888840300801183,-0.8571302469048593
Rembesdalskaka,2083-04-01,0.3413056667233038,-0.2050372284104469,-0.13986742695292115
Rembesdalskaka,2083-05-01,0.12141886651364342,0.2990125237016044,-0.24102379251840533
Rembesdalskaka,2083-06-01,0.22954997993220663,0.1385543320951386,0.0025959852326856853
Rembesdalskaka,2083-07-01,-0.3363654901399111,-0.033920361575433156,0.3223015088724075
Rembesdalskaka,2083-08-01,0.05408106144882626,-0.06435661351037886,-0.3183117761031937
Rembesdalskaka,2083-09-01,-0.009463060583911677,-0.3224740738184216,0.23865595138123893
Rembesdalskaka,2083-10-01,-0.13553543373998528,-0.31361385182780593,0.7598479079317406
Rembesdalskaka,2083-11-01,-0.20293902184935744,0.13913313004242744,-0.33896669027009724
Rembesdalskaka,2083-12-01,-0.1134168919024315,-0.7947945008187274,0.23278619176654547
Rembesdalskaka,2084-01-01,-0.217799976505236,1.6854297617891951,0.530974940667947
Rembesdalskaka,2084-02-01,-0.130501039455705,0.49583526998500654,-0.023401455655263966
Rembesdalskaka,2084-03-01,-0.18156802702518593,0.8334757745317143,-0.3753943830870134
Rembesdalskaka,2084-04-01,-0.29987641707275686,-0.27756436081926167,0.024697760952245046
Rembesdalskaka,2084-05-01,0.3234351492250022,-0.16134027194283054,-0.285022804216182
Rembesdalskaka,2084-06-01,0.40641575401424546,-0.4818688005801503,0.2486384349948337
Rembesdalskaka,2084-07-01,-0.23058530218675752,0.04597142864453665,-0.5060138466953085
Rembesdalskaka,2084-08-01,0.31551887434618614,0.09860565429122888,0.002580906101124059
Rembesdalskaka,2084-09-01,-0.47892052944801705,-0.08681901154384836,-0.5137265930581185
Rembesdalskaka,2084-10-01,0.18853148900473907,0.03380448165857555,0.09921508837831987
Rembesdalskaka,2084-11-01,-0.5853262711270671,-0.4554856577069912,0.8078508756337177
Rembesdalskaka,2084-12-01,-0.028797899445263248,-0.4529685791666995,1.1723818523243918
Rembesdalskaka,2085-01-01,0.06533706611036764,-0.7902659596681917,-0.10686755102428057
Rembesdalskaka,2085-02-01,-0.5000333080153544,-0.876560187676772,0.34817680486897085
Rembesdalskaka,2085-03-01,0.26926950036665415,-0.9747767017243749,-0.4767217896704534
Rembesdalskaka,2085-04-01,0.2918740643183299,0.13393897532267662,0.5228535777242833
Rembesdalskaka,2085-05-01,-0.01341905562752616,0.27512305730196623,0.26544637607839056
Rembesdalskaka,2085-06-01,-0.4536571616778026,0.4768354626836843,-0.23659547041429907
Rembesdalskaka,2085-07-01,-0.43127032992814246,0.19587671824208405,0.03918284938385854
Rembesdalskaka,2085-08-01,-0.4989111711859991,-0.03075256277001472,0.21166839001243187
Rembesdalskaka,2085-09-01,0.4528315308264395,0.07021288322284071,-0.017226711972491576
Rembesdalskaka,2085-10-01,0.12948006267538004,0.08011101859358753,0.5781397043307841
Rembesdalskaka,2085-11-01,0.07464430225025566,0.3909826798515335,0.3050882861206691
Rembesdalskaka,2085-12-01,0.1325474029069671,0.4144107913959121,0.23777421044541772
Rembesdalskaka,2086-01-01,0.24385708133696715,-0.19162081135984455,-0.43222885065019456
Rembesdalskaka,2086-02-01,-0.37581208080761885,-0.2317737388846889,-0.2150982018683859
Rembesdalskaka,2086-03-01,0.005985904873567631,-0.11695251522370342,0.21873936950860093
Rembesdalskaka,2086-04-01,-0.3996490898310467,-0.22262137583702354,0.6230941522344938
Rembesdalskaka,2086-05-01,-0.38474626813906837,0.10989968237847268,-0.18158715736393374
Rembesdalskaka,2086-06-01,-0.36299264642662293,-0.4950189017305073,0.14590302852779716
Rembesdalskaka,2086-07-01,-0.18146546587375212,0.19161672110132977,0.14056425393006086
Rembesdalskaka,2086-08-01,-0.27625715217968744,-0.061318427265775494,0.03511362278981025
Rembesdalskaka,2086-09-01,-0.4543319740633683,0.30649781314862595,0.20261979417822093
Rembesdalskaka,2086-10-01,0.2681091824716986,-0.7007107085141588,-0.2858739200311694
Rembesdalskaka,2086-11-01,0.026213483652984843,0.020066196478564727,-0.3746394381398992
Rembesdalskaka,2086-12-01,-0.21109352470764822,0.21532493523865415,0.5871130102898823
Rembesdalskaka,2087-01-01,-0.3479396270186084,-0.28254051803917396,-0.39837543371748446
Rembesdalskaka,2087-02-01,-0.3094377249398303,-0.10401366906844563,-0.1723214384355151
Rembesdalskaka,2087-03-01,-0.43225870898759317,-0.1463313103016121,-0.2368621247412476
Rembesdalskaka,2087-04-01,-0.6731758582574919,0.9115595111848784,0.5550480200481869
Rembesdalskaka,2087-05-01,-0.46655724882305294,-0.22209322102606097,-0.03257943115700282
Rembesdalskaka,2087-06-01,0.26056480919708697,0.2002185585574727,0.11983230876679117
Rembesdalskaka,2087-07-01,-0.05868721405692784,-0.03599642091938859,0.2583454642997066
Rembesdalskaka,2087-08-01,-0.02226820684920888,0.08826253165113941,0.15458308203601825
Rembesdalskaka,2087-09-01,0.1882430185029816,-0.13368143851974787,-0.22251114509718697
Rembesdalskaka,2087-10-01,0.02117185492808323,0.4539501694279133,-1.2510829940419084
Rembesdalskaka,2087-11-01,-0.20140325879635848,-0.5753434837905435,-0.19130614131389323
Rembesdalskaka,2087-12-01,0.6799787150501082,-0.651933126558296,0.29092461201251246
Rembesdalskaka,2088-01-01,-0.20168005319297863,0.6566381520589083,-0.6704622532029023
Rembesdalskaka,2088-02-01,0.020865803830897797,0.1529327636837754,-0.8074818015506752
Rembesdalskaka,2088-03-01,-0.024025591133400526,-0.35596157581531074,0.23202344535782435
Rembesdalskaka,2088-04-01,0.3341954531165941,-0.2552278468628882,0.373017120071034
Rembesdalskaka,2088-05-01,-0.11264318978510147,0.2913229151831615,0.5750939920018904
Rembesdalskaka,2088-06-01,0.24933239200192783,-0.09644817770125465,-0.13799760037498332
Rembesdalskaka,2088-07-01,-0.31641851941320814,0.4022102253519942,0.22966517816095058
Rembesdalskaka,2088-08-01,-0.025671720003174747,0.2271190124491652,-0.0771701064854506
Rembesdalskaka,2088-09-01,-0.3166064216493191,0.3702933695617281,-0.4434698141360749
Rembesdalskaka,2088-10-01,-0.082479176188459,0.25806465433225567,-0.8503011968473247
Rembesdalskaka,2088-11-01,-0.45401224444440474,-1.1405403051281857,0.8973743959633184
Rembesdalskaka,2088-12-01,0.03600402222240978,-0.36608037261015136,0.1939183040587109
Rembesdalskaka,2089-01-01,0.5871025220321268,-0.08655281655882023,0.5984523948751503
Rembesdalskaka,2089-02-01,1.0671159597832494,0.04589413839312043,-0.30143748678758564
Rembesdalskaka,2089-03-01,0.2716299891195528,0.10287367998058834,-0.12264113012721262
Rembesdalskaka,2089-04-01,-0.20975687043257008,-0.4234237344729544,-0.36112105469649974
Rembesdalskaka,2089-05-01,-0.6316348246703265,-0.6479155748927993,0.27986080063397184
Rembesdalskaka,2089-06-01,0.10492881003742376,-0.04733258138441768,-0.12383327139422358
Rembesdalskaka,2089-07-01,-0.34640752504554734,0.24076386871379774,-0.030502849263619406
Rembesdalskaka,2089-08-01,-0.5486743341267676,-0.3396708110181507,0.05740970920107417
Rembesdalskaka,2089-09-01,-0.12634237488205832,0.42430423185551397,0.20785074417477034
Rembesdalskaka,2089-10-01,0.5012287526706188,0.06921181771941448,0.728720953567747
Rembesdalskaka,2089-11-01,-0.6232107175765302,-0.6895698907472264,0.7049103802995704
Rembesdalskaka,2089-12-01,0.04427388614330935,-0.16842920840168407,-0.26221190631814933
Rembesdalskaka,2090-01-01,-0.7926965375323648,0.03755474385394874,0.5064500062255545
Rembesdalskaka,2090-02-01,0.42212542415154175,0.25082804341936865,-0.19240238270975416
Rembesdalskaka,2090-03-01,-0.44107480942574634,0.39783068396682425,-0.19752448262197572
Rembesdalskaka,2090-04-01,-0.33292527494248453,1.2428269498475157,-0.31404549525646774
Rembesdalskaka,2090-05-01,-0.062049154966870614,0.3514068605145262,0.4056336944233509
Rembesdalskaka,2090-06-01,-0.3908366652054596,-0.05140864923830266,0.037187467140098546
Rembesdalskaka,2090-07-01,-0.23904604839170665,-0.0099108483733877,-0.06879653911058319
Rembesdalskaka,2090-08-01,-0.20371730606381458,0.3530617886052158,0.21606840492952317
Rembesdalskaka,2090-09-01,-0.15324393792027977,0.45387379166935754,-0.04851780664720375
Rembesdalskaka,2090-10-01,-0.09823784765004773,-0.8800429934257714,0.7443455416179144
Rembesdalskaka,2090-11-01,0.5303091621192758,0.49730399900004535,0.4272175238958152
Rembesdalskaka,2090-12-01,0.04166706498071706,-0.05485606731310366,-0.7492450582182654
Rembesdalskaka,2091-01-01,-0.1840404884495301,1.5043039523880994,-0.4575458754170633
Rembesdalskaka,2091-02-01,0.028036290633703723,1.2109947429436074,0.925111320569158
Rembesdalskaka,2091-03-01,0.13670568547409895,0.26778398319562086,-0.5680994834692578
Rembesdalskaka,2091-04-01,0.8478328292537408,-0.1708269986752118,0.14522759331596383
Rembesdalskaka,2091-05-01,0.3644218582412571,-0.19798155578660234,-0.13950255859124946
Rembesdalskaka,2091-06-01,-0.43108470183064923,-0.0919223953554514,-0.31258348706681144
Rembesdalskaka,2091-07-01,0.09712301754540287,-0.36692488172464377,0.28451798678630547
Rembesdalskaka,2091-08-01,0.23783598180448004,0.15488524027853987,0.06230489015140422
Rembesdalskaka,2091-09-01,-0.03290849030685906,-0.401290441556059,0.4909502454942787
Rembesdalskaka,2091-10-01,0.6923485565251198,-0.3201113683684437,0.28824323114030903
Rembesdalskaka,2091-11-01,0.46472574313667003,-0.3517702118814248,-1.3061775163887754
Rembesdalskaka,2091-12-01,0.1304340359449078,-0.890678781280623,-0.27212708080512765
Rembesdalskaka,2092-01-01,-0.942800830954584,-0.7544876731402788,-0.815579242886062
Rembesdalskaka,2092-02-01,-0.22674919591702036,0.06209817408471508,-0.44109719610862314
Rembesdalskaka,2092-03-01,-0.47786233170396125,0.22036865163337724,0.3458011674577209
Rembesdalskaka,2092-04-01,-0.2740682277268214,-0.18092007398533883,0.009215910439100665
Rembesdalskaka,2092-05-01,-0.3763440153553117,0.36342456438453796,-0.12132018316142505
Rembesdalskaka,2092-06-01,0.3835104809329272,-0.17869009458860208,0.27248608814183223
Rembesdalskaka,2092-07-01,-0.0367605430726255,-0.2956994741030215,0.14960119986750967
Rembesdalskaka,2092-08-01,-0.009845260229472,-0.07445629813300565,-0.08502490533795586
Rembesdalskaka,2092-09-01,0.3426278773105365,-0.9525552432283814,-0.017233141546700383
Rembesdalskaka,2092-10-01,-0.34873307014920024,0.3597028756562198,0.25908444756884275
Rembesdalskaka,2092-11-01,-0.14199698633655,-0.1482436691063698,-0.30709317170204786
Rembesdalskaka,2092-12-01,-0.13153294462080822,-0.5687318654472929,-0.4683305692401545
Rembesdalskaka,2093-01-01,0.15968723953556552,-0.21667008915404884,0.6383280318137322
Rembesdalskaka,2093-02-01,-0.3574887824390402,1.002745706639927,-0.40682366383068586
Rembesdalskaka,2093-03-01,0.3912912344528037,0.1516347420151525,-0.4349926685544376
Rembesdalskaka,2093-04-01,-0.48277098905499755,0.2632695407369046,0.7804780208117252
Rembesdalskaka,2093-05-01,0.11573054694450223,0.4910538975653074,0.6356243174083149
Rembesdalskaka,2093-06-01,-0.2283125321595636,0.07049582986831016,0.4915724729562714
Rembesdalskaka,2093-07-01,0.03826718110307175,-0.45953167062271616,0.25220987105549414
Rembesdalskaka,2093-08-01,0.025288553196372566,-0.36724301080113103,0.13968019534867296
Rembesdalskaka,2093-09-01,-0.19720605831080898,-0.4866554366123803,0.25771211183604176
Rembesdalskaka,2093-10-01,0.3487531697933277,0.5007033797874689,-0.3448672878804337
Rembesdalskaka,2093-11-01,-0.00023064194494044435,-0.07947404268261837,-0.40504439034332745
Rembesdalskaka,2093-12-01,0.22689204903098759,0.5628515320327514,-0.5399248091575727
Rembesdalskaka,2094-01-01,0.3081818978055584,-0.36530788788595303,-0.4873129265433183
Rembesdalskaka,2094-02-01,0.7763937522795366,0.194455718797925,-0.1397157154364351
Rembesdalskaka,2094-03-01,-0.5424476160807395,-0.23176160858991646,0.39295676428843535
Rembesdalskaka,2094-04-01,0.3539647341166552,0.4104255003519495,-0.08269166225290979
Rembesdalskaka,2094-05-01,0.583373490798098,0.1323200802324914,-0.3103810217988807
Rembesdalskaka,2094-06-01,0.3353640516450038,0.32150177261668406,-0.2152755659626692
Rembesdalskaka,2094-07-01,-0.05205204769729508,-0.0322106555314362,-0.262769567202501
Rembesdalskaka,2094-08-01,0.262136852932629,0.27552479063073865,0.5450139562979793
Rembesdalskaka,2094-09-01,0.02169599396812392,0.04013211489216204,0.6090081872474876
Rembesdalskaka,2094-10-01,0.6055696272049608,0.11865752242104326,-0.7043007674897132
Rembesdalskaka,2094-11-01,-0.18341643376233652,-0.1037735162021739,-0.32121081755514963
Rembesdalskaka,2094-12-01,0.08200889556101403,0.3258785603223693,0.01408950014555798
Rembesdalskaka,2095-01-01,0.22289674619899502,-0.2770486646943416,-0.17471111262750338
Rembesdalskaka,2095-02-01,-1.1021124559290525,-0.33027965455971336,0.24918366881090812
Rembesdalskaka,2095-03-01,-0.612349737874991,0.20802597215449006,-0.6397457475090927
Rembesdalskaka,2095-04-01,-0.6132265739976882,-0.02815635080036617,0.025583996647720274
Rembesdalskaka,2095-05-01,-0.17871601295772357,0.4024851702885684,-0.36289213706072626
Rembesdalskaka,2095-06-01,0.16128617988804053,0.366554277101786,0.03765767105443165
Rembesdalskaka,2095-07-01,-0.22201056292993263,0.39658347672736,0.19144685035057676
Rembesdalskaka,2095-08-01,-0.3691529957298119,-0.1794262400526978,-0.2515026143625552
Rembesdalskaka,2095-09-01,-0.09398865904750181,0.6519500718226049,-0.4278813442160668
Rembesdalskaka,2095-10-01,-0.19198910656595847,-0.006720778572037243,-0.818291439344533
Rembesdalskaka,2095-11-01,-0.6728792354548868,0.8393239454654733,-0.05655224924473501
Rembesdalskaka,2095-12-01,-0.41049430634145373,0.5410965152950177,-0.1347063585025298
Rembesdalskaka,2096-01-01,-0.132957128075172,0.1402921306518534,-0.2472169243581023
Rembesdalskaka,2096-02-01,0.02930795950382951,0.7877829292733641,-0.4976915732686642
Rembesdalskaka,2096-03-01,0.1004755014943464,-0.9524720939300929,-0.12818376916201238
Rembesdalskaka,2096-04-01,-0.0327695659177597,-0.5143938749494592,-0.33613815700461736
Rembesdalskaka,2096-05-01,-0.21619246311442233,-0.22125711582813387,-0.24995799306131072
Rembesdalskaka,2096-06-01,-0.4127764116318524,0.09710860686025112,-0.3669145843535028
Rembesdalskaka,2096-07-01,-0.2717730504726281,-0.011009914779203702,-0.22058249169702146
Rembesdalskaka,2096-08-01,0.011181218783956217,-0.13506226169123484,-0.18494423595285892
Rembesdalskaka,2096-09-01,-0.02402636662631936,-0.38744920046835807,-0.84042284672541
Rembesdalskaka,2096-10-01,-0.3771833453370026,0.43651758123137113,-0.45077650262059893
Rembesdalskaka,2096-11-01,-0.0921407453801531,-0.20561960810619404,0.7221329697860095
Rembesdalskaka,2096-12-01,-0.6059921292372251,0.18093635671232436,0.32359128520389596
Rembesdalskaka,2097-01-01,0.42449463538557625,-0.6262028110617598,0.3141688801922948
Rembesdalskaka,2097-02-01,-0.2628521207668479,0.042799916770277606,-0.607272601404472
Rembesdalskaka,2097-03-01,0.053628422941809924,0.40799015620914364,-0.2769753375926514
Rembesdalskaka,2097-04-01,0.7195498151926972,-0.046177779260241116,-0.600297450249268
Rembesdalskaka,2097-05-01,-0.052082141531209214,0.28416644575719224,-0.23395273767801383
Rembesdalskaka,2097-06-01,-0.031004259750246163,-0.16559523658232067,0.06168783896483978
Rembesdalskaka,2097-07-01,-0.13596583787611616,-0.2644585251695257,0.27110699571853075
Rembesdalskaka,2097-08-01,-0.6961773333059909,0.3542899291934672,0.09986969826794863
Rembesdalskaka,2097-09-01,-0.9384803711873082,0.4479344112083126,0.1257374170341916
Rembesdalskaka,2097-10-01,0.13072165571990593,0.5224624607914058,-0.004478545409918734
Rembesdalskaka,2097-11-01,-0.5276273981880409,-1.0806158196393179,-0.1592750869541066
Rembesdalskaka,2097-12-01,-0.15699058303091915,-0.005760112895427369,0.5289795010673121
Rembesdalskaka,2098-01-01,-0.42605573536730534,0.23315204220463603,1.1154821971640907
Rembesdalskaka,2098-02-01,0.3601587069717362,0.8162580010971876,0.5490888287699013
Rembesdalskaka,2098-03-01,-0.9804094506449602,0.4579930474164291,-0.4279090853375462
Rembesdalskaka,2098-04-01,0.12089885506652635,-0.007084756140747565,0.022298426489954736
Rembesdalskaka,2098-05-01,0.28924669200192277,-0.06400205694899071,0.5438015525128802
Rembesdalskaka,2098-06-01,-0.1321804171799095,-0.05166047422674849,0.18045750665009574
Rembesdalskaka,2098-07-01,-0.007180326412246898,0.2340871230651984,-0.0024353143928217704
Rembesdalskaka,2098-08-01,0.19715892457048403,-0.2559476267197153,0.1143612851932383
Rembesdalskaka,2098-09-01,-0.027905257740822642,0.14773932639923623,-0.1348979622773583
Rembesdalskaka,2098-10-01,-0.523712381835573,-0.2841663352156483,-0.24453769399156355
Rembesdalskaka,2098-11-01,-0.2194953130404325,-0.7374141229576209,0.04087049033160257
Rembesdalskaka,2098-12-01,-0.46617660227877716,0.031475411044897796,-0.08608296464611664
Rembesdalskaka,2099-01-01,0.6047936707153084,-1.0809612048626323,0.047327768461265574
Rembesdalskaka,2099-02-01,0.1161152409764058,0.26282341455281094,0.7653850631506925
Rembesdalskaka,2099-03-01,0.3504269524386725,0.04058583380156649,0.9067465689780488
Rembesdalskaka,2099-04-01,-0.4083850485347787,-0.04282870441570571,0.32279360665473983
Rembesdalskaka,2099-05-01,-0.3667102963211247,0.9729780451670677,0.34255805414001966
Rembesdalskaka,2099-06-01,-0.01580177284425367,-0.1147651605917261,-0.35686084878189955
Rembesdalskaka,2099-07-01,-0.2927825746546839,0.4096533753327931,0.5654700551787196
Rembesdalskaka,2099-08-01,-0.4236310546782149,0.28061038033853075,-0.052281546543286095
Rembesdalskaka,2099-09-01,-0.05893761688478158,0.12913428364113974,0.44732381868034315
Rembesdalskaka,2099-10-01,0.07126945074468477,0.1859820930606498,-0.6243259982039785
Rembesdalskaka,2099-11-01,-0.021920609819579245,-0.004312412284730231,0.13342086132864198
Rembesdalskaka,2099-12-01,-0.1139122685549564,-0.4058744059747182,-0.3739430045260524
Rembesdalskaka,2100-01-01,-0.04984563014671969,-1.0516841456220836,-0.4788845603478613
Rembesdalskaka,2100-02-01,-0.6091576324791033,-1.6785581840832158,-0.5692759430602237
Rembesdalskaka,2100-03-01,0.6516119707501756,-0.26363204079492597,0.14040416824518143
Rembesdalskaka,2100-04-01,0.08973789749396828,0.5490912347445555,-0.27855603418304115
Rembesdalskaka,2100-05-01,-0.1984392017806206,0.14369653091552081,-0.23864986131001234
Rembesdalskaka,2100-06-01,-0.2936080528706488,0.2873918089723783,0.03866710456739234
Rembesdalskaka,2100-07-01,-0.24668188849496453,-0.14065481326153007,0.2842769632388215
Rembesdalskaka,2100-08-01,-0.2257423262933591,-0.37573992746398605,0.218714837792794
Rembesdalskaka,2100-09-01,0.11509051437941753,-0.7134421511311947,-0.22857307258842594
Rembesdalskaka,2100-10-01,0.009272722671866981,0.48328992502380724,-0.7950470321059576
Rembesdalskaka,2100-11-01,-0.5903105880306693,0.46863894634808956,0.024860015514298322
Rembesdalskaka,2100-12-01,-0.4713356804667061,0.6803159186842781,0.3068959220411584
Storbreen,2015-01-01,-0.13708572538962258,-0.10190079420054406,0.07397720643162176
Storbreen,2015-02-01,-0.5072638958728644,-0.008085375579230407,0.2508168565091904
Storbreen,2015-03-01,-0.32493318198118837,0.15530177656298239,-0.2657885482267499
Storbreen,2015-04-01,0.558507689105661,-0.5063903486445244,-0.2584302031714614
Storbreen,2015-05-01,0.23027404425364048,-0.08928493052809683,-0.23479846158399895
Storbreen,2015-06-01,0.09858035402591674,0.06830483152851145,0.14857179726479036
Storbreen,2015-07-01,-0.04424079560052063,0.010241794609024019,-0.1916272969206814
Storbreen,2015-08-01,-0.18949341499124142,-0.2382289197037437,-0.5956403966383528
Storbreen,2015-09-01,-0.16330818023651847,0.0881004090533166,-0.008841983891539224
Storbreen,2015-10-01,-0.526789363460543,0.2892340644403428,-0.23911464468689667
Storbreen,2015-11-01,0.3493156433291948,0.13329045404479992,0.057527492058891905
Storbreen,2015-12-01,-0.3543098234119622,0.32143409153800806,0.8823318069710954
Storbreen,2016-01-01,0.11149332063410546,0.10782540021488628,-0.019790270734312925
Storbreen,2016-02-01,0.16890840757980863,-0.2703601033669623,0.6018333534663185
Storbreen,2016-03-01,0.15060643808046406,0.1495889450946856,-0.6972268835023921
Storbreen,2016-04-01,0.05467533476228372,0.152282473159687,-0.6543942847366114
Storbreen,2016-05-01,-0.061589468303989675,0.25801404935072353,0.025364870083903285
Storbreen,2016-06-01,-0.18431648863251118,-0.4680739540903862,-0.2756321029295465
Storbreen,2016-07-01,-0.4459748129721471,-0.2052238268943559,-0.20305447257562612
Storbreen,2016-08-01,-0.14824206149789534,-0.2218262656305122,-0.3406492700752833
Storbreen,2016-09-01,-0.25936333104951864,-0.4231160643104306,-0.5260414439375634
Storbreen,2016-10-01,-0.026904660659887874,-0.04605319888988971,0.5729208420618862
Storbreen,2016-11-01,0.06593840332321259,-0.46385334393679994,-0.4736869748728139
Storbreen,2016-12-01,0.2870372550006646,-0.03602536322452376,-0.3804877690276465
Storbreen,2017-01-01,-0.03852527172477811,0.14483477673673792,-0.4351442350375548
Storbreen,2017-02-01,-0.0074601518111214364,-0.04635984311221924,0.3845684357198666
Storbreen,2017-03-01,0.2923494115546171,-0.08159138872835368,-0.16189173992924108
Storbreen,2017-04-01,-0.1248441565069504,-0.1007380415155275,0.2726377912015329
Storbreen,2017-05-01,-0.19091492695258835,-0.04155997156111716,-0.5065469917524564
Storbreen,2017-06-01,-0.3415122250577893,-0.07201167098956719,0.24905844862163953
Storbreen,2017-07-01,-0.29268247103255834,-0.03361372521993299,-0.24044800448346834
Storbreen,2017-08-01,0.05599154154237148,-0.14963985825887874,-0.31070689261123524
Storbreen,2017-09-01,0.2544191724580388,0.49170355364926843,-0.016487199612049332
Storbreen,2017-10-01,0.17096329758793039,0.08757094127750724,-0.6624231760996285
Storbreen,2017-11-01,-0.13349023868875767,0.21658185751090545,-0.41549275766211924
Storbreen,2017-12-01,-0.42061133959453184,-0.6196312030783202,-0.025894819729328042
Storbreen,2018-01-01,-0.079160958832572,0.4999220751889661,0.08973060700055548
Storbreen,2018-02-01,0.21128370401488397,0.11494934943769954,-0.41309829999917896
Storbreen,2018-03-01,-0.5542393056147775,0.3636214202227277,-0.01975079101297901
Storbreen,2018-04-01,-0.5935272304066185,-0.1489120620371336,-0.4475103621691839
Storbreen,2018-05-01,-0.1432881824292693,0.23022068668312476,-0.24155221938559412
Storbreen,2018-06-01,-0.11346351294840155,0.500461349665782,-0.7106892689890895
Storbreen,2018-07-01,0.005783324986110737,0.20433452472953154,-0.5505098274034204
Storbreen,2018-08-01,0.19563117759602763,0.2743305339434145,-0.23582168249807986
Storbreen,2018-09-01,-0.34464422515605664,-0.43217268495907346,-0.48123225787388496
Storbreen,2018-10-01,-0.010934868805127567,0.24123982333503116,-0.3291917019586875
Storbreen,2018-11-01,0.195652232386786,0.18901544146235114,-0.41361277329760876
Storbreen,2018-12-01,0.0983191176236562,-0.6331280456900078,0.009009045320548659
Storbreen,2019-01-01,-0.2611039720179586,0.1590645435373819,-0.49285737308459665
Storbreen,2019-02-01,-0.3818841652048732,0.015027275047325131,0.09682695788975765
Storbreen,2019-03-01,0.2990467211566233,-0.6025031328342244,-0.2224908213544036
Storbreen,2019-04-01,0.03360072061245323,0.2995206428622856,-0.2779247521279278
Storbreen,2019-05-01,0.23590095516034135,0.13551328191998022,0.5679763415706257
Storbreen,2019-06-01,-0.3772540635158251,0.23723043824553627,0.5719912471574484
Storbreen,2019-07-01,-0.013954120641993403,0.024635596002810997,-0.3037205628361131
Storbreen,2019-08-01,-0.4096234076407006,-0.058632845370478213,-0.2573937731664334
Storbreen,2019-09-01,0.004482321174107508,-0.14410532791053743,-0.1560916491986116
Storbreen,2019-10-01,0.07531116172995976,-0.05360238212708807,-0.3087811722825542
Storbreen,2019-11-01,-0.34154853514553946,0.4004426486456212,-0.21227477620132004
Storbreen,2019-12-01,0.04034086674075359,-0.4949742636097803,0.10521758657878304
Storbreen,2020-01-01,0.8763208936977023,-0.0343512217876026,-0.650629301375209
Storbreen,2020-02-01,0.47560734734376237,0.22687111481800262,-0.014868093461069242
Storbreen,2020-03-01,-0.3811213862384557,0.19997370374376455,0.1713102660309519
Storbreen,2020-04-01,-0.41400064487464094,0.3159888307316301,0.7774914465013941
Storbreen,2020-05-01,0.016172388271824167,0.5180650169565427,-0.03116011670700099
Storbreen,2020-06-01,-0.04247664189191094,-0.258887109565912,-0.1673263056603064
Storbreen,2020-07-01,-0.16084931550672724,-0.0933243006146498,-0.08701652336117681
Storbreen,2020-08-01,0.10871736854642668,0.14301587877320432,0.08024453796074396
Storbreen,2020-09-01,0.4067673002927938,-0.10745437892869664,0.07521711508800553
Storbreen,2020-10-01,-0.5381891730204776,-0.14522057842298627,-0.3098409251912442
Storbreen,2020-11-01,0.09533254685365476,-0.050958961636786614,-0.30480513638968776
Storbreen,2020-12-01,-0.1700182613027308,0.18889381894669785,0.30762166950337316
Storbreen,2021-01-01,0.010468164461647486,-0.010184241362772331,0.14411176719475982
Storbreen,2021-02-01,-0.014886299965742278,0.2885253458099737,-0.04293497893321222
Storbreen,2021-03-01,0.7122786199441077,0.4062189118476658,0.3072814324479097
Storbreen,2021-04-01,-0.8106499066460024,0.04008458981826903,0.30796260398052006
Storbreen,2021-05-01,0.20942877976353888,0.2505995082747769,0.4834673545713842
Storbreen,2021-06-01,-0.22585154063644564,-0.14671136473729085,0.1572128907404904
Storbreen,2021-07-01,-0.01828141495873119,-0.37426298461280566,-0.13442529704985287
Storbreen,2021-08-01,-0.10961390035149081,-0.22924716026702505,-0.2066756339480035
Storbreen,2021-09-01,0.0290400508737145,0.17236214061057598,-0.3853048567926183
Storbreen,2021-10-01,0.20148645517040853,-0.28419135963387143,0.17420983079944494
Storbreen,2021-11-01,-0.3592466951360909,0.25467921448740466,0.3218861633501575
Storbreen,2021-12-01,-0.3502228945339314,0.12673007884446605,0.605607822863782
Storbreen,2022-01-01,-0.37763513121780673,-0.3925390856051507,-0.16902438002008968
Storbreen,2022-02-01,0.09509855801103025,-0.03789518006081166,0.045257054232544204
Storbreen,2022-03-01,-0.20774115713327587,-0.1055877633521786,-0.2452906023915661
Storbreen,2022-04-01,0.07938095848151981,-0.3290610585190746,0.06625816203409655
Storbreen,2022-05-01,-0.1848943043395712,-0.0649474413894051,-0.3296785586446147
Storbreen,2022-06-01,-0.1396248744808182,-0.3401793497353855,-0.17062992376658515
Storbreen,2022-07-01,0.19021231520585635,-0.20586578587127277,-0.20040237305806494
Storbreen,2022-08-01,0.028453591159691535,0.12323667981356858,-0.8337881418523102
Storbreen,2022-09-01,-0.3182300929417359,-0.4171348527671432,-0.21588941177938156
Storbreen,2022-10-01,0.06380212555499827,-0.14167525663458388,0.27037962905750207
Storbreen,2022-11-01,-0.2654489322087385,0.010911398679863474,0.1317953352007545
Storbreen,2022-12-01,0.1808201227746793,0.5572992347011269,-0.3100747157307957
Storbreen,2023-01-01,0.20215564477055378,0.05713367523245921,-0.19709198876849562
Storbreen,2023-02-01,0.010180679227813424,-0.3927662399241605,0.31766988185678485
Storbreen,2023-03-01,-0.08350045612403971,-0.07633080639465742,0.1501465857868419
Storbreen,2023-04-01,-0.06823345330698634,-0.09065487176128557,-0.2604673070162375
Storbreen,2023-05-01,0.4480665003953496,0.2208528018390047,-0.19549669779092818
Storbreen,2023-06-01,0.1140734962294236,-0.5874978200681144,-0.08882545707341295
Storbreen,2023-07-01,-0.26106773486821583,-0.14794117921039157,0.13146789130842326
Storbreen,2023-08-01,0.02570957503834041,-0.18573002192387245,-0.31043607079392127
Storbreen,2023-09-01,0.23401961343907143,0.46066744233372175,-0.10198312255830289
Storbreen,2023-10-01,0.058913359919936986,0.24594712473023708,-0.4334065559069738
Storbreen,2023-11-01,0.1265532745287765,-0.5122787395917587,-0.20025320733783794
Storbreen,2023-12-01,0.062074332077460624,-0.24994039315161842,0.01417609315528294
Storbreen,2024-01-01,-0.0009011961849832439,0.3364390232284178,0.16354042527460877
Storbreen,2024-02-01,0.21747136175751028,0.38266886298045905,-0.12557129203054251
Storbreen,2024-03-01,0.04045973282277917,0.11709034088053576,-0.11824079123255482
Storbreen,2024-04-01,0.3728220516181599,-0.06568619394029063,0.12272843320318504
Storbreen,2024-05-01,0.2712175219032425,0.4439441837371338,-0.447724487015922
Storbreen,2024-06-01,0.032398050135928495,0.07802676451437372,-0.32659603335053905
Storbreen,2024-07-01,-0.0347480535854704,0.27177369360691706,-0.03482670137749998
Storbreen,2024-08-01,-0.2666277129431452,0.2409514782712092,-0.024121626458929846
Storbreen,2024-09-01,0.20962639793591994,0.16869902801909906,-0.08880657911137242
Storbreen,2024-10-01,-0.2652305415195978,0.17200042650814393,-0.24689119522893832
Storbreen,2024-11-01,0.2532478427603765,0.4383064287927019,-0.2383896366213283
Storbreen,2024-12-01,-0.11376228572856957,0.3336173145641686,0.1864569819952587
Storbreen,2025-01-01,-0.01541635162657569,-0.02636194041078339,-0.17135237236701015
Storbreen,2025-02-01,0.5499894377431597,-0.0018422426500868578,-0.5649330910514899
Storbreen,2025-03-01,0.46164737849637955,-0.6652157737386581,-0.008770782361245193
Storbreen,2025-04-01,-0.561891706059949,-0.22997632900746423,0.0896338867606621
Storbreen,2025-05-01,-0.5283046162470654,-0.24045248976691255,0.20026887451202702
Storbreen,2025-06-01,0.34928095324014574,-0.18076543713339618,0.22899019241485763
Storbreen,2025-07-01,0.17581070045975444,-0.3562186405192775,-0.03284631342056756
Storbreen,2025-08-01,-0.23458305801785254,-0.018684641375798745,0.19647867471906003
Storbreen,2025-09-01,0.3850939034739498,-0.0990162265855501,0.5187196676108817
Storbreen,2025-10-01,-0.5522739150343973,0.23108930961659327,-0.3662598815182177
Storbreen,2025-11-01,-0.20793011207294257,-0.23881304520166877,-0.1272694786362721
Storbreen,2025-12-01,-0.679976264883126,-0.2404620074548506,-0.13573700637748487
Storbreen,2026-01-01,-0.1824802479258185,-0.2708008800076572,0.36366097036866174
Storbreen,2026-02-01,-0.06731322625879659,-0.06186694179864297,-0.46373417647033244
Storbreen,2026-03-01,-0.4765720824998532,0.04601333838983668,0.2161223241205823
Storbreen,2026-04-01,-0.19827372477869032,0.416263135553035,-0.20648028942805574
Storbreen,2026-05-01,0.4065192731637284,0.32973946842996416,0.23815998981573416
Storbreen,2026-06-01,-0.15576907861955316,0.19173876029712641,-0.19592194410608643
Storbreen,2026-07-01,-0.13557877107711894,0.02239928025869992,-0.13566880441381957
Storbreen,2026-08-01,-0.36756010684202495,-0.008093814651108583,0.15578512992542767
Storbreen,2026-09-01,0.13673605456976456,0.35350337995525843,-0.10650984164712084
Storbreen,2026-10-01,-0.09697157363689934,-0.09354566066669073,-0.08039129880323158
Storbreen,2026-11-01,-0.3073237266314574,0.1353063693259069,-0.13013963432894016
Storbreen,2026-12-01,0.137495427581307,-0.4296903732261508,-0.08875898582603686
Storbreen,2027-01-01,0.16966682787270485,-0.12335115542693985,0.0002989084830322351
Storbreen,2027-02-01,0.008626272108761693,-0.02056957326170927,-0.4393392466986937
Storbreen,2027-03-01,0.11501999776066664,0.3019580965505118,0.14780108694964308
Storbreen,2027-04-01,-0.4113791969388143,-0.26402034506283956,0.36446989734623675
Storbreen,2027-05-01,-0.10159167338501456,-0.08445843813997206,-0.3292102490692817
Storbreen,2027-06-01,-0.2198525367777775,-0.1271009304801891,0.08937219493611058
Storbreen,2027-07-01,0.14016122391294886,-0.22283968735473747,-0.46136733385191064
Storbreen,2027-08-01,0.06198108371364298,0.1058525174042146,0.06842118942436264
Storbreen,2027-09-01,0.3260617559593666,-0.4777227103679504,-0.3645357955054264
Storbreen,2027-10-01,0.0013176632290756395,0.4884098947529946,-0.21064799220971256
Storbreen,2027-11-01,0.3348106531535562,-0.11172715923987885,-0.20833587944457813
Storbreen,2027-12-01,-0.08085799694464735,-0.15176786940862386,0.07031936476396154
Storbreen,2028-01-01,0.5046839750442221,-0.21813809221195304,0.3216848016586411
Storbreen,2028-02-01,0.43696783389856225,0.015183187700677614,-0.05672497475369951
Storbreen,2028-03-01,-0.041113645310498804,0.21291210183794795,0.2691173795893275
Storbreen,2028-04-01,0.3814462819448335,-0.3285688834141502,-0.002639613293043334
Storbreen,2028-05-01,-0.2521035303474986,-0.23209473658739097,-0.010815265228299448
Storbreen,2028-06-01,0.278875423740521,0.3284056345190715,-0.1681907761069659
Storbreen,2028-07-01,0.2312879087045782,0.025952777607984492,-0.20455538638938994
Storbreen,2028-08-01,0.04007365542260425,-0.2762147760273066,-0.07405997920511777
Storbreen,2028-09-01,0.03741044185137635,-0.13828450519230254,-0.11518943173006668
Storbreen,2028-10-01,0.20963363197750104,0.161880300983744,0.4568815777917035
Storbreen,2028-11-01,0.1461787136501496,0.02151366999617288,0.3721153680728415
Storbreen,2028-12-01,-0.0848411045547916,0.14014834693134093,-0.0659359603794345
Storbreen,2029-01-01,-0.2930355138808743,-0.25746815038631593,-0.6572855722477128
Storbreen,2029-02-01,-0.19772894142723976,-0.20745787940075114,0.20931527786694937
Storbreen,2029-03-01,0.23406168271987515,0.0025049102984956717,0.3869054669933527
Storbreen,2029-04-01,0.06513605969068027,-0.0732548782168113,0.2555602957780977
Storbreen,2029-05-01,0.4530492887468291,-0.1699994527721859,0.09204573021076427
Storbreen,2029-06-01,-0.3181772624203985,-0.007916463253477593,-0.15294828466938973
Storbreen,2029-07-01,-0.07174296544982943,0.11789816882332597,0.11677253972747975
Storbreen,2029-08-01,-0.028424586451370887,0.16257034902377557,0.33550843492119237
Storbreen,2029-09-01,0.09480606174197753,0.01774160470146913,-0.46889625151495035
Storbreen,2029-10-01,-0.22347328628974097,-0.558540187187832,-0.4052399148988786
Storbreen,2029-11-01,-0.6108920062999693,0.08732447372980717,-0.10889306660413396
Storbreen,2029-12-01,-0.1917027293557777,-0.30893153787570976,0.10978451457455991
Storbreen,2030-01-01,0.04559297062604719,0.4346675577521344,0.06769632049049597
Storbreen,2030-02-01,-0.06215934520203512,-0.15797737649884788,-0.26169510910804433
Storbreen,2030-03-01,-0.009379080739668283,-0.4395099112059582,0.29758353642114826
Storbreen,2030-04-01,-0.4953764241303589,-0.3042148560663438,-0.3193961910400469
Storbreen,2030-05-01,0.6087295601290051,-0.028245523081928136,0.21544740953804917
Storbreen,2030-06-01,-0.33434026064590766,0.46938680658817383,-0.030014712063626256
Storbreen,2030-07-01,-0.20517317615202377,0.1776445517996521,-0.04276587826863052
Storbreen,2030-08-01,0.10002893851180972,-0.13052381028546114,0.4021033276657476
Storbreen,2030-09-01,-0.09367753219882095,-0.6208754366191438,0.06626232276709511
Storbreen,2030-10-01,-0.10208899372150444,-0.47420517635546017,-0.08658903530386192
Storbreen,2030-11-01,0.10559609398888241,-0.27610594698492646,0.06298275761399436
Storbreen,2030-12-01,0.32633749864815753,-0.1248684651379296,0.2605331456755006
Storbreen,2031-01-01,-0.6823750551068132,-0.4732570543354199,-0.20323071356987446
Storbreen,2031-02-01,0.2407102117605581,-0.09810659432964869,-0.3505614916541793
Storbreen,2031-03-01,0.10515957548342432,0.3192622910587811,0.04893917662002035
Storbreen,2031-04-01,-0.3625545462893555,0.4307595311189196,0.01412495799490162
Storbreen,2031-05-01,0.4014260681127324,0.05161857314792473,-0.4792689178955844
Storbreen,2031-06-01,-0.21664528123867308,0.32137390489209205,-0.01739599012651917
Storbreen,2031-07-01,0.02548780247447456,-0.008378631767737134,-0.18967413186158097
Storbreen,2031-08-01,0.03973740131853052,-0.03028763230105101,-0.14473480223735688
Storbreen,2031-09-01,-0.22132457444507173,0.3891868943863564,-0.40786305033908876
Storbreen,2031-10-01,-0.2203463894291476,0.18731312807049974,-0.3959318760525061
Storbreen,2031-11-01,-0.5567374269502849,0.027236343691906126,0.11629409051662287
Storbreen,2031-12-01,-0.2531768355713326,-0.09985353632909234,-0.5248000577176226
Storbreen,2032-01-01,-0.15190454689629573,0.13802215282351546,0.20384642399921096
Storbreen,2032-02-01,0.09135767940839766,-0.13850301455342787,0.2928438840720798
Storbreen,2032-03-01,0.2926357897136926,0.07950028235475444,-0.45873526945563
Storbreen,2032-04-01,-0.3802142300999374,-0.014810950865759051,0.034092261530589
Storbreen,2032-05-01,-0.3520211670683749,-0.12170814295596387,-0.23182200219755802
Storbreen,2032-06-01,-0.07168830937661738,0.34149278784202836,-0.22669578330863407
Storbreen,2032-07-01,-0.14056898228134385,-0.1227822966806018,-0.06292747236742664
Storbreen,2032-08-01,0.16384424860633065,0.01221197050586538,-0.07106658317424815
Storbreen,2032-09-01,0.04067427502835396,0.04180818526607486,-0.3936810041968228
Storbreen,2032-10-01,0.03263941614257149,-0.559816721922313,-0.16549886213892093
Storbreen,2032-11-01,-0.0131933444336425,-0.004326728167343486,-0.07490741506995806
Storbreen,2032-12-01,-0.17616488178235354,-0.34977827383475857,0.08100831892117809
Storbreen,2033-01-01,-0.3645574614133725,-0.26145555792846303,0.21986435486120592
Storbreen,2033-02-01,-0.3543442820251712,0.12051478187081531,-0.4123894781945787
Storbreen,2033-03-01,-0.2921506254121528,-0.2740694614357388,0.21666984303053294
Storbreen,2033-04-01,0.22798085508164193,0.21786951731314871,0.09845960630098487
Storbreen,2033-05-01,0.15112527426769923,-0.38828755735037007,-0.04870150583225624
Storbreen,2033-06-01,0.0453132469853712,-0.30789605851837515,0.08144141715281193
Storbreen,2033-07-01,-0.11044481422188122,0.19724608260029652,0.06766582568687082
Storbreen,2033-08-01,-0.024634178704723248,-0.25249211258984,0.25527164385169376
Storbreen,2033-09-01,0.14379513794199053,0.6439164422772828,-0.020164895732862037
Storbreen,2033-10-01,-0.41645291283802627,0.04898578130665058,0.43966571151550315
Storbreen,2033-11-01,-0.2074333776304742,0.20295161626799993,-0.09222815879963463
Storbreen,2033-12-01,0.16068784162032076,-0.3024509005054953,0.37116797185427725
Storbreen,2034-01-01,-0.2450349019190847,-0.414941609435817,0.06696608784732842
Storbreen,2034-02-01,-0.3915032425104042,-0.5644637733168564,0.18643278261055027
Storbreen,2034-03-01,0.509919838740479,-0.1684048306271202,-0.48790897122329085
Storbreen,2034-04-01,-0.15516722151220286,-0.15446574049814069,0.588671568297328
Storbreen,2034-05-01,-0.2514144470308315,0.05552817303635967,0.11572441567518665
Storbreen,2034-06-01,0.05032795809417184,-0.13442935340538595,0.18003381936798202
Storbreen,2034-07-01,-0.35892119821298757,0.5624438908724728,-0.1525486786696087
Storbreen,2034-08-01,-0.48507506422972124,0.40959171847204584,-0.04784922940462615
Storbreen,2034-09-01,0.1767697678060054,-0.6435475852487885,0.20153872897693556
Storbreen,2034-10-01,-0.16676081966962078,-0.5855533423516127,-0.34989255094886235
Storbreen,2034-11-01,0.17756010421843124,-0.08083828327632352,-0.5448370070679599
Storbreen,2034-12-01,-0.10335123293872663,0.35859852653463314,-0.3563898384889872
Storbreen,2035-01-01,0.40961315630947737,0.24723456513353717,0.47258192489710843
Storbreen,2035-02-01,0.02202332985496587,-0.04342393088405145,0.009940091530084386
Storbreen,2035-03-01,-0.1540845731403599,0.059800589663921315,0.08190324458564786
Storbreen,2035-04-01,0.06846523415145085,0.0640651416207952,0.25579535254878855
Storbreen,2035-05-01,-0.20420366532396642,-0.11147982572166666,0.11523007283651421
Storbreen,2035-06-01,-0.0352047999140418,-0.1986155071498256,0.5249152205871677
Storbreen,2035-07-01,-0.6255743854787325,-0.3769797015851514,-0.07330688469963027
Storbreen,2035-08-01,-0.008484586879616654,-0.08369271144837355,0.1084687728275572
Storbreen,2035-09-01,0.04987523424241075,-0.17454999833020213,-0.23258770825846622
Storbreen,2035-10-01,-0.06295190860415807,0.11913968578167022,0.40232002915631143
Storbreen,2035-11-01,-0.013211505554582373,-0.032279720594417874,0.32701422256366675
Storbreen,2035-12-01,-0.1950431554228448,0.2256436788118724,-0.19287957386163357
Storbreen,2036-01-01,0.1300308095926986,0.06420512724013704,-0.07277099732423356
Storbreen,2036-02-01,-0.2075787221970655,-0.013328941381786844,-0.12602057982761414
Storbreen,2036-03-01,-0.08604238549271682,-0.5107406804489115,-0.05988989110441068
Storbreen,2036-04-01,0.2605230884208071,-0.21509249155391083,-0.17604258885812551
Storbreen,2036-05-01,-0.2389493906258009,0.13247593651264214,0.011082820031719608
Storbreen,2036-06-01,0.21600220161096917,0.14902516102709926,0.07513266416901444
Storbreen,2036-07-01,-0.03490046374808642,0.3136989129510685,0.002315600028119149
Storbreen,2036-08-01,-0.30045789950480156,0.014435492305330777,-0.22848882122706873
Storbreen,2036-09-01,-0.5374337999542508,0.30394118088039423,-0.4505596119202615
Storbreen,2036-10-01,-0.3094266825253218,-0.3430939646931121,0.029457306213618018
Storbreen,2036-11-01,-0.5429632532870682,0.21572723667231886,-0.04068391756505597
Storbreen,2036-12-01,-0.3173228990670897,0.43667634724230325,-0.1490190111350323
Storbreen,2037-01-01,-0.10206281346984092,0.06105118466713397,0.1724029297130988
Storbreen,2037-02-01,0.21534634599246974,-0.1942750660174577,-0.01387443413108313
Storbreen,2037-03-01,0.8389394715381773,0.17964685558059257,0.3217203720845248
Storbreen,2037-04-01,0.31746846165892434,0.00955961346984093,-0.1459382291618875
Storbreen,2037-05-01,0.31596713450902475,-0.18608734324423315,0.017491264658080964
Storbreen,2037-06-01,0.19518710222819471,-0.32776870037987427,-0.001471335147403383
Storbreen,2037-07-01,0.29684977823163566,-0.1353242050493185,-0.12129147404426004
Storbreen,2037-08-01,-0.22052850133024904,0.1256313174494918,-0.42437101727888277
Storbreen,2037-09-01,-0.5431937248316635,-0.14038836151872455,0.0743836109721399
Storbreen,2037-10-01,0.09267314597110064,0.010972146122723672,0.0603203336955393
Storbreen,2037-11-01,0.4605307718154658,-0.08019785669611106,-0.5189413751518899
Storbreen,2037-12-01,-0.42804808037944825,-0.014103122229166319,0.06467552066886413
Storbreen,2038-01-01,0.07757367096932272,0.13912384793393284,0.0053615987626554895
Storbreen,2038-02-01,0.25015446476571196,-0.01981013882361406,0.3341902558517275
Storbreen,2038-03-01,0.29292890535998956,-0.20444468353181197,0.24720254893643703
Storbreen,2038-04-01,-0.26944959222427384,-0.26420483995254346,0.8538161932179085
Storbreen,2038-05-01,0.11334424841700454,-0.5160292818191324,-0.09789507527110874
Storbreen,2038-06-01,0.07955375222067113,0.38699647486082256,0.021872629505256248
Storbreen,2038-07-01,-0.3129832028171812,0.005908555691915109,0.10054591741339985
Storbreen,2038-08-01,0.017848327162514496,0.6034446465638051,-0.22061275457246285
Storbreen,2038-09-01,0.4205061004211765,-0.3340534936143758,0.35810448275579065
Storbreen,2038-10-01,-0.011711036314869418,0.1600367400438417,0.17006531553319937
Storbreen,2038-11-01,0.3718020921715268,0.48896821038042654,-0.14587659179925264
Storbreen,2038-12-01,-0.4139549815438355,-0.24277425720141996,0.5391284529795731
Storbreen,2039-01-01,-0.13946982274874276,-0.2573884037730751,0.24311378747774767
Storbreen,2039-02-01,0.4256630558882863,0.12405522259455694,-0.6728400709415802
Storbreen,2039-03-01,-0.2957373328929113,0.5949159693275806,-0.5472096755625738
Storbreen,2039-04-01,0.32745484118998897,0.06936719823023148,-0.5539670700519855
Storbreen,2039-05-01,0.10471727134449733,0.019358897263638562,-0.43893805018656157
Storbreen,2039-06-01,-0.28683094913464274,0.13994793598125588,-0.4075127747080214
Storbreen,2039-07-01,-0.21234004189137867,-0.18964583230118548,0.09472181994063066
Storbreen,2039-08-01,-0.12750001036880768,-0.14935641073627504,0.043312422543017724
Storbreen,2039-09-01,-0.5934501127225466,0.23227524068783856,-0.4119471761855702
Storbreen,2039-10-01,-0.11636519229703023,0.28233144459611975,-0.20385191512238712
Storbreen,2039-11-01,0.03542182995016466,0.1772375189931049,0.042321766358068724
Storbreen,2039-12-01,0.3102411433341398,-0.4868758289986455,-0.18743286591914157
Storbreen,2040-01-01,0.0016336034820582472,-0.24085584457874265,0.287420287632309
Storbreen,2040-02-01,-0.3358150419583776,0.12418431694024472,0.7121264214889788
Storbreen,2040-03-01,0.041355563749337076,-0.44694080769275196,0.003703666187667117
Storbreen,2040-04-01,0.12921612536359936,0.24498431201640547,-0.049355078103760885
Storbreen,2040-05-01,-0.46157090621173363,0.23937773741836121,-0.05109018588175387
Storbreen,2040-06-01,0.00820458656999839,0.0651071398362346,0.12225851548444681
Storbreen,2040-07-01,-0.169518193692351,-0.014439725625365158,-0.08372460391097185
Storbreen,2040-08-01,0.49333192130325276,-0.19949344297849123,-0.24883928186990678
Storbreen,2040-09-01,-0.3088808994529197,-0.025577573246720702,-0.3034339875368541
Storbreen,2040-10-01,-0.08972100620517343,0.09331522017867815,-0.08845884948043999
Storbreen,2040-11-01,0.08530830031024746,0.15317142600146869,-0.428316779366616
Storbreen,2040-12-01,0.3246715811818138,-0.2170221125813062,0.2567365784343714
Storbreen,2041-01-01,0.8293440965131745,0.012897732289927272,-0.4158395593669661
Storbreen,2041-02-01,0.735199008697928,-0.2107759497890365,-0.04799754299452432
Storbreen,2041-03-01,-0.040110506063450575,0.48349974048838296,-0.02864600589696555
Storbreen,2041-04-01,-0.029939947109458413,-0.36389359627407797,-0.2550318120773414
Storbreen,2041-05-01,-0.329992675377588,0.19225493567627258,-0.12799843765535382
Storbreen,2041-06-01,-0.42922801476198186,0.5536001235837528,-0.30381432533241726
Storbreen,2041-07-01,0.11983385576983753,0.3557755454121268,0.06425815674883799
Storbreen,2041-08-01,0.08408029462074607,-0.002784145254418694,-0.28735957049544625
Storbreen,2041-09-01,-0.5574887907071574,0.16826126703812272,-0.021435343707801674
Storbreen,2041-10-01,-0.29004715299388967,0.28683836913527483,0.005212926856230142
Storbreen,2041-11-01,0.5358274645884594,0.05449166082448969,0.017700549933978606
Storbreen,2041-12-01,0.4165958022440936,-0.04880751886074556,-0.40257854583632763
Storbreen,2042-01-01,0.058588700587407165,0.0010209150704720467,-0.13906534126404135
Storbreen,2042-02-01,-0.07591923119170683,0.3396425309811038,-0.1491981426570136
Storbreen,2042-03-01,-0.06933468859309125,-0.27769152347012477,-0.17176898995932868
Storbreen,2042-04-01,0.08366339660557408,-0.36068350298983115,0.11454125435657574
Storbreen,2042-05-01,-0.396426333795968,-0.26898475893931867,-0.4080294723515679
Storbreen,2042-06-01,-0.09485833200919173,0.010560573073346081,0.24474153448276417
Storbreen,2042-07-01,0.1486965130708928,0.2511121496773157,0.0055749893520956745
Storbreen,2042-08-01,-0.14516182785708207,-0.11163632928137646,0.1699481098294834
Storbreen,2042-09-01,-0.2693160350669758,0.26661200154603737,-0.45218920593491774
Storbreen,2042-10-01,0.23643824823664938,0.35212706419835627,-0.1322546971514159
Storbreen,2042-11-01,-0.08389979096392101,-0.4104791083969135,-0.39051496776310274
Storbreen,2042-12-01,0.6185550787984786,0.12456183710084723,-0.12348958764420977
Storbreen,2043-01-01,-0.23891444253290142,-0.23323961321306377,-0.4684832943298793
Storbreen,2043-02-01,0.2650372194260073,0.03008613037549415,0.08986528715740309
Storbreen,2043-03-01,-0.21014042448157902,-0.03433618788075608,0.1954210281047293
Storbreen,2043-04-01,-0.08161058030235846,0.025341448710849257,-0.07917248526632688
Storbreen,2043-05-01,0.1361468473035258,0.21406741422948863,-0.1951351356643316
Storbreen,2043-06-01,-0.5089161910001893,0.31125704094077977,-0.38450424571811964
Storbreen,2043-07-01,0.2606782178872049,0.3054618743685848,-0.6077415458628007
Storbreen,2043-08-01,0.41973699277767046,0.17694224709101078,-0.3693515813018111
Storbreen,2043-09-01,0.0005298934114073006,0.12453366539009347,0.15207705684555728
Storbreen,2043-10-01,0.12043168926744376,-0.012463239237267165,0.4933478095042214
Storbreen,2043-11-01,-0.022370530353808787,-0.13842177942293785,0.1408738980550864
Storbreen,2043-12-01,0.3600731228201505,0.06937876078832139,0.5404161434213938
Storbreen,2044-01-01,0.01213484686455286,-0.3498706312514659,0.402339949720896
Storbreen,2044-02-01,0.10731025040853054,0.24529157889232303,0.13536043739503018
Storbreen,2044-03-01,0.2775041884324774,0.07415597600078726,-0.194014892507832
Storbreen,2044-04-01,0.2988687466718885,-0.34858881366670963,-0.4530178663286097
Storbreen,2044-05-01,-0.3528282746244374,-0.4423886256979122,-0.48779304859115885
Storbreen,2044-06-01,0.1291932187653309,-0.20107496076072232,-0.2788474548954756
Storbreen,2044-07-01,0.46777113733488873,-0.05472968601523015,-0.13173724725673638
Storbreen,2044-08-01,0.33508593288768046,0.007956028279697604,-0.13236226728899095
Storbreen,2044-09-01,-0.11786644162767318,0.3230298633150683,-0.23682102172922723
Storbreen,2044-10-01,0.006244513155844271,-0.2296233586576566,-0.1910594720015065
Storbreen,2044-11-01,0.38351495564310145,-0.31998877736105363,-0.17912574534281003
Storbreen,2044-12-01,0.08319362580911382,-0.09709367693210148,0.32203812596149967
Storbreen,2045-01-01,0.2657495790072371,-0.08922737044598546,-0.0499303636366
Storbreen,2045-02-01,0.6579987807174345,-0.5283907485695748,-0.09893347550454479
Storbreen,2045-03-01,0.5004849394944384,-0.07071085387927432,0.2627722012286964
Storbreen,2045-04-01,0.15566610581761786,0.31918025286186535,0.23693898149439732
Storbreen,2045-05-01,-0.08661770283901504,0.2928758370818969,-0.31442887922192203
Storbreen,2045-06-01,0.11280925704441973,0.01327403347954618,0.07901584299402353
Storbreen,2045-07-01,-0.2451618649117544,-0.1311737747486467,0.4022614174364889
Storbreen,2045-08-01,0.44992011558603434,0.1911161681339496,0.41743002243565314
Storbreen,2045-09-01,-0.019526864829475115,0.25346606533847865,-0.7055054925312777
Storbreen,2045-10-01,-0.2358406395050132,0.18032704130207752,0.5545800946395172
Storbreen,2045-11-01,-0.20173629920246752,0.08140506402374934,0.21894810819657037
Storbreen,2045-12-01,-0.4285028208859696,0.24972671320104722,0.00708200473121072
Storbreen,2046-01-01,0.16399689511621393,-0.12266154890216409,-0.2718866601203407
Storbreen,2046-02-01,0.014438240251092008,-0.10918838051698389,0.2359009676070576
Storbreen,2046-03-01,-0.30233545824037483,0.07555917699877185,-0.22702932873024606
Storbreen,2046-04-01,0.4117832395392307,0.3591602998758106,-0.2738652774000317
Storbreen,2046-05-01,0.1562705562506365,-0.31455823187842036,0.51262737296585
Storbreen,2046-06-01,-0.058744361139711904,-0.21850367322863437,0.09137801097700882
Storbreen,2046-07-01,0.11681090127381204,-0.1538496186198454,-0.31919847171463495
Storbreen,2046-08-01,-0.02854001367859219,0.3753779681070116,0.2783883779230228
Storbreen,2046-09-01,-0.3553776784309007,-0.3093092101838914,-0.2597929619354775
Storbreen,2046-10-01,0.039747007971441026,0.07947671401923383,-0.3399696519317625
Storbreen,2046-11-01,-0.11736442383218935,0.17205289980926333,0.7004989904011025
Storbreen,2046-12-01,-0.028804520004321228,-0.15957614260531308,0.40312341057022366
Storbreen,2047-01-01,-0.16391590088259986,-0.03664508564257671,0.03205849729218805
Storbreen,2047-02-01,-0.6196330699836785,-0.5779371100761144,0.4042936299344899
Storbreen,2047-03-01,0.2595709380308275,-0.464427889709153,-0.040413889570587634
Storbreen,2047-04-01,-0.0389324302109255,0.2511849351292488,-0.37613252291542415
Storbreen,2047-05-01,-0.20407981587083088,-0.1839994238980015,-0.18263527975150437
Storbreen,2047-06-01,-0.06678696134422042,0.21187137532921527,-0.33857784203536684
Storbreen,2047-07-01,0.2626871603814545,-0.048655110280879044,0.0020513105666217827
Storbreen,2047-08-01,-0.22696662302990975,0.17444716199524934,-0.34158126260985666
Storbreen,2047-09-01,0.3795372856595334,-0.3352026759653734,0.003190911654593243
Storbreen,2047-10-01,0.3855650588481139,-0.347532266713072,0.13476069236018598
Storbreen,2047-11-01,0.07131410509337036,-0.019576221651460265,-0.2930988003207465
Storbreen,2047-12-01,0.11959334658385445,-0.17416918346686264,0.38431258258858586
Storbreen,2048-01-01,0.21785529807139795,-0.04121407310040782,0.15714486170146388
Storbreen,2048-02-01,0.12767744225534153,-0.313898176735946,0.06165342361358735
Storbreen,2048-03-01,0.1632669084445653,-0.04566728807275653,-0.09254447135853035
Storbreen,2048-04-01,0.4365894262901609,0.16423028736864628,-0.21534808735034436
Storbreen,2048-05-01,-0.27450884129253633,0.07658619508342074,-0.2670767833854275
Storbreen,2048-06-01,0.09281685867268062,-0.25963033197162405,-0.05157420141529729
Storbreen,2048-07-01,0.09279999519041882,-0.21956016169981826,-0.16471991713911607
Storbreen,2048-08-01,-0.015312169195068242,0.2581629048853366,-0.0411113813135156
Storbreen,2048-09-01,-0.010313788062588343,0.11915107877749263,0.16698702424514422
Storbreen,2048-10-01,-0.05925709011131958,-0.2412177513844169,-0.25126815748550807
Storbreen,2048-11-01,-0.14109184979692474,-0.08919853061448058,0.04821418706754623
Storbreen,2048-12-01,-0.0035687688066734966,0.10191759264915919,-0.21736235291461628
Storbreen,2049-01-01,0.03243143532024189,0.022314428882670666,-0.4578411464263776
Storbreen,2049-02-01,0.13493714381430252,-0.2510328029756613,-0.12731280537563647
Storbreen,2049-03-01,0.0973388485747358,-0.02307835860822749,-0.3769317572758418
Storbreen,2049-04-01,0.24571788649161105,-0.19399610997484718,-0.4946340422914506
Storbreen,2049-05-01,-0.11067848256568762,0.06727521345624922,-0.000374954297059818
Storbreen,2049-06-01,0.6061233846302289,-0.5228618009777076,0.06244780656200268
Storbreen,2049-07-01,0.4280915202967634,-0.025714934549717267,-0.14126184677157325
Storbreen,2049-08-01,0.3496209891348958,-0.3443855680377257,0.3386556518692602
Storbreen,2049-09-01,0.2495661789150699,-0.4358099359366854,0.04735802256133653
Storbreen,2049-10-01,0.2376635103961776,0.14523348346027418,-0.14400980881804334
Storbreen,2049-11-01,-0.009491872311261737,-0.2671204038683217,-0.15839529040450312
Storbreen,2049-12-01,0.16137557093229393,-0.06797107755243946,-0.2267281606038445
Storbreen,2050-01-01,-0.2255242358305648,-0.13111519443784445,0.10030080198475044
Storbreen,2050-02-01,0.26431539252143266,-0.3141800891061775,0.15432459250598313
Storbreen,2050-03-01,-0.34135206000952323,0.42636314304031536,-0.32118150852051247
Storbreen,2050-04-01,-0.7416108316195192,0.17001257688330917,0.08351820644892745
Storbreen,2050-05-01,0.15736390989134472,-0.16375403729977264,-0.009939357469103571
Storbreen,2050-06-01,0.004932335047573236,-0.408620808622747,-0.13540331566010297
Storbreen,2050-07-01,0.04956706489768536,-0.13585911202486836,-0.3131065131819246
Storbreen,2050-08-01,-0.42627386937021977,-0.06951289314559826,-0.23811678824517082
Storbreen,2050-09-01,0.28600590713235396,0.03824046144642971,-0.22697237076452356
Storbreen,2050-10-01,-0.06010505579209128,-0.06686211864598701,-0.18179350394184257
Storbreen,2050-11-01,-0.32397543523347977,-0.07103543898237984,0.0014276614578888486
Storbreen,2050-12-01,0.5531938812865569,0.2593628298949962,-0.34521502996676157
Storbreen,2051-01-01,0.7401409190286693,0.005832079456232801,0.011928325585257632
Storbreen,2051-02-01,-0.21198340799349125,0.0765012002749869,0.048155342297922864
Storbreen,2051-03-01,0.004415571095977881,0.11961316207935803,-0.08584784295938169
Storbreen,2051-04-01,0.429106792088739,-0.0055843286587723695,-0.2658744249292855
Storbreen,2051-05-01,0.26487669539685027,-0.12542243655684351,-0.4247014996409459
Storbreen,2051-06-01,-0.053248682475259886,0.17469642099143642,-0.05852556479541587
Storbreen,2051-07-01,-0.0442006272698432,-0.010816982223967105,-0.3770134500469897
Storbreen,2051-08-01,0.40214724068446617,-0.1753195589335077,0.038621645527701726
Storbreen,2051-09-01,0.24914842711659937,0.3478623843961179,-0.6498249677143626
Storbreen,2051-10-01,-0.0864932351157865,-0.2723363861211539,-0.08024463775826102
Storbreen,2051-11-01,-0.0170157228013687,-0.0766892288619687,0.4954754867870968
Storbreen,2051-12-01,-0.07374576900956503,-0.2749142552203903,-0.46887368618045483
Storbreen,2052-01-01,-0.34841470913191164,0.4174925319401452,-0.7507364343823387
Storbreen,2052-02-01,-0.2464682536027952,0.1688179395486585,-0.27841121834614696
Storbreen,2052-03-01,0.1674637679677183,-0.04140754714599374,-0.3586053234902398
Storbreen,2052-04-01,0.030731275285263187,-0.03841268335351863,-0.34629086605947457
Storbreen,2052-05-01,0.00028810630449161806,-0.16667117018530786,0.08734761776378962
Storbreen,2052-06-01,0.10514126909064032,-0.12421548804057332,-0.36296319546575456
Storbreen,2052-07-01,0.5749967661554942,-0.04505209993861026,0.3540196031881094
Storbreen,2052-08-01,0.2152788091217981,-0.38046439818229266,-0.20907626848406666
Storbreen,2052-09-01,-0.024920768449399246,-0.11245419170650334,0.18285348645533497
Storbreen,2052-10-01,0.25665246725008317,-0.12578771132358568,0.2871370822069357
Storbreen,2052-11-01,0.07074515620941824,0.1469205821723388,0.2588429960512284
Storbreen,2052-12-01,0.1125133872333115,0.31954408651138627,-0.31631345615723677
Storbreen,2053-01-01,0.11065087150000165,0.039111742227967476,0.0018880009026313593
Storbreen,2053-02-01,-0.020755925453811015,-0.4232866463751798,0.6121462756539183
Storbreen,2053-03-01,0.017250818007579178,-0.016607436332301346,-0.06010763207930799
Storbreen,2053-04-01,0.2132048887800638,-0.15135990612379965,0.09364928186728688
Storbreen,2053-05-01,-0.0819735243198823,0.053380820683645476,0.29530012269850725
Storbreen,2053-06-01,0.5203929341099037,-0.100538266914319,-0.26249952535429233
Storbreen,2053-07-01,0.39944906918657935,0.007521313692467511,0.09967354670525332
Storbreen,2053-08-01,0.4359635523782493,0.14188772581963346,-0.06904797934526924
Storbreen,2053-09-01,0.25723664746864916,0.12938340492315534,0.009918531845726929
Storbreen,2053-10-01,0.24672745719316833,0.04931142805378888,0.29076698123286554
Storbreen,2053-11-01,-0.1929462078719286,-0.08093249667188737,-0.5480644967598033
Storbreen,2053-12-01,-0.19252679644557913,-0.3420773274862546,-0.45063833315734075
Storbreen,2054-01-01,0.029770075273841397,0.2706705147654746,-0.2647102640516014
Storbreen,2054-02-01,-0.23402959960285644,0.19441986782335752,-0.38784561933035616
Storbreen,2054-03-01,0.3938098775286501,0.5853491823862119,-0.2933496736200623
Storbreen,2054-04-01,0.26684032847323474,0.4076147960396426,-0.30726923881438967
Storbreen,2054-05-01,-0.0026573784235156875,-0.06616710609739905,-0.1274950073996486
Storbreen,2054-06-01,0.120221658511247,-0.330364195718558,-0.5489505736952877
Storbreen,2054-07-01,-0.19170544894298377,0.0009401936813986262,0.11415611710269687
Storbreen,2054-08-01,0.0385148130830292,0.3120612288804112,-0.008305957383773094
Storbreen,2054-09-01,0.21948634305873696,-0.015321309531382013,0.2809175105276665
Storbreen,2054-10-01,0.2705583182888261,-0.05979512178015869,0.2638186813442558
Storbreen,2054-11-01,0.22185665921223452,0.03490460991620922,-0.5184872153287451
Storbreen,2054-12-01,-0.065447157992113,0.3127531967483051,-0.7219043312784877
Storbreen,2055-01-01,0.24833805481901097,0.039889831442742114,0.28780216798010727
Storbreen,2055-02-01,-0.04620837278466749,-0.06017633543964604,-0.14215481291322477
Storbreen,2055-03-01,0.0030387037763729675,-0.2846456442152427,-0.01949953205059421
Storbreen,2055-04-01,-0.2300688059352257,0.4743835608463914,-0.22985811736965303
Storbreen,2055-05-01,-0.016743963783237743,-0.1989817083311923,0.14637426481757285
Storbreen,2055-06-01,-0.10290062985821476,0.08575921086808065,-0.018135191313408124
Storbreen,2055-07-01,-0.1054225514608667,-0.4639093867563997,0.0777959709409649
Storbreen,2055-08-01,0.041018459622311924,-0.1853275646707887,0.04133150579464047
Storbreen,2055-09-01,-0.07362206047291651,0.26343364655187457,0.3862240677692132
Storbreen,2055-10-01,-0.40328726683099214,-0.13080221719936727,-0.07496125430732402
Storbreen,2055-11-01,-0.05408824337468488,-0.22873233004160495,-0.09102846246063216
Storbreen,2055-12-01,0.3101600594132421,0.3177283018106685,0.2623040469705659
Storbreen,2056-01-01,-0.3950408103794622,-0.03538266564043851,0.409533352775906
Storbreen,2056-02-01,-0.22503700884185163,-0.3007091679827032,-0.14044549002077963
Storbreen,2056-03-01,-0.4902601575397801,-0.1139527290020581,-0.20030715702431887
Storbreen,2056-04-01,-0.16235494547646517,-0.21326379909327117,-0.13681839451140665
Storbreen,2056-05-01,-0.33891702733464973,-0.15904060305808373,-0.17278640411340254
Storbreen,2056-06-01,0.4843586859983244,0.10260078295754911,0.0118307048624833
Storbreen,2056-07-01,0.43862225569714397,0.33488327583689265,-0.29309945019947653
Storbreen,2056-08-01,0.004051978603278564,-0.6222918096487886,-0.13779641624517955
Storbreen,2056-09-01,-0.18515305470916169,0.0872486763010012,-0.07776595943300828
Storbreen,2056-10-01,-0.23041869978277182,-0.1632365705624291,-0.25355888522401
Storbreen,2056-11-01,0.15910708549241723,0.14349855510262047,-0.2171630569343498
Storbreen,2056-12-01,-0.2801759297232696,-0.05008815142532471,-0.19094712503374947
Storbreen,2057-01-01,-0.06613745458875005,0.1764031368594383,0.08136375155367843
Storbreen,2057-02-01,-0.584546720409739,0.2374197585339987,-0.21025642119142865
Storbreen,2057-03-01,-0.41990916824363095,-0.23455100119158204,-0.2689767726980681
Storbreen,2057-04-01,-0.11904509820101428,-0.28015151230603363,-0.29179388952677804
Storbreen,2057-05-01,-0.19297622832590045,-0.25867561306982306,0.13992058263913906
Storbreen,2057-06-01,-0.39716887072660323,0.060941260547090946,0.036419604975614785
Storbreen,2057-07-01,-0.6570186735280169,-0.5578569150484524,0.10419031865563082
Storbreen,2057-08-01,0.2072816236731305,0.2993485556883421,-0.16562061001823572
Storbreen,2057-09-01,-0.2485861100713979,0.03824226587390973,0.15822803438472424
Storbreen,2057-10-01,-0.03069986152799921,-0.03638325549446947,0.4302822720969524
Storbreen,2057-11-01,-0.24246306351159033,-0.11917465534224346,0.36237973465701545
Storbreen,2057-12-01,-0.3933620614204336,0.23782507474162926,0.21508298927999156
Storbreen,2058-01-01,-0.5535288549449725,-0.3481567329866894,-0.3772625417479325
Storbreen,2058-02-01,-0.4316750125643427,0.28920930657073013,-0.3622134331893709
Storbreen,2058-03-01,-0.3580552532432917,-0.09470444810961791,-0.30383187840078185
Storbreen,2058-04-01,-0.04544608727262154,-0.20884813582691975,0.020483711947339223
Storbreen,2058-05-01,-0.010291883019005405,0.28183933074349216,-0.16455940413333597
Storbreen,2058-06-01,0.19440536056559599,-0.17975260248282374,-0.1285045606125861
Storbreen,2058-07-01,0.19427571759307272,-0.45912061639797647,-0.1516001565548636
Storbreen,2058-08-01,0.22610959378353837,-0.10075574341969125,0.08544622383742632
Storbreen,2058-09-01,-0.054265785009043076,0.16994555942373335,-0.3062157773893585
Storbreen,2058-10-01,0.025763289807435932,0.10413593999176847,0.30578471158699266
Storbreen,2058-11-01,-0.18950739862129198,-0.11228022685047302,0.0683887965162062
Storbreen,2058-12-01,0.31752998740956156,0.044306553292331574,0.05408890770265137
Storbreen,2059-01-01,0.14671209790760453,0.2584775356715836,0.15225109424832997
Storbreen,2059-02-01,-0.0370381329939643,-0.26180830594524696,0.3392179059304226
Storbreen,2059-03-01,-0.4067104174805149,-0.038026553962572006,-0.06772702746750542
Storbreen,2059-04-01,0.06994055128123293,0.00550047336220659,-0.3166405659903287
Storbreen,2059-05-01,0.3793960685589271,0.32712008436827783,0.10261883277232825
Storbreen,2059-06-01,-0.1422335261591028,0.29432268053648786,-0.0027365993257893622
Storbreen,2059-07-01,-0.2293313343677319,-0.00940631661554138,-0.1441491669295151
Storbreen,2059-08-01,0.13330579087286645,-0.02114606316855241,0.1774230451785559
Storbreen,2059-09-01,0.2715206274901618,-0.2564466559816195,-0.04176632870211547
Storbreen,2059-10-01,0.3171672319506877,-0.09406384401942254,0.4682882554660675
Storbreen,2059-11-01,0.07324679118036627,-0.6498064034177692,-0.03327869948657574
Storbreen,2059-12-01,0.16458583767017118,0.23973189019507024,-0.473312827144082
Storbreen,2060-01-01,0.4839313047195451,0.06303185807135692,0.4563546267923558
Storbreen,2060-02-01,0.36387052876192666,0.269110495160707,-0.03525240264927252
Storbreen,2060-03-01,-0.058527224372783765,-0.5540801856559096,-0.4289518497265102
Storbreen,2060-04-01,-0.008779901926543933,-0.2614573752313206,0.28355215745770423
Storbreen,2060-05-01,-0.20618470820368787,0.002735639083535687,0.5270556679285722
Storbreen,2060-06-01,0.3371072226134045,-0.15838049398729198,-0.1356358585491117
Storbreen,2060-07-01,0.11219940598838152,-0.03139236195222174,-0.13049889530268957
Storbreen,2060-08-01,0.11767582222490812,0.017926753988656174,0.12785778119958005
Storbreen,2060-09-01,0.0039978921860824345,0.06525557532598884,0.20142955658394432
Storbreen,2060-10-01,0.06972444150312247,0.10942005173964527,-0.2231710330519112
Storbreen,2060-11-01,0.013666477493293375,0.1944026199363652,-0.2161634756650311
Storbreen,2060-12-01,0.408306221878793,-0.13365827879589393,0.17762988104713237
Storbreen,2061-01-01,0.1404989312101533,0.07936068592128655,-0.15005268867693264
Storbreen,2061-02-01,-0.2638082501664965,0.08407615247439922,0.12915385522888587
Storbreen,2061-03-01,-0.2026156505846479,0.07272939277562508,0.07294228295825352
Storbreen,2061-04-01,-0.13603477579804382,-0.41991208947178343,-0.2595295417352161
Storbreen,2061-05-01,-0.1372660528606512,-0.006422867812829597,0.08571660248800934
Storbreen,2061-06-01,0.0007625985927567358,0.6641213254600677,0.0493913927517014
Storbreen,2061-07-01,0.342551731277479,-0.11209365157633046,0.2133411430766217
Storbreen,2061-08-01,-0.08860411672563102,-0.07137347439115381,0.1982614573009636
Storbreen,2061-09-01,0.08519351705443684,-0.2254632848857805,0.14127496416811444
Storbreen,2061-10-01,0.18848938090395084,-0.08237597915639007,-0.5321896059151636
Storbreen,2061-11-01,0.07557790885544614,-0.023341098404267388,-0.10155605276021117
Storbreen,2061-12-01,-0.1711808335908657,-0.23574540161298088,-0.3725999715309509
Storbreen,2062-01-01,0.3473920000158695,-0.3491299272092017,0.09785273234075446
Storbreen,2062-02-01,-0.622745376190262,-0.0061287168858008235,0.3769707348887194
Storbreen,2062-03-01,-0.08267320630250004,-0.10124689273236336,-0.05358968542239321
Storbreen,2062-04-01,0.16438280646046105,0.222891761069273,0.07997925685044939
Storbreen,2062-05-01,0.2723784812103852,-0.3804089376989997,0.17343465992429338
Storbreen,2062-06-01,0.1295445883830571,-0.05010763284221375,-0.38305748333818995
Storbreen,2062-07-01,0.40693332725838455,0.03223647741059042,0.08390001296091061
Storbreen,2062-08-01,-0.2938873981373318,-0.37375929309784356,-0.10499156501858413
Storbreen,2062-09-01,0.2947688527226891,-0.005548113698466378,0.10490904501310387
Storbreen,2062-10-01,-0.22621360208921826,-0.2733462334504138,-0.5022419170620669
Storbreen,2062-11-01,-0.6135530143662896,0.33977251212049175,0.2993699768161681
Storbreen,2062-12-01,-0.4176445411301022,-0.07908874072810741,0.04737561640333599
Storbreen,2063-01-01,0.2653187552284187,-0.02947190820922729,0.0012958615568694858
Storbreen,2063-02-01,-0.36645038943075336,-0.06370055906577078,-0.48931896147710824
Storbreen,2063-03-01,-0.29653271273558074,-0.2218892272982345,0.6497610380760402
Storbreen,2063-04-01,0.0004950570919747543,0.3843718294912646,0.09282929004862833
Storbreen,2063-05-01,-0.11891424559173107,0.27135895881985167,0.14875892463440615
Storbreen,2063-06-01,-0.1283428379581109,0.16437043613333102,0.07720210539496854
Storbreen,2063-07-01,-0.23740536645515217,-0.02172766661305726,-0.05300818700670334
Storbreen,2063-08-01,0.2349727714426922,-0.03414632791327094,-0.2894695084855881
Storbreen,2063-09-01,-0.18516723615646777,0.1823010652981137,0.05347443179279058
Storbreen,2063-10-01,-0.223073983621305,-0.2205920246053655,-0.3787667667970022
Storbreen,2063-11-01,0.0371370303631382,-0.1992875232400303,-0.20144650743934622
Storbreen,2063-12-01,0.06642147332022226,0.3043843415869432,-0.488268672294016
Storbreen,2064-01-01,0.15364809708734586,0.3056725634399368,-0.5369325386519677
Storbreen,2064-02-01,-0.23395765007366484,-0.24765252208656063,-0.23946862532749358
Storbreen,2064-03-01,0.3019581695466659,0.07036982423840983,0.6185882122783098
Storbreen,2064-04-01,0.07453433458967822,-0.19400384571131987,0.542957997950356
Storbreen,2064-05-01,-0.21644166800934161,-0.2503462812881591,-0.26644304685091186
Storbreen,2064-06-01,0.2941455119984575,-0.07634080930475425,-0.11467210137314136
Storbreen,2064-07-01,-0.22214286467353297,-0.46959959163618087,0.14386764705858715
Storbreen,2064-08-01,0.28235028584624994,0.25630923429839986,-0.017864500594113774
Storbreen,2064-09-01,-0.06517636348786678,-0.2653462701457056,-0.23617687163821377
Storbreen,2064-10-01,-0.4240498124791648,0.3724112050388398,0.3979320505418069
Storbreen,2064-11-01,-0.43145276540411653,0.5218332786310808,-0.009450266053001291
Storbreen,2064-12-01,-0.29640903857551076,0.22508102191792886,-0.40085406871521884
Storbreen,2065-01-01,-0.16144587041787228,-0.005731810602183418,-0.3820972255542688
Storbreen,2065-02-01,0.23703777027352846,-0.1343803295455489,-0.25184983771534736
Storbreen,2065-03-01,-0.0793701566487023,-0.2878591941975723,0.5850076438456823
Storbreen,2065-04-01,-0.13772184658332723,0.1165359405390803,0.22158606234035957
Storbreen,2065-05-01,0.510492975610506,-0.33540139767432703,0.24052412186070304
Storbreen,2065-06-01,-0.18274572905169642,-0.16271382548542304,-0.06617256156681688
Storbreen,2065-07-01,0.02421316841993051,-0.3868771028141093,-0.04679960322155698
Storbreen,2065-08-01,-0.397460584613275,0.0820214036901281,-0.5086633720663717
Storbreen,2065-09-01,-0.037498304392708785,-0.6333235308360683,-0.1891046637467284
Storbreen,2065-10-01,-0.05232128462098647,0.18444113831090111,0.11060052145576212
Storbreen,2065-11-01,-0.42952312906941326,-0.06337625823554141,0.2908380212453319
Storbreen,2065-12-01,0.06702269786501348,0.3156046723344915,-0.46200179610866043
Storbreen,2066-01-01,-0.483852069017904,-0.3366691591256097,0.22918319627334913
Storbreen,2066-02-01,-0.3615865956551572,0.002885438779642554,0.5522362314053867
Storbreen,2066-03-01,-0.23878744389225984,0.384299919446049,-0.3492745801923001
Storbreen,2066-04-01,-0.46135881545645924,0.2658394159693407,-0.26689958082476656
Storbreen,2066-05-01,0.06765962412914227,0.07382306502270787,0.006987411758695367
Storbreen,2066-06-01,0.3124916469314564,0.07958658117273701,0.5168678495333385
Storbreen,2066-07-01,-0.24956222219298643,0.29485125987532584,0.44106672758240295
Storbreen,2066-08-01,0.023522009706338377,-0.2986209831484932,0.21988697441333738
Storbreen,2066-09-01,-0.21747955744122485,-0.20510691730133804,0.019650080015922083
Storbreen,2066-10-01,0.2592038458544654,-0.09692581659922715,-0.3291429515152484
Storbreen,2066-11-01,0.16019791001857017,0.15297209231435885,0.0924789719968664
Storbreen,2066-12-01,-0.04303421088425422,-0.3704857757116791,-0.27542797912228534
Storbreen,2067-01-01,0.13990538372007988,-0.16364771434209965,-0.03639561356911687
Storbreen,2067-02-01,0.324061708328408,-0.26763911089423714,-0.35848191868222107
Storbreen,2067-03-01,0.3130800919645497,-0.025957614876567853,-0.02988018348817594
Storbreen,2067-04-01,-0.4560373032186961,0.1971854268810369,0.07318496860015158
Storbreen,2067-05-01,0.11921544569874305,-0.511606111124324,-0.05422073222762754
Storbreen,2067-06-01,-0.40825639208335485,0.38081126694231743,-0.39646580701733436
Storbreen,2067-07-01,-0.08579372245352934,-0.2665093857628434,-0.0846486022350702
Storbreen,2067-08-01,-0.26238647530869846,0.0016280037270033308,-0.5272677610704051
Storbreen,2067-09-01,-0.2703084021330295,-0.32726589947394225,0.21528406853933002
Storbreen,2067-10-01,-0.21974862682701612,0.25665893464610257,0.3596786055104632
Storbreen,2067-11-01,-0.3836610459211583,-0.3966401112819827,-0.19805535762621415
Storbreen,2067-12-01,-0.18185549503403733,0.11074796812871945,0.7854348253978954
Storbreen,2068-01-01,-0.34609546309309475,0.18788366573951495,0.1345403646984623
Storbreen,2068-02-01,-0.09284302701842834,0.1661727849459001,-0.11588222659851133
Storbreen,2068-03-01,0.11035120972236719,0.2061277501414104,-0.20464633858805878
Storbreen,2068-04-01,0.12236748921257855,0.15407492642196322,0.3395965704949375
Storbreen,2068-05-01,0.1685884972992403,0.27535437887585984,0.6469508633664056
Storbreen,2068-06-01,-0.32424404984791894,-0.08945156493001706,-0.017185979650272507
Storbreen,2068-07-01,0.19689647715093153,0.013783970592187765,-0.6071511628983761
Storbreen,2068-08-01,-0.21322272775498977,-0.4402509365025516,0.16855364075512705
Storbreen,2068-09-01,0.05281743721924135,-0.2719048718269057,-0.17873122649313009
Storbreen,2068-10-01,0.3830937889921972,0.18207780797917916,-0.17425226197996724
Storbreen,2068-11-01,0.10422526450440496,-0.17375733143259695,-0.4861857118797892
Storbreen,2068-12-01,-0.11434391306128984,-0.0795717304389134,-0.11488721705931743
Storbreen,2069-01-01,0.2906658826231515,0.09293921835889755,0.17886465492870673
Storbreen,2069-02-01,0.38391225078889873,0.34085378711004594,0.5751472728841692
Storbreen,2069-03-01,-0.3715295403392556,-0.12644288695835054,0.43780652654878244
Storbreen,2069-04-01,-0.2863967069404979,-0.2888672870450713,-0.3474640139849286
Storbreen,2069-05-01,-0.12522233455103124,-0.26941957884103324,0.2808336385277858
Storbreen,2069-06-01,0.31772943103924994,-0.24153254530900722,-0.4211485390834638
Storbreen,2069-07-01,-0.08078717363647432,0.12272950791774329,-0.020895276126267518
Storbreen,2069-08-01,-0.3703019611273131,0.13394498568647972,-0.09214749148875638
Storbreen,2069-09-01,0.08734569991945795,-0.27337627102533174,-0.3072061726226468
Storbreen,2069-10-01,0.1638897211371755,-0.24087779873075754,-0.32155091401959685
Storbreen,2069-11-01,0.19144736015897912,0.0040589078719673434,0.043219647893883995
Storbreen,2069-12-01,0.032247263532968966,-0.054871338370857635,-0.2269428823991919
Storbreen,2070-01-01,-0.16217646930562177,0.09688128403746095,-0.31704738313486686
Storbreen,2070-02-01,0.4888579741790893,-0.21070282461231868,0.2071254948839972
Storbreen,2070-03-01,-0.029475551827839102,-0.23879076773109706,0.41568365827169185
Storbreen,2070-04-01,-1.0480061033134777e-05,-0.28427990190105706,-0.39900433490832915
Storbreen,2070-05-01,-0.16206303841577277,-0.10724906390490092,-0.3503935544629977
Storbreen,2070-06-01,0.380727529564582,-0.08070176883871255,0.07154855962945332
Storbreen,2070-07-01,0.17443264567328878,-0.278362668315613,-0.30596855422617236
Storbreen,2070-08-01,0.16029292808425508,-0.10819130618903221,0.050303512883554564
Storbreen,2070-09-01,0.05991543148915354,0.3929502540143099,0.16296482128123654
Storbreen,2070-10-01,0.20466913201122572,-0.1168827729280532,0.6815189194893744
Storbreen,2070-11-01,0.2527113537512633,-0.05121835619520169,0.2889992215929594
Storbreen,2070-12-01,-0.036628932258915316,-0.10719797610694487,-0.283498408229278
Storbreen,2071-01-01,-0.3179075588667051,-0.25550918148814916,0.3763467497029711
Storbreen,2071-02-01,-0.24467581372034597,0.40259626637860607,0.1961554539439354
Storbreen,2071-03-01,-0.5678305569037693,-0.218589085042147,-0.28104296704182063
Storbreen,2071-04-01,0.30351010764078984,-0.5542366011218699,0.21135935280527027
Storbreen,2071-05-01,-0.5007240431646581,-0.30058150416374,-0.05170399357824177
Storbreen,2071-06-01,-0.34650072684420086,-0.3158315148124664,-0.11528167093634369
Storbreen,2071-07-01,-0.22299383588953117,-0.2355679709775753,0.22841734248907106
Storbreen,2071-08-01,-0.036574002767118495,-0.19157967996421602,0.2665810475947808
Storbreen,2071-09-01,0.17117943965664037,-0.08124843688280199,0.35663697829752206
Storbreen,2071-10-01,-0.28382429748000954,-0.13290492499698003,-0.3332117218527758
Storbreen,2071-11-01,-0.24200289086412333,0.005576793243260805,-0.02277084603718824
Storbreen,2071-12-01,-0.23501461746484878,-0.00565390135010115,-0.27572365705815605
Storbreen,2072-01-01,0.14086955060992876,0.300066454255918,-0.19167912181412153
Storbreen,2072-02-01,0.25837566542514634,0.19465884535192976,-0.9518031023183487
Storbreen,2072-03-01,0.18719133949838077,0.024302899435648468,-0.13447563492614248
Storbreen,2072-04-01,-0.2631320623602959,0.26751333586920906,0.5315055296598337
Storbreen,2072-05-01,-0.05575825107847678,0.06197421864110677,0.2995860463467252
Storbreen,2072-06-01,-0.18477537023699253,-0.1987390862853351,0.3285325261374612
Storbreen,2072-07-01,0.359000822403481,-0.017147952910292363,0.18844157478395895
Storbreen,2072-08-01,0.0555323115850219,-0.28503391532633476,0.19042162162005272
Storbreen,2072-09-01,-0.03505395489511783,-0.018339321131323607,0.5034552083922643
Storbreen,2072-10-01,-0.4230023055545728,-0.44037447664636525,-0.36170185489086637
Storbreen,2072-11-01,-0.17638058352001387,0.018091905279722664,0.22700393643433306
Storbreen,2072-12-01,-0.055135946064009726,0.034382693962166526,0.8357327833499187
Storbreen,2073-01-01,-0.29987467493646497,-0.34671479302255337,0.039106424409118525
Storbreen,2073-02-01,-0.0015948788400659737,0.08494352724977793,-0.3997235271008748
Storbreen,2073-03-01,-0.3808336405745318,-0.4337817134959798,-0.321947963940743
Storbreen,2073-04-01,0.631270636824779,-0.34930031241973464,-0.0549224016382843
Storbreen,2073-05-01,-0.1715495120324576,0.1941276419352159,-0.1514686110944142
Storbreen,2073-06-01,-0.07773478307717878,-0.08714954483502853,0.3061911145935923
Storbreen,2073-07-01,-0.07641561488327868,0.48012021478725586,0.07711769674889485
Storbreen,2073-08-01,-0.2205726428855965,0.17160725499450213,-0.2441097650103249
Storbreen,2073-09-01,-0.27319361548871485,-0.6194282975057028,0.4821412433996323
Storbreen,2073-10-01,0.19939146574320535,0.15283612739336058,0.09649824722443029
Storbreen,2073-11-01,0.2386192057843218,-0.06975822919705467,-0.2437338761996052
Storbreen,2073-12-01,-0.052978273317226265,0.3928550088761311,-0.7573618770262778
Storbreen,2074-01-01,-0.3282244488913089,0.4005233966495774,0.18398624954887724
Storbreen,2074-02-01,-0.0972323984164926,-0.1130121233054313,0.3699372153723776
Storbreen,2074-03-01,-0.48918091912378375,-0.05820435157335269,0.21452262707583847
Storbreen,2074-04-01,-0.06377775707142862,0.019830700643917,-0.16521583766113013
Storbreen,2074-05-01,-0.5306283696164524,-0.6906362753670544,-0.2570200183413151
Storbreen,2074-06-01,-0.24099680550170735,-0.08505051877852128,0.35637268980006653
Storbreen,2074-07-01,0.15834504686436726,-0.0960903159952277,-0.13730808233135314
Storbreen,2074-08-01,-0.02117953205040583,-0.194636500343811,-0.09208631702031593
Storbreen,2074-09-01,0.13127255823200343,-0.2663154077341348,-0.15668106028222406
Storbreen,2074-10-01,0.074613929388381,-0.37909997797417333,0.8330256160623845
Storbreen,2074-11-01,0.032009134166770245,-0.03670174757008167,0.7880221906637904
Storbreen,2074-12-01,0.06313326515115857,-0.04748465339786186,-0.05788051156993892
Storbreen,2075-01-01,-0.0620360663331185,0.11980328927273187,0.3018708374408272
Storbreen,2075-02-01,-0.025076194102466736,-0.08547809896790111,-0.46919778518224975
Storbreen,2075-03-01,0.0254682378458511,0.048797328814089456,-0.15588034011674082
Storbreen,2075-04-01,0.10738538155219912,0.016857434961783966,-0.17372089676887179
Storbreen,2075-05-01,-0.044450445854085564,-0.08863736920954764,0.28219138576855207
Storbreen,2075-06-01,0.1803752381640824,-0.03814835243555941,-0.21814717859811825
Storbreen,2075-07-01,0.2289483501816083,0.46167507098828353,0.03800454166197191
Storbreen,2075-08-01,-0.3937839502313731,0.059296090622023796,0.13828898289156127
Storbreen,2075-09-01,0.42048494795044905,0.43038465687531935,-0.0809078143374151
Storbreen,2075-10-01,-0.11254389748902678,0.03412766689858842,-0.5084026500989213
Storbreen,2075-11-01,-0.5871554464120489,-0.1105501353413753,-0.806836804491088
Storbreen,2075-12-01,-0.0011196189050458234,-0.05909948176761526,-0.1519549493636366
Storbreen,2076-01-01,-0.5218138357417675,0.11164288061845502,-0.6845923148763444
Storbreen,2076-02-01,0.08763313399175426,0.23290553035654712,-0.3425986873929406
Storbreen,2076-03-01,0.03633741252896222,-0.16413006302528052,-0.28488032173295647
Storbreen,2076-04-01,0.4640997852311499,-0.5206991986400736,0.07553536888166636
Storbreen,2076-05-01,-0.4485746960547166,-0.14400140323953645,0.47179841908018233
Storbreen,2076-06-01,-0.2744922833016827,0.08360171710934138,0.14928306316097859
Storbreen,2076-07-01,0.11805253104400519,0.14099788735617613,-0.43246459609717364
Storbreen,2076-08-01,-0.4050753416326243,0.23716574194820064,-0.06408940758717331
Storbreen,2076-09-01,-0.6212336139631783,0.12696481631030024,-0.3432692621022939
Storbreen,2076-10-01,0.004048168275792639,-0.0008452596698554268,-0.42343860815673745
Storbreen,2076-11-01,0.5983844876906749,0.2988431661633785,-0.23028907056662548
Storbreen,2076-12-01,0.4732488665499898,-0.3493399856822841,-0.17066796232566597
Storbreen,2077-01-01,-0.4208988151269493,-0.3098683224857268,0.22060016980616393
Storbreen,2077-02-01,-0.6454855676869928,-0.03318693938932729,0.2362157411316479
Storbreen,2077-03-01,-0.4339339808683817,-0.030139526344477714,0.39104402811826255
Storbreen,2077-04-01,0.0562146527482462,-0.4192344801881034,0.03708334539647085
Storbreen,2077-05-01,0.06260158369197469,0.22038124475905688,-0.26353000804320525
Storbreen,2077-06-01,0.09680728758019076,-0.5020310141583729,0.05883784864782713
Storbreen,2077-07-01,-0.057964016196084274,-0.01031297788657535,0.19913969844401816
Storbreen,2077-08-01,0.13153889682002268,-0.06177108621127287,-0.30739886166360747
Storbreen,2077-09-01,-0.37206770854086235,-0.3531912975380341,-0.048263719176261675
Storbreen,2077-10-01,-0.15901527864004664,0.3205755909799537,0.5018016972555962
Storbreen,2077-11-01,-0.2169072054121833,0.14208171997110364,0.1674076047600074
Storbreen,2077-12-01,-0.010070113671613987,0.07053316917822425,-0.5479445241061122
Storbreen,2078-01-01,0.21705221702164637,-0.38961667421606,-0.08516541523992338
Storbreen,2078-02-01,0.0805896050692607,0.023923774377622914,0.044601952242390275
Storbreen,2078-03-01,-0.20371272075126537,0.3400899619964383,0.23640108520438993
Storbreen,2078-04-01,-0.32320271183310856,-0.282250276644749,-0.19684905818857712
Storbreen,2078-05-01,-0.30450251894430136,-0.11498588395305638,-0.18218852666687027
Storbreen,2078-06-01,-0.23095696946177088,-0.057966972963231535,-0.2874830900456477
Storbreen,2078-07-01,-0.46260298040496606,-0.19099787250768396,0.1416826785097173
Storbreen,2078-08-01,-0.09807840899251456,0.18881080957939944,0.39449523574043344
Storbreen,2078-09-01,0.035962397061859275,0.2363316938513779,0.44087691460630035
Storbreen,2078-10-01,0.03753142917280571,-0.24715887098054767,0.1623320683846617
Storbreen,2078-11-01,0.33134469069621386,-0.013201800754702042,0.4723676258805735
Storbreen,2078-12-01,0.018153809113132063,-0.2886934635161002,-0.1669651965849465
Storbreen,2079-01-01,-0.10937218226441851,0.26645451041692897,0.2059033688842554
Storbreen,2079-02-01,-0.053711043736532356,-0.09626220697587345,-0.3023422761693672
Storbreen,2079-03-01,0.2787622770132921,0.08075230482648355,0.23698998469680368
Storbreen,2079-04-01,-0.42934700064414427,-0.2809801772344284,0.2506830663868127
Storbreen,2079-05-01,0.11802879547178029,-0.3777632577782762,-0.2890392897969973
Storbreen,2079-06-01,-0.2471814581614092,-0.2619984136353827,0.19878218787158333
Storbreen,2079-07-01,-0.07981043547136359,-0.03787160440563409,0.031008583196401932
Storbreen,2079-08-01,-0.12748635020762192,-0.046474201762190116,0.09881415907933146
Storbreen,2079-09-01,-0.008624098186003603,-0.3274674263995187,0.15444384288047466
Storbreen,2079-10-01,-0.1495367753657221,0.3506379489971739,-0.5496230483946376
Storbreen,2079-11-01,0.0005674598233411238,0.354775512594357,-0.3128741543803264
Storbreen,2079-12-01,-0.31142357975442225,0.1576834536979155,0.21298522867802827
Storbreen,2080-01-01,-0.42807305610348045,-0.007920439019760661,0.2628682101367626
Storbreen,2080-02-01,0.09061795223926132,-0.15833490059203104,0.6296469689844167
Storbreen,2080-03-01,0.06328017039678092,-0.19735161617131655,-0.1834741574213091
Storbreen,2080-04-01,-0.3182876138482186,0.009228732254639585,-0.43093867932497704
Storbreen,2080-05-01,-0.17054462214862146,-0.05491242710030644,-0.06611440925671587
Storbreen,2080-06-01,-0.515081077960437,0.13386456695529003,0.24132969705674331
Storbreen,2080-07-01,0.23555119541967554,-0.06928341304597398,-0.3773433028725249
Storbreen,2080-08-01,-0.11066618922409445,-0.11742443025447395,0.34511472536064663
Storbreen,2080-09-01,0.40344006324561454,0.0069097914812916855,0.3667963050831733
Storbreen,2080-10-01,-0.22011003723007172,-0.13082312457359857,0.4776308212902072
Storbreen,2080-11-01,0.4490850787587326,-0.2520006485779884,0.08464225784032577
Storbreen,2080-12-01,-0.20390442294603703,0.41450541547270475,-0.42687177473310367
Storbreen,2081-01-01,-0.08226365473696251,-0.05387285408106132,-0.43305633593788445
Storbreen,2081-02-01,-0.1450276871901748,-0.25979991364766897,-0.021719250269191786
Storbreen,2081-03-01,0.48520153536448457,-0.37019734604792154,-0.15471929835458495
Storbreen,2081-04-01,0.20065971991745254,-0.007741093375975945,-0.393308173098911
Storbreen,2081-05-01,0.7226479334048089,-0.33970664936637046,-0.18019812810707203
Storbreen,2081-06-01,0.1085806098772889,0.4027230162992483,0.2552361332057546
Storbreen,2081-07-01,0.22913868155324532,0.47592449365501044,-0.2537915057182312
Storbreen,2081-08-01,0.13190844244277145,-0.08988516773332378,-0.06996867482476503
Storbreen,2081-09-01,0.204564519019801,-0.23350598918266208,0.31590535145446436
Storbreen,2081-10-01,-0.07579120368429842,0.19231521849676572,0.32384490836784047
Storbreen,2081-11-01,0.4478615150293381,-0.277307704701195,0.2911208061550404
Storbreen,2081-12-01,-0.33744046382954185,-0.2539214227420418,0.1668957228095577
Storbreen,2082-01-01,-0.31987335181765264,-0.11869810564451261,-0.20846140060481208
Storbreen,2082-02-01,0.1492183092599277,-0.033005002012886524,-0.5937035162856329
Storbreen,2082-03-01,0.11204982345739066,-0.3327058984073667,0.577808476823923
Storbreen,2082-04-01,0.20034285266944854,0.19266272608261328,-0.0859621494689481
Storbreen,2082-05-01,-0.28220577359300003,-0.26844308524950194,-0.26213623185613605
Storbreen,2082-06-01,-0.056423275686834744,0.29886642584291717,0.3221848282629834
Storbreen,2082-07-01,-0.3593955456210646,-0.06215842666193292,0.4913717983682149
Storbreen,2082-08-01,0.08340573147578438,0.046469421914288676,-0.09954783659535334
Storbreen,2082-09-01,0.1470055182768256,0.28663093211854707,-0.1761806386601307
Storbreen,2082-10-01,0.08226566862232561,-0.061880647440227955,-0.33706976054559873
Storbreen,2082-11-01,0.2593747779804229,-0.07570170243573357,0.2428164658666614
Storbreen,2082-12-01,0.4999697013344666,-0.2308911451396011,0.1848009398996698
Storbreen,2083-01-01,0.2797759307938666,-0.10968961856097355,0.3005004185843803
Storbreen,2083-02-01,0.01878540743596317,0.39178314587162855,0.16604266967940332
Storbreen,2083-03-01,0.44139808313717266,0.188969695134961,-0.4515579880889218
Storbreen,2083-04-01,0.020935292973463592,0.12074322227569961,-0.16705848091028
Storbreen,2083-05-01,0.03612727399751387,-0.002735454488274336,-0.2585075649029413
Storbreen,2083-06-01,0.20537907037266503,-0.09665183099007091,0.11757036217413035
Storbreen,2083-07-01,-0.15134516690632008,-0.006908687191061307,0.16753900109635844
Storbreen,2083-08-01,0.05592555176050005,-0.25513701852164383,-0.18230901557565207
Storbreen,2083-09-01,-0.09091340040740266,-0.17631977293206788,0.2955028299849564
Storbreen,2083-10-01,-0.10476540153971288,-0.10398845164646149,0.23709091219225487
Storbreen,2083-11-01,-0.416096546468681,0.06817238821739625,0.01058841572671329
Storbreen,2083-12-01,-0.2068661063762727,-0.0743134393788545,0.14399931909488126
Storbreen,2084-01-01,-0.09116221846820342,0.428933232114231,-0.0693757586551908
Storbreen,2084-02-01,-0.504070765551675,-0.02912465394035413,-0.27791913827452686
Storbreen,2084-03-01,-0.15439355969417315,0.5488190136960929,-0.3895204255134435
Storbreen,2084-04-01,-0.2828789360614376,-0.16701306278329855,0.38948627077845127
Storbreen,2084-05-01,0.3389512412865896,-0.21160140933046687,-0.16751432703665228
Storbreen,2084-06-01,0.4570428228846033,-0.44445587011511006,-0.0069216227428554
Storbreen,2084-07-01,-0.15313519144428572,-0.022199441898947337,-0.3431976978352325
Storbreen,2084-08-01,0.024520797191485002,0.05178369862773021,0.010877574646792386
Storbreen,2084-09-01,-0.3595388082827564,-0.013976361358773406,0.044821759316505845
Storbreen,2084-10-01,-0.025459020410885463,0.18358910229090686,0.19050774579567106
Storbreen,2084-11-01,-0.23260226139231044,-0.10910772514917529,0.6526150626845174
Storbreen,2084-12-01,0.22899419003755947,-0.22266906060496194,0.4515836537872218
Storbreen,2085-01-01,-0.2365220793255123,-0.021360366438764,0.03358076008123737
Storbreen,2085-02-01,-0.4847216647757651,-0.08754958860759583,-0.04164095167095358
Storbreen,2085-03-01,0.015517928246329138,-0.10803989370490631,-0.0991363049957218
Storbreen,2085-04-01,-0.07892323708449699,0.06727655381059534,0.355172795570516
Storbreen,2085-05-01,0.07871394511134185,0.22062013186146148,0.3534080200803502
Storbreen,2085-06-01,-0.19538640800724436,0.18089731500608308,-0.10612293636449403
Storbreen,2085-07-01,-0.34139295297951017,-0.1251165305285402,0.16066521727358618
Storbreen,2085-08-01,-0.24702588444055426,-0.0018453991910218164,0.13391934242997294
Storbreen,2085-09-01,0.23810416105006726,-0.22120071092929275,0.08875640841317749
Storbreen,2085-10-01,0.06978928030852591,-0.1927191356761937,0.129249826044436
Storbreen,2085-11-01,-0.0044329897958163755,-0.3440974214705528,0.3668084981614892
Storbreen,2085-12-01,0.1138012942715035,-0.26936917233512253,-0.3108377386093904
Storbreen,2086-01-01,-0.13136119429044912,-0.21382961044614013,-0.17458079439095608
Storbreen,2086-02-01,-0.47190790891949846,0.04623669195257731,-0.05177364090229427
Storbreen,2086-03-01,-0.011127427989238109,-0.038328048831080076,0.14423218436361526
Storbreen,2086-04-01,-0.314365917834956,0.08929280028676286,0.15309749922446025
Storbreen,2086-05-01,-0.2817768706237584,0.13989556154851887,-0.2067667788079184
Storbreen,2086-06-01,-0.46960218925345637,-0.759883386664772,-0.0211165803899451
Storbreen,2086-07-01,-0.2844957046076421,0.21303394974586118,0.07982666536493137
Storbreen,2086-08-01,-0.2680026388356931,-0.09246077936950492,-0.009232547872174719
Storbreen,2086-09-01,-0.34122041839459977,-0.008288334484635826,0.16525089691701259
Storbreen,2086-10-01,0.07256677931137868,-0.5912184837988708,-0.22018431775360112
Storbreen,2086-11-01,0.1871118831413142,-0.24784669263006562,-0.08232050025223575
Storbreen,2086-12-01,-0.39421527813994045,-0.22254443513965994,0.3536321366249096
Storbreen,2087-01-01,-0.48257562318861186,0.14381864342647163,-0.4186806343688649
Storbreen,2087-02-01,-0.18434374427024813,-0.1858814043551632,0.22235663913744963
Storbreen,2087-03-01,-0.4680375059935596,-0.049019145472388226,-0.3676903811591747
Storbreen,2087-04-01,-0.5970008131499688,0.07099529041104798,0.03612088329259078
Storbreen,2087-05-01,-0.13504502368356577,0.02085826163451948,0.038608536718384316
Storbreen,2087-06-01,-0.15323998503220704,0.21973281366907893,-0.057741213353219946
Storbreen,2087-07-01,0.10332209211593052,-0.20671003855377004,0.26357832056450237
Storbreen,2087-08-01,0.15871360748254434,-0.1963592057188739,0.05542611941994794
Storbreen,2087-09-01,0.13041051244705312,0.026363537089800302,0.07821148444343397
Storbreen,2087-10-01,0.2734046543450146,-0.10629780605016727,-0.6744762718191142
Storbreen,2087-11-01,-0.17597730330916517,-0.4640126405052272,-0.3664770315004208
Storbreen,2087-12-01,0.4846076648101354,-0.09693907311476908,0.4569409463712247
Storbreen,2088-01-01,0.021339086811176855,0.18419734832827991,-0.25947501888087177
Storbreen,2088-02-01,0.06201649472564558,-0.030040671473911342,-0.6303979561353614
Storbreen,2088-03-01,-0.18068932466750443,-0.3416424200746964,-0.014303789823952603
Storbreen,2088-04-01,0.322727532145006,0.08950959665916752,0.1571770880597781
Storbreen,2088-05-01,0.007285447508830219,-0.057562888814334044,0.12041615982687699
Storbreen,2088-06-01,-0.16015032876340643,0.22686636523115036,-0.19392268237108476
Storbreen,2088-07-01,-0.19203685339976806,0.2780844666688463,0.36498299024552144
Storbreen,2088-08-01,-0.050169249914369225,0.14451417898780783,-0.04096700862237013
Storbreen,2088-09-01,-0.34322026544763373,0.37063817020441325,0.019044285437958577
Storbreen,2088-10-01,-0.18795739603451792,0.2317940087914199,-0.4637725952438401
Storbreen,2088-11-01,-0.19542576441121393,-0.49534989349330183,0.5034157710237865
Storbreen,2088-12-01,0.1492973605589355,-0.09936182355290653,-0.049349979718530244
Storbreen,2089-01-01,0.28790007956479347,-0.4161636954813364,0.3711498019322718
Storbreen,2089-02-01,0.4771510512919592,-0.25469405714517906,-0.3229595253471502
Storbreen,2089-03-01,-0.02932368934262175,-0.41910169307777734,-0.11337700387654433
Storbreen,2089-04-01,-0.23321257738644396,-0.09882416708625442,-0.3470085660283564
Storbreen,2089-05-01,-0.48335126544805124,-0.5085735177278358,0.18170395087353372
Storbreen,2089-06-01,0.17768588097801175,-0.12122134392884841,-0.2670418265336258
Storbreen,2089-07-01,-0.34385265772957746,-0.05246078444621726,-0.19677865262141606
Storbreen,2089-08-01,-0.23696948337262339,-0.1855050448178025,0.1625239385383397
Storbreen,2089-09-01,-0.16381716314339068,0.3752797989859474,0.10634233047968338
Storbreen,2089-10-01,0.30031428274262084,-0.25100818762200383,0.2844648174815038
Storbreen,2089-11-01,-0.5184851285791902,-0.18180067808921516,0.443546268063388
Storbreen,2089-12-01,0.054593691454391656,0.26692598782412796,0.12445628977599732
Storbreen,2090-01-01,-0.4311713058965974,-0.21873530992487691,0.29499413266063224
Storbreen,2090-02-01,0.16242416706316268,0.07826925200827667,-0.3661203080460074
Storbreen,2090-03-01,-0.19109649496166006,-0.06695494736974594,0.07463799981963574
Storbreen,2090-04-01,-0.27607003959116466,0.6220095621393658,0.014881965464317498
Storbreen,2090-05-01,-0.05040329418077912,-0.026161124868093424,0.12537604249890677
Storbreen,2090-06-01,-0.06548106293026265,-0.40574530092424316,-0.18587302122381347
Storbreen,2090-07-01,-0.19438182227025633,-0.2975756175471312,-0.024326051899130795
Storbreen,2090-08-01,-0.1974385989046372,0.283842218529247,0.2756555662157221
Storbreen,2090-09-01,-0.22670672932113764,0.3236980080895331,-0.09860922104815473
Storbreen,2090-10-01,0.03551416054083252,-0.3527847116719765,0.16216865243297254
Storbreen,2090-11-01,0.13032016341211072,-0.008014909476081121,0.09506612323279608
Storbreen,2090-12-01,-0.09038811235032089,-0.020467082252384444,-0.48424139482325773
Storbreen,2091-01-01,-0.008769415742980888,0.5299669251079946,-0.026315468512242337
Storbreen,2091-02-01,-0.1429756264743748,-0.38836046056005274,0.0696167865384894
Storbreen,2091-03-01,-0.15662731208236574,-0.18431645635480923,-0.4143471733329207
Storbreen,2091-04-01,0.4014667625350073,-0.2333819848147778,-0.26489757739594266
Storbreen,2091-05-01,0.21372275810195562,0.2807993665372556,-0.18575903907409108
Storbreen,2091-06-01,-0.4066033864630881,-0.0353136073835217,0.007071159340258766
Storbreen,2091-07-01,-0.010104167063492491,-0.4346609887916062,0.24298009016826047
Storbreen,2091-08-01,0.0742273365802359,0.008316380624752888,0.04158910258345522
Storbreen,2091-09-01,0.07174385457541044,-0.42853974629766894,0.34105169359703574
Storbreen,2091-10-01,0.29984513755814163,-0.25224042014709397,0.09171243753908104
Storbreen,2091-11-01,0.25376303486834045,-0.24446703206157538,-0.21793141080126666
Storbreen,2091-12-01,0.0181202522008556,0.028663130433905965,0.14071060917366038
Storbreen,2092-01-01,-0.3953519177193438,-0.7485926969372705,-0.2954361933581397
Storbreen,2092-02-01,-0.011880393477193163,-0.26578080346314936,-0.3604001039332813
Storbreen,2092-03-01,-0.24138207864821493,0.12668538746649965,0.0057868905111539415
Storbreen,2092-04-01,-0.19614511646416952,0.17805294102588007,0.11600113042152212
Storbreen,2092-05-01,-0.6184955227935452,0.11306008210734005,-0.2498423301809658
Storbreen,2092-06-01,0.19035414441613743,0.04063355022643589,0.3432778468711107
Storbreen,2092-07-01,0.05117758743826343,-0.2191194183471238,0.21142845836454205
Storbreen,2092-08-01,-0.05161498968015269,-0.08421127485229074,-0.19871534896967036
Storbreen,2092-09-01,0.18989146109951704,-0.7597920956263599,0.0024589700209583037
Storbreen,2092-10-01,-0.2420456718622337,0.07022598852593648,0.14414401101802518
Storbreen,2092-11-01,-0.13584544111648292,0.004078009521963882,0.06713096567558641
Storbreen,2092-12-01,-0.2881718589215986,-0.17205882904500838,-0.3819412124865611
Storbreen,2093-01-01,0.08287049145617116,0.019848989906392427,0.005781222012241789
Storbreen,2093-02-01,-0.34029005714267796,0.1624478167227052,-0.22366039991079004
Storbreen,2093-03-01,0.1939679824276642,0.24414631861640534,-0.33243236396898923
Storbreen,2093-04-01,-0.22503622745945007,-0.15178011595034396,0.5190198237583318
Storbreen,2093-05-01,0.15807911271214914,0.0432584483628504,0.3587064413769096
Storbreen,2093-06-01,-0.15570977864279542,-0.08809233305332886,0.4952829505666528
Storbreen,2093-07-01,-0.09691014036805123,-0.12230298407259428,0.43850954496815797
Storbreen,2093-08-01,0.20792276830751585,-0.2283213710850974,0.13659416186481996
Storbreen,2093-09-01,-0.1269005620101745,-0.3448932288532702,-0.025232053185429926
Storbreen,2093-10-01,0.029394202389984442,0.17945363746159382,0.23278524058145922
Storbreen,2093-11-01,-0.30922248267396696,0.07136924712184185,0.009555816884910478
Storbreen,2093-12-01,0.05160875860502578,0.023062453755690087,-0.47635391315703957
Storbreen,2094-01-01,-0.07745762771312224,0.27906819395592025,-0.43515294004501176
Storbreen,2094-02-01,0.362777798880541,0.157454390841387,-0.14406055159394882
Storbreen,2094-03-01,-0.4912313105857156,0.21335897467923925,0.27599538378116145
Storbreen,2094-04-01,0.12517938845546914,-0.16840423071808175,-0.010888154158673731
Storbreen,2094-05-01,0.42280166031000715,-0.19037550340908624,-0.4714931490175771
Storbreen,2094-06-01,0.3623151551855382,0.07309330551242235,-0.08445612380842837
Storbreen,2094-07-01,-0.017684992458225,-0.07890483708089957,-0.39393533376983897
Storbreen,2094-08-01,0.2981904724505218,-0.06297906901069207,0.3424202862303118
Storbreen,2094-09-01,-0.20726980335295342,0.2694204734111724,0.47197200439113035
Storbreen,2094-10-01,0.4842654199509022,-0.05890576194999735,-0.4556047995215616
Storbreen,2094-11-01,0.17446680445636364,-0.11490335709631412,-0.5485911034278287
Storbreen,2094-12-01,-0.12605638333619917,-0.049370904362694,0.45200465555753083
Storbreen,2095-01-01,0.1821975029216821,-0.19520860869170398,-0.26471746762452314
Storbreen,2095-02-01,-0.9796794111823214,0.12529347467893148,-0.06950901533428373
Storbreen,2095-03-01,-0.3024822460646755,-0.33462382751526953,-0.21917502976453285
Storbreen,2095-04-01,-0.48153407630695133,0.12878929668008135,-0.2906896060549869
Storbreen,2095-05-01,-0.2610574603693496,0.3891609529365953,-0.06268353684088554
Storbreen,2095-06-01,0.05811022238306925,0.19050627878236417,-0.08305420306805872
Storbreen,2095-07-01,-0.1554718990680032,0.1493144223390556,0.18177580503335977
Storbreen,2095-08-01,-0.22795209333851696,-0.1865854958234997,-0.38091899742503327
Storbreen,2095-09-01,-0.0728509287651218,0.33015472126291795,-0.2599106094039498
Storbreen,2095-10-01,-0.37001433729804606,-0.05211475238228482,-0.18650194064630254
Storbreen,2095-11-01,-0.3586366147140632,-0.0003856981188073566,-0.2069160127917334
Storbreen,2095-12-01,-0.1532234103950537,0.16575098945597846,-0.3011900927115256
Storbreen,2096-01-01,-0.2413168274886801,-0.2501006652818502,-0.0676764409784386
Storbreen,2096-02-01,-0.10672946020984046,0.16996186031477703,-0.2782806715161874
Storbreen,2096-03-01,0.08285441782924108,0.0407729472270482,-0.2699507935128475
Storbreen,2096-04-01,0.15391982529643927,-0.28014994855250336,-0.5032797518735183
Storbreen,2096-05-01,-0.14549529677875395,-0.21996457065223388,-0.24466645794251216
Storbreen,2096-06-01,-0.409262387226858,-0.162112867750182,-0.37855129745475136
Storbreen,2096-07-01,-0.3099935278758903,0.0051258158543570674,-0.1819538276339825
Storbreen,2096-08-01,-0.2410869597308716,-0.346917330158981,-0.10694607175457611
Storbreen,2096-09-01,-0.3120614771675398,-0.28776180403735313,-0.2845209164234251
Storbreen,2096-10-01,-0.12262951664511185,-0.0799956687882215,0.13629481392023254
Storbreen,2096-11-01,-0.2014149311057758,0.027003936394323035,0.1357309863643274
Storbreen,2096-12-01,-0.5487869938408133,0.11968753535562604,0.10399178008881471
Storbreen,2097-01-01,0.3571003512875581,-0.2162053900407174,-0.2142205621184543
Storbreen,2097-02-01,-0.23449677629724552,0.162625443264679,0.19107554480375588
Storbreen,2097-03-01,0.00011553221588845679,0.02181753774289374,-0.38633609386037726
Storbreen,2097-04-01,0.5616297054103628,0.16599676764478563,-0.40697794763580636
Storbreen,2097-05-01,0.06084501220900085,0.06370294045951085,-0.2886136860076474
Storbreen,2097-06-01,0.03536254256518045,-0.32819035190838153,0.16951762884082475
Storbreen,2097-07-01,0.009105038438664165,-0.47684360714717294,0.07029001664279542
Storbreen,2097-08-01,-0.5083499308917727,0.15839670652616947,0.32241202004000763
Storbreen,2097-09-01,-0.5714939045974493,0.0958194258077829,-0.0458508192653705
Storbreen,2097-10-01,0.07042813295924986,-0.038896619135345124,-0.19033764536342512
Storbreen,2097-11-01,-0.1483542609833575,-0.48558154071555487,-0.1908407823653404
Storbreen,2097-12-01,-0.1565163674489749,-0.31994530976486185,0.35627369604845865
Storbreen,2098-01-01,-0.2480251168059827,0.11593727807928901,0.6582539542206952
Storbreen,2098-02-01,0.107810550262803,0.3443573394438873,0.49694768964460767
Storbreen,2098-03-01,-0.5462248957591059,-0.07631688983547434,0.25974567036219554
Storbreen,2098-04-01,0.08612385993683852,-0.3530443349977881,0.213038150897946
Storbreen,2098-05-01,0.2411850189117919,0.22443191615781366,0.28739007791467563
Storbreen,2098-06-01,-0.20664232279026287,-0.19277311794373986,0.12908546542251334
Storbreen,2098-07-01,0.027622824911344674,0.0030469609292362518,-0.09177742063026263
Storbreen,2098-08-01,0.1734313464200401,-0.25735852691352384,0.07793346811072586
Storbreen,2098-09-01,0.03099586235994804,0.10829852007598001,-0.11317748471603695
Storbreen,2098-10-01,-0.17080732819427627,-0.2644860927089774,-0.1640348852794519
Storbreen,2098-11-01,-0.0015218562107274607,-0.1329990350116546,-0.46517507740639025
Storbreen,2098-12-01,-0.03105730318155933,0.04744380641854667,-0.2833935549922755
Storbreen,2099-01-01,0.1567339314802475,-0.5701158592897492,0.00796212842803036
Storbreen,2099-02-01,0.04219444463201261,-0.2126434897195034,0.6063962135618478
Storbreen,2099-03-01,-0.09308173274302899,0.13696316695396646,0.6761594091887136
Storbreen,2099-04-01,-0.27964270767452243,-0.17916666281489815,0.19012908933371697
Storbreen,2099-05-01,-0.29841132882616983,0.3775179021829331,0.6430472870171161
Storbreen,2099-06-01,0.22853187195923708,-0.6382563812785101,-0.47213052462122507
Storbreen,2099-07-01,-0.30072607037652893,0.3678455131986628,0.6010484112734736
Storbreen,2099-08-01,-0.3852004740882937,0.051919975870710254,-0.029172980123269892
Storbreen,2099-09-01,-0.021230899227056007,0.12333621492960385,0.2680872068802503
Storbreen,2099-10-01,0.10551321182062494,0.07734394408513208,0.10488553405444151
Storbreen,2099-11-01,-0.04313541640393013,0.046989576793090106,0.04632180160935795
Storbreen,2099-12-01,-0.2978560987307346,-0.32095506555291414,-0.29825552376245734
Storbreen,2100-01-01,-0.2154424326563472,-0.28546937407693446,-0.1009089366452035
Storbreen,2100-02-01,-0.27033125904239247,-0.3652109127265812,-0.07406786327692703
Storbreen,2100-03-01,0.2042887397125751,-0.13014985150234917,0.12373513254897349
Storbreen,2100-04-01,-0.09569558303778647,0.20944840301129206,-0.09908149915701152
Storbreen,2100-05-01,-0.2641225566748831,-0.006087681796175408,-0.2940994831763747
Storbreen,2100-06-01,-0.07732358324527162,0.22304785286498663,-0.0662351147278613
Storbreen,2100-07-01,-0.31168339759431934,0.1795758553178721,0.31161587243601263
Storbreen,2100-08-01,-0.3944415961296732,-0.3130367206632195,0.2670449227638147
Storbreen,2100-09-01,-0.12235888717187364,-0.17697009925828291,-0.027636845676615247
Storbreen,2100-10-01,-0.25509917069212534,0.1964214726214909,-0.3303031177489785
Storbreen,2100-11-01,-0.0026653214898135213,0.24719209924080446,-0.07115253328692532
Storbreen,2100-12-01,-0.037253345520838886,0.01439124787959308,0.3503283628008758
